2026-04-25T13:48:10: C:\PROGRAM FILES\NODEJS\NPX.CMD:1
2026-04-25T13:48:10: :: Created by npm, please don't edit manually.
2026-04-25T13:48:10: ^
2026-04-25T13:48:10: 
2026-04-25T13:48:10: SyntaxError: Unexpected token ':'
2026-04-25T13:48:10:     at wrapSafe (node:internal/modules/cjs/loader:1735:18)
2026-04-25T13:48:10:     at Module._compile (node:internal/modules/cjs/loader:1778:20)
2026-04-25T13:48:10:     at Object..js (node:internal/modules/cjs/loader:1936:10)
2026-04-25T13:48:10:     at Module.load (node:internal/modules/cjs/loader:1525:32)
2026-04-25T13:48:10:     at Module._load (node:internal/modules/cjs/loader:1327:12)
2026-04-25T13:48:10:     at TracingChannel.traceSync (node:diagnostics_channel:328:14)
2026-04-25T13:48:10:     at wrapModuleLoad (node:internal/modules/cjs/loader:245:24)
2026-04-25T13:48:10:     at Module.executeUserEntryPoint [as runMain] (node:internal/modules/run_main:154:5)
2026-04-25T13:48:10:     at node:internal/main/run_main_module:33:47
2026-04-25T13:48:10: 
2026-04-25T13:48:10: Node.js v24.13.1
2026-04-25T13:48:11: C:\PROGRAM FILES\NODEJS\NPX.CMD:1
2026-04-25T13:48:11: :: Created by npm, please don't edit manually.
2026-04-25T13:48:11: ^
2026-04-25T13:48:11: 
2026-04-25T13:48:11: SyntaxError: Unexpected token ':'
2026-04-25T13:48:11:     at wrapSafe (node:internal/modules/cjs/loader:1735:18)
2026-04-25T13:48:11:     at Module._compile (node:internal/modules/cjs/loader:1778:20)
2026-04-25T13:48:11:     at Object..js (node:internal/modules/cjs/loader:1936:10)
2026-04-25T13:48:11:     at Module.load (node:internal/modules/cjs/loader:1525:32)
2026-04-25T13:48:11:     at Module._load (node:internal/modules/cjs/loader:1327:12)
2026-04-25T13:48:11:     at TracingChannel.traceSync (node:diagnostics_channel:328:14)
2026-04-25T13:48:11:     at wrapModuleLoad (node:internal/modules/cjs/loader:245:24)
2026-04-25T13:48:11:     at Module.executeUserEntryPoint [as runMain] (node:internal/modules/run_main:154:5)
2026-04-25T13:48:11:     at node:internal/main/run_main_module:33:47
2026-04-25T13:48:11: 
2026-04-25T13:48:11: Node.js v24.13.1
2026-04-25T13:48:11: C:\PROGRAM FILES\NODEJS\NPX.CMD:1
2026-04-25T13:48:11: :: Created by npm, please don't edit manually.
2026-04-25T13:48:11: ^
2026-04-25T13:48:11: 
2026-04-25T13:48:11: SyntaxError: Unexpected token ':'
2026-04-25T13:48:11:     at wrapSafe (node:internal/modules/cjs/loader:1735:18)
2026-04-25T13:48:11:     at Module._compile (node:internal/modules/cjs/loader:1778:20)
2026-04-25T13:48:11:     at Object..js (node:internal/modules/cjs/loader:1936:10)
2026-04-25T13:48:11:     at Module.load (node:internal/modules/cjs/loader:1525:32)
2026-04-25T13:48:11:     at Module._load (node:internal/modules/cjs/loader:1327:12)
2026-04-25T13:48:11:     at TracingChannel.traceSync (node:diagnostics_channel:328:14)
2026-04-25T13:48:11:     at wrapModuleLoad (node:internal/modules/cjs/loader:245:24)
2026-04-25T13:48:11:     at Module.executeUserEntryPoint [as runMain] (node:internal/modules/run_main:154:5)
2026-04-25T13:48:11:     at node:internal/main/run_main_module:33:47
2026-04-25T13:48:11: 
2026-04-25T13:48:11: Node.js v24.13.1
2026-04-25T13:48:11: C:\PROGRAM FILES\NODEJS\NPX.CMD:1
2026-04-25T13:48:11: :: Created by npm, please don't edit manually.
2026-04-25T13:48:11: ^
2026-04-25T13:48:11: 
2026-04-25T13:48:11: SyntaxError: Unexpected token ':'
2026-04-25T13:48:11:     at wrapSafe (node:internal/modules/cjs/loader:1735:18)
2026-04-25T13:48:11:     at Module._compile (node:internal/modules/cjs/loader:1778:20)
2026-04-25T13:48:11:     at Object..js (node:internal/modules/cjs/loader:1936:10)
2026-04-25T13:48:11:     at Module.load (node:internal/modules/cjs/loader:1525:32)
2026-04-25T13:48:11:     at Module._load (node:internal/modules/cjs/loader:1327:12)
2026-04-25T13:48:11:     at TracingChannel.traceSync (node:diagnostics_channel:328:14)
2026-04-25T13:48:11:     at wrapModuleLoad (node:internal/modules/cjs/loader:245:24)
2026-04-25T13:48:11:     at Module.executeUserEntryPoint [as runMain] (node:internal/modules/run_main:154:5)
2026-04-25T13:48:11:     at node:internal/main/run_main_module:33:47
2026-04-25T13:48:11: 
2026-04-25T13:48:11: Node.js v24.13.1
2026-04-25T13:48:12: C:\PROGRAM FILES\NODEJS\NPX.CMD:1
2026-04-25T13:48:12: :: Created by npm, please don't edit manually.
2026-04-25T13:48:12: ^
2026-04-25T13:48:12: 
2026-04-25T13:48:12: SyntaxError: Unexpected token ':'
2026-04-25T13:48:12:     at wrapSafe (node:internal/modules/cjs/loader:1735:18)
2026-04-25T13:48:12:     at Module._compile (node:internal/modules/cjs/loader:1778:20)
2026-04-25T13:48:12:     at Object..js (node:internal/modules/cjs/loader:1936:10)
2026-04-25T13:48:12:     at Module.load (node:internal/modules/cjs/loader:1525:32)
2026-04-25T13:48:12:     at Module._load (node:internal/modules/cjs/loader:1327:12)
2026-04-25T13:48:12:     at TracingChannel.traceSync (node:diagnostics_channel:328:14)
2026-04-25T13:48:12:     at wrapModuleLoad (node:internal/modules/cjs/loader:245:24)
2026-04-25T13:48:12:     at Module.executeUserEntryPoint [as runMain] (node:internal/modules/run_main:154:5)
2026-04-25T13:48:12:     at node:internal/main/run_main_module:33:47
2026-04-25T13:48:12: 
2026-04-25T13:48:12: Node.js v24.13.1
2026-04-25T13:48:12: C:\PROGRAM FILES\NODEJS\NPX.CMD:1
2026-04-25T13:48:12: :: Created by npm, please don't edit manually.
2026-04-25T13:48:12: ^
2026-04-25T13:48:12: 
2026-04-25T13:48:12: SyntaxError: Unexpected token ':'
2026-04-25T13:48:12:     at wrapSafe (node:internal/modules/cjs/loader:1735:18)
2026-04-25T13:48:12:     at Module._compile (node:internal/modules/cjs/loader:1778:20)
2026-04-25T13:48:12:     at Object..js (node:internal/modules/cjs/loader:1936:10)
2026-04-25T13:48:12:     at Module.load (node:internal/modules/cjs/loader:1525:32)
2026-04-25T13:48:12:     at Module._load (node:internal/modules/cjs/loader:1327:12)
2026-04-25T13:48:12:     at TracingChannel.traceSync (node:diagnostics_channel:328:14)
2026-04-25T13:48:12:     at wrapModuleLoad (node:internal/modules/cjs/loader:245:24)
2026-04-25T13:48:12:     at Module.executeUserEntryPoint [as runMain] (node:internal/modules/run_main:154:5)
2026-04-25T13:48:12:     at node:internal/main/run_main_module:33:47
2026-04-25T13:48:12: 
2026-04-25T13:48:12: Node.js v24.13.1
2026-04-25T13:48:12: C:\PROGRAM FILES\NODEJS\NPX.CMD:1
2026-04-25T13:48:12: :: Created by npm, please don't edit manually.
2026-04-25T13:48:12: ^
2026-04-25T13:48:12: 
2026-04-25T13:48:12: SyntaxError: Unexpected token ':'
2026-04-25T13:48:12:     at wrapSafe (node:internal/modules/cjs/loader:1735:18)
2026-04-25T13:48:12:     at Module._compile (node:internal/modules/cjs/loader:1778:20)
2026-04-25T13:48:12:     at Object..js (node:internal/modules/cjs/loader:1936:10)
2026-04-25T13:48:12:     at Module.load (node:internal/modules/cjs/loader:1525:32)
2026-04-25T13:48:12:     at Module._load (node:internal/modules/cjs/loader:1327:12)
2026-04-25T13:48:12:     at TracingChannel.traceSync (node:diagnostics_channel:328:14)
2026-04-25T13:48:12:     at wrapModuleLoad (node:internal/modules/cjs/loader:245:24)
2026-04-25T13:48:12:     at Module.executeUserEntryPoint [as runMain] (node:internal/modules/run_main:154:5)
2026-04-25T13:48:12:     at node:internal/main/run_main_module:33:47
2026-04-25T13:48:12: 
2026-04-25T13:48:12: Node.js v24.13.1
2026-04-25T13:48:13: C:\PROGRAM FILES\NODEJS\NPX.CMD:1
2026-04-25T13:48:13: :: Created by npm, please don't edit manually.
2026-04-25T13:48:13: ^
2026-04-25T13:48:13: 
2026-04-25T13:48:13: SyntaxError: Unexpected token ':'
2026-04-25T13:48:13:     at wrapSafe (node:internal/modules/cjs/loader:1735:18)
2026-04-25T13:48:13:     at Module._compile (node:internal/modules/cjs/loader:1778:20)
2026-04-25T13:48:13:     at Object..js (node:internal/modules/cjs/loader:1936:10)
2026-04-25T13:48:13:     at Module.load (node:internal/modules/cjs/loader:1525:32)
2026-04-25T13:48:13:     at Module._load (node:internal/modules/cjs/loader:1327:12)
2026-04-25T13:48:13:     at TracingChannel.traceSync (node:diagnostics_channel:328:14)
2026-04-25T13:48:13:     at wrapModuleLoad (node:internal/modules/cjs/loader:245:24)
2026-04-25T13:48:13:     at Module.executeUserEntryPoint [as runMain] (node:internal/modules/run_main:154:5)
2026-04-25T13:48:13:     at node:internal/main/run_main_module:33:47
2026-04-25T13:48:13: 
2026-04-25T13:48:13: Node.js v24.13.1
2026-04-25T13:48:13: C:\PROGRAM FILES\NODEJS\NPX.CMD:1
2026-04-25T13:48:13: :: Created by npm, please don't edit manually.
2026-04-25T13:48:13: ^
2026-04-25T13:48:13: 
2026-04-25T13:48:13: SyntaxError: Unexpected token ':'
2026-04-25T13:48:13:     at wrapSafe (node:internal/modules/cjs/loader:1735:18)
2026-04-25T13:48:13:     at Module._compile (node:internal/modules/cjs/loader:1778:20)
2026-04-25T13:48:13:     at Object..js (node:internal/modules/cjs/loader:1936:10)
2026-04-25T13:48:13:     at Module.load (node:internal/modules/cjs/loader:1525:32)
2026-04-25T13:48:13:     at Module._load (node:internal/modules/cjs/loader:1327:12)
2026-04-25T13:48:13:     at TracingChannel.traceSync (node:diagnostics_channel:328:14)
2026-04-25T13:48:13:     at wrapModuleLoad (node:internal/modules/cjs/loader:245:24)
2026-04-25T13:48:13:     at Module.executeUserEntryPoint [as runMain] (node:internal/modules/run_main:154:5)
2026-04-25T13:48:13:     at node:internal/main/run_main_module:33:47
2026-04-25T13:48:13: 
2026-04-25T13:48:13: Node.js v24.13.1
2026-04-25T13:48:13: C:\PROGRAM FILES\NODEJS\NPX.CMD:1
2026-04-25T13:48:13: :: Created by npm, please don't edit manually.
2026-04-25T13:48:13: ^
2026-04-25T13:48:13: 
2026-04-25T13:48:13: SyntaxError: Unexpected token ':'
2026-04-25T13:48:13:     at wrapSafe (node:internal/modules/cjs/loader:1735:18)
2026-04-25T13:48:13:     at Module._compile (node:internal/modules/cjs/loader:1778:20)
2026-04-25T13:48:13:     at Object..js (node:internal/modules/cjs/loader:1936:10)
2026-04-25T13:48:13:     at Module.load (node:internal/modules/cjs/loader:1525:32)
2026-04-25T13:48:13:     at Module._load (node:internal/modules/cjs/loader:1327:12)
2026-04-25T13:48:13:     at TracingChannel.traceSync (node:diagnostics_channel:328:14)
2026-04-25T13:48:13:     at wrapModuleLoad (node:internal/modules/cjs/loader:245:24)
2026-04-25T13:48:13:     at Module.executeUserEntryPoint [as runMain] (node:internal/modules/run_main:154:5)
2026-04-25T13:48:13:     at node:internal/main/run_main_module:33:47
2026-04-25T13:48:13: 
2026-04-25T13:48:13: Node.js v24.13.1
2026-04-25T13:48:13: C:\PROGRAM FILES\NODEJS\NPX.CMD:1
2026-04-25T13:48:13: :: Created by npm, please don't edit manually.
2026-04-25T13:48:13: ^
2026-04-25T13:48:13: 
2026-04-25T13:48:13: SyntaxError: Unexpected token ':'
2026-04-25T13:48:13:     at wrapSafe (node:internal/modules/cjs/loader:1735:18)
2026-04-25T13:48:13:     at Module._compile (node:internal/modules/cjs/loader:1778:20)
2026-04-25T13:48:13:     at Object..js (node:internal/modules/cjs/loader:1936:10)
2026-04-25T13:48:13:     at Module.load (node:internal/modules/cjs/loader:1525:32)
2026-04-25T13:48:13:     at Module._load (node:internal/modules/cjs/loader:1327:12)
2026-04-25T13:48:13:     at TracingChannel.traceSync (node:diagnostics_channel:328:14)
2026-04-25T13:48:13:     at wrapModuleLoad (node:internal/modules/cjs/loader:245:24)
2026-04-25T13:48:13:     at Module.executeUserEntryPoint [as runMain] (node:internal/modules/run_main:154:5)
2026-04-25T13:48:13:     at node:internal/main/run_main_module:33:47
2026-04-25T13:48:13: 
2026-04-25T13:48:13: Node.js v24.13.1
2026-04-25T13:48:13: C:\PROGRAM FILES\NODEJS\NPX.CMD:1
2026-04-25T13:48:13: :: Created by npm, please don't edit manually.
2026-04-25T13:48:13: ^
2026-04-25T13:48:13: 
2026-04-25T13:48:13: SyntaxError: Unexpected token ':'
2026-04-25T13:48:13:     at wrapSafe (node:internal/modules/cjs/loader:1735:18)
2026-04-25T13:48:13:     at Module._compile (node:internal/modules/cjs/loader:1778:20)
2026-04-25T13:48:13:     at Object..js (node:internal/modules/cjs/loader:1936:10)
2026-04-25T13:48:13:     at Module.load (node:internal/modules/cjs/loader:1525:32)
2026-04-25T13:48:13:     at Module._load (node:internal/modules/cjs/loader:1327:12)
2026-04-25T13:48:13:     at TracingChannel.traceSync (node:diagnostics_channel:328:14)
2026-04-25T13:48:13:     at wrapModuleLoad (node:internal/modules/cjs/loader:245:24)
2026-04-25T13:48:13:     at Module.executeUserEntryPoint [as runMain] (node:internal/modules/run_main:154:5)
2026-04-25T13:48:13:     at node:internal/main/run_main_module:33:47
2026-04-25T13:48:13: 
2026-04-25T13:48:13: Node.js v24.13.1
2026-04-25T13:48:13: C:\PROGRAM FILES\NODEJS\NPX.CMD:1
2026-04-25T13:48:13: :: Created by npm, please don't edit manually.
2026-04-25T13:48:13: ^
2026-04-25T13:48:13: 
2026-04-25T13:48:13: SyntaxError: Unexpected token ':'
2026-04-25T13:48:13:     at wrapSafe (node:internal/modules/cjs/loader:1735:18)
2026-04-25T13:48:13:     at Module._compile (node:internal/modules/cjs/loader:1778:20)
2026-04-25T13:48:13:     at Object..js (node:internal/modules/cjs/loader:1936:10)
2026-04-25T13:48:13:     at Module.load (node:internal/modules/cjs/loader:1525:32)
2026-04-25T13:48:13:     at Module._load (node:internal/modules/cjs/loader:1327:12)
2026-04-25T13:48:13:     at TracingChannel.traceSync (node:diagnostics_channel:328:14)
2026-04-25T13:48:13:     at wrapModuleLoad (node:internal/modules/cjs/loader:245:24)
2026-04-25T13:48:13:     at Module.executeUserEntryPoint [as runMain] (node:internal/modules/run_main:154:5)
2026-04-25T13:48:13:     at node:internal/main/run_main_module:33:47
2026-04-25T13:48:13: 
2026-04-25T13:48:13: Node.js v24.13.1
2026-04-25T13:48:13: C:\PROGRAM FILES\NODEJS\NPX.CMD:1
2026-04-25T13:48:13: :: Created by npm, please don't edit manually.
2026-04-25T13:48:13: ^
2026-04-25T13:48:13: 
2026-04-25T13:48:13: SyntaxError: Unexpected token ':'
2026-04-25T13:48:13:     at wrapSafe (node:internal/modules/cjs/loader:1735:18)
2026-04-25T13:48:13:     at Module._compile (node:internal/modules/cjs/loader:1778:20)
2026-04-25T13:48:13:     at Object..js (node:internal/modules/cjs/loader:1936:10)
2026-04-25T13:48:13:     at Module.load (node:internal/modules/cjs/loader:1525:32)
2026-04-25T13:48:13:     at Module._load (node:internal/modules/cjs/loader:1327:12)
2026-04-25T13:48:13:     at TracingChannel.traceSync (node:diagnostics_channel:328:14)
2026-04-25T13:48:13:     at wrapModuleLoad (node:internal/modules/cjs/loader:245:24)
2026-04-25T13:48:13:     at Module.executeUserEntryPoint [as runMain] (node:internal/modules/run_main:154:5)
2026-04-25T13:48:13:     at node:internal/main/run_main_module:33:47
2026-04-25T13:48:13: 
2026-04-25T13:48:13: Node.js v24.13.1
2026-04-25T13:48:13: C:\PROGRAM FILES\NODEJS\NPX.CMD:1
2026-04-25T13:48:13: :: Created by npm, please don't edit manually.
2026-04-25T13:48:13: ^
2026-04-25T13:48:13: 
2026-04-25T13:48:13: SyntaxError: Unexpected token ':'
2026-04-25T13:48:13:     at wrapSafe (node:internal/modules/cjs/loader:1735:18)
2026-04-25T13:48:13:     at Module._compile (node:internal/modules/cjs/loader:1778:20)
2026-04-25T13:48:13:     at Object..js (node:internal/modules/cjs/loader:1936:10)
2026-04-25T13:48:13:     at Module.load (node:internal/modules/cjs/loader:1525:32)
2026-04-25T13:48:13:     at Module._load (node:internal/modules/cjs/loader:1327:12)
2026-04-25T13:48:13:     at TracingChannel.traceSync (node:diagnostics_channel:328:14)
2026-04-25T13:48:13:     at wrapModuleLoad (node:internal/modules/cjs/loader:245:24)
2026-04-25T13:48:13:     at Module.executeUserEntryPoint [as runMain] (node:internal/modules/run_main:154:5)
2026-04-25T13:48:13:     at node:internal/main/run_main_module:33:47
2026-04-25T13:48:13: 
2026-04-25T13:48:13: Node.js v24.13.1
2026-04-25T13:48:14: C:\PROGRAM FILES\NODEJS\NPX.CMD:1
2026-04-25T13:48:14: :: Created by npm, please don't edit manually.
2026-04-25T13:48:14: ^
2026-04-25T13:48:14: 
2026-04-25T13:48:14: SyntaxError: Unexpected token ':'
2026-04-25T13:48:14:     at wrapSafe (node:internal/modules/cjs/loader:1735:18)
2026-04-25T13:48:14:     at Module._compile (node:internal/modules/cjs/loader:1778:20)
2026-04-25T13:48:14:     at Object..js (node:internal/modules/cjs/loader:1936:10)
2026-04-25T13:48:14:     at Module.load (node:internal/modules/cjs/loader:1525:32)
2026-04-25T13:48:14:     at Module._load (node:internal/modules/cjs/loader:1327:12)
2026-04-25T13:48:14:     at TracingChannel.traceSync (node:diagnostics_channel:328:14)
2026-04-25T13:48:14:     at wrapModuleLoad (node:internal/modules/cjs/loader:245:24)
2026-04-25T13:48:14:     at Module.executeUserEntryPoint [as runMain] (node:internal/modules/run_main:154:5)
2026-04-25T13:48:14:     at node:internal/main/run_main_module:33:47
2026-04-25T13:48:14: 
2026-04-25T13:48:14: Node.js v24.13.1
2026-04-25T14:34:02: Judge running on port 5001
2026-04-25T14:34:09: Judge running on port 5001
2026-04-25T15:20:48: Judge running on port 5001
2026-04-25T15:20:50: Judge running on port 5001
2026-04-25T15:20:52: Judge running on port 5001
2026-04-25T15:20:56: Judge running on port 5001
2026-04-25T15:20:57: Judge running on port 5001
2026-04-26T00:08:02: Judge running on port 5001
2026-04-26T00:08:08: Judge running on port 5001
2026-04-26T00:08:32: Judge running on port 5001
2026-04-26T00:08:33: Judge running on port 5001
2026-04-26T00:08:37: Judge running on port 5001
2026-04-26T00:08:39: Judge running on port 5001
2026-04-26T00:08:47: Judge running on port 5001
2026-04-26T00:08:49: Judge running on port 5001
2026-04-26T23:25:38: Judge running on port 5001
2026-04-27T00:38:59: Judge running on port 5001
2026-04-27T00:39:00: Judge running on port 5001
2026-04-27T00:39:06: Judge running on port 5001
2026-04-27T00:39:10: Judge running on port 5001
2026-04-27T09:58:08: Judge running on port 5001
2026-04-27T11:54:24: Judge running on port 5001
2026-04-27T12:26:37: Judge running on port 5001
2026-04-30T19:30:34: Judge running on port 5001
2026-04-30T19:34:08: Judge running on port 5001
2026-04-30T19:36:06: Judge running on port 5001
2026-04-30T19:37:38: Judge running on port 5001
2026-05-02T13:11:52: Judge running on port 5001
2026-05-02T13:13:33: Judge running on port 5001
2026-05-02T13:14:55: Judge running on port 5001
2026-05-02T13:17:17: Judge running on port 5001
2026-05-02T13:36:30: Judge running on port 5001
2026-05-02T13:39:02: Judge running on port 5001
2026-05-02T13:40:41: Judge running on port 5001
2026-05-02T16:28:11: Judge running on port 5001
2026-05-02T17:02:56: Judge running on port 5001
2026-05-02T17:02:59: Judge running on port 5001
2026-05-02T17:03:07: Judge running on port 5001
2026-05-02T17:03:12: Judge running on port 5001
2026-05-02T21:17:29: Judge running on port 5001
2026-05-02T21:51:15: Judge running on port 5001
2026-05-02T22:38:48: Judge running on port 5001
2026-05-02T22:51:09: Judge running on port 5001
2026-05-02T23:16:39: Judge running on port 5001
2026-05-02T23:25:51: Judge running on port 5001
2026-05-02T23:25:55: Judge running on port 5001
2026-05-02T23:25:58: Judge running on port 5001
2026-05-02T23:27:17: Judge running on port 5001
2026-05-02T23:32:00: Judge running on port 5001
2026-05-02T23:32:04: Judge running on port 5001
2026-05-02T23:52:11: Judge running on port 5001
2026-05-03T14:06:54: Judge running on port 5001
2026-05-03T15:49:41: Judge running on port 5001
2026-05-11T00:05:47: node:events:486
2026-05-11T00:05:47:       throw er; // Unhandled 'error' event
2026-05-11T00:05:47:       ^
2026-05-11T00:05:47: 
2026-05-11T00:05:47: Error: listen EADDRINUSE: address already in use :::5001
2026-05-11T00:05:47:     at Server.setupListenHandle [as _listen2] (node:net:1940:16)
2026-05-11T00:05:47:     at listenInCluster (node:net:1997:12)
2026-05-11T00:05:47:     at Server.listen (node:net:2102:7)
2026-05-11T00:05:47:     at app.listen (C:\Users\Anmol\OneDrive\Desktop\B\coding-portal\judge\node_modules\express\lib\application.js:635:24)
2026-05-11T00:05:47:     at <anonymous> (C:\Users\Anmol\OneDrive\Desktop\B\coding-portal\judge\src\index.ts:216:5)
2026-05-11T00:05:47:     at ModuleJob.run (node:internal/modules/esm/module_job:430:25)
2026-05-11T00:05:47:     at process.processTicksAndRejections (node:internal/process/task_queues:103:5)
2026-05-11T00:05:47:     at async onImport.tracePromise.__proto__ (node:internal/modules/esm/loader:661:26)
2026-05-11T00:05:47:     at async asyncRunEntryPointWithESMLoader (node:internal/modules/run_main:101:5)
2026-05-11T00:05:47: Emitted 'error' event on Server instance at:
2026-05-11T00:05:47:     at emitErrorNT (node:net:1976:8)
2026-05-11T00:05:47:     at process.processTicksAndRejections (node:internal/process/task_queues:89:21) {
2026-05-11T00:05:47:   code: 'EADDRINUSE',
2026-05-11T00:05:47:   errno: -4091,
2026-05-11T00:05:47:   syscall: 'listen',
2026-05-11T00:05:47:   address: '::',
2026-05-11T00:05:47:   port: 5001
2026-05-11T00:05:47: }
2026-05-11T00:05:47: 
2026-05-11T00:05:47: Node.js v24.13.1
2026-05-11T00:05:49: node:events:486
2026-05-11T00:05:49:       throw er; // Unhandled 'error' event
2026-05-11T00:05:49:       ^
2026-05-11T00:05:49: 
2026-05-11T00:05:49: Error: listen EADDRINUSE: address already in use :::5001
2026-05-11T00:05:49:     at Server.setupListenHandle [as _listen2] (node:net:1940:16)
2026-05-11T00:05:49:     at listenInCluster (node:net:1997:12)
2026-05-11T00:05:49:     at Server.listen (node:net:2102:7)
2026-05-11T00:05:49:     at app.listen (C:\Users\Anmol\OneDrive\Desktop\B\coding-portal\judge\node_modules\express\lib\application.js:635:24)
2026-05-11T00:05:49:     at <anonymous> (C:\Users\Anmol\OneDrive\Desktop\B\coding-portal\judge\src\index.ts:216:5)
2026-05-11T00:05:49:     at ModuleJob.run (node:internal/modules/esm/module_job:430:25)
2026-05-11T00:05:49:     at process.processTicksAndRejections (node:internal/process/task_queues:103:5)
2026-05-11T00:05:49:     at async onImport.tracePromise.__proto__ (node:internal/modules/esm/loader:661:26)
2026-05-11T00:05:49:     at async asyncRunEntryPointWithESMLoader (node:internal/modules/run_main:101:5)
2026-05-11T00:05:49: Emitted 'error' event on Server instance at:
2026-05-11T00:05:49:     at emitErrorNT (node:net:1976:8)
2026-05-11T00:05:49:     at process.processTicksAndRejections (node:internal/process/task_queues:89:21) {
2026-05-11T00:05:49:   code: 'EADDRINUSE',
2026-05-11T00:05:49:   errno: -4091,
2026-05-11T00:05:49:   syscall: 'listen',
2026-05-11T00:05:49:   address: '::',
2026-05-11T00:05:49:   port: 5001
2026-05-11T00:05:49: }
2026-05-11T00:05:49: 
2026-05-11T00:05:49: Node.js v24.13.1
2026-05-11T00:05:51: node:events:486
2026-05-11T00:05:51:       throw er; // Unhandled 'error' event
2026-05-11T00:05:51:       ^
2026-05-11T00:05:51: 
2026-05-11T00:05:51: Error: listen EADDRINUSE: address already in use :::5001
2026-05-11T00:05:51:     at Server.setupListenHandle [as _listen2] (node:net:1940:16)
2026-05-11T00:05:51:     at listenInCluster (node:net:1997:12)
2026-05-11T00:05:51:     at Server.listen (node:net:2102:7)
2026-05-11T00:05:51:     at app.listen (C:\Users\Anmol\OneDrive\Desktop\B\coding-portal\judge\node_modules\express\lib\application.js:635:24)
2026-05-11T00:05:51:     at <anonymous> (C:\Users\Anmol\OneDrive\Desktop\B\coding-portal\judge\src\index.ts:216:5)
2026-05-11T00:05:51:     at ModuleJob.run (node:internal/modules/esm/module_job:430:25)
2026-05-11T00:05:51:     at process.processTicksAndRejections (node:internal/process/task_queues:103:5)
2026-05-11T00:05:51:     at async onImport.tracePromise.__proto__ (node:internal/modules/esm/loader:661:26)
2026-05-11T00:05:51:     at async asyncRunEntryPointWithESMLoader (node:internal/modules/run_main:101:5)
2026-05-11T00:05:51: Emitted 'error' event on Server instance at:
2026-05-11T00:05:51:     at emitErrorNT (node:net:1976:8)
2026-05-11T00:05:51:     at process.processTicksAndRejections (node:internal/process/task_queues:89:21) {
2026-05-11T00:05:51:   code: 'EADDRINUSE',
2026-05-11T00:05:51:   errno: -4091,
2026-05-11T00:05:51:   syscall: 'listen',
2026-05-11T00:05:51:   address: '::',
2026-05-11T00:05:51:   port: 5001
2026-05-11T00:05:51: }
2026-05-11T00:05:51: 
2026-05-11T00:05:51: Node.js v24.13.1
2026-05-11T00:05:54: node:events:486
2026-05-11T00:05:54:       throw er; // Unhandled 'error' event
2026-05-11T00:05:54:       ^
2026-05-11T00:05:54: 
2026-05-11T00:05:54: Error: listen EADDRINUSE: address already in use :::5001
2026-05-11T00:05:54:     at Server.setupListenHandle [as _listen2] (node:net:1940:16)
2026-05-11T00:05:54:     at listenInCluster (node:net:1997:12)
2026-05-11T00:05:54:     at Server.listen (node:net:2102:7)
2026-05-11T00:05:54:     at app.listen (C:\Users\Anmol\OneDrive\Desktop\B\coding-portal\judge\node_modules\express\lib\application.js:635:24)
2026-05-11T00:05:54:     at <anonymous> (C:\Users\Anmol\OneDrive\Desktop\B\coding-portal\judge\src\index.ts:216:5)
2026-05-11T00:05:54:     at ModuleJob.run (node:internal/modules/esm/module_job:430:25)
2026-05-11T00:05:54:     at process.processTicksAndRejections (node:internal/process/task_queues:103:5)
2026-05-11T00:05:54:     at async onImport.tracePromise.__proto__ (node:internal/modules/esm/loader:661:26)
2026-05-11T00:05:54:     at async asyncRunEntryPointWithESMLoader (node:internal/modules/run_main:101:5)
2026-05-11T00:05:54: Emitted 'error' event on Server instance at:
2026-05-11T00:05:54:     at emitErrorNT (node:net:1976:8)
2026-05-11T00:05:54:     at process.processTicksAndRejections (node:internal/process/task_queues:89:21) {
2026-05-11T00:05:54:   code: 'EADDRINUSE',
2026-05-11T00:05:54:   errno: -4091,
2026-05-11T00:05:54:   syscall: 'listen',
2026-05-11T00:05:54:   address: '::',
2026-05-11T00:05:54:   port: 5001
2026-05-11T00:05:54: }
2026-05-11T00:05:54: 
2026-05-11T00:05:54: Node.js v24.13.1
2026-05-11T00:05:58: node:events:486
2026-05-11T00:05:58:       throw er; // Unhandled 'error' event
2026-05-11T00:05:58:       ^
2026-05-11T00:05:58: 
2026-05-11T00:05:58: Error: listen EADDRINUSE: address already in use :::5001
2026-05-11T00:05:58:     at Server.setupListenHandle [as _listen2] (node:net:1940:16)
2026-05-11T00:05:58:     at listenInCluster (node:net:1997:12)
2026-05-11T00:05:58:     at Server.listen (node:net:2102:7)
2026-05-11T00:05:58:     at app.listen (C:\Users\Anmol\OneDrive\Desktop\B\coding-portal\judge\node_modules\express\lib\application.js:635:24)
2026-05-11T00:05:58:     at <anonymous> (C:\Users\Anmol\OneDrive\Desktop\B\coding-portal\judge\src\index.ts:216:5)
2026-05-11T00:05:58:     at ModuleJob.run (node:internal/modules/esm/module_job:430:25)
2026-05-11T00:05:58:     at process.processTicksAndRejections (node:internal/process/task_queues:103:5)
2026-05-11T00:05:58:     at async onImport.tracePromise.__proto__ (node:internal/modules/esm/loader:661:26)
2026-05-11T00:05:58:     at async asyncRunEntryPointWithESMLoader (node:internal/modules/run_main:101:5)
2026-05-11T00:05:58: Emitted 'error' event on Server instance at:
2026-05-11T00:05:58:     at emitErrorNT (node:net:1976:8)
2026-05-11T00:05:58:     at process.processTicksAndRejections (node:internal/process/task_queues:89:21) {
2026-05-11T00:05:58:   code: 'EADDRINUSE',
2026-05-11T00:05:58:   errno: -4091,
2026-05-11T00:05:58:   syscall: 'listen',
2026-05-11T00:05:58:   address: '::',
2026-05-11T00:05:58:   port: 5001
2026-05-11T00:05:58: }
2026-05-11T00:05:58: 
2026-05-11T00:05:58: Node.js v24.13.1
2026-05-11T00:06:02: node:events:486
2026-05-11T00:06:02:       throw er; // Unhandled 'error' event
2026-05-11T00:06:02:       ^
2026-05-11T00:06:02: 
2026-05-11T00:06:02: Error: listen EADDRINUSE: address already in use :::5001
2026-05-11T00:06:02:     at Server.setupListenHandle [as _listen2] (node:net:1940:16)
2026-05-11T00:06:02:     at listenInCluster (node:net:1997:12)
2026-05-11T00:06:02:     at Server.listen (node:net:2102:7)
2026-05-11T00:06:02:     at app.listen (C:\Users\Anmol\OneDrive\Desktop\B\coding-portal\judge\node_modules\express\lib\application.js:635:24)
2026-05-11T00:06:02:     at <anonymous> (C:\Users\Anmol\OneDrive\Desktop\B\coding-portal\judge\src\index.ts:216:5)
2026-05-11T00:06:02:     at ModuleJob.run (node:internal/modules/esm/module_job:430:25)
2026-05-11T00:06:02:     at process.processTicksAndRejections (node:internal/process/task_queues:103:5)
2026-05-11T00:06:02:     at async onImport.tracePromise.__proto__ (node:internal/modules/esm/loader:661:26)
2026-05-11T00:06:02:     at async asyncRunEntryPointWithESMLoader (node:internal/modules/run_main:101:5)
2026-05-11T00:06:02: Emitted 'error' event on Server instance at:
2026-05-11T00:06:02:     at emitErrorNT (node:net:1976:8)
2026-05-11T00:06:02:     at process.processTicksAndRejections (node:internal/process/task_queues:89:21) {
2026-05-11T00:06:02:   code: 'EADDRINUSE',
2026-05-11T00:06:02:   errno: -4091,
2026-05-11T00:06:02:   syscall: 'listen',
2026-05-11T00:06:02:   address: '::',
2026-05-11T00:06:02:   port: 5001
2026-05-11T00:06:02: }
2026-05-11T00:06:02: 
2026-05-11T00:06:02: Node.js v24.13.1
2026-05-11T00:06:04: node:events:486
2026-05-11T00:06:04:       throw er; // Unhandled 'error' event
2026-05-11T00:06:04:       ^
2026-05-11T00:06:04: 
2026-05-11T00:06:04: Error: listen EADDRINUSE: address already in use :::5001
2026-05-11T00:06:04:     at Server.setupListenHandle [as _listen2] (node:net:1940:16)
2026-05-11T00:06:04:     at listenInCluster (node:net:1997:12)
2026-05-11T00:06:04:     at Server.listen (node:net:2102:7)
2026-05-11T00:06:04:     at app.listen (C:\Users\Anmol\OneDrive\Desktop\B\coding-portal\judge\node_modules\express\lib\application.js:635:24)
2026-05-11T00:06:04:     at <anonymous> (C:\Users\Anmol\OneDrive\Desktop\B\coding-portal\judge\src\index.ts:216:5)
2026-05-11T00:06:04:     at ModuleJob.run (node:internal/modules/esm/module_job:430:25)
2026-05-11T00:06:04:     at process.processTicksAndRejections (node:internal/process/task_queues:103:5)
2026-05-11T00:06:04:     at async onImport.tracePromise.__proto__ (node:internal/modules/esm/loader:661:26)
2026-05-11T00:06:04:     at async asyncRunEntryPointWithESMLoader (node:internal/modules/run_main:101:5)
2026-05-11T00:06:04: Emitted 'error' event on Server instance at:
2026-05-11T00:06:04:     at emitErrorNT (node:net:1976:8)
2026-05-11T00:06:04:     at process.processTicksAndRejections (node:internal/process/task_queues:89:21) {
2026-05-11T00:06:04:   code: 'EADDRINUSE',
2026-05-11T00:06:04:   errno: -4091,
2026-05-11T00:06:04:   syscall: 'listen',
2026-05-11T00:06:04:   address: '::',
2026-05-11T00:06:04:   port: 5001
2026-05-11T00:06:04: }
2026-05-11T00:06:04: 
2026-05-11T00:06:04: Node.js v24.13.1
2026-05-11T00:06:07: node:events:486
2026-05-11T00:06:07:       throw er; // Unhandled 'error' event
2026-05-11T00:06:07:       ^
2026-05-11T00:06:07: 
2026-05-11T00:06:07: Error: listen EADDRINUSE: address already in use :::5001
2026-05-11T00:06:07:     at Server.setupListenHandle [as _listen2] (node:net:1940:16)
2026-05-11T00:06:07:     at listenInCluster (node:net:1997:12)
2026-05-11T00:06:07:     at Server.listen (node:net:2102:7)
2026-05-11T00:06:07:     at app.listen (C:\Users\Anmol\OneDrive\Desktop\B\coding-portal\judge\node_modules\express\lib\application.js:635:24)
2026-05-11T00:06:07:     at <anonymous> (C:\Users\Anmol\OneDrive\Desktop\B\coding-portal\judge\src\index.ts:216:5)
2026-05-11T00:06:07:     at ModuleJob.run (node:internal/modules/esm/module_job:430:25)
2026-05-11T00:06:07:     at process.processTicksAndRejections (node:internal/process/task_queues:103:5)
2026-05-11T00:06:07:     at async onImport.tracePromise.__proto__ (node:internal/modules/esm/loader:661:26)
2026-05-11T00:06:07:     at async asyncRunEntryPointWithESMLoader (node:internal/modules/run_main:101:5)
2026-05-11T00:06:07: Emitted 'error' event on Server instance at:
2026-05-11T00:06:07:     at emitErrorNT (node:net:1976:8)
2026-05-11T00:06:07:     at process.processTicksAndRejections (node:internal/process/task_queues:89:21) {
2026-05-11T00:06:07:   code: 'EADDRINUSE',
2026-05-11T00:06:07:   errno: -4091,
2026-05-11T00:06:07:   syscall: 'listen',
2026-05-11T00:06:07:   address: '::',
2026-05-11T00:06:07:   port: 5001
2026-05-11T00:06:07: }
2026-05-11T00:06:07: 
2026-05-11T00:06:07: Node.js v24.13.1
2026-05-11T00:06:09: node:events:486
2026-05-11T00:06:09:       throw er; // Unhandled 'error' event
2026-05-11T00:06:09:       ^
2026-05-11T00:06:09: 
2026-05-11T00:06:09: Error: listen EADDRINUSE: address already in use :::5001
2026-05-11T00:06:09:     at Server.setupListenHandle [as _listen2] (node:net:1940:16)
2026-05-11T00:06:09:     at listenInCluster (node:net:1997:12)
2026-05-11T00:06:09:     at Server.listen (node:net:2102:7)
2026-05-11T00:06:09:     at app.listen (C:\Users\Anmol\OneDrive\Desktop\B\coding-portal\judge\node_modules\express\lib\application.js:635:24)
2026-05-11T00:06:09:     at <anonymous> (C:\Users\Anmol\OneDrive\Desktop\B\coding-portal\judge\src\index.ts:216:5)
2026-05-11T00:06:09:     at ModuleJob.run (node:internal/modules/esm/module_job:430:25)
2026-05-11T00:06:09:     at process.processTicksAndRejections (node:internal/process/task_queues:103:5)
2026-05-11T00:06:09:     at async onImport.tracePromise.__proto__ (node:internal/modules/esm/loader:661:26)
2026-05-11T00:06:09:     at async asyncRunEntryPointWithESMLoader (node:internal/modules/run_main:101:5)
2026-05-11T00:06:09: Emitted 'error' event on Server instance at:
2026-05-11T00:06:09:     at emitErrorNT (node:net:1976:8)
2026-05-11T00:06:09:     at process.processTicksAndRejections (node:internal/process/task_queues:89:21) {
2026-05-11T00:06:09:   code: 'EADDRINUSE',
2026-05-11T00:06:09:   errno: -4091,
2026-05-11T00:06:09:   syscall: 'listen',
2026-05-11T00:06:09:   address: '::',
2026-05-11T00:06:09:   port: 5001
2026-05-11T00:06:09: }
2026-05-11T00:06:09: 
2026-05-11T00:06:09: Node.js v24.13.1
2026-05-11T00:06:12: node:events:486
2026-05-11T00:06:12:       throw er; // Unhandled 'error' event
2026-05-11T00:06:12:       ^
2026-05-11T00:06:12: 
2026-05-11T00:06:12: Error: listen EADDRINUSE: address already in use :::5001
2026-05-11T00:06:12:     at Server.setupListenHandle [as _listen2] (node:net:1940:16)
2026-05-11T00:06:12:     at listenInCluster (node:net:1997:12)
2026-05-11T00:06:12:     at Server.listen (node:net:2102:7)
2026-05-11T00:06:12:     at app.listen (C:\Users\Anmol\OneDrive\Desktop\B\coding-portal\judge\node_modules\express\lib\application.js:635:24)
2026-05-11T00:06:12:     at <anonymous> (C:\Users\Anmol\OneDrive\Desktop\B\coding-portal\judge\src\index.ts:216:5)
2026-05-11T00:06:12:     at ModuleJob.run (node:internal/modules/esm/module_job:430:25)
2026-05-11T00:06:12:     at process.processTicksAndRejections (node:internal/process/task_queues:103:5)
2026-05-11T00:06:12:     at async onImport.tracePromise.__proto__ (node:internal/modules/esm/loader:661:26)
2026-05-11T00:06:12:     at async asyncRunEntryPointWithESMLoader (node:internal/modules/run_main:101:5)
2026-05-11T00:06:12: Emitted 'error' event on Server instance at:
2026-05-11T00:06:12:     at emitErrorNT (node:net:1976:8)
2026-05-11T00:06:12:     at process.processTicksAndRejections (node:internal/process/task_queues:89:21) {
2026-05-11T00:06:12:   code: 'EADDRINUSE',
2026-05-11T00:06:12:   errno: -4091,
2026-05-11T00:06:12:   syscall: 'listen',
2026-05-11T00:06:12:   address: '::',
2026-05-11T00:06:12:   port: 5001
2026-05-11T00:06:12: }
2026-05-11T00:06:12: 
2026-05-11T00:06:12: Node.js v24.13.1
2026-05-11T00:06:15: node:events:486
2026-05-11T00:06:15:       throw er; // Unhandled 'error' event
2026-05-11T00:06:15:       ^
2026-05-11T00:06:15: 
2026-05-11T00:06:15: Error: listen EADDRINUSE: address already in use :::5001
2026-05-11T00:06:15:     at Server.setupListenHandle [as _listen2] (node:net:1940:16)
2026-05-11T00:06:15:     at listenInCluster (node:net:1997:12)
2026-05-11T00:06:15:     at Server.listen (node:net:2102:7)
2026-05-11T00:06:15:     at app.listen (C:\Users\Anmol\OneDrive\Desktop\B\coding-portal\judge\node_modules\express\lib\application.js:635:24)
2026-05-11T00:06:15:     at <anonymous> (C:\Users\Anmol\OneDrive\Desktop\B\coding-portal\judge\src\index.ts:216:5)
2026-05-11T00:06:15:     at ModuleJob.run (node:internal/modules/esm/module_job:430:25)
2026-05-11T00:06:15:     at process.processTicksAndRejections (node:internal/process/task_queues:103:5)
2026-05-11T00:06:15:     at async onImport.tracePromise.__proto__ (node:internal/modules/esm/loader:661:26)
2026-05-11T00:06:15:     at async asyncRunEntryPointWithESMLoader (node:internal/modules/run_main:101:5)
2026-05-11T00:06:15: Emitted 'error' event on Server instance at:
2026-05-11T00:06:15:     at emitErrorNT (node:net:1976:8)
2026-05-11T00:06:15:     at process.processTicksAndRejections (node:internal/process/task_queues:89:21) {
2026-05-11T00:06:15:   code: 'EADDRINUSE',
2026-05-11T00:06:15:   errno: -4091,
2026-05-11T00:06:15:   syscall: 'listen',
2026-05-11T00:06:15:   address: '::',
2026-05-11T00:06:15:   port: 5001
2026-05-11T00:06:15: }
2026-05-11T00:06:15: 
2026-05-11T00:06:15: Node.js v24.13.1
2026-05-11T00:06:17: node:events:486
2026-05-11T00:06:17:       throw er; // Unhandled 'error' event
2026-05-11T00:06:17:       ^
2026-05-11T00:06:17: 
2026-05-11T00:06:17: Error: listen EADDRINUSE: address already in use :::5001
2026-05-11T00:06:17:     at Server.setupListenHandle [as _listen2] (node:net:1940:16)
2026-05-11T00:06:17:     at listenInCluster (node:net:1997:12)
2026-05-11T00:06:17:     at Server.listen (node:net:2102:7)
2026-05-11T00:06:17:     at app.listen (C:\Users\Anmol\OneDrive\Desktop\B\coding-portal\judge\node_modules\express\lib\application.js:635:24)
2026-05-11T00:06:17:     at <anonymous> (C:\Users\Anmol\OneDrive\Desktop\B\coding-portal\judge\src\index.ts:216:5)
2026-05-11T00:06:17:     at ModuleJob.run (node:internal/modules/esm/module_job:430:25)
2026-05-11T00:06:17:     at process.processTicksAndRejections (node:internal/process/task_queues:103:5)
2026-05-11T00:06:17:     at async onImport.tracePromise.__proto__ (node:internal/modules/esm/loader:661:26)
2026-05-11T00:06:17:     at async asyncRunEntryPointWithESMLoader (node:internal/modules/run_main:101:5)
2026-05-11T00:06:17: Emitted 'error' event on Server instance at:
2026-05-11T00:06:17:     at emitErrorNT (node:net:1976:8)
2026-05-11T00:06:17:     at process.processTicksAndRejections (node:internal/process/task_queues:89:21) {
2026-05-11T00:06:17:   code: 'EADDRINUSE',
2026-05-11T00:06:17:   errno: -4091,
2026-05-11T00:06:17:   syscall: 'listen',
2026-05-11T00:06:17:   address: '::',
2026-05-11T00:06:17:   port: 5001
2026-05-11T00:06:17: }
2026-05-11T00:06:17: 
2026-05-11T00:06:17: Node.js v24.13.1
2026-05-11T00:06:20: node:events:486
2026-05-11T00:06:20:       throw er; // Unhandled 'error' event
2026-05-11T00:06:20:       ^
2026-05-11T00:06:20: 
2026-05-11T00:06:20: Error: listen EADDRINUSE: address already in use :::5001
2026-05-11T00:06:20:     at Server.setupListenHandle [as _listen2] (node:net:1940:16)
2026-05-11T00:06:20:     at listenInCluster (node:net:1997:12)
2026-05-11T00:06:20:     at Server.listen (node:net:2102:7)
2026-05-11T00:06:20:     at app.listen (C:\Users\Anmol\OneDrive\Desktop\B\coding-portal\judge\node_modules\express\lib\application.js:635:24)
2026-05-11T00:06:20:     at <anonymous> (C:\Users\Anmol\OneDrive\Desktop\B\coding-portal\judge\src\index.ts:216:5)
2026-05-11T00:06:20:     at ModuleJob.run (node:internal/modules/esm/module_job:430:25)
2026-05-11T00:06:20:     at process.processTicksAndRejections (node:internal/process/task_queues:103:5)
2026-05-11T00:06:20:     at async onImport.tracePromise.__proto__ (node:internal/modules/esm/loader:661:26)
2026-05-11T00:06:20:     at async asyncRunEntryPointWithESMLoader (node:internal/modules/run_main:101:5)
2026-05-11T00:06:20: Emitted 'error' event on Server instance at:
2026-05-11T00:06:20:     at emitErrorNT (node:net:1976:8)
2026-05-11T00:06:20:     at process.processTicksAndRejections (node:internal/process/task_queues:89:21) {
2026-05-11T00:06:20:   code: 'EADDRINUSE',
2026-05-11T00:06:20:   errno: -4091,
2026-05-11T00:06:20:   syscall: 'listen',
2026-05-11T00:06:20:   address: '::',
2026-05-11T00:06:20:   port: 5001
2026-05-11T00:06:20: }
2026-05-11T00:06:20: 
2026-05-11T00:06:20: Node.js v24.13.1
2026-05-11T00:06:22: node:events:486
2026-05-11T00:06:22:       throw er; // Unhandled 'error' event
2026-05-11T00:06:22:       ^
2026-05-11T00:06:22: 
2026-05-11T00:06:22: Error: listen EADDRINUSE: address already in use :::5001
2026-05-11T00:06:22:     at Server.setupListenHandle [as _listen2] (node:net:1940:16)
2026-05-11T00:06:22:     at listenInCluster (node:net:1997:12)
2026-05-11T00:06:22:     at Server.listen (node:net:2102:7)
2026-05-11T00:06:22:     at app.listen (C:\Users\Anmol\OneDrive\Desktop\B\coding-portal\judge\node_modules\express\lib\application.js:635:24)
2026-05-11T00:06:22:     at <anonymous> (C:\Users\Anmol\OneDrive\Desktop\B\coding-portal\judge\src\index.ts:216:5)
2026-05-11T00:06:22:     at ModuleJob.run (node:internal/modules/esm/module_job:430:25)
2026-05-11T00:06:22:     at process.processTicksAndRejections (node:internal/process/task_queues:103:5)
2026-05-11T00:06:22:     at async onImport.tracePromise.__proto__ (node:internal/modules/esm/loader:661:26)
2026-05-11T00:06:22:     at async asyncRunEntryPointWithESMLoader (node:internal/modules/run_main:101:5)
2026-05-11T00:06:22: Emitted 'error' event on Server instance at:
2026-05-11T00:06:22:     at emitErrorNT (node:net:1976:8)
2026-05-11T00:06:22:     at process.processTicksAndRejections (node:internal/process/task_queues:89:21) {
2026-05-11T00:06:22:   code: 'EADDRINUSE',
2026-05-11T00:06:22:   errno: -4091,
2026-05-11T00:06:22:   syscall: 'listen',
2026-05-11T00:06:22:   address: '::',
2026-05-11T00:06:22:   port: 5001
2026-05-11T00:06:22: }
2026-05-11T00:06:22: 
2026-05-11T00:06:22: Node.js v24.13.1
2026-05-11T00:06:24: node:events:486
2026-05-11T00:06:24:       throw er; // Unhandled 'error' event
2026-05-11T00:06:24:       ^
2026-05-11T00:06:24: 
2026-05-11T00:06:24: Error: listen EADDRINUSE: address already in use :::5001
2026-05-11T00:06:24:     at Server.setupListenHandle [as _listen2] (node:net:1940:16)
2026-05-11T00:06:24:     at listenInCluster (node:net:1997:12)
2026-05-11T00:06:24:     at Server.listen (node:net:2102:7)
2026-05-11T00:06:24:     at app.listen (C:\Users\Anmol\OneDrive\Desktop\B\coding-portal\judge\node_modules\express\lib\application.js:635:24)
2026-05-11T00:06:24:     at <anonymous> (C:\Users\Anmol\OneDrive\Desktop\B\coding-portal\judge\src\index.ts:216:5)
2026-05-11T00:06:24:     at ModuleJob.run (node:internal/modules/esm/module_job:430:25)
2026-05-11T00:06:24:     at process.processTicksAndRejections (node:internal/process/task_queues:103:5)
2026-05-11T00:06:24:     at async onImport.tracePromise.__proto__ (node:internal/modules/esm/loader:661:26)
2026-05-11T00:06:24:     at async asyncRunEntryPointWithESMLoader (node:internal/modules/run_main:101:5)
2026-05-11T00:06:24: Emitted 'error' event on Server instance at:
2026-05-11T00:06:24:     at emitErrorNT (node:net:1976:8)
2026-05-11T00:06:24:     at process.processTicksAndRejections (node:internal/process/task_queues:89:21) {
2026-05-11T00:06:24:   code: 'EADDRINUSE',
2026-05-11T00:06:24:   errno: -4091,
2026-05-11T00:06:24:   syscall: 'listen',
2026-05-11T00:06:24:   address: '::',
2026-05-11T00:06:24:   port: 5001
2026-05-11T00:06:24: }
2026-05-11T00:06:24: 
2026-05-11T00:06:24: Node.js v24.13.1
2026-05-11T00:06:26: node:events:486
2026-05-11T00:06:26:       throw er; // Unhandled 'error' event
2026-05-11T00:06:26:       ^
2026-05-11T00:06:26: 
2026-05-11T00:06:26: Error: listen EADDRINUSE: address already in use :::5001
2026-05-11T00:06:26:     at Server.setupListenHandle [as _listen2] (node:net:1940:16)
2026-05-11T00:06:26:     at listenInCluster (node:net:1997:12)
2026-05-11T00:06:26:     at Server.listen (node:net:2102:7)
2026-05-11T00:06:26:     at app.listen (C:\Users\Anmol\OneDrive\Desktop\B\coding-portal\judge\node_modules\express\lib\application.js:635:24)
2026-05-11T00:06:26:     at <anonymous> (C:\Users\Anmol\OneDrive\Desktop\B\coding-portal\judge\src\index.ts:216:5)
2026-05-11T00:06:26:     at ModuleJob.run (node:internal/modules/esm/module_job:430:25)
2026-05-11T00:06:26:     at process.processTicksAndRejections (node:internal/process/task_queues:103:5)
2026-05-11T00:06:26:     at async onImport.tracePromise.__proto__ (node:internal/modules/esm/loader:661:26)
2026-05-11T00:06:26:     at async asyncRunEntryPointWithESMLoader (node:internal/modules/run_main:101:5)
2026-05-11T00:06:26: Emitted 'error' event on Server instance at:
2026-05-11T00:06:26:     at emitErrorNT (node:net:1976:8)
2026-05-11T00:06:26:     at process.processTicksAndRejections (node:internal/process/task_queues:89:21) {
2026-05-11T00:06:26:   code: 'EADDRINUSE',
2026-05-11T00:06:26:   errno: -4091,
2026-05-11T00:06:26:   syscall: 'listen',
2026-05-11T00:06:26:   address: '::',
2026-05-11T00:06:26:   port: 5001
2026-05-11T00:06:26: }
2026-05-11T00:06:26: 
2026-05-11T00:06:26: Node.js v24.13.1
2026-05-11T00:06:28: node:events:486
2026-05-11T00:06:28:       throw er; // Unhandled 'error' event
2026-05-11T00:06:28:       ^
2026-05-11T00:06:28: 
2026-05-11T00:06:28: Error: listen EADDRINUSE: address already in use :::5001
2026-05-11T00:06:28:     at Server.setupListenHandle [as _listen2] (node:net:1940:16)
2026-05-11T00:06:28:     at listenInCluster (node:net:1997:12)
2026-05-11T00:06:28:     at Server.listen (node:net:2102:7)
2026-05-11T00:06:28:     at app.listen (C:\Users\Anmol\OneDrive\Desktop\B\coding-portal\judge\node_modules\express\lib\application.js:635:24)
2026-05-11T00:06:28:     at <anonymous> (C:\Users\Anmol\OneDrive\Desktop\B\coding-portal\judge\src\index.ts:216:5)
2026-05-11T00:06:28:     at ModuleJob.run (node:internal/modules/esm/module_job:430:25)
2026-05-11T00:06:28:     at process.processTicksAndRejections (node:internal/process/task_queues:103:5)
2026-05-11T00:06:28:     at async onImport.tracePromise.__proto__ (node:internal/modules/esm/loader:661:26)
2026-05-11T00:06:28:     at async asyncRunEntryPointWithESMLoader (node:internal/modules/run_main:101:5)
2026-05-11T00:06:28: Emitted 'error' event on Server instance at:
2026-05-11T00:06:28:     at emitErrorNT (node:net:1976:8)
2026-05-11T00:06:28:     at process.processTicksAndRejections (node:internal/process/task_queues:89:21) {
2026-05-11T00:06:28:   code: 'EADDRINUSE',
2026-05-11T00:06:28:   errno: -4091,
2026-05-11T00:06:28:   syscall: 'listen',
2026-05-11T00:06:28:   address: '::',
2026-05-11T00:06:28:   port: 5001
2026-05-11T00:06:28: }
2026-05-11T00:06:28: 
2026-05-11T00:06:28: Node.js v24.13.1
2026-05-11T00:06:30: node:events:486
2026-05-11T00:06:30:       throw er; // Unhandled 'error' event
2026-05-11T00:06:30:       ^
2026-05-11T00:06:30: 
2026-05-11T00:06:30: Error: listen EADDRINUSE: address already in use :::5001
2026-05-11T00:06:30:     at Server.setupListenHandle [as _listen2] (node:net:1940:16)
2026-05-11T00:06:30:     at listenInCluster (node:net:1997:12)
2026-05-11T00:06:30:     at Server.listen (node:net:2102:7)
2026-05-11T00:06:30:     at app.listen (C:\Users\Anmol\OneDrive\Desktop\B\coding-portal\judge\node_modules\express\lib\application.js:635:24)
2026-05-11T00:06:30:     at <anonymous> (C:\Users\Anmol\OneDrive\Desktop\B\coding-portal\judge\src\index.ts:216:5)
2026-05-11T00:06:30:     at ModuleJob.run (node:internal/modules/esm/module_job:430:25)
2026-05-11T00:06:30:     at process.processTicksAndRejections (node:internal/process/task_queues:103:5)
2026-05-11T00:06:30:     at async onImport.tracePromise.__proto__ (node:internal/modules/esm/loader:661:26)
2026-05-11T00:06:30:     at async asyncRunEntryPointWithESMLoader (node:internal/modules/run_main:101:5)
2026-05-11T00:06:30: Emitted 'error' event on Server instance at:
2026-05-11T00:06:30:     at emitErrorNT (node:net:1976:8)
2026-05-11T00:06:30:     at process.processTicksAndRejections (node:internal/process/task_queues:89:21) {
2026-05-11T00:06:30:   code: 'EADDRINUSE',
2026-05-11T00:06:30:   errno: -4091,
2026-05-11T00:06:30:   syscall: 'listen',
2026-05-11T00:06:30:   address: '::',
2026-05-11T00:06:30:   port: 5001
2026-05-11T00:06:30: }
2026-05-11T00:06:30: 
2026-05-11T00:06:30: Node.js v24.13.1
2026-05-11T00:06:32: node:events:486
2026-05-11T00:06:32:       throw er; // Unhandled 'error' event
2026-05-11T00:06:32:       ^
2026-05-11T00:06:32: 
2026-05-11T00:06:32: Error: listen EADDRINUSE: address already in use :::5001
2026-05-11T00:06:32:     at Server.setupListenHandle [as _listen2] (node:net:1940:16)
2026-05-11T00:06:32:     at listenInCluster (node:net:1997:12)
2026-05-11T00:06:32:     at Server.listen (node:net:2102:7)
2026-05-11T00:06:32:     at app.listen (C:\Users\Anmol\OneDrive\Desktop\B\coding-portal\judge\node_modules\express\lib\application.js:635:24)
2026-05-11T00:06:32:     at <anonymous> (C:\Users\Anmol\OneDrive\Desktop\B\coding-portal\judge\src\index.ts:216:5)
2026-05-11T00:06:32:     at ModuleJob.run (node:internal/modules/esm/module_job:430:25)
2026-05-11T00:06:32:     at process.processTicksAndRejections (node:internal/process/task_queues:103:5)
2026-05-11T00:06:32:     at async onImport.tracePromise.__proto__ (node:internal/modules/esm/loader:661:26)
2026-05-11T00:06:32:     at async asyncRunEntryPointWithESMLoader (node:internal/modules/run_main:101:5)
2026-05-11T00:06:32: Emitted 'error' event on Server instance at:
2026-05-11T00:06:32:     at emitErrorNT (node:net:1976:8)
2026-05-11T00:06:32:     at process.processTicksAndRejections (node:internal/process/task_queues:89:21) {
2026-05-11T00:06:32:   code: 'EADDRINUSE',
2026-05-11T00:06:32:   errno: -4091,
2026-05-11T00:06:32:   syscall: 'listen',
2026-05-11T00:06:32:   address: '::',
2026-05-11T00:06:32:   port: 5001
2026-05-11T00:06:32: }
2026-05-11T00:06:32: 
2026-05-11T00:06:32: Node.js v24.13.1
2026-05-11T00:06:33: node:events:486
2026-05-11T00:06:33:       throw er; // Unhandled 'error' event
2026-05-11T00:06:33:       ^
2026-05-11T00:06:33: 
2026-05-11T00:06:33: Error: listen EADDRINUSE: address already in use :::5001
2026-05-11T00:06:33:     at Server.setupListenHandle [as _listen2] (node:net:1940:16)
2026-05-11T00:06:33:     at listenInCluster (node:net:1997:12)
2026-05-11T00:06:33:     at Server.listen (node:net:2102:7)
2026-05-11T00:06:33:     at app.listen (C:\Users\Anmol\OneDrive\Desktop\B\coding-portal\judge\node_modules\express\lib\application.js:635:24)
2026-05-11T00:06:33:     at <anonymous> (C:\Users\Anmol\OneDrive\Desktop\B\coding-portal\judge\src\index.ts:216:5)
2026-05-11T00:06:33:     at ModuleJob.run (node:internal/modules/esm/module_job:430:25)
2026-05-11T00:06:33:     at process.processTicksAndRejections (node:internal/process/task_queues:103:5)
2026-05-11T00:06:33:     at async onImport.tracePromise.__proto__ (node:internal/modules/esm/loader:661:26)
2026-05-11T00:06:33:     at async asyncRunEntryPointWithESMLoader (node:internal/modules/run_main:101:5)
2026-05-11T00:06:33: Emitted 'error' event on Server instance at:
2026-05-11T00:06:33:     at emitErrorNT (node:net:1976:8)
2026-05-11T00:06:33:     at process.processTicksAndRejections (node:internal/process/task_queues:89:21) {
2026-05-11T00:06:33:   code: 'EADDRINUSE',
2026-05-11T00:06:33:   errno: -4091,
2026-05-11T00:06:33:   syscall: 'listen',
2026-05-11T00:06:33:   address: '::',
2026-05-11T00:06:33:   port: 5001
2026-05-11T00:06:33: }
2026-05-11T00:06:33: 
2026-05-11T00:06:33: Node.js v24.13.1
2026-05-11T00:06:35: node:events:486
2026-05-11T00:06:35:       throw er; // Unhandled 'error' event
2026-05-11T00:06:35:       ^
2026-05-11T00:06:35: 
2026-05-11T00:06:35: Error: listen EADDRINUSE: address already in use :::5001
2026-05-11T00:06:35:     at Server.setupListenHandle [as _listen2] (node:net:1940:16)
2026-05-11T00:06:35:     at listenInCluster (node:net:1997:12)
2026-05-11T00:06:35:     at Server.listen (node:net:2102:7)
2026-05-11T00:06:35:     at app.listen (C:\Users\Anmol\OneDrive\Desktop\B\coding-portal\judge\node_modules\express\lib\application.js:635:24)
2026-05-11T00:06:35:     at <anonymous> (C:\Users\Anmol\OneDrive\Desktop\B\coding-portal\judge\src\index.ts:216:5)
2026-05-11T00:06:35:     at ModuleJob.run (node:internal/modules/esm/module_job:430:25)
2026-05-11T00:06:35:     at process.processTicksAndRejections (node:internal/process/task_queues:103:5)
2026-05-11T00:06:35:     at async onImport.tracePromise.__proto__ (node:internal/modules/esm/loader:661:26)
2026-05-11T00:06:35:     at async asyncRunEntryPointWithESMLoader (node:internal/modules/run_main:101:5)
2026-05-11T00:06:35: Emitted 'error' event on Server instance at:
2026-05-11T00:06:35:     at emitErrorNT (node:net:1976:8)
2026-05-11T00:06:35:     at process.processTicksAndRejections (node:internal/process/task_queues:89:21) {
2026-05-11T00:06:35:   code: 'EADDRINUSE',
2026-05-11T00:06:35:   errno: -4091,
2026-05-11T00:06:35:   syscall: 'listen',
2026-05-11T00:06:35:   address: '::',
2026-05-11T00:06:35:   port: 5001
2026-05-11T00:06:35: }
2026-05-11T00:06:35: 
2026-05-11T00:06:35: Node.js v24.13.1
2026-05-11T00:06:37: node:events:486
2026-05-11T00:06:37:       throw er; // Unhandled 'error' event
2026-05-11T00:06:37:       ^
2026-05-11T00:06:37: 
2026-05-11T00:06:37: Error: listen EADDRINUSE: address already in use :::5001
2026-05-11T00:06:37:     at Server.setupListenHandle [as _listen2] (node:net:1940:16)
2026-05-11T00:06:37:     at listenInCluster (node:net:1997:12)
2026-05-11T00:06:37:     at Server.listen (node:net:2102:7)
2026-05-11T00:06:37:     at app.listen (C:\Users\Anmol\OneDrive\Desktop\B\coding-portal\judge\node_modules\express\lib\application.js:635:24)
2026-05-11T00:06:37:     at <anonymous> (C:\Users\Anmol\OneDrive\Desktop\B\coding-portal\judge\src\index.ts:216:5)
2026-05-11T00:06:37:     at ModuleJob.run (node:internal/modules/esm/module_job:430:25)
2026-05-11T00:06:37:     at process.processTicksAndRejections (node:internal/process/task_queues:103:5)
2026-05-11T00:06:37:     at async onImport.tracePromise.__proto__ (node:internal/modules/esm/loader:661:26)
2026-05-11T00:06:37:     at async asyncRunEntryPointWithESMLoader (node:internal/modules/run_main:101:5)
2026-05-11T00:06:37: Emitted 'error' event on Server instance at:
2026-05-11T00:06:37:     at emitErrorNT (node:net:1976:8)
2026-05-11T00:06:37:     at process.processTicksAndRejections (node:internal/process/task_queues:89:21) {
2026-05-11T00:06:37:   code: 'EADDRINUSE',
2026-05-11T00:06:37:   errno: -4091,
2026-05-11T00:06:37:   syscall: 'listen',
2026-05-11T00:06:37:   address: '::',
2026-05-11T00:06:37:   port: 5001
2026-05-11T00:06:37: }
2026-05-11T00:06:37: 
2026-05-11T00:06:37: Node.js v24.13.1
2026-05-11T00:06:39: node:events:486
2026-05-11T00:06:39:       throw er; // Unhandled 'error' event
2026-05-11T00:06:39:       ^
2026-05-11T00:06:39: 
2026-05-11T00:06:39: Error: listen EADDRINUSE: address already in use :::5001
2026-05-11T00:06:39:     at Server.setupListenHandle [as _listen2] (node:net:1940:16)
2026-05-11T00:06:39:     at listenInCluster (node:net:1997:12)
2026-05-11T00:06:39:     at Server.listen (node:net:2102:7)
2026-05-11T00:06:39:     at app.listen (C:\Users\Anmol\OneDrive\Desktop\B\coding-portal\judge\node_modules\express\lib\application.js:635:24)
2026-05-11T00:06:39:     at <anonymous> (C:\Users\Anmol\OneDrive\Desktop\B\coding-portal\judge\src\index.ts:216:5)
2026-05-11T00:06:39:     at ModuleJob.run (node:internal/modules/esm/module_job:430:25)
2026-05-11T00:06:39:     at process.processTicksAndRejections (node:internal/process/task_queues:103:5)
2026-05-11T00:06:39:     at async onImport.tracePromise.__proto__ (node:internal/modules/esm/loader:661:26)
2026-05-11T00:06:39:     at async asyncRunEntryPointWithESMLoader (node:internal/modules/run_main:101:5)
2026-05-11T00:06:39: Emitted 'error' event on Server instance at:
2026-05-11T00:06:39:     at emitErrorNT (node:net:1976:8)
2026-05-11T00:06:39:     at process.processTicksAndRejections (node:internal/process/task_queues:89:21) {
2026-05-11T00:06:39:   code: 'EADDRINUSE',
2026-05-11T00:06:39:   errno: -4091,
2026-05-11T00:06:39:   syscall: 'listen',
2026-05-11T00:06:39:   address: '::',
2026-05-11T00:06:39:   port: 5001
2026-05-11T00:06:39: }
2026-05-11T00:06:39: 
2026-05-11T00:06:39: Node.js v24.13.1
2026-05-11T00:06:41: node:events:486
2026-05-11T00:06:41:       throw er; // Unhandled 'error' event
2026-05-11T00:06:41:       ^
2026-05-11T00:06:41: 
2026-05-11T00:06:41: Error: listen EADDRINUSE: address already in use :::5001
2026-05-11T00:06:41:     at Server.setupListenHandle [as _listen2] (node:net:1940:16)
2026-05-11T00:06:41:     at listenInCluster (node:net:1997:12)
2026-05-11T00:06:41:     at Server.listen (node:net:2102:7)
2026-05-11T00:06:41:     at app.listen (C:\Users\Anmol\OneDrive\Desktop\B\coding-portal\judge\node_modules\express\lib\application.js:635:24)
2026-05-11T00:06:41:     at <anonymous> (C:\Users\Anmol\OneDrive\Desktop\B\coding-portal\judge\src\index.ts:216:5)
2026-05-11T00:06:41:     at ModuleJob.run (node:internal/modules/esm/module_job:430:25)
2026-05-11T00:06:41:     at process.processTicksAndRejections (node:internal/process/task_queues:103:5)
2026-05-11T00:06:41:     at async onImport.tracePromise.__proto__ (node:internal/modules/esm/loader:661:26)
2026-05-11T00:06:41:     at async asyncRunEntryPointWithESMLoader (node:internal/modules/run_main:101:5)
2026-05-11T00:06:41: Emitted 'error' event on Server instance at:
2026-05-11T00:06:41:     at emitErrorNT (node:net:1976:8)
2026-05-11T00:06:41:     at process.processTicksAndRejections (node:internal/process/task_queues:89:21) {
2026-05-11T00:06:41:   code: 'EADDRINUSE',
2026-05-11T00:06:41:   errno: -4091,
2026-05-11T00:06:41:   syscall: 'listen',
2026-05-11T00:06:41:   address: '::',
2026-05-11T00:06:41:   port: 5001
2026-05-11T00:06:41: }
2026-05-11T00:06:41: 
2026-05-11T00:06:41: Node.js v24.13.1
2026-05-11T00:06:43: node:events:486
2026-05-11T00:06:43:       throw er; // Unhandled 'error' event
2026-05-11T00:06:43:       ^
2026-05-11T00:06:43: 
2026-05-11T00:06:43: Error: listen EADDRINUSE: address already in use :::5001
2026-05-11T00:06:43:     at Server.setupListenHandle [as _listen2] (node:net:1940:16)
2026-05-11T00:06:43:     at listenInCluster (node:net:1997:12)
2026-05-11T00:06:43:     at Server.listen (node:net:2102:7)
2026-05-11T00:06:43:     at app.listen (C:\Users\Anmol\OneDrive\Desktop\B\coding-portal\judge\node_modules\express\lib\application.js:635:24)
2026-05-11T00:06:43:     at <anonymous> (C:\Users\Anmol\OneDrive\Desktop\B\coding-portal\judge\src\index.ts:216:5)
2026-05-11T00:06:43:     at ModuleJob.run (node:internal/modules/esm/module_job:430:25)
2026-05-11T00:06:43:     at process.processTicksAndRejections (node:internal/process/task_queues:103:5)
2026-05-11T00:06:43:     at async onImport.tracePromise.__proto__ (node:internal/modules/esm/loader:661:26)
2026-05-11T00:06:43:     at async asyncRunEntryPointWithESMLoader (node:internal/modules/run_main:101:5)
2026-05-11T00:06:43: Emitted 'error' event on Server instance at:
2026-05-11T00:06:43:     at emitErrorNT (node:net:1976:8)
2026-05-11T00:06:43:     at process.processTicksAndRejections (node:internal/process/task_queues:89:21) {
2026-05-11T00:06:43:   code: 'EADDRINUSE',
2026-05-11T00:06:43:   errno: -4091,
2026-05-11T00:06:43:   syscall: 'listen',
2026-05-11T00:06:43:   address: '::',
2026-05-11T00:06:43:   port: 5001
2026-05-11T00:06:43: }
2026-05-11T00:06:43: 
2026-05-11T00:06:43: Node.js v24.13.1
2026-05-11T00:06:45: node:events:486
2026-05-11T00:06:45:       throw er; // Unhandled 'error' event
2026-05-11T00:06:45:       ^
2026-05-11T00:06:45: 
2026-05-11T00:06:45: Error: listen EADDRINUSE: address already in use :::5001
2026-05-11T00:06:45:     at Server.setupListenHandle [as _listen2] (node:net:1940:16)
2026-05-11T00:06:45:     at listenInCluster (node:net:1997:12)
2026-05-11T00:06:45:     at Server.listen (node:net:2102:7)
2026-05-11T00:06:45:     at app.listen (C:\Users\Anmol\OneDrive\Desktop\B\coding-portal\judge\node_modules\express\lib\application.js:635:24)
2026-05-11T00:06:45:     at <anonymous> (C:\Users\Anmol\OneDrive\Desktop\B\coding-portal\judge\src\index.ts:216:5)
2026-05-11T00:06:45:     at ModuleJob.run (node:internal/modules/esm/module_job:430:25)
2026-05-11T00:06:45:     at process.processTicksAndRejections (node:internal/process/task_queues:103:5)
2026-05-11T00:06:45:     at async onImport.tracePromise.__proto__ (node:internal/modules/esm/loader:661:26)
2026-05-11T00:06:45:     at async asyncRunEntryPointWithESMLoader (node:internal/modules/run_main:101:5)
2026-05-11T00:06:45: Emitted 'error' event on Server instance at:
2026-05-11T00:06:45:     at emitErrorNT (node:net:1976:8)
2026-05-11T00:06:45:     at process.processTicksAndRejections (node:internal/process/task_queues:89:21) {
2026-05-11T00:06:45:   code: 'EADDRINUSE',
2026-05-11T00:06:45:   errno: -4091,
2026-05-11T00:06:45:   syscall: 'listen',
2026-05-11T00:06:45:   address: '::',
2026-05-11T00:06:45:   port: 5001
2026-05-11T00:06:45: }
2026-05-11T00:06:45: 
2026-05-11T00:06:45: Node.js v24.13.1
2026-05-11T00:06:46: node:events:486
2026-05-11T00:06:46:       throw er; // Unhandled 'error' event
2026-05-11T00:06:46:       ^
2026-05-11T00:06:46: 
2026-05-11T00:06:46: Error: listen EADDRINUSE: address already in use :::5001
2026-05-11T00:06:46:     at Server.setupListenHandle [as _listen2] (node:net:1940:16)
2026-05-11T00:06:46:     at listenInCluster (node:net:1997:12)
2026-05-11T00:06:46:     at Server.listen (node:net:2102:7)
2026-05-11T00:06:46:     at app.listen (C:\Users\Anmol\OneDrive\Desktop\B\coding-portal\judge\node_modules\express\lib\application.js:635:24)
2026-05-11T00:06:46:     at <anonymous> (C:\Users\Anmol\OneDrive\Desktop\B\coding-portal\judge\src\index.ts:216:5)
2026-05-11T00:06:46:     at ModuleJob.run (node:internal/modules/esm/module_job:430:25)
2026-05-11T00:06:46:     at process.processTicksAndRejections (node:internal/process/task_queues:103:5)
2026-05-11T00:06:46:     at async onImport.tracePromise.__proto__ (node:internal/modules/esm/loader:661:26)
2026-05-11T00:06:46:     at async asyncRunEntryPointWithESMLoader (node:internal/modules/run_main:101:5)
2026-05-11T00:06:46: Emitted 'error' event on Server instance at:
2026-05-11T00:06:46:     at emitErrorNT (node:net:1976:8)
2026-05-11T00:06:46:     at process.processTicksAndRejections (node:internal/process/task_queues:89:21) {
2026-05-11T00:06:46:   code: 'EADDRINUSE',
2026-05-11T00:06:46:   errno: -4091,
2026-05-11T00:06:46:   syscall: 'listen',
2026-05-11T00:06:46:   address: '::',
2026-05-11T00:06:46:   port: 5001
2026-05-11T00:06:46: }
2026-05-11T00:06:46: 
2026-05-11T00:06:46: Node.js v24.13.1
2026-05-11T00:06:48: node:events:486
2026-05-11T00:06:48:       throw er; // Unhandled 'error' event
2026-05-11T00:06:48:       ^
2026-05-11T00:06:48: 
2026-05-11T00:06:48: Error: listen EADDRINUSE: address already in use :::5001
2026-05-11T00:06:48:     at Server.setupListenHandle [as _listen2] (node:net:1940:16)
2026-05-11T00:06:48:     at listenInCluster (node:net:1997:12)
2026-05-11T00:06:48:     at Server.listen (node:net:2102:7)
2026-05-11T00:06:48:     at app.listen (C:\Users\Anmol\OneDrive\Desktop\B\coding-portal\judge\node_modules\express\lib\application.js:635:24)
2026-05-11T00:06:48:     at <anonymous> (C:\Users\Anmol\OneDrive\Desktop\B\coding-portal\judge\src\index.ts:216:5)
2026-05-11T00:06:48:     at ModuleJob.run (node:internal/modules/esm/module_job:430:25)
2026-05-11T00:06:48:     at process.processTicksAndRejections (node:internal/process/task_queues:103:5)
2026-05-11T00:06:48:     at async onImport.tracePromise.__proto__ (node:internal/modules/esm/loader:661:26)
2026-05-11T00:06:48:     at async asyncRunEntryPointWithESMLoader (node:internal/modules/run_main:101:5)
2026-05-11T00:06:48: Emitted 'error' event on Server instance at:
2026-05-11T00:06:48:     at emitErrorNT (node:net:1976:8)
2026-05-11T00:06:48:     at process.processTicksAndRejections (node:internal/process/task_queues:89:21) {
2026-05-11T00:06:48:   code: 'EADDRINUSE',
2026-05-11T00:06:48:   errno: -4091,
2026-05-11T00:06:48:   syscall: 'listen',
2026-05-11T00:06:48:   address: '::',
2026-05-11T00:06:48:   port: 5001
2026-05-11T00:06:48: }
2026-05-11T00:06:48: 
2026-05-11T00:06:48: Node.js v24.13.1
2026-05-11T00:06:51: node:events:486
2026-05-11T00:06:51:       throw er; // Unhandled 'error' event
2026-05-11T00:06:51:       ^
2026-05-11T00:06:51: 
2026-05-11T00:06:51: Error: listen EADDRINUSE: address already in use :::5001
2026-05-11T00:06:51:     at Server.setupListenHandle [as _listen2] (node:net:1940:16)
2026-05-11T00:06:51:     at listenInCluster (node:net:1997:12)
2026-05-11T00:06:51:     at Server.listen (node:net:2102:7)
2026-05-11T00:06:51:     at app.listen (C:\Users\Anmol\OneDrive\Desktop\B\coding-portal\judge\node_modules\express\lib\application.js:635:24)
2026-05-11T00:06:51:     at <anonymous> (C:\Users\Anmol\OneDrive\Desktop\B\coding-portal\judge\src\index.ts:216:5)
2026-05-11T00:06:51:     at ModuleJob.run (node:internal/modules/esm/module_job:430:25)
2026-05-11T00:06:51:     at process.processTicksAndRejections (node:internal/process/task_queues:103:5)
2026-05-11T00:06:51:     at async onImport.tracePromise.__proto__ (node:internal/modules/esm/loader:661:26)
2026-05-11T00:06:51:     at async asyncRunEntryPointWithESMLoader (node:internal/modules/run_main:101:5)
2026-05-11T00:06:51: Emitted 'error' event on Server instance at:
2026-05-11T00:06:51:     at emitErrorNT (node:net:1976:8)
2026-05-11T00:06:51:     at process.processTicksAndRejections (node:internal/process/task_queues:89:21) {
2026-05-11T00:06:51:   code: 'EADDRINUSE',
2026-05-11T00:06:51:   errno: -4091,
2026-05-11T00:06:51:   syscall: 'listen',
2026-05-11T00:06:51:   address: '::',
2026-05-11T00:06:51:   port: 5001
2026-05-11T00:06:51: }
2026-05-11T00:06:51: 
2026-05-11T00:06:51: Node.js v24.13.1
2026-05-11T00:06:52: node:events:486
2026-05-11T00:06:52:       throw er; // Unhandled 'error' event
2026-05-11T00:06:52:       ^
2026-05-11T00:06:52: 
2026-05-11T00:06:52: Error: listen EADDRINUSE: address already in use :::5001
2026-05-11T00:06:52:     at Server.setupListenHandle [as _listen2] (node:net:1940:16)
2026-05-11T00:06:52:     at listenInCluster (node:net:1997:12)
2026-05-11T00:06:52:     at Server.listen (node:net:2102:7)
2026-05-11T00:06:52:     at app.listen (C:\Users\Anmol\OneDrive\Desktop\B\coding-portal\judge\node_modules\express\lib\application.js:635:24)
2026-05-11T00:06:52:     at <anonymous> (C:\Users\Anmol\OneDrive\Desktop\B\coding-portal\judge\src\index.ts:216:5)
2026-05-11T00:06:52:     at ModuleJob.run (node:internal/modules/esm/module_job:430:25)
2026-05-11T00:06:52:     at process.processTicksAndRejections (node:internal/process/task_queues:103:5)
2026-05-11T00:06:52:     at async onImport.tracePromise.__proto__ (node:internal/modules/esm/loader:661:26)
2026-05-11T00:06:52:     at async asyncRunEntryPointWithESMLoader (node:internal/modules/run_main:101:5)
2026-05-11T00:06:52: Emitted 'error' event on Server instance at:
2026-05-11T00:06:52:     at emitErrorNT (node:net:1976:8)
2026-05-11T00:06:52:     at process.processTicksAndRejections (node:internal/process/task_queues:89:21) {
2026-05-11T00:06:52:   code: 'EADDRINUSE',
2026-05-11T00:06:52:   errno: -4091,
2026-05-11T00:06:52:   syscall: 'listen',
2026-05-11T00:06:52:   address: '::',
2026-05-11T00:06:52:   port: 5001
2026-05-11T00:06:52: }
2026-05-11T00:06:52: 
2026-05-11T00:06:52: Node.js v24.13.1
2026-05-11T00:06:54: node:events:486
2026-05-11T00:06:54:       throw er; // Unhandled 'error' event
2026-05-11T00:06:54:       ^
2026-05-11T00:06:54: 
2026-05-11T00:06:54: Error: listen EADDRINUSE: address already in use :::5001
2026-05-11T00:06:54:     at Server.setupListenHandle [as _listen2] (node:net:1940:16)
2026-05-11T00:06:54:     at listenInCluster (node:net:1997:12)
2026-05-11T00:06:54:     at Server.listen (node:net:2102:7)
2026-05-11T00:06:54:     at app.listen (C:\Users\Anmol\OneDrive\Desktop\B\coding-portal\judge\node_modules\express\lib\application.js:635:24)
2026-05-11T00:06:54:     at <anonymous> (C:\Users\Anmol\OneDrive\Desktop\B\coding-portal\judge\src\index.ts:216:5)
2026-05-11T00:06:54:     at ModuleJob.run (node:internal/modules/esm/module_job:430:25)
2026-05-11T00:06:54:     at process.processTicksAndRejections (node:internal/process/task_queues:103:5)
2026-05-11T00:06:54:     at async onImport.tracePromise.__proto__ (node:internal/modules/esm/loader:661:26)
2026-05-11T00:06:54:     at async asyncRunEntryPointWithESMLoader (node:internal/modules/run_main:101:5)
2026-05-11T00:06:54: Emitted 'error' event on Server instance at:
2026-05-11T00:06:54:     at emitErrorNT (node:net:1976:8)
2026-05-11T00:06:54:     at process.processTicksAndRejections (node:internal/process/task_queues:89:21) {
2026-05-11T00:06:54:   code: 'EADDRINUSE',
2026-05-11T00:06:54:   errno: -4091,
2026-05-11T00:06:54:   syscall: 'listen',
2026-05-11T00:06:54:   address: '::',
2026-05-11T00:06:54:   port: 5001
2026-05-11T00:06:54: }
2026-05-11T00:06:54: 
2026-05-11T00:06:54: Node.js v24.13.1
2026-05-11T00:06:56: node:events:486
2026-05-11T00:06:56:       throw er; // Unhandled 'error' event
2026-05-11T00:06:56:       ^
2026-05-11T00:06:56: 
2026-05-11T00:06:56: Error: listen EADDRINUSE: address already in use :::5001
2026-05-11T00:06:56:     at Server.setupListenHandle [as _listen2] (node:net:1940:16)
2026-05-11T00:06:56:     at listenInCluster (node:net:1997:12)
2026-05-11T00:06:56:     at Server.listen (node:net:2102:7)
2026-05-11T00:06:56:     at app.listen (C:\Users\Anmol\OneDrive\Desktop\B\coding-portal\judge\node_modules\express\lib\application.js:635:24)
2026-05-11T00:06:56:     at <anonymous> (C:\Users\Anmol\OneDrive\Desktop\B\coding-portal\judge\src\index.ts:216:5)
2026-05-11T00:06:56:     at ModuleJob.run (node:internal/modules/esm/module_job:430:25)
2026-05-11T00:06:56:     at process.processTicksAndRejections (node:internal/process/task_queues:103:5)
2026-05-11T00:06:56:     at async onImport.tracePromise.__proto__ (node:internal/modules/esm/loader:661:26)
2026-05-11T00:06:56:     at async asyncRunEntryPointWithESMLoader (node:internal/modules/run_main:101:5)
2026-05-11T00:06:56: Emitted 'error' event on Server instance at:
2026-05-11T00:06:56:     at emitErrorNT (node:net:1976:8)
2026-05-11T00:06:56:     at process.processTicksAndRejections (node:internal/process/task_queues:89:21) {
2026-05-11T00:06:56:   code: 'EADDRINUSE',
2026-05-11T00:06:56:   errno: -4091,
2026-05-11T00:06:56:   syscall: 'listen',
2026-05-11T00:06:56:   address: '::',
2026-05-11T00:06:56:   port: 5001
2026-05-11T00:06:56: }
2026-05-11T00:06:56: 
2026-05-11T00:06:56: Node.js v24.13.1
2026-05-11T00:06:58: node:events:486
2026-05-11T00:06:58:       throw er; // Unhandled 'error' event
2026-05-11T00:06:58:       ^
2026-05-11T00:06:58: 
2026-05-11T00:06:58: Error: listen EADDRINUSE: address already in use :::5001
2026-05-11T00:06:58:     at Server.setupListenHandle [as _listen2] (node:net:1940:16)
2026-05-11T00:06:58:     at listenInCluster (node:net:1997:12)
2026-05-11T00:06:58:     at Server.listen (node:net:2102:7)
2026-05-11T00:06:58:     at app.listen (C:\Users\Anmol\OneDrive\Desktop\B\coding-portal\judge\node_modules\express\lib\application.js:635:24)
2026-05-11T00:06:58:     at <anonymous> (C:\Users\Anmol\OneDrive\Desktop\B\coding-portal\judge\src\index.ts:216:5)
2026-05-11T00:06:58:     at ModuleJob.run (node:internal/modules/esm/module_job:430:25)
2026-05-11T00:06:58:     at process.processTicksAndRejections (node:internal/process/task_queues:103:5)
2026-05-11T00:06:58:     at async onImport.tracePromise.__proto__ (node:internal/modules/esm/loader:661:26)
2026-05-11T00:06:58:     at async asyncRunEntryPointWithESMLoader (node:internal/modules/run_main:101:5)
2026-05-11T00:06:58: Emitted 'error' event on Server instance at:
2026-05-11T00:06:58:     at emitErrorNT (node:net:1976:8)
2026-05-11T00:06:58:     at process.processTicksAndRejections (node:internal/process/task_queues:89:21) {
2026-05-11T00:06:58:   code: 'EADDRINUSE',
2026-05-11T00:06:58:   errno: -4091,
2026-05-11T00:06:58:   syscall: 'listen',
2026-05-11T00:06:58:   address: '::',
2026-05-11T00:06:58:   port: 5001
2026-05-11T00:06:58: }
2026-05-11T00:06:58: 
2026-05-11T00:06:58: Node.js v24.13.1
2026-05-11T00:06:59: node:events:486
2026-05-11T00:06:59:       throw er; // Unhandled 'error' event
2026-05-11T00:06:59:       ^
2026-05-11T00:06:59: 
2026-05-11T00:06:59: Error: listen EADDRINUSE: address already in use :::5001
2026-05-11T00:06:59:     at Server.setupListenHandle [as _listen2] (node:net:1940:16)
2026-05-11T00:06:59:     at listenInCluster (node:net:1997:12)
2026-05-11T00:06:59:     at Server.listen (node:net:2102:7)
2026-05-11T00:06:59:     at app.listen (C:\Users\Anmol\OneDrive\Desktop\B\coding-portal\judge\node_modules\express\lib\application.js:635:24)
2026-05-11T00:06:59:     at <anonymous> (C:\Users\Anmol\OneDrive\Desktop\B\coding-portal\judge\src\index.ts:216:5)
2026-05-11T00:06:59:     at ModuleJob.run (node:internal/modules/esm/module_job:430:25)
2026-05-11T00:06:59:     at process.processTicksAndRejections (node:internal/process/task_queues:103:5)
2026-05-11T00:06:59:     at async onImport.tracePromise.__proto__ (node:internal/modules/esm/loader:661:26)
2026-05-11T00:06:59:     at async asyncRunEntryPointWithESMLoader (node:internal/modules/run_main:101:5)
2026-05-11T00:06:59: Emitted 'error' event on Server instance at:
2026-05-11T00:06:59:     at emitErrorNT (node:net:1976:8)
2026-05-11T00:06:59:     at process.processTicksAndRejections (node:internal/process/task_queues:89:21) {
2026-05-11T00:06:59:   code: 'EADDRINUSE',
2026-05-11T00:06:59:   errno: -4091,
2026-05-11T00:06:59:   syscall: 'listen',
2026-05-11T00:06:59:   address: '::',
2026-05-11T00:06:59:   port: 5001
2026-05-11T00:06:59: }
2026-05-11T00:06:59: 
2026-05-11T00:06:59: Node.js v24.13.1
2026-05-11T00:07:03: node:events:486
2026-05-11T00:07:03:       throw er; // Unhandled 'error' event
2026-05-11T00:07:03:       ^
2026-05-11T00:07:03: 
2026-05-11T00:07:03: Error: listen EADDRINUSE: address already in use :::5001
2026-05-11T00:07:03:     at Server.setupListenHandle [as _listen2] (node:net:1940:16)
2026-05-11T00:07:03:     at listenInCluster (node:net:1997:12)
2026-05-11T00:07:03:     at Server.listen (node:net:2102:7)
2026-05-11T00:07:03:     at app.listen (C:\Users\Anmol\OneDrive\Desktop\B\coding-portal\judge\node_modules\express\lib\application.js:635:24)
2026-05-11T00:07:03:     at <anonymous> (C:\Users\Anmol\OneDrive\Desktop\B\coding-portal\judge\src\index.ts:216:5)
2026-05-11T00:07:03:     at ModuleJob.run (node:internal/modules/esm/module_job:430:25)
2026-05-11T00:07:03:     at process.processTicksAndRejections (node:internal/process/task_queues:103:5)
2026-05-11T00:07:03:     at async onImport.tracePromise.__proto__ (node:internal/modules/esm/loader:661:26)
2026-05-11T00:07:03:     at async asyncRunEntryPointWithESMLoader (node:internal/modules/run_main:101:5)
2026-05-11T00:07:03: Emitted 'error' event on Server instance at:
2026-05-11T00:07:03:     at emitErrorNT (node:net:1976:8)
2026-05-11T00:07:03:     at process.processTicksAndRejections (node:internal/process/task_queues:89:21) {
2026-05-11T00:07:03:   code: 'EADDRINUSE',
2026-05-11T00:07:03:   errno: -4091,
2026-05-11T00:07:03:   syscall: 'listen',
2026-05-11T00:07:03:   address: '::',
2026-05-11T00:07:03:   port: 5001
2026-05-11T00:07:03: }
2026-05-11T00:07:03: 
2026-05-11T00:07:03: Node.js v24.13.1
2026-05-11T00:07:05: node:events:486
2026-05-11T00:07:05:       throw er; // Unhandled 'error' event
2026-05-11T00:07:05:       ^
2026-05-11T00:07:05: 
2026-05-11T00:07:05: Error: listen EADDRINUSE: address already in use :::5001
2026-05-11T00:07:05:     at Server.setupListenHandle [as _listen2] (node:net:1940:16)
2026-05-11T00:07:05:     at listenInCluster (node:net:1997:12)
2026-05-11T00:07:05:     at Server.listen (node:net:2102:7)
2026-05-11T00:07:05:     at app.listen (C:\Users\Anmol\OneDrive\Desktop\B\coding-portal\judge\node_modules\express\lib\application.js:635:24)
2026-05-11T00:07:05:     at <anonymous> (C:\Users\Anmol\OneDrive\Desktop\B\coding-portal\judge\src\index.ts:216:5)
2026-05-11T00:07:05:     at ModuleJob.run (node:internal/modules/esm/module_job:430:25)
2026-05-11T00:07:05:     at process.processTicksAndRejections (node:internal/process/task_queues:103:5)
2026-05-11T00:07:05:     at async onImport.tracePromise.__proto__ (node:internal/modules/esm/loader:661:26)
2026-05-11T00:07:05:     at async asyncRunEntryPointWithESMLoader (node:internal/modules/run_main:101:5)
2026-05-11T00:07:05: Emitted 'error' event on Server instance at:
2026-05-11T00:07:05:     at emitErrorNT (node:net:1976:8)
2026-05-11T00:07:05:     at process.processTicksAndRejections (node:internal/process/task_queues:89:21) {
2026-05-11T00:07:05:   code: 'EADDRINUSE',
2026-05-11T00:07:05:   errno: -4091,
2026-05-11T00:07:05:   syscall: 'listen',
2026-05-11T00:07:05:   address: '::',
2026-05-11T00:07:05:   port: 5001
2026-05-11T00:07:05: }
2026-05-11T00:07:05: 
2026-05-11T00:07:05: Node.js v24.13.1
2026-05-11T00:07:07: node:events:486
2026-05-11T00:07:07:       throw er; // Unhandled 'error' event
2026-05-11T00:07:07:       ^
2026-05-11T00:07:07: 
2026-05-11T00:07:07: Error: listen EADDRINUSE: address already in use :::5001
2026-05-11T00:07:07:     at Server.setupListenHandle [as _listen2] (node:net:1940:16)
2026-05-11T00:07:07:     at listenInCluster (node:net:1997:12)
2026-05-11T00:07:07:     at Server.listen (node:net:2102:7)
2026-05-11T00:07:07:     at app.listen (C:\Users\Anmol\OneDrive\Desktop\B\coding-portal\judge\node_modules\express\lib\application.js:635:24)
2026-05-11T00:07:07:     at <anonymous> (C:\Users\Anmol\OneDrive\Desktop\B\coding-portal\judge\src\index.ts:216:5)
2026-05-11T00:07:07:     at ModuleJob.run (node:internal/modules/esm/module_job:430:25)
2026-05-11T00:07:07:     at process.processTicksAndRejections (node:internal/process/task_queues:103:5)
2026-05-11T00:07:07:     at async onImport.tracePromise.__proto__ (node:internal/modules/esm/loader:661:26)
2026-05-11T00:07:07:     at async asyncRunEntryPointWithESMLoader (node:internal/modules/run_main:101:5)
2026-05-11T00:07:07: Emitted 'error' event on Server instance at:
2026-05-11T00:07:07:     at emitErrorNT (node:net:1976:8)
2026-05-11T00:07:07:     at process.processTicksAndRejections (node:internal/process/task_queues:89:21) {
2026-05-11T00:07:07:   code: 'EADDRINUSE',
2026-05-11T00:07:07:   errno: -4091,
2026-05-11T00:07:07:   syscall: 'listen',
2026-05-11T00:07:07:   address: '::',
2026-05-11T00:07:07:   port: 5001
2026-05-11T00:07:07: }
2026-05-11T00:07:07: 
2026-05-11T00:07:07: Node.js v24.13.1
2026-05-11T00:07:09: node:events:486
2026-05-11T00:07:09:       throw er; // Unhandled 'error' event
2026-05-11T00:07:09:       ^
2026-05-11T00:07:09: 
2026-05-11T00:07:09: Error: listen EADDRINUSE: address already in use :::5001
2026-05-11T00:07:09:     at Server.setupListenHandle [as _listen2] (node:net:1940:16)
2026-05-11T00:07:09:     at listenInCluster (node:net:1997:12)
2026-05-11T00:07:09:     at Server.listen (node:net:2102:7)
2026-05-11T00:07:09:     at app.listen (C:\Users\Anmol\OneDrive\Desktop\B\coding-portal\judge\node_modules\express\lib\application.js:635:24)
2026-05-11T00:07:09:     at <anonymous> (C:\Users\Anmol\OneDrive\Desktop\B\coding-portal\judge\src\index.ts:216:5)
2026-05-11T00:07:09:     at ModuleJob.run (node:internal/modules/esm/module_job:430:25)
2026-05-11T00:07:09:     at process.processTicksAndRejections (node:internal/process/task_queues:103:5)
2026-05-11T00:07:09:     at async onImport.tracePromise.__proto__ (node:internal/modules/esm/loader:661:26)
2026-05-11T00:07:09:     at async asyncRunEntryPointWithESMLoader (node:internal/modules/run_main:101:5)
2026-05-11T00:07:09: Emitted 'error' event on Server instance at:
2026-05-11T00:07:09:     at emitErrorNT (node:net:1976:8)
2026-05-11T00:07:09:     at process.processTicksAndRejections (node:internal/process/task_queues:89:21) {
2026-05-11T00:07:09:   code: 'EADDRINUSE',
2026-05-11T00:07:09:   errno: -4091,
2026-05-11T00:07:09:   syscall: 'listen',
2026-05-11T00:07:09:   address: '::',
2026-05-11T00:07:09:   port: 5001
2026-05-11T00:07:09: }
2026-05-11T00:07:09: 
2026-05-11T00:07:09: Node.js v24.13.1
2026-05-11T00:07:11: node:events:486
2026-05-11T00:07:11:       throw er; // Unhandled 'error' event
2026-05-11T00:07:11:       ^
2026-05-11T00:07:11: 
2026-05-11T00:07:11: Error: listen EADDRINUSE: address already in use :::5001
2026-05-11T00:07:11:     at Server.setupListenHandle [as _listen2] (node:net:1940:16)
2026-05-11T00:07:11:     at listenInCluster (node:net:1997:12)
2026-05-11T00:07:11:     at Server.listen (node:net:2102:7)
2026-05-11T00:07:11:     at app.listen (C:\Users\Anmol\OneDrive\Desktop\B\coding-portal\judge\node_modules\express\lib\application.js:635:24)
2026-05-11T00:07:11:     at <anonymous> (C:\Users\Anmol\OneDrive\Desktop\B\coding-portal\judge\src\index.ts:216:5)
2026-05-11T00:07:11:     at ModuleJob.run (node:internal/modules/esm/module_job:430:25)
2026-05-11T00:07:11:     at process.processTicksAndRejections (node:internal/process/task_queues:103:5)
2026-05-11T00:07:11:     at async onImport.tracePromise.__proto__ (node:internal/modules/esm/loader:661:26)
2026-05-11T00:07:11:     at async asyncRunEntryPointWithESMLoader (node:internal/modules/run_main:101:5)
2026-05-11T00:07:11: Emitted 'error' event on Server instance at:
2026-05-11T00:07:11:     at emitErrorNT (node:net:1976:8)
2026-05-11T00:07:11:     at process.processTicksAndRejections (node:internal/process/task_queues:89:21) {
2026-05-11T00:07:11:   code: 'EADDRINUSE',
2026-05-11T00:07:11:   errno: -4091,
2026-05-11T00:07:11:   syscall: 'listen',
2026-05-11T00:07:11:   address: '::',
2026-05-11T00:07:11:   port: 5001
2026-05-11T00:07:11: }
2026-05-11T00:07:11: 
2026-05-11T00:07:11: Node.js v24.13.1
2026-05-11T00:07:14: node:events:486
2026-05-11T00:07:14:       throw er; // Unhandled 'error' event
2026-05-11T00:07:14:       ^
2026-05-11T00:07:14: 
2026-05-11T00:07:14: Error: listen EADDRINUSE: address already in use :::5001
2026-05-11T00:07:14:     at Server.setupListenHandle [as _listen2] (node:net:1940:16)
2026-05-11T00:07:14:     at listenInCluster (node:net:1997:12)
2026-05-11T00:07:14:     at Server.listen (node:net:2102:7)
2026-05-11T00:07:14:     at app.listen (C:\Users\Anmol\OneDrive\Desktop\B\coding-portal\judge\node_modules\express\lib\application.js:635:24)
2026-05-11T00:07:14:     at <anonymous> (C:\Users\Anmol\OneDrive\Desktop\B\coding-portal\judge\src\index.ts:216:5)
2026-05-11T00:07:14:     at ModuleJob.run (node:internal/modules/esm/module_job:430:25)
2026-05-11T00:07:14:     at process.processTicksAndRejections (node:internal/process/task_queues:103:5)
2026-05-11T00:07:14:     at async onImport.tracePromise.__proto__ (node:internal/modules/esm/loader:661:26)
2026-05-11T00:07:14:     at async asyncRunEntryPointWithESMLoader (node:internal/modules/run_main:101:5)
2026-05-11T00:07:14: Emitted 'error' event on Server instance at:
2026-05-11T00:07:14:     at emitErrorNT (node:net:1976:8)
2026-05-11T00:07:14:     at process.processTicksAndRejections (node:internal/process/task_queues:89:21) {
2026-05-11T00:07:14:   code: 'EADDRINUSE',
2026-05-11T00:07:14:   errno: -4091,
2026-05-11T00:07:14:   syscall: 'listen',
2026-05-11T00:07:14:   address: '::',
2026-05-11T00:07:14:   port: 5001
2026-05-11T00:07:14: }
2026-05-11T00:07:14: 
2026-05-11T00:07:14: Node.js v24.13.1
2026-05-11T00:07:16: node:events:486
2026-05-11T00:07:16:       throw er; // Unhandled 'error' event
2026-05-11T00:07:16:       ^
2026-05-11T00:07:16: 
2026-05-11T00:07:16: Error: listen EADDRINUSE: address already in use :::5001
2026-05-11T00:07:16:     at Server.setupListenHandle [as _listen2] (node:net:1940:16)
2026-05-11T00:07:16:     at listenInCluster (node:net:1997:12)
2026-05-11T00:07:16:     at Server.listen (node:net:2102:7)
2026-05-11T00:07:16:     at app.listen (C:\Users\Anmol\OneDrive\Desktop\B\coding-portal\judge\node_modules\express\lib\application.js:635:24)
2026-05-11T00:07:16:     at <anonymous> (C:\Users\Anmol\OneDrive\Desktop\B\coding-portal\judge\src\index.ts:216:5)
2026-05-11T00:07:16:     at ModuleJob.run (node:internal/modules/esm/module_job:430:25)
2026-05-11T00:07:16:     at process.processTicksAndRejections (node:internal/process/task_queues:103:5)
2026-05-11T00:07:16:     at async onImport.tracePromise.__proto__ (node:internal/modules/esm/loader:661:26)
2026-05-11T00:07:16:     at async asyncRunEntryPointWithESMLoader (node:internal/modules/run_main:101:5)
2026-05-11T00:07:16: Emitted 'error' event on Server instance at:
2026-05-11T00:07:16:     at emitErrorNT (node:net:1976:8)
2026-05-11T00:07:16:     at process.processTicksAndRejections (node:internal/process/task_queues:89:21) {
2026-05-11T00:07:16:   code: 'EADDRINUSE',
2026-05-11T00:07:16:   errno: -4091,
2026-05-11T00:07:16:   syscall: 'listen',
2026-05-11T00:07:16:   address: '::',
2026-05-11T00:07:16:   port: 5001
2026-05-11T00:07:16: }
2026-05-11T00:07:16: 
2026-05-11T00:07:16: Node.js v24.13.1
2026-05-11T00:07:18: node:events:486
2026-05-11T00:07:18:       throw er; // Unhandled 'error' event
2026-05-11T00:07:18:       ^
2026-05-11T00:07:18: 
2026-05-11T00:07:18: Error: listen EADDRINUSE: address already in use :::5001
2026-05-11T00:07:18:     at Server.setupListenHandle [as _listen2] (node:net:1940:16)
2026-05-11T00:07:18:     at listenInCluster (node:net:1997:12)
2026-05-11T00:07:18:     at Server.listen (node:net:2102:7)
2026-05-11T00:07:18:     at app.listen (C:\Users\Anmol\OneDrive\Desktop\B\coding-portal\judge\node_modules\express\lib\application.js:635:24)
2026-05-11T00:07:18:     at <anonymous> (C:\Users\Anmol\OneDrive\Desktop\B\coding-portal\judge\src\index.ts:216:5)
2026-05-11T00:07:18:     at ModuleJob.run (node:internal/modules/esm/module_job:430:25)
2026-05-11T00:07:18:     at process.processTicksAndRejections (node:internal/process/task_queues:103:5)
2026-05-11T00:07:18:     at async onImport.tracePromise.__proto__ (node:internal/modules/esm/loader:661:26)
2026-05-11T00:07:18:     at async asyncRunEntryPointWithESMLoader (node:internal/modules/run_main:101:5)
2026-05-11T00:07:18: Emitted 'error' event on Server instance at:
2026-05-11T00:07:18:     at emitErrorNT (node:net:1976:8)
2026-05-11T00:07:18:     at process.processTicksAndRejections (node:internal/process/task_queues:89:21) {
2026-05-11T00:07:18:   code: 'EADDRINUSE',
2026-05-11T00:07:18:   errno: -4091,
2026-05-11T00:07:18:   syscall: 'listen',
2026-05-11T00:07:18:   address: '::',
2026-05-11T00:07:18:   port: 5001
2026-05-11T00:07:18: }
2026-05-11T00:07:18: 
2026-05-11T00:07:18: Node.js v24.13.1
2026-05-11T00:07:20: node:events:486
2026-05-11T00:07:20:       throw er; // Unhandled 'error' event
2026-05-11T00:07:20:       ^
2026-05-11T00:07:20: 
2026-05-11T00:07:20: Error: listen EADDRINUSE: address already in use :::5001
2026-05-11T00:07:20:     at Server.setupListenHandle [as _listen2] (node:net:1940:16)
2026-05-11T00:07:20:     at listenInCluster (node:net:1997:12)
2026-05-11T00:07:20:     at Server.listen (node:net:2102:7)
2026-05-11T00:07:20:     at app.listen (C:\Users\Anmol\OneDrive\Desktop\B\coding-portal\judge\node_modules\express\lib\application.js:635:24)
2026-05-11T00:07:20:     at <anonymous> (C:\Users\Anmol\OneDrive\Desktop\B\coding-portal\judge\src\index.ts:216:5)
2026-05-11T00:07:20:     at ModuleJob.run (node:internal/modules/esm/module_job:430:25)
2026-05-11T00:07:20:     at process.processTicksAndRejections (node:internal/process/task_queues:103:5)
2026-05-11T00:07:20:     at async onImport.tracePromise.__proto__ (node:internal/modules/esm/loader:661:26)
2026-05-11T00:07:20:     at async asyncRunEntryPointWithESMLoader (node:internal/modules/run_main:101:5)
2026-05-11T00:07:20: Emitted 'error' event on Server instance at:
2026-05-11T00:07:20:     at emitErrorNT (node:net:1976:8)
2026-05-11T00:07:20:     at process.processTicksAndRejections (node:internal/process/task_queues:89:21) {
2026-05-11T00:07:20:   code: 'EADDRINUSE',
2026-05-11T00:07:20:   errno: -4091,
2026-05-11T00:07:20:   syscall: 'listen',
2026-05-11T00:07:20:   address: '::',
2026-05-11T00:07:20:   port: 5001
2026-05-11T00:07:20: }
2026-05-11T00:07:20: 
2026-05-11T00:07:20: Node.js v24.13.1
2026-05-11T00:07:22: node:events:486
2026-05-11T00:07:22:       throw er; // Unhandled 'error' event
2026-05-11T00:07:22:       ^
2026-05-11T00:07:22: 
2026-05-11T00:07:22: Error: listen EADDRINUSE: address already in use :::5001
2026-05-11T00:07:22:     at Server.setupListenHandle [as _listen2] (node:net:1940:16)
2026-05-11T00:07:22:     at listenInCluster (node:net:1997:12)
2026-05-11T00:07:22:     at Server.listen (node:net:2102:7)
2026-05-11T00:07:22:     at app.listen (C:\Users\Anmol\OneDrive\Desktop\B\coding-portal\judge\node_modules\express\lib\application.js:635:24)
2026-05-11T00:07:22:     at <anonymous> (C:\Users\Anmol\OneDrive\Desktop\B\coding-portal\judge\src\index.ts:216:5)
2026-05-11T00:07:22:     at ModuleJob.run (node:internal/modules/esm/module_job:430:25)
2026-05-11T00:07:22:     at process.processTicksAndRejections (node:internal/process/task_queues:103:5)
2026-05-11T00:07:22:     at async onImport.tracePromise.__proto__ (node:internal/modules/esm/loader:661:26)
2026-05-11T00:07:22:     at async asyncRunEntryPointWithESMLoader (node:internal/modules/run_main:101:5)
2026-05-11T00:07:22: Emitted 'error' event on Server instance at:
2026-05-11T00:07:22:     at emitErrorNT (node:net:1976:8)
2026-05-11T00:07:22:     at process.processTicksAndRejections (node:internal/process/task_queues:89:21) {
2026-05-11T00:07:22:   code: 'EADDRINUSE',
2026-05-11T00:07:22:   errno: -4091,
2026-05-11T00:07:22:   syscall: 'listen',
2026-05-11T00:07:22:   address: '::',
2026-05-11T00:07:22:   port: 5001
2026-05-11T00:07:22: }
2026-05-11T00:07:22: 
2026-05-11T00:07:22: Node.js v24.13.1
2026-05-11T00:07:24: node:events:486
2026-05-11T00:07:24:       throw er; // Unhandled 'error' event
2026-05-11T00:07:24:       ^
2026-05-11T00:07:24: 
2026-05-11T00:07:24: Error: listen EADDRINUSE: address already in use :::5001
2026-05-11T00:07:24:     at Server.setupListenHandle [as _listen2] (node:net:1940:16)
2026-05-11T00:07:24:     at listenInCluster (node:net:1997:12)
2026-05-11T00:07:24:     at Server.listen (node:net:2102:7)
2026-05-11T00:07:24:     at app.listen (C:\Users\Anmol\OneDrive\Desktop\B\coding-portal\judge\node_modules\express\lib\application.js:635:24)
2026-05-11T00:07:24:     at <anonymous> (C:\Users\Anmol\OneDrive\Desktop\B\coding-portal\judge\src\index.ts:216:5)
2026-05-11T00:07:24:     at ModuleJob.run (node:internal/modules/esm/module_job:430:25)
2026-05-11T00:07:24:     at process.processTicksAndRejections (node:internal/process/task_queues:103:5)
2026-05-11T00:07:24:     at async onImport.tracePromise.__proto__ (node:internal/modules/esm/loader:661:26)
2026-05-11T00:07:24:     at async asyncRunEntryPointWithESMLoader (node:internal/modules/run_main:101:5)
2026-05-11T00:07:24: Emitted 'error' event on Server instance at:
2026-05-11T00:07:24:     at emitErrorNT (node:net:1976:8)
2026-05-11T00:07:24:     at process.processTicksAndRejections (node:internal/process/task_queues:89:21) {
2026-05-11T00:07:24:   code: 'EADDRINUSE',
2026-05-11T00:07:24:   errno: -4091,
2026-05-11T00:07:24:   syscall: 'listen',
2026-05-11T00:07:24:   address: '::',
2026-05-11T00:07:24:   port: 5001
2026-05-11T00:07:24: }
2026-05-11T00:07:24: 
2026-05-11T00:07:24: Node.js v24.13.1
2026-05-11T00:07:26: node:events:486
2026-05-11T00:07:26:       throw er; // Unhandled 'error' event
2026-05-11T00:07:26:       ^
2026-05-11T00:07:26: 
2026-05-11T00:07:26: Error: listen EADDRINUSE: address already in use :::5001
2026-05-11T00:07:26:     at Server.setupListenHandle [as _listen2] (node:net:1940:16)
2026-05-11T00:07:26:     at listenInCluster (node:net:1997:12)
2026-05-11T00:07:26:     at Server.listen (node:net:2102:7)
2026-05-11T00:07:26:     at app.listen (C:\Users\Anmol\OneDrive\Desktop\B\coding-portal\judge\node_modules\express\lib\application.js:635:24)
2026-05-11T00:07:26:     at <anonymous> (C:\Users\Anmol\OneDrive\Desktop\B\coding-portal\judge\src\index.ts:216:5)
2026-05-11T00:07:26:     at ModuleJob.run (node:internal/modules/esm/module_job:430:25)
2026-05-11T00:07:26:     at process.processTicksAndRejections (node:internal/process/task_queues:103:5)
2026-05-11T00:07:26:     at async onImport.tracePromise.__proto__ (node:internal/modules/esm/loader:661:26)
2026-05-11T00:07:26:     at async asyncRunEntryPointWithESMLoader (node:internal/modules/run_main:101:5)
2026-05-11T00:07:26: Emitted 'error' event on Server instance at:
2026-05-11T00:07:26:     at emitErrorNT (node:net:1976:8)
2026-05-11T00:07:26:     at process.processTicksAndRejections (node:internal/process/task_queues:89:21) {
2026-05-11T00:07:26:   code: 'EADDRINUSE',
2026-05-11T00:07:26:   errno: -4091,
2026-05-11T00:07:26:   syscall: 'listen',
2026-05-11T00:07:26:   address: '::',
2026-05-11T00:07:26:   port: 5001
2026-05-11T00:07:26: }
2026-05-11T00:07:26: 
2026-05-11T00:07:26: Node.js v24.13.1
2026-05-11T00:07:28: node:events:486
2026-05-11T00:07:28:       throw er; // Unhandled 'error' event
2026-05-11T00:07:28:       ^
2026-05-11T00:07:28: 
2026-05-11T00:07:28: Error: listen EADDRINUSE: address already in use :::5001
2026-05-11T00:07:28:     at Server.setupListenHandle [as _listen2] (node:net:1940:16)
2026-05-11T00:07:28:     at listenInCluster (node:net:1997:12)
2026-05-11T00:07:28:     at Server.listen (node:net:2102:7)
2026-05-11T00:07:28:     at app.listen (C:\Users\Anmol\OneDrive\Desktop\B\coding-portal\judge\node_modules\express\lib\application.js:635:24)
2026-05-11T00:07:28:     at <anonymous> (C:\Users\Anmol\OneDrive\Desktop\B\coding-portal\judge\src\index.ts:216:5)
2026-05-11T00:07:28:     at ModuleJob.run (node:internal/modules/esm/module_job:430:25)
2026-05-11T00:07:28:     at process.processTicksAndRejections (node:internal/process/task_queues:103:5)
2026-05-11T00:07:28:     at async onImport.tracePromise.__proto__ (node:internal/modules/esm/loader:661:26)
2026-05-11T00:07:28:     at async asyncRunEntryPointWithESMLoader (node:internal/modules/run_main:101:5)
2026-05-11T00:07:28: Emitted 'error' event on Server instance at:
2026-05-11T00:07:28:     at emitErrorNT (node:net:1976:8)
2026-05-11T00:07:28:     at process.processTicksAndRejections (node:internal/process/task_queues:89:21) {
2026-05-11T00:07:28:   code: 'EADDRINUSE',
2026-05-11T00:07:28:   errno: -4091,
2026-05-11T00:07:28:   syscall: 'listen',
2026-05-11T00:07:28:   address: '::',
2026-05-11T00:07:28:   port: 5001
2026-05-11T00:07:28: }
2026-05-11T00:07:28: 
2026-05-11T00:07:28: Node.js v24.13.1
2026-05-11T00:07:30: node:events:486
2026-05-11T00:07:30:       throw er; // Unhandled 'error' event
2026-05-11T00:07:30:       ^
2026-05-11T00:07:30: 
2026-05-11T00:07:30: Error: listen EADDRINUSE: address already in use :::5001
2026-05-11T00:07:30:     at Server.setupListenHandle [as _listen2] (node:net:1940:16)
2026-05-11T00:07:30:     at listenInCluster (node:net:1997:12)
2026-05-11T00:07:30:     at Server.listen (node:net:2102:7)
2026-05-11T00:07:30:     at app.listen (C:\Users\Anmol\OneDrive\Desktop\B\coding-portal\judge\node_modules\express\lib\application.js:635:24)
2026-05-11T00:07:30:     at <anonymous> (C:\Users\Anmol\OneDrive\Desktop\B\coding-portal\judge\src\index.ts:216:5)
2026-05-11T00:07:30:     at ModuleJob.run (node:internal/modules/esm/module_job:430:25)
2026-05-11T00:07:30:     at process.processTicksAndRejections (node:internal/process/task_queues:103:5)
2026-05-11T00:07:30:     at async onImport.tracePromise.__proto__ (node:internal/modules/esm/loader:661:26)
2026-05-11T00:07:30:     at async asyncRunEntryPointWithESMLoader (node:internal/modules/run_main:101:5)
2026-05-11T00:07:30: Emitted 'error' event on Server instance at:
2026-05-11T00:07:30:     at emitErrorNT (node:net:1976:8)
2026-05-11T00:07:30:     at process.processTicksAndRejections (node:internal/process/task_queues:89:21) {
2026-05-11T00:07:30:   code: 'EADDRINUSE',
2026-05-11T00:07:30:   errno: -4091,
2026-05-11T00:07:30:   syscall: 'listen',
2026-05-11T00:07:30:   address: '::',
2026-05-11T00:07:30:   port: 5001
2026-05-11T00:07:30: }
2026-05-11T00:07:30: 
2026-05-11T00:07:30: Node.js v24.13.1
2026-05-11T00:07:32: node:events:486
2026-05-11T00:07:32:       throw er; // Unhandled 'error' event
2026-05-11T00:07:32:       ^
2026-05-11T00:07:32: 
2026-05-11T00:07:32: Error: listen EADDRINUSE: address already in use :::5001
2026-05-11T00:07:32:     at Server.setupListenHandle [as _listen2] (node:net:1940:16)
2026-05-11T00:07:32:     at listenInCluster (node:net:1997:12)
2026-05-11T00:07:32:     at Server.listen (node:net:2102:7)
2026-05-11T00:07:32:     at app.listen (C:\Users\Anmol\OneDrive\Desktop\B\coding-portal\judge\node_modules\express\lib\application.js:635:24)
2026-05-11T00:07:32:     at <anonymous> (C:\Users\Anmol\OneDrive\Desktop\B\coding-portal\judge\src\index.ts:216:5)
2026-05-11T00:07:32:     at ModuleJob.run (node:internal/modules/esm/module_job:430:25)
2026-05-11T00:07:32:     at process.processTicksAndRejections (node:internal/process/task_queues:103:5)
2026-05-11T00:07:32:     at async onImport.tracePromise.__proto__ (node:internal/modules/esm/loader:661:26)
2026-05-11T00:07:32:     at async asyncRunEntryPointWithESMLoader (node:internal/modules/run_main:101:5)
2026-05-11T00:07:32: Emitted 'error' event on Server instance at:
2026-05-11T00:07:32:     at emitErrorNT (node:net:1976:8)
2026-05-11T00:07:32:     at process.processTicksAndRejections (node:internal/process/task_queues:89:21) {
2026-05-11T00:07:32:   code: 'EADDRINUSE',
2026-05-11T00:07:32:   errno: -4091,
2026-05-11T00:07:32:   syscall: 'listen',
2026-05-11T00:07:32:   address: '::',
2026-05-11T00:07:32:   port: 5001
2026-05-11T00:07:32: }
2026-05-11T00:07:32: 
2026-05-11T00:07:32: Node.js v24.13.1
2026-05-11T00:07:34: node:events:486
2026-05-11T00:07:34:       throw er; // Unhandled 'error' event
2026-05-11T00:07:34:       ^
2026-05-11T00:07:34: 
2026-05-11T00:07:34: Error: listen EADDRINUSE: address already in use :::5001
2026-05-11T00:07:34:     at Server.setupListenHandle [as _listen2] (node:net:1940:16)
2026-05-11T00:07:34:     at listenInCluster (node:net:1997:12)
2026-05-11T00:07:34:     at Server.listen (node:net:2102:7)
2026-05-11T00:07:34:     at app.listen (C:\Users\Anmol\OneDrive\Desktop\B\coding-portal\judge\node_modules\express\lib\application.js:635:24)
2026-05-11T00:07:34:     at <anonymous> (C:\Users\Anmol\OneDrive\Desktop\B\coding-portal\judge\src\index.ts:216:5)
2026-05-11T00:07:34:     at ModuleJob.run (node:internal/modules/esm/module_job:430:25)
2026-05-11T00:07:34:     at process.processTicksAndRejections (node:internal/process/task_queues:103:5)
2026-05-11T00:07:34:     at async onImport.tracePromise.__proto__ (node:internal/modules/esm/loader:661:26)
2026-05-11T00:07:34:     at async asyncRunEntryPointWithESMLoader (node:internal/modules/run_main:101:5)
2026-05-11T00:07:34: Emitted 'error' event on Server instance at:
2026-05-11T00:07:34:     at emitErrorNT (node:net:1976:8)
2026-05-11T00:07:34:     at process.processTicksAndRejections (node:internal/process/task_queues:89:21) {
2026-05-11T00:07:34:   code: 'EADDRINUSE',
2026-05-11T00:07:34:   errno: -4091,
2026-05-11T00:07:34:   syscall: 'listen',
2026-05-11T00:07:34:   address: '::',
2026-05-11T00:07:34:   port: 5001
2026-05-11T00:07:34: }
2026-05-11T00:07:34: 
2026-05-11T00:07:34: Node.js v24.13.1
2026-05-11T00:07:35: node:events:486
2026-05-11T00:07:35:       throw er; // Unhandled 'error' event
2026-05-11T00:07:35:       ^
2026-05-11T00:07:35: 
2026-05-11T00:07:35: Error: listen EADDRINUSE: address already in use :::5001
2026-05-11T00:07:35:     at Server.setupListenHandle [as _listen2] (node:net:1940:16)
2026-05-11T00:07:35:     at listenInCluster (node:net:1997:12)
2026-05-11T00:07:35:     at Server.listen (node:net:2102:7)
2026-05-11T00:07:35:     at app.listen (C:\Users\Anmol\OneDrive\Desktop\B\coding-portal\judge\node_modules\express\lib\application.js:635:24)
2026-05-11T00:07:35:     at <anonymous> (C:\Users\Anmol\OneDrive\Desktop\B\coding-portal\judge\src\index.ts:216:5)
2026-05-11T00:07:35:     at ModuleJob.run (node:internal/modules/esm/module_job:430:25)
2026-05-11T00:07:35:     at process.processTicksAndRejections (node:internal/process/task_queues:103:5)
2026-05-11T00:07:35:     at async onImport.tracePromise.__proto__ (node:internal/modules/esm/loader:661:26)
2026-05-11T00:07:35:     at async asyncRunEntryPointWithESMLoader (node:internal/modules/run_main:101:5)
2026-05-11T00:07:35: Emitted 'error' event on Server instance at:
2026-05-11T00:07:35:     at emitErrorNT (node:net:1976:8)
2026-05-11T00:07:35:     at process.processTicksAndRejections (node:internal/process/task_queues:89:21) {
2026-05-11T00:07:35:   code: 'EADDRINUSE',
2026-05-11T00:07:35:   errno: -4091,
2026-05-11T00:07:35:   syscall: 'listen',
2026-05-11T00:07:35:   address: '::',
2026-05-11T00:07:35:   port: 5001
2026-05-11T00:07:35: }
2026-05-11T00:07:35: 
2026-05-11T00:07:35: Node.js v24.13.1
2026-05-11T00:07:38: node:events:486
2026-05-11T00:07:38:       throw er; // Unhandled 'error' event
2026-05-11T00:07:38:       ^
2026-05-11T00:07:38: 
2026-05-11T00:07:38: Error: listen EADDRINUSE: address already in use :::5001
2026-05-11T00:07:38:     at Server.setupListenHandle [as _listen2] (node:net:1940:16)
2026-05-11T00:07:38:     at listenInCluster (node:net:1997:12)
2026-05-11T00:07:38:     at Server.listen (node:net:2102:7)
2026-05-11T00:07:38:     at app.listen (C:\Users\Anmol\OneDrive\Desktop\B\coding-portal\judge\node_modules\express\lib\application.js:635:24)
2026-05-11T00:07:38:     at <anonymous> (C:\Users\Anmol\OneDrive\Desktop\B\coding-portal\judge\src\index.ts:216:5)
2026-05-11T00:07:38:     at ModuleJob.run (node:internal/modules/esm/module_job:430:25)
2026-05-11T00:07:38:     at process.processTicksAndRejections (node:internal/process/task_queues:103:5)
2026-05-11T00:07:38:     at async onImport.tracePromise.__proto__ (node:internal/modules/esm/loader:661:26)
2026-05-11T00:07:38:     at async asyncRunEntryPointWithESMLoader (node:internal/modules/run_main:101:5)
2026-05-11T00:07:38: Emitted 'error' event on Server instance at:
2026-05-11T00:07:38:     at emitErrorNT (node:net:1976:8)
2026-05-11T00:07:38:     at process.processTicksAndRejections (node:internal/process/task_queues:89:21) {
2026-05-11T00:07:38:   code: 'EADDRINUSE',
2026-05-11T00:07:38:   errno: -4091,
2026-05-11T00:07:38:   syscall: 'listen',
2026-05-11T00:07:38:   address: '::',
2026-05-11T00:07:38:   port: 5001
2026-05-11T00:07:38: }
2026-05-11T00:07:38: 
2026-05-11T00:07:38: Node.js v24.13.1
2026-05-11T00:07:40: node:events:486
2026-05-11T00:07:40:       throw er; // Unhandled 'error' event
2026-05-11T00:07:40:       ^
2026-05-11T00:07:40: 
2026-05-11T00:07:40: Error: listen EADDRINUSE: address already in use :::5001
2026-05-11T00:07:40:     at Server.setupListenHandle [as _listen2] (node:net:1940:16)
2026-05-11T00:07:40:     at listenInCluster (node:net:1997:12)
2026-05-11T00:07:40:     at Server.listen (node:net:2102:7)
2026-05-11T00:07:40:     at app.listen (C:\Users\Anmol\OneDrive\Desktop\B\coding-portal\judge\node_modules\express\lib\application.js:635:24)
2026-05-11T00:07:40:     at <anonymous> (C:\Users\Anmol\OneDrive\Desktop\B\coding-portal\judge\src\index.ts:216:5)
2026-05-11T00:07:40:     at ModuleJob.run (node:internal/modules/esm/module_job:430:25)
2026-05-11T00:07:40:     at process.processTicksAndRejections (node:internal/process/task_queues:103:5)
2026-05-11T00:07:40:     at async onImport.tracePromise.__proto__ (node:internal/modules/esm/loader:661:26)
2026-05-11T00:07:40:     at async asyncRunEntryPointWithESMLoader (node:internal/modules/run_main:101:5)
2026-05-11T00:07:40: Emitted 'error' event on Server instance at:
2026-05-11T00:07:40:     at emitErrorNT (node:net:1976:8)
2026-05-11T00:07:40:     at process.processTicksAndRejections (node:internal/process/task_queues:89:21) {
2026-05-11T00:07:40:   code: 'EADDRINUSE',
2026-05-11T00:07:40:   errno: -4091,
2026-05-11T00:07:40:   syscall: 'listen',
2026-05-11T00:07:40:   address: '::',
2026-05-11T00:07:40:   port: 5001
2026-05-11T00:07:40: }
2026-05-11T00:07:40: 
2026-05-11T00:07:40: Node.js v24.13.1
2026-05-11T00:07:42: node:events:486
2026-05-11T00:07:42:       throw er; // Unhandled 'error' event
2026-05-11T00:07:42:       ^
2026-05-11T00:07:42: 
2026-05-11T00:07:42: Error: listen EADDRINUSE: address already in use :::5001
2026-05-11T00:07:42:     at Server.setupListenHandle [as _listen2] (node:net:1940:16)
2026-05-11T00:07:42:     at listenInCluster (node:net:1997:12)
2026-05-11T00:07:42:     at Server.listen (node:net:2102:7)
2026-05-11T00:07:42:     at app.listen (C:\Users\Anmol\OneDrive\Desktop\B\coding-portal\judge\node_modules\express\lib\application.js:635:24)
2026-05-11T00:07:42:     at <anonymous> (C:\Users\Anmol\OneDrive\Desktop\B\coding-portal\judge\src\index.ts:216:5)
2026-05-11T00:07:42:     at ModuleJob.run (node:internal/modules/esm/module_job:430:25)
2026-05-11T00:07:42:     at process.processTicksAndRejections (node:internal/process/task_queues:103:5)
2026-05-11T00:07:42:     at async onImport.tracePromise.__proto__ (node:internal/modules/esm/loader:661:26)
2026-05-11T00:07:42:     at async asyncRunEntryPointWithESMLoader (node:internal/modules/run_main:101:5)
2026-05-11T00:07:42: Emitted 'error' event on Server instance at:
2026-05-11T00:07:42:     at emitErrorNT (node:net:1976:8)
2026-05-11T00:07:42:     at process.processTicksAndRejections (node:internal/process/task_queues:89:21) {
2026-05-11T00:07:42:   code: 'EADDRINUSE',
2026-05-11T00:07:42:   errno: -4091,
2026-05-11T00:07:42:   syscall: 'listen',
2026-05-11T00:07:42:   address: '::',
2026-05-11T00:07:42:   port: 5001
2026-05-11T00:07:42: }
2026-05-11T00:07:42: 
2026-05-11T00:07:42: Node.js v24.13.1
2026-05-11T00:07:47: node:events:486
2026-05-11T00:07:47:       throw er; // Unhandled 'error' event
2026-05-11T00:07:47:       ^
2026-05-11T00:07:47: 
2026-05-11T00:07:47: Error: listen EADDRINUSE: address already in use :::5001
2026-05-11T00:07:47:     at Server.setupListenHandle [as _listen2] (node:net:1940:16)
2026-05-11T00:07:47:     at listenInCluster (node:net:1997:12)
2026-05-11T00:07:47:     at Server.listen (node:net:2102:7)
2026-05-11T00:07:47:     at app.listen (C:\Users\Anmol\OneDrive\Desktop\B\coding-portal\judge\node_modules\express\lib\application.js:635:24)
2026-05-11T00:07:47:     at <anonymous> (C:\Users\Anmol\OneDrive\Desktop\B\coding-portal\judge\src\index.ts:216:5)
2026-05-11T00:07:47:     at ModuleJob.run (node:internal/modules/esm/module_job:430:25)
2026-05-11T00:07:47:     at process.processTicksAndRejections (node:internal/process/task_queues:103:5)
2026-05-11T00:07:47:     at async onImport.tracePromise.__proto__ (node:internal/modules/esm/loader:661:26)
2026-05-11T00:07:47:     at async asyncRunEntryPointWithESMLoader (node:internal/modules/run_main:101:5)
2026-05-11T00:07:47: Emitted 'error' event on Server instance at:
2026-05-11T00:07:47:     at emitErrorNT (node:net:1976:8)
2026-05-11T00:07:47:     at process.processTicksAndRejections (node:internal/process/task_queues:89:21) {
2026-05-11T00:07:47:   code: 'EADDRINUSE',
2026-05-11T00:07:47:   errno: -4091,
2026-05-11T00:07:47:   syscall: 'listen',
2026-05-11T00:07:47:   address: '::',
2026-05-11T00:07:47:   port: 5001
2026-05-11T00:07:47: }
2026-05-11T00:07:47: 
2026-05-11T00:07:47: Node.js v24.13.1
2026-05-11T00:07:49: node:events:486
2026-05-11T00:07:49:       throw er; // Unhandled 'error' event
2026-05-11T00:07:49:       ^
2026-05-11T00:07:49: 
2026-05-11T00:07:49: Error: listen EADDRINUSE: address already in use :::5001
2026-05-11T00:07:49:     at Server.setupListenHandle [as _listen2] (node:net:1940:16)
2026-05-11T00:07:49:     at listenInCluster (node:net:1997:12)
2026-05-11T00:07:49:     at Server.listen (node:net:2102:7)
2026-05-11T00:07:49:     at app.listen (C:\Users\Anmol\OneDrive\Desktop\B\coding-portal\judge\node_modules\express\lib\application.js:635:24)
2026-05-11T00:07:49:     at <anonymous> (C:\Users\Anmol\OneDrive\Desktop\B\coding-portal\judge\src\index.ts:216:5)
2026-05-11T00:07:49:     at ModuleJob.run (node:internal/modules/esm/module_job:430:25)
2026-05-11T00:07:49:     at process.processTicksAndRejections (node:internal/process/task_queues:103:5)
2026-05-11T00:07:49:     at async onImport.tracePromise.__proto__ (node:internal/modules/esm/loader:661:26)
2026-05-11T00:07:49:     at async asyncRunEntryPointWithESMLoader (node:internal/modules/run_main:101:5)
2026-05-11T00:07:49: Emitted 'error' event on Server instance at:
2026-05-11T00:07:49:     at emitErrorNT (node:net:1976:8)
2026-05-11T00:07:49:     at process.processTicksAndRejections (node:internal/process/task_queues:89:21) {
2026-05-11T00:07:49:   code: 'EADDRINUSE',
2026-05-11T00:07:49:   errno: -4091,
2026-05-11T00:07:49:   syscall: 'listen',
2026-05-11T00:07:49:   address: '::',
2026-05-11T00:07:49:   port: 5001
2026-05-11T00:07:49: }
2026-05-11T00:07:49: 
2026-05-11T00:07:49: Node.js v24.13.1
2026-05-11T00:07:52: node:events:486
2026-05-11T00:07:52:       throw er; // Unhandled 'error' event
2026-05-11T00:07:52:       ^
2026-05-11T00:07:52: 
2026-05-11T00:07:52: Error: listen EADDRINUSE: address already in use :::5001
2026-05-11T00:07:52:     at Server.setupListenHandle [as _listen2] (node:net:1940:16)
2026-05-11T00:07:52:     at listenInCluster (node:net:1997:12)
2026-05-11T00:07:52:     at Server.listen (node:net:2102:7)
2026-05-11T00:07:52:     at app.listen (C:\Users\Anmol\OneDrive\Desktop\B\coding-portal\judge\node_modules\express\lib\application.js:635:24)
2026-05-11T00:07:52:     at <anonymous> (C:\Users\Anmol\OneDrive\Desktop\B\coding-portal\judge\src\index.ts:216:5)
2026-05-11T00:07:52:     at ModuleJob.run (node:internal/modules/esm/module_job:430:25)
2026-05-11T00:07:52:     at process.processTicksAndRejections (node:internal/process/task_queues:103:5)
2026-05-11T00:07:52:     at async onImport.tracePromise.__proto__ (node:internal/modules/esm/loader:661:26)
2026-05-11T00:07:52:     at async asyncRunEntryPointWithESMLoader (node:internal/modules/run_main:101:5)
2026-05-11T00:07:52: Emitted 'error' event on Server instance at:
2026-05-11T00:07:52:     at emitErrorNT (node:net:1976:8)
2026-05-11T00:07:52:     at process.processTicksAndRejections (node:internal/process/task_queues:89:21) {
2026-05-11T00:07:52:   code: 'EADDRINUSE',
2026-05-11T00:07:52:   errno: -4091,
2026-05-11T00:07:52:   syscall: 'listen',
2026-05-11T00:07:52:   address: '::',
2026-05-11T00:07:52:   port: 5001
2026-05-11T00:07:52: }
2026-05-11T00:07:52: 
2026-05-11T00:07:52: Node.js v24.13.1
2026-05-11T00:07:56: node:events:486
2026-05-11T00:07:56:       throw er; // Unhandled 'error' event
2026-05-11T00:07:56:       ^
2026-05-11T00:07:56: 
2026-05-11T00:07:56: Error: listen EADDRINUSE: address already in use :::5001
2026-05-11T00:07:56:     at Server.setupListenHandle [as _listen2] (node:net:1940:16)
2026-05-11T00:07:56:     at listenInCluster (node:net:1997:12)
2026-05-11T00:07:56:     at Server.listen (node:net:2102:7)
2026-05-11T00:07:56:     at app.listen (C:\Users\Anmol\OneDrive\Desktop\B\coding-portal\judge\node_modules\express\lib\application.js:635:24)
2026-05-11T00:07:56:     at <anonymous> (C:\Users\Anmol\OneDrive\Desktop\B\coding-portal\judge\src\index.ts:216:5)
2026-05-11T00:07:56:     at ModuleJob.run (node:internal/modules/esm/module_job:430:25)
2026-05-11T00:07:56:     at process.processTicksAndRejections (node:internal/process/task_queues:103:5)
2026-05-11T00:07:56:     at async onImport.tracePromise.__proto__ (node:internal/modules/esm/loader:661:26)
2026-05-11T00:07:56:     at async asyncRunEntryPointWithESMLoader (node:internal/modules/run_main:101:5)
2026-05-11T00:07:56: Emitted 'error' event on Server instance at:
2026-05-11T00:07:56:     at emitErrorNT (node:net:1976:8)
2026-05-11T00:07:56:     at process.processTicksAndRejections (node:internal/process/task_queues:89:21) {
2026-05-11T00:07:56:   code: 'EADDRINUSE',
2026-05-11T00:07:56:   errno: -4091,
2026-05-11T00:07:56:   syscall: 'listen',
2026-05-11T00:07:56:   address: '::',
2026-05-11T00:07:56:   port: 5001
2026-05-11T00:07:56: }
2026-05-11T00:07:56: 
2026-05-11T00:07:56: Node.js v24.13.1
2026-05-11T00:08:00: node:events:486
2026-05-11T00:08:00:       throw er; // Unhandled 'error' event
2026-05-11T00:08:00:       ^
2026-05-11T00:08:00: 
2026-05-11T00:08:00: Error: listen EADDRINUSE: address already in use :::5001
2026-05-11T00:08:00:     at Server.setupListenHandle [as _listen2] (node:net:1940:16)
2026-05-11T00:08:00:     at listenInCluster (node:net:1997:12)
2026-05-11T00:08:00:     at Server.listen (node:net:2102:7)
2026-05-11T00:08:00:     at app.listen (C:\Users\Anmol\OneDrive\Desktop\B\coding-portal\judge\node_modules\express\lib\application.js:635:24)
2026-05-11T00:08:00:     at <anonymous> (C:\Users\Anmol\OneDrive\Desktop\B\coding-portal\judge\src\index.ts:216:5)
2026-05-11T00:08:00:     at ModuleJob.run (node:internal/modules/esm/module_job:430:25)
2026-05-11T00:08:00:     at process.processTicksAndRejections (node:internal/process/task_queues:103:5)
2026-05-11T00:08:00:     at async onImport.tracePromise.__proto__ (node:internal/modules/esm/loader:661:26)
2026-05-11T00:08:00:     at async asyncRunEntryPointWithESMLoader (node:internal/modules/run_main:101:5)
2026-05-11T00:08:00: Emitted 'error' event on Server instance at:
2026-05-11T00:08:00:     at emitErrorNT (node:net:1976:8)
2026-05-11T00:08:00:     at process.processTicksAndRejections (node:internal/process/task_queues:89:21) {
2026-05-11T00:08:00:   code: 'EADDRINUSE',
2026-05-11T00:08:00:   errno: -4091,
2026-05-11T00:08:00:   syscall: 'listen',
2026-05-11T00:08:00:   address: '::',
2026-05-11T00:08:00:   port: 5001
2026-05-11T00:08:00: }
2026-05-11T00:08:00: 
2026-05-11T00:08:00: Node.js v24.13.1
2026-05-11T00:08:03: node:events:486
2026-05-11T00:08:03:       throw er; // Unhandled 'error' event
2026-05-11T00:08:03:       ^
2026-05-11T00:08:03: 
2026-05-11T00:08:03: Error: listen EADDRINUSE: address already in use :::5001
2026-05-11T00:08:03:     at Server.setupListenHandle [as _listen2] (node:net:1940:16)
2026-05-11T00:08:03:     at listenInCluster (node:net:1997:12)
2026-05-11T00:08:03:     at Server.listen (node:net:2102:7)
2026-05-11T00:08:03:     at app.listen (C:\Users\Anmol\OneDrive\Desktop\B\coding-portal\judge\node_modules\express\lib\application.js:635:24)
2026-05-11T00:08:03:     at <anonymous> (C:\Users\Anmol\OneDrive\Desktop\B\coding-portal\judge\src\index.ts:216:5)
2026-05-11T00:08:03:     at ModuleJob.run (node:internal/modules/esm/module_job:430:25)
2026-05-11T00:08:03:     at process.processTicksAndRejections (node:internal/process/task_queues:103:5)
2026-05-11T00:08:03:     at async onImport.tracePromise.__proto__ (node:internal/modules/esm/loader:661:26)
2026-05-11T00:08:03:     at async asyncRunEntryPointWithESMLoader (node:internal/modules/run_main:101:5)
2026-05-11T00:08:03: Emitted 'error' event on Server instance at:
2026-05-11T00:08:03:     at emitErrorNT (node:net:1976:8)
2026-05-11T00:08:03:     at process.processTicksAndRejections (node:internal/process/task_queues:89:21) {
2026-05-11T00:08:03:   code: 'EADDRINUSE',
2026-05-11T00:08:03:   errno: -4091,
2026-05-11T00:08:03:   syscall: 'listen',
2026-05-11T00:08:03:   address: '::',
2026-05-11T00:08:03:   port: 5001
2026-05-11T00:08:03: }
2026-05-11T00:08:03: 
2026-05-11T00:08:03: Node.js v24.13.1
2026-05-11T00:08:04: node:events:486
2026-05-11T00:08:04:       throw er; // Unhandled 'error' event
2026-05-11T00:08:04:       ^
2026-05-11T00:08:04: 
2026-05-11T00:08:04: Error: listen EADDRINUSE: address already in use :::5001
2026-05-11T00:08:04:     at Server.setupListenHandle [as _listen2] (node:net:1940:16)
2026-05-11T00:08:04:     at listenInCluster (node:net:1997:12)
2026-05-11T00:08:04:     at Server.listen (node:net:2102:7)
2026-05-11T00:08:04:     at app.listen (C:\Users\Anmol\OneDrive\Desktop\B\coding-portal\judge\node_modules\express\lib\application.js:635:24)
2026-05-11T00:08:04:     at <anonymous> (C:\Users\Anmol\OneDrive\Desktop\B\coding-portal\judge\src\index.ts:216:5)
2026-05-11T00:08:04:     at ModuleJob.run (node:internal/modules/esm/module_job:430:25)
2026-05-11T00:08:04:     at process.processTicksAndRejections (node:internal/process/task_queues:103:5)
2026-05-11T00:08:04:     at async onImport.tracePromise.__proto__ (node:internal/modules/esm/loader:661:26)
2026-05-11T00:08:04:     at async asyncRunEntryPointWithESMLoader (node:internal/modules/run_main:101:5)
2026-05-11T00:08:04: Emitted 'error' event on Server instance at:
2026-05-11T00:08:04:     at emitErrorNT (node:net:1976:8)
2026-05-11T00:08:04:     at process.processTicksAndRejections (node:internal/process/task_queues:89:21) {
2026-05-11T00:08:04:   code: 'EADDRINUSE',
2026-05-11T00:08:04:   errno: -4091,
2026-05-11T00:08:04:   syscall: 'listen',
2026-05-11T00:08:04:   address: '::',
2026-05-11T00:08:04:   port: 5001
2026-05-11T00:08:04: }
2026-05-11T00:08:04: 
2026-05-11T00:08:04: Node.js v24.13.1
2026-05-11T00:08:06: node:events:486
2026-05-11T00:08:06:       throw er; // Unhandled 'error' event
2026-05-11T00:08:06:       ^
2026-05-11T00:08:06: 
2026-05-11T00:08:06: Error: listen EADDRINUSE: address already in use :::5001
2026-05-11T00:08:06:     at Server.setupListenHandle [as _listen2] (node:net:1940:16)
2026-05-11T00:08:06:     at listenInCluster (node:net:1997:12)
2026-05-11T00:08:06:     at Server.listen (node:net:2102:7)
2026-05-11T00:08:06:     at app.listen (C:\Users\Anmol\OneDrive\Desktop\B\coding-portal\judge\node_modules\express\lib\application.js:635:24)
2026-05-11T00:08:06:     at <anonymous> (C:\Users\Anmol\OneDrive\Desktop\B\coding-portal\judge\src\index.ts:216:5)
2026-05-11T00:08:06:     at ModuleJob.run (node:internal/modules/esm/module_job:430:25)
2026-05-11T00:08:06:     at process.processTicksAndRejections (node:internal/process/task_queues:103:5)
2026-05-11T00:08:06:     at async onImport.tracePromise.__proto__ (node:internal/modules/esm/loader:661:26)
2026-05-11T00:08:06:     at async asyncRunEntryPointWithESMLoader (node:internal/modules/run_main:101:5)
2026-05-11T00:08:06: Emitted 'error' event on Server instance at:
2026-05-11T00:08:06:     at emitErrorNT (node:net:1976:8)
2026-05-11T00:08:06:     at process.processTicksAndRejections (node:internal/process/task_queues:89:21) {
2026-05-11T00:08:06:   code: 'EADDRINUSE',
2026-05-11T00:08:06:   errno: -4091,
2026-05-11T00:08:06:   syscall: 'listen',
2026-05-11T00:08:06:   address: '::',
2026-05-11T00:08:06:   port: 5001
2026-05-11T00:08:06: }
2026-05-11T00:08:06: 
2026-05-11T00:08:06: Node.js v24.13.1
2026-05-11T00:08:08: node:events:486
2026-05-11T00:08:08:       throw er; // Unhandled 'error' event
2026-05-11T00:08:08:       ^
2026-05-11T00:08:08: 
2026-05-11T00:08:08: Error: listen EADDRINUSE: address already in use :::5001
2026-05-11T00:08:08:     at Server.setupListenHandle [as _listen2] (node:net:1940:16)
2026-05-11T00:08:08:     at listenInCluster (node:net:1997:12)
2026-05-11T00:08:08:     at Server.listen (node:net:2102:7)
2026-05-11T00:08:08:     at app.listen (C:\Users\Anmol\OneDrive\Desktop\B\coding-portal\judge\node_modules\express\lib\application.js:635:24)
2026-05-11T00:08:08:     at <anonymous> (C:\Users\Anmol\OneDrive\Desktop\B\coding-portal\judge\src\index.ts:216:5)
2026-05-11T00:08:08:     at ModuleJob.run (node:internal/modules/esm/module_job:430:25)
2026-05-11T00:08:08:     at process.processTicksAndRejections (node:internal/process/task_queues:103:5)
2026-05-11T00:08:08:     at async onImport.tracePromise.__proto__ (node:internal/modules/esm/loader:661:26)
2026-05-11T00:08:08:     at async asyncRunEntryPointWithESMLoader (node:internal/modules/run_main:101:5)
2026-05-11T00:08:08: Emitted 'error' event on Server instance at:
2026-05-11T00:08:08:     at emitErrorNT (node:net:1976:8)
2026-05-11T00:08:08:     at process.processTicksAndRejections (node:internal/process/task_queues:89:21) {
2026-05-11T00:08:08:   code: 'EADDRINUSE',
2026-05-11T00:08:08:   errno: -4091,
2026-05-11T00:08:08:   syscall: 'listen',
2026-05-11T00:08:08:   address: '::',
2026-05-11T00:08:08:   port: 5001
2026-05-11T00:08:08: }
2026-05-11T00:08:08: 
2026-05-11T00:08:08: Node.js v24.13.1
2026-05-11T00:08:10: node:events:486
2026-05-11T00:08:10:       throw er; // Unhandled 'error' event
2026-05-11T00:08:10:       ^
2026-05-11T00:08:10: 
2026-05-11T00:08:10: Error: listen EADDRINUSE: address already in use :::5001
2026-05-11T00:08:10:     at Server.setupListenHandle [as _listen2] (node:net:1940:16)
2026-05-11T00:08:10:     at listenInCluster (node:net:1997:12)
2026-05-11T00:08:10:     at Server.listen (node:net:2102:7)
2026-05-11T00:08:10:     at app.listen (C:\Users\Anmol\OneDrive\Desktop\B\coding-portal\judge\node_modules\express\lib\application.js:635:24)
2026-05-11T00:08:10:     at <anonymous> (C:\Users\Anmol\OneDrive\Desktop\B\coding-portal\judge\src\index.ts:216:5)
2026-05-11T00:08:10:     at ModuleJob.run (node:internal/modules/esm/module_job:430:25)
2026-05-11T00:08:10:     at process.processTicksAndRejections (node:internal/process/task_queues:103:5)
2026-05-11T00:08:10:     at async onImport.tracePromise.__proto__ (node:internal/modules/esm/loader:661:26)
2026-05-11T00:08:10:     at async asyncRunEntryPointWithESMLoader (node:internal/modules/run_main:101:5)
2026-05-11T00:08:10: Emitted 'error' event on Server instance at:
2026-05-11T00:08:10:     at emitErrorNT (node:net:1976:8)
2026-05-11T00:08:10:     at process.processTicksAndRejections (node:internal/process/task_queues:89:21) {
2026-05-11T00:08:10:   code: 'EADDRINUSE',
2026-05-11T00:08:10:   errno: -4091,
2026-05-11T00:08:10:   syscall: 'listen',
2026-05-11T00:08:10:   address: '::',
2026-05-11T00:08:10:   port: 5001
2026-05-11T00:08:10: }
2026-05-11T00:08:10: 
2026-05-11T00:08:10: Node.js v24.13.1
2026-05-11T00:08:12: node:events:486
2026-05-11T00:08:12:       throw er; // Unhandled 'error' event
2026-05-11T00:08:12:       ^
2026-05-11T00:08:12: 
2026-05-11T00:08:12: Error: listen EADDRINUSE: address already in use :::5001
2026-05-11T00:08:12:     at Server.setupListenHandle [as _listen2] (node:net:1940:16)
2026-05-11T00:08:12:     at listenInCluster (node:net:1997:12)
2026-05-11T00:08:12:     at Server.listen (node:net:2102:7)
2026-05-11T00:08:12:     at app.listen (C:\Users\Anmol\OneDrive\Desktop\B\coding-portal\judge\node_modules\express\lib\application.js:635:24)
2026-05-11T00:08:12:     at <anonymous> (C:\Users\Anmol\OneDrive\Desktop\B\coding-portal\judge\src\index.ts:216:5)
2026-05-11T00:08:12:     at ModuleJob.run (node:internal/modules/esm/module_job:430:25)
2026-05-11T00:08:12:     at process.processTicksAndRejections (node:internal/process/task_queues:103:5)
2026-05-11T00:08:12:     at async onImport.tracePromise.__proto__ (node:internal/modules/esm/loader:661:26)
2026-05-11T00:08:12:     at async asyncRunEntryPointWithESMLoader (node:internal/modules/run_main:101:5)
2026-05-11T00:08:12: Emitted 'error' event on Server instance at:
2026-05-11T00:08:12:     at emitErrorNT (node:net:1976:8)
2026-05-11T00:08:12:     at process.processTicksAndRejections (node:internal/process/task_queues:89:21) {
2026-05-11T00:08:12:   code: 'EADDRINUSE',
2026-05-11T00:08:12:   errno: -4091,
2026-05-11T00:08:12:   syscall: 'listen',
2026-05-11T00:08:12:   address: '::',
2026-05-11T00:08:12:   port: 5001
2026-05-11T00:08:12: }
2026-05-11T00:08:12: 
2026-05-11T00:08:12: Node.js v24.13.1
2026-05-11T00:08:13: node:events:486
2026-05-11T00:08:13:       throw er; // Unhandled 'error' event
2026-05-11T00:08:13:       ^
2026-05-11T00:08:13: 
2026-05-11T00:08:13: Error: listen EADDRINUSE: address already in use :::5001
2026-05-11T00:08:13:     at Server.setupListenHandle [as _listen2] (node:net:1940:16)
2026-05-11T00:08:13:     at listenInCluster (node:net:1997:12)
2026-05-11T00:08:13:     at Server.listen (node:net:2102:7)
2026-05-11T00:08:13:     at app.listen (C:\Users\Anmol\OneDrive\Desktop\B\coding-portal\judge\node_modules\express\lib\application.js:635:24)
2026-05-11T00:08:13:     at <anonymous> (C:\Users\Anmol\OneDrive\Desktop\B\coding-portal\judge\src\index.ts:216:5)
2026-05-11T00:08:13:     at ModuleJob.run (node:internal/modules/esm/module_job:430:25)
2026-05-11T00:08:13:     at process.processTicksAndRejections (node:internal/process/task_queues:103:5)
2026-05-11T00:08:13:     at async onImport.tracePromise.__proto__ (node:internal/modules/esm/loader:661:26)
2026-05-11T00:08:13:     at async asyncRunEntryPointWithESMLoader (node:internal/modules/run_main:101:5)
2026-05-11T00:08:13: Emitted 'error' event on Server instance at:
2026-05-11T00:08:13:     at emitErrorNT (node:net:1976:8)
2026-05-11T00:08:13:     at process.processTicksAndRejections (node:internal/process/task_queues:89:21) {
2026-05-11T00:08:13:   code: 'EADDRINUSE',
2026-05-11T00:08:13:   errno: -4091,
2026-05-11T00:08:13:   syscall: 'listen',
2026-05-11T00:08:13:   address: '::',
2026-05-11T00:08:13:   port: 5001
2026-05-11T00:08:13: }
2026-05-11T00:08:13: 
2026-05-11T00:08:13: Node.js v24.13.1
2026-05-11T00:08:15: node:events:486
2026-05-11T00:08:15:       throw er; // Unhandled 'error' event
2026-05-11T00:08:15:       ^
2026-05-11T00:08:15: 
2026-05-11T00:08:15: Error: listen EADDRINUSE: address already in use :::5001
2026-05-11T00:08:15:     at Server.setupListenHandle [as _listen2] (node:net:1940:16)
2026-05-11T00:08:15:     at listenInCluster (node:net:1997:12)
2026-05-11T00:08:15:     at Server.listen (node:net:2102:7)
2026-05-11T00:08:15:     at app.listen (C:\Users\Anmol\OneDrive\Desktop\B\coding-portal\judge\node_modules\express\lib\application.js:635:24)
2026-05-11T00:08:15:     at <anonymous> (C:\Users\Anmol\OneDrive\Desktop\B\coding-portal\judge\src\index.ts:216:5)
2026-05-11T00:08:15:     at ModuleJob.run (node:internal/modules/esm/module_job:430:25)
2026-05-11T00:08:15:     at process.processTicksAndRejections (node:internal/process/task_queues:103:5)
2026-05-11T00:08:15:     at async onImport.tracePromise.__proto__ (node:internal/modules/esm/loader:661:26)
2026-05-11T00:08:15:     at async asyncRunEntryPointWithESMLoader (node:internal/modules/run_main:101:5)
2026-05-11T00:08:15: Emitted 'error' event on Server instance at:
2026-05-11T00:08:15:     at emitErrorNT (node:net:1976:8)
2026-05-11T00:08:15:     at process.processTicksAndRejections (node:internal/process/task_queues:89:21) {
2026-05-11T00:08:15:   code: 'EADDRINUSE',
2026-05-11T00:08:15:   errno: -4091,
2026-05-11T00:08:15:   syscall: 'listen',
2026-05-11T00:08:15:   address: '::',
2026-05-11T00:08:15:   port: 5001
2026-05-11T00:08:15: }
2026-05-11T00:08:15: 
2026-05-11T00:08:15: Node.js v24.13.1
2026-05-11T00:08:17: node:events:486
2026-05-11T00:08:17:       throw er; // Unhandled 'error' event
2026-05-11T00:08:17:       ^
2026-05-11T00:08:17: 
2026-05-11T00:08:17: Error: listen EADDRINUSE: address already in use :::5001
2026-05-11T00:08:17:     at Server.setupListenHandle [as _listen2] (node:net:1940:16)
2026-05-11T00:08:17:     at listenInCluster (node:net:1997:12)
2026-05-11T00:08:17:     at Server.listen (node:net:2102:7)
2026-05-11T00:08:17:     at app.listen (C:\Users\Anmol\OneDrive\Desktop\B\coding-portal\judge\node_modules\express\lib\application.js:635:24)
2026-05-11T00:08:17:     at <anonymous> (C:\Users\Anmol\OneDrive\Desktop\B\coding-portal\judge\src\index.ts:216:5)
2026-05-11T00:08:17:     at ModuleJob.run (node:internal/modules/esm/module_job:430:25)
2026-05-11T00:08:17:     at process.processTicksAndRejections (node:internal/process/task_queues:103:5)
2026-05-11T00:08:17:     at async onImport.tracePromise.__proto__ (node:internal/modules/esm/loader:661:26)
2026-05-11T00:08:17:     at async asyncRunEntryPointWithESMLoader (node:internal/modules/run_main:101:5)
2026-05-11T00:08:17: Emitted 'error' event on Server instance at:
2026-05-11T00:08:17:     at emitErrorNT (node:net:1976:8)
2026-05-11T00:08:17:     at process.processTicksAndRejections (node:internal/process/task_queues:89:21) {
2026-05-11T00:08:17:   code: 'EADDRINUSE',
2026-05-11T00:08:17:   errno: -4091,
2026-05-11T00:08:17:   syscall: 'listen',
2026-05-11T00:08:17:   address: '::',
2026-05-11T00:08:17:   port: 5001
2026-05-11T00:08:17: }
2026-05-11T00:08:17: 
2026-05-11T00:08:17: Node.js v24.13.1
2026-05-11T00:08:19: node:events:486
2026-05-11T00:08:19:       throw er; // Unhandled 'error' event
2026-05-11T00:08:19:       ^
2026-05-11T00:08:19: 
2026-05-11T00:08:19: Error: listen EADDRINUSE: address already in use :::5001
2026-05-11T00:08:19:     at Server.setupListenHandle [as _listen2] (node:net:1940:16)
2026-05-11T00:08:19:     at listenInCluster (node:net:1997:12)
2026-05-11T00:08:19:     at Server.listen (node:net:2102:7)
2026-05-11T00:08:19:     at app.listen (C:\Users\Anmol\OneDrive\Desktop\B\coding-portal\judge\node_modules\express\lib\application.js:635:24)
2026-05-11T00:08:19:     at <anonymous> (C:\Users\Anmol\OneDrive\Desktop\B\coding-portal\judge\src\index.ts:216:5)
2026-05-11T00:08:19:     at ModuleJob.run (node:internal/modules/esm/module_job:430:25)
2026-05-11T00:08:19:     at process.processTicksAndRejections (node:internal/process/task_queues:103:5)
2026-05-11T00:08:19:     at async onImport.tracePromise.__proto__ (node:internal/modules/esm/loader:661:26)
2026-05-11T00:08:19:     at async asyncRunEntryPointWithESMLoader (node:internal/modules/run_main:101:5)
2026-05-11T00:08:19: Emitted 'error' event on Server instance at:
2026-05-11T00:08:19:     at emitErrorNT (node:net:1976:8)
2026-05-11T00:08:19:     at process.processTicksAndRejections (node:internal/process/task_queues:89:21) {
2026-05-11T00:08:19:   code: 'EADDRINUSE',
2026-05-11T00:08:19:   errno: -4091,
2026-05-11T00:08:19:   syscall: 'listen',
2026-05-11T00:08:19:   address: '::',
2026-05-11T00:08:19:   port: 5001
2026-05-11T00:08:19: }
2026-05-11T00:08:19: 
2026-05-11T00:08:19: Node.js v24.13.1
2026-05-11T00:08:20: node:events:486
2026-05-11T00:08:20:       throw er; // Unhandled 'error' event
2026-05-11T00:08:20:       ^
2026-05-11T00:08:20: 
2026-05-11T00:08:20: Error: listen EADDRINUSE: address already in use :::5001
2026-05-11T00:08:20:     at Server.setupListenHandle [as _listen2] (node:net:1940:16)
2026-05-11T00:08:20:     at listenInCluster (node:net:1997:12)
2026-05-11T00:08:20:     at Server.listen (node:net:2102:7)
2026-05-11T00:08:20:     at app.listen (C:\Users\Anmol\OneDrive\Desktop\B\coding-portal\judge\node_modules\express\lib\application.js:635:24)
2026-05-11T00:08:20:     at <anonymous> (C:\Users\Anmol\OneDrive\Desktop\B\coding-portal\judge\src\index.ts:216:5)
2026-05-11T00:08:20:     at ModuleJob.run (node:internal/modules/esm/module_job:430:25)
2026-05-11T00:08:20:     at process.processTicksAndRejections (node:internal/process/task_queues:103:5)
2026-05-11T00:08:20:     at async onImport.tracePromise.__proto__ (node:internal/modules/esm/loader:661:26)
2026-05-11T00:08:20:     at async asyncRunEntryPointWithESMLoader (node:internal/modules/run_main:101:5)
2026-05-11T00:08:20: Emitted 'error' event on Server instance at:
2026-05-11T00:08:20:     at emitErrorNT (node:net:1976:8)
2026-05-11T00:08:20:     at process.processTicksAndRejections (node:internal/process/task_queues:89:21) {
2026-05-11T00:08:20:   code: 'EADDRINUSE',
2026-05-11T00:08:20:   errno: -4091,
2026-05-11T00:08:20:   syscall: 'listen',
2026-05-11T00:08:20:   address: '::',
2026-05-11T00:08:20:   port: 5001
2026-05-11T00:08:20: }
2026-05-11T00:08:20: 
2026-05-11T00:08:20: Node.js v24.13.1
2026-05-11T00:08:22: node:events:486
2026-05-11T00:08:22:       throw er; // Unhandled 'error' event
2026-05-11T00:08:22:       ^
2026-05-11T00:08:22: 
2026-05-11T00:08:22: Error: listen EADDRINUSE: address already in use :::5001
2026-05-11T00:08:22:     at Server.setupListenHandle [as _listen2] (node:net:1940:16)
2026-05-11T00:08:22:     at listenInCluster (node:net:1997:12)
2026-05-11T00:08:22:     at Server.listen (node:net:2102:7)
2026-05-11T00:08:22:     at app.listen (C:\Users\Anmol\OneDrive\Desktop\B\coding-portal\judge\node_modules\express\lib\application.js:635:24)
2026-05-11T00:08:22:     at <anonymous> (C:\Users\Anmol\OneDrive\Desktop\B\coding-portal\judge\src\index.ts:216:5)
2026-05-11T00:08:22:     at ModuleJob.run (node:internal/modules/esm/module_job:430:25)
2026-05-11T00:08:22:     at process.processTicksAndRejections (node:internal/process/task_queues:103:5)
2026-05-11T00:08:22:     at async onImport.tracePromise.__proto__ (node:internal/modules/esm/loader:661:26)
2026-05-11T00:08:22:     at async asyncRunEntryPointWithESMLoader (node:internal/modules/run_main:101:5)
2026-05-11T00:08:22: Emitted 'error' event on Server instance at:
2026-05-11T00:08:22:     at emitErrorNT (node:net:1976:8)
2026-05-11T00:08:22:     at process.processTicksAndRejections (node:internal/process/task_queues:89:21) {
2026-05-11T00:08:22:   code: 'EADDRINUSE',
2026-05-11T00:08:22:   errno: -4091,
2026-05-11T00:08:22:   syscall: 'listen',
2026-05-11T00:08:22:   address: '::',
2026-05-11T00:08:22:   port: 5001
2026-05-11T00:08:22: }
2026-05-11T00:08:22: 
2026-05-11T00:08:22: Node.js v24.13.1
2026-05-11T00:08:24: node:events:486
2026-05-11T00:08:24:       throw er; // Unhandled 'error' event
2026-05-11T00:08:24:       ^
2026-05-11T00:08:24: 
2026-05-11T00:08:24: Error: listen EADDRINUSE: address already in use :::5001
2026-05-11T00:08:24:     at Server.setupListenHandle [as _listen2] (node:net:1940:16)
2026-05-11T00:08:24:     at listenInCluster (node:net:1997:12)
2026-05-11T00:08:24:     at Server.listen (node:net:2102:7)
2026-05-11T00:08:24:     at app.listen (C:\Users\Anmol\OneDrive\Desktop\B\coding-portal\judge\node_modules\express\lib\application.js:635:24)
2026-05-11T00:08:24:     at <anonymous> (C:\Users\Anmol\OneDrive\Desktop\B\coding-portal\judge\src\index.ts:216:5)
2026-05-11T00:08:24:     at ModuleJob.run (node:internal/modules/esm/module_job:430:25)
2026-05-11T00:08:24:     at process.processTicksAndRejections (node:internal/process/task_queues:103:5)
2026-05-11T00:08:24:     at async onImport.tracePromise.__proto__ (node:internal/modules/esm/loader:661:26)
2026-05-11T00:08:24:     at async asyncRunEntryPointWithESMLoader (node:internal/modules/run_main:101:5)
2026-05-11T00:08:24: Emitted 'error' event on Server instance at:
2026-05-11T00:08:24:     at emitErrorNT (node:net:1976:8)
2026-05-11T00:08:24:     at process.processTicksAndRejections (node:internal/process/task_queues:89:21) {
2026-05-11T00:08:24:   code: 'EADDRINUSE',
2026-05-11T00:08:24:   errno: -4091,
2026-05-11T00:08:24:   syscall: 'listen',
2026-05-11T00:08:24:   address: '::',
2026-05-11T00:08:24:   port: 5001
2026-05-11T00:08:24: }
2026-05-11T00:08:24: 
2026-05-11T00:08:24: Node.js v24.13.1
2026-05-11T00:08:26: node:events:486
2026-05-11T00:08:26:       throw er; // Unhandled 'error' event
2026-05-11T00:08:26:       ^
2026-05-11T00:08:26: 
2026-05-11T00:08:26: Error: listen EADDRINUSE: address already in use :::5001
2026-05-11T00:08:26:     at Server.setupListenHandle [as _listen2] (node:net:1940:16)
2026-05-11T00:08:26:     at listenInCluster (node:net:1997:12)
2026-05-11T00:08:26:     at Server.listen (node:net:2102:7)
2026-05-11T00:08:26:     at app.listen (C:\Users\Anmol\OneDrive\Desktop\B\coding-portal\judge\node_modules\express\lib\application.js:635:24)
2026-05-11T00:08:26:     at <anonymous> (C:\Users\Anmol\OneDrive\Desktop\B\coding-portal\judge\src\index.ts:216:5)
2026-05-11T00:08:26:     at ModuleJob.run (node:internal/modules/esm/module_job:430:25)
2026-05-11T00:08:26:     at process.processTicksAndRejections (node:internal/process/task_queues:103:5)
2026-05-11T00:08:26:     at async onImport.tracePromise.__proto__ (node:internal/modules/esm/loader:661:26)
2026-05-11T00:08:26:     at async asyncRunEntryPointWithESMLoader (node:internal/modules/run_main:101:5)
2026-05-11T00:08:26: Emitted 'error' event on Server instance at:
2026-05-11T00:08:26:     at emitErrorNT (node:net:1976:8)
2026-05-11T00:08:26:     at process.processTicksAndRejections (node:internal/process/task_queues:89:21) {
2026-05-11T00:08:26:   code: 'EADDRINUSE',
2026-05-11T00:08:26:   errno: -4091,
2026-05-11T00:08:26:   syscall: 'listen',
2026-05-11T00:08:26:   address: '::',
2026-05-11T00:08:26:   port: 5001
2026-05-11T00:08:26: }
2026-05-11T00:08:26: 
2026-05-11T00:08:26: Node.js v24.13.1
2026-05-11T00:08:28: node:events:486
2026-05-11T00:08:28:       throw er; // Unhandled 'error' event
2026-05-11T00:08:28:       ^
2026-05-11T00:08:28: 
2026-05-11T00:08:28: Error: listen EADDRINUSE: address already in use :::5001
2026-05-11T00:08:28:     at Server.setupListenHandle [as _listen2] (node:net:1940:16)
2026-05-11T00:08:28:     at listenInCluster (node:net:1997:12)
2026-05-11T00:08:28:     at Server.listen (node:net:2102:7)
2026-05-11T00:08:28:     at app.listen (C:\Users\Anmol\OneDrive\Desktop\B\coding-portal\judge\node_modules\express\lib\application.js:635:24)
2026-05-11T00:08:28:     at <anonymous> (C:\Users\Anmol\OneDrive\Desktop\B\coding-portal\judge\src\index.ts:216:5)
2026-05-11T00:08:28:     at ModuleJob.run (node:internal/modules/esm/module_job:430:25)
2026-05-11T00:08:28:     at process.processTicksAndRejections (node:internal/process/task_queues:103:5)
2026-05-11T00:08:28:     at async onImport.tracePromise.__proto__ (node:internal/modules/esm/loader:661:26)
2026-05-11T00:08:28:     at async asyncRunEntryPointWithESMLoader (node:internal/modules/run_main:101:5)
2026-05-11T00:08:28: Emitted 'error' event on Server instance at:
2026-05-11T00:08:28:     at emitErrorNT (node:net:1976:8)
2026-05-11T00:08:28:     at process.processTicksAndRejections (node:internal/process/task_queues:89:21) {
2026-05-11T00:08:28:   code: 'EADDRINUSE',
2026-05-11T00:08:28:   errno: -4091,
2026-05-11T00:08:28:   syscall: 'listen',
2026-05-11T00:08:28:   address: '::',
2026-05-11T00:08:28:   port: 5001
2026-05-11T00:08:28: }
2026-05-11T00:08:28: 
2026-05-11T00:08:28: Node.js v24.13.1
2026-05-11T00:08:30: node:events:486
2026-05-11T00:08:30:       throw er; // Unhandled 'error' event
2026-05-11T00:08:30:       ^
2026-05-11T00:08:30: 
2026-05-11T00:08:30: Error: listen EADDRINUSE: address already in use :::5001
2026-05-11T00:08:30:     at Server.setupListenHandle [as _listen2] (node:net:1940:16)
2026-05-11T00:08:30:     at listenInCluster (node:net:1997:12)
2026-05-11T00:08:30:     at Server.listen (node:net:2102:7)
2026-05-11T00:08:30:     at app.listen (C:\Users\Anmol\OneDrive\Desktop\B\coding-portal\judge\node_modules\express\lib\application.js:635:24)
2026-05-11T00:08:30:     at <anonymous> (C:\Users\Anmol\OneDrive\Desktop\B\coding-portal\judge\src\index.ts:216:5)
2026-05-11T00:08:30:     at ModuleJob.run (node:internal/modules/esm/module_job:430:25)
2026-05-11T00:08:30:     at process.processTicksAndRejections (node:internal/process/task_queues:103:5)
2026-05-11T00:08:30:     at async onImport.tracePromise.__proto__ (node:internal/modules/esm/loader:661:26)
2026-05-11T00:08:30:     at async asyncRunEntryPointWithESMLoader (node:internal/modules/run_main:101:5)
2026-05-11T00:08:30: Emitted 'error' event on Server instance at:
2026-05-11T00:08:30:     at emitErrorNT (node:net:1976:8)
2026-05-11T00:08:30:     at process.processTicksAndRejections (node:internal/process/task_queues:89:21) {
2026-05-11T00:08:30:   code: 'EADDRINUSE',
2026-05-11T00:08:30:   errno: -4091,
2026-05-11T00:08:30:   syscall: 'listen',
2026-05-11T00:08:30:   address: '::',
2026-05-11T00:08:30:   port: 5001
2026-05-11T00:08:30: }
2026-05-11T00:08:30: 
2026-05-11T00:08:30: Node.js v24.13.1
2026-05-11T00:08:32: node:events:486
2026-05-11T00:08:32:       throw er; // Unhandled 'error' event
2026-05-11T00:08:32:       ^
2026-05-11T00:08:32: 
2026-05-11T00:08:32: Error: listen EADDRINUSE: address already in use :::5001
2026-05-11T00:08:32:     at Server.setupListenHandle [as _listen2] (node:net:1940:16)
2026-05-11T00:08:32:     at listenInCluster (node:net:1997:12)
2026-05-11T00:08:32:     at Server.listen (node:net:2102:7)
2026-05-11T00:08:32:     at app.listen (C:\Users\Anmol\OneDrive\Desktop\B\coding-portal\judge\node_modules\express\lib\application.js:635:24)
2026-05-11T00:08:32:     at <anonymous> (C:\Users\Anmol\OneDrive\Desktop\B\coding-portal\judge\src\index.ts:216:5)
2026-05-11T00:08:32:     at ModuleJob.run (node:internal/modules/esm/module_job:430:25)
2026-05-11T00:08:32:     at process.processTicksAndRejections (node:internal/process/task_queues:103:5)
2026-05-11T00:08:32:     at async onImport.tracePromise.__proto__ (node:internal/modules/esm/loader:661:26)
2026-05-11T00:08:32:     at async asyncRunEntryPointWithESMLoader (node:internal/modules/run_main:101:5)
2026-05-11T00:08:32: Emitted 'error' event on Server instance at:
2026-05-11T00:08:32:     at emitErrorNT (node:net:1976:8)
2026-05-11T00:08:32:     at process.processTicksAndRejections (node:internal/process/task_queues:89:21) {
2026-05-11T00:08:32:   code: 'EADDRINUSE',
2026-05-11T00:08:32:   errno: -4091,
2026-05-11T00:08:32:   syscall: 'listen',
2026-05-11T00:08:32:   address: '::',
2026-05-11T00:08:32:   port: 5001
2026-05-11T00:08:32: }
2026-05-11T00:08:32: 
2026-05-11T00:08:32: Node.js v24.13.1
2026-05-11T00:08:34: node:events:486
2026-05-11T00:08:34:       throw er; // Unhandled 'error' event
2026-05-11T00:08:34:       ^
2026-05-11T00:08:34: 
2026-05-11T00:08:34: Error: listen EADDRINUSE: address already in use :::5001
2026-05-11T00:08:34:     at Server.setupListenHandle [as _listen2] (node:net:1940:16)
2026-05-11T00:08:34:     at listenInCluster (node:net:1997:12)
2026-05-11T00:08:34:     at Server.listen (node:net:2102:7)
2026-05-11T00:08:34:     at app.listen (C:\Users\Anmol\OneDrive\Desktop\B\coding-portal\judge\node_modules\express\lib\application.js:635:24)
2026-05-11T00:08:34:     at <anonymous> (C:\Users\Anmol\OneDrive\Desktop\B\coding-portal\judge\src\index.ts:216:5)
2026-05-11T00:08:34:     at ModuleJob.run (node:internal/modules/esm/module_job:430:25)
2026-05-11T00:08:34:     at process.processTicksAndRejections (node:internal/process/task_queues:103:5)
2026-05-11T00:08:34:     at async onImport.tracePromise.__proto__ (node:internal/modules/esm/loader:661:26)
2026-05-11T00:08:34:     at async asyncRunEntryPointWithESMLoader (node:internal/modules/run_main:101:5)
2026-05-11T00:08:34: Emitted 'error' event on Server instance at:
2026-05-11T00:08:34:     at emitErrorNT (node:net:1976:8)
2026-05-11T00:08:34:     at process.processTicksAndRejections (node:internal/process/task_queues:89:21) {
2026-05-11T00:08:34:   code: 'EADDRINUSE',
2026-05-11T00:08:34:   errno: -4091,
2026-05-11T00:08:34:   syscall: 'listen',
2026-05-11T00:08:34:   address: '::',
2026-05-11T00:08:34:   port: 5001
2026-05-11T00:08:34: }
2026-05-11T00:08:34: 
2026-05-11T00:08:34: Node.js v24.13.1
2026-05-11T00:08:36: node:events:486
2026-05-11T00:08:36:       throw er; // Unhandled 'error' event
2026-05-11T00:08:36:       ^
2026-05-11T00:08:36: 
2026-05-11T00:08:36: Error: listen EADDRINUSE: address already in use :::5001
2026-05-11T00:08:36:     at Server.setupListenHandle [as _listen2] (node:net:1940:16)
2026-05-11T00:08:36:     at listenInCluster (node:net:1997:12)
2026-05-11T00:08:36:     at Server.listen (node:net:2102:7)
2026-05-11T00:08:36:     at app.listen (C:\Users\Anmol\OneDrive\Desktop\B\coding-portal\judge\node_modules\express\lib\application.js:635:24)
2026-05-11T00:08:36:     at <anonymous> (C:\Users\Anmol\OneDrive\Desktop\B\coding-portal\judge\src\index.ts:216:5)
2026-05-11T00:08:36:     at ModuleJob.run (node:internal/modules/esm/module_job:430:25)
2026-05-11T00:08:36:     at process.processTicksAndRejections (node:internal/process/task_queues:103:5)
2026-05-11T00:08:36:     at async onImport.tracePromise.__proto__ (node:internal/modules/esm/loader:661:26)
2026-05-11T00:08:36:     at async asyncRunEntryPointWithESMLoader (node:internal/modules/run_main:101:5)
2026-05-11T00:08:36: Emitted 'error' event on Server instance at:
2026-05-11T00:08:36:     at emitErrorNT (node:net:1976:8)
2026-05-11T00:08:36:     at process.processTicksAndRejections (node:internal/process/task_queues:89:21) {
2026-05-11T00:08:36:   code: 'EADDRINUSE',
2026-05-11T00:08:36:   errno: -4091,
2026-05-11T00:08:36:   syscall: 'listen',
2026-05-11T00:08:36:   address: '::',
2026-05-11T00:08:36:   port: 5001
2026-05-11T00:08:36: }
2026-05-11T00:08:36: 
2026-05-11T00:08:36: Node.js v24.13.1
2026-05-11T00:08:38: node:events:486
2026-05-11T00:08:38:       throw er; // Unhandled 'error' event
2026-05-11T00:08:38:       ^
2026-05-11T00:08:38: 
2026-05-11T00:08:38: Error: listen EADDRINUSE: address already in use :::5001
2026-05-11T00:08:38:     at Server.setupListenHandle [as _listen2] (node:net:1940:16)
2026-05-11T00:08:38:     at listenInCluster (node:net:1997:12)
2026-05-11T00:08:38:     at Server.listen (node:net:2102:7)
2026-05-11T00:08:38:     at app.listen (C:\Users\Anmol\OneDrive\Desktop\B\coding-portal\judge\node_modules\express\lib\application.js:635:24)
2026-05-11T00:08:38:     at <anonymous> (C:\Users\Anmol\OneDrive\Desktop\B\coding-portal\judge\src\index.ts:216:5)
2026-05-11T00:08:38:     at ModuleJob.run (node:internal/modules/esm/module_job:430:25)
2026-05-11T00:08:38:     at process.processTicksAndRejections (node:internal/process/task_queues:103:5)
2026-05-11T00:08:38:     at async onImport.tracePromise.__proto__ (node:internal/modules/esm/loader:661:26)
2026-05-11T00:08:38:     at async asyncRunEntryPointWithESMLoader (node:internal/modules/run_main:101:5)
2026-05-11T00:08:38: Emitted 'error' event on Server instance at:
2026-05-11T00:08:38:     at emitErrorNT (node:net:1976:8)
2026-05-11T00:08:38:     at process.processTicksAndRejections (node:internal/process/task_queues:89:21) {
2026-05-11T00:08:38:   code: 'EADDRINUSE',
2026-05-11T00:08:38:   errno: -4091,
2026-05-11T00:08:38:   syscall: 'listen',
2026-05-11T00:08:38:   address: '::',
2026-05-11T00:08:38:   port: 5001
2026-05-11T00:08:38: }
2026-05-11T00:08:38: 
2026-05-11T00:08:38: Node.js v24.13.1
2026-05-11T00:08:40: node:events:486
2026-05-11T00:08:40:       throw er; // Unhandled 'error' event
2026-05-11T00:08:40:       ^
2026-05-11T00:08:40: 
2026-05-11T00:08:40: Error: listen EADDRINUSE: address already in use :::5001
2026-05-11T00:08:40:     at Server.setupListenHandle [as _listen2] (node:net:1940:16)
2026-05-11T00:08:40:     at listenInCluster (node:net:1997:12)
2026-05-11T00:08:40:     at Server.listen (node:net:2102:7)
2026-05-11T00:08:40:     at app.listen (C:\Users\Anmol\OneDrive\Desktop\B\coding-portal\judge\node_modules\express\lib\application.js:635:24)
2026-05-11T00:08:40:     at <anonymous> (C:\Users\Anmol\OneDrive\Desktop\B\coding-portal\judge\src\index.ts:216:5)
2026-05-11T00:08:40:     at ModuleJob.run (node:internal/modules/esm/module_job:430:25)
2026-05-11T00:08:40:     at process.processTicksAndRejections (node:internal/process/task_queues:103:5)
2026-05-11T00:08:40:     at async onImport.tracePromise.__proto__ (node:internal/modules/esm/loader:661:26)
2026-05-11T00:08:40:     at async asyncRunEntryPointWithESMLoader (node:internal/modules/run_main:101:5)
2026-05-11T00:08:40: Emitted 'error' event on Server instance at:
2026-05-11T00:08:40:     at emitErrorNT (node:net:1976:8)
2026-05-11T00:08:40:     at process.processTicksAndRejections (node:internal/process/task_queues:89:21) {
2026-05-11T00:08:40:   code: 'EADDRINUSE',
2026-05-11T00:08:40:   errno: -4091,
2026-05-11T00:08:40:   syscall: 'listen',
2026-05-11T00:08:40:   address: '::',
2026-05-11T00:08:40:   port: 5001
2026-05-11T00:08:40: }
2026-05-11T00:08:40: 
2026-05-11T00:08:40: Node.js v24.13.1
2026-05-11T00:08:42: node:events:486
2026-05-11T00:08:42:       throw er; // Unhandled 'error' event
2026-05-11T00:08:42:       ^
2026-05-11T00:08:42: 
2026-05-11T00:08:42: Error: listen EADDRINUSE: address already in use :::5001
2026-05-11T00:08:42:     at Server.setupListenHandle [as _listen2] (node:net:1940:16)
2026-05-11T00:08:42:     at listenInCluster (node:net:1997:12)
2026-05-11T00:08:42:     at Server.listen (node:net:2102:7)
2026-05-11T00:08:42:     at app.listen (C:\Users\Anmol\OneDrive\Desktop\B\coding-portal\judge\node_modules\express\lib\application.js:635:24)
2026-05-11T00:08:42:     at <anonymous> (C:\Users\Anmol\OneDrive\Desktop\B\coding-portal\judge\src\index.ts:216:5)
2026-05-11T00:08:42:     at ModuleJob.run (node:internal/modules/esm/module_job:430:25)
2026-05-11T00:08:42:     at process.processTicksAndRejections (node:internal/process/task_queues:103:5)
2026-05-11T00:08:42:     at async onImport.tracePromise.__proto__ (node:internal/modules/esm/loader:661:26)
2026-05-11T00:08:42:     at async asyncRunEntryPointWithESMLoader (node:internal/modules/run_main:101:5)
2026-05-11T00:08:42: Emitted 'error' event on Server instance at:
2026-05-11T00:08:42:     at emitErrorNT (node:net:1976:8)
2026-05-11T00:08:42:     at process.processTicksAndRejections (node:internal/process/task_queues:89:21) {
2026-05-11T00:08:42:   code: 'EADDRINUSE',
2026-05-11T00:08:42:   errno: -4091,
2026-05-11T00:08:42:   syscall: 'listen',
2026-05-11T00:08:42:   address: '::',
2026-05-11T00:08:42:   port: 5001
2026-05-11T00:08:42: }
2026-05-11T00:08:42: 
2026-05-11T00:08:42: Node.js v24.13.1
2026-05-11T00:08:45: node:events:486
2026-05-11T00:08:45:       throw er; // Unhandled 'error' event
2026-05-11T00:08:45:       ^
2026-05-11T00:08:45: 
2026-05-11T00:08:45: Error: listen EADDRINUSE: address already in use :::5001
2026-05-11T00:08:45:     at Server.setupListenHandle [as _listen2] (node:net:1940:16)
2026-05-11T00:08:45:     at listenInCluster (node:net:1997:12)
2026-05-11T00:08:45:     at Server.listen (node:net:2102:7)
2026-05-11T00:08:45:     at app.listen (C:\Users\Anmol\OneDrive\Desktop\B\coding-portal\judge\node_modules\express\lib\application.js:635:24)
2026-05-11T00:08:45:     at <anonymous> (C:\Users\Anmol\OneDrive\Desktop\B\coding-portal\judge\src\index.ts:216:5)
2026-05-11T00:08:45:     at ModuleJob.run (node:internal/modules/esm/module_job:430:25)
2026-05-11T00:08:45:     at process.processTicksAndRejections (node:internal/process/task_queues:103:5)
2026-05-11T00:08:45:     at async onImport.tracePromise.__proto__ (node:internal/modules/esm/loader:661:26)
2026-05-11T00:08:45:     at async asyncRunEntryPointWithESMLoader (node:internal/modules/run_main:101:5)
2026-05-11T00:08:45: Emitted 'error' event on Server instance at:
2026-05-11T00:08:45:     at emitErrorNT (node:net:1976:8)
2026-05-11T00:08:45:     at process.processTicksAndRejections (node:internal/process/task_queues:89:21) {
2026-05-11T00:08:45:   code: 'EADDRINUSE',
2026-05-11T00:08:45:   errno: -4091,
2026-05-11T00:08:45:   syscall: 'listen',
2026-05-11T00:08:45:   address: '::',
2026-05-11T00:08:45:   port: 5001
2026-05-11T00:08:45: }
2026-05-11T00:08:45: 
2026-05-11T00:08:45: Node.js v24.13.1
2026-05-11T00:08:46: node:events:486
2026-05-11T00:08:46:       throw er; // Unhandled 'error' event
2026-05-11T00:08:46:       ^
2026-05-11T00:08:46: 
2026-05-11T00:08:46: Error: listen EADDRINUSE: address already in use :::5001
2026-05-11T00:08:46:     at Server.setupListenHandle [as _listen2] (node:net:1940:16)
2026-05-11T00:08:46:     at listenInCluster (node:net:1997:12)
2026-05-11T00:08:46:     at Server.listen (node:net:2102:7)
2026-05-11T00:08:46:     at app.listen (C:\Users\Anmol\OneDrive\Desktop\B\coding-portal\judge\node_modules\express\lib\application.js:635:24)
2026-05-11T00:08:46:     at <anonymous> (C:\Users\Anmol\OneDrive\Desktop\B\coding-portal\judge\src\index.ts:216:5)
2026-05-11T00:08:46:     at ModuleJob.run (node:internal/modules/esm/module_job:430:25)
2026-05-11T00:08:46:     at process.processTicksAndRejections (node:internal/process/task_queues:103:5)
2026-05-11T00:08:46:     at async onImport.tracePromise.__proto__ (node:internal/modules/esm/loader:661:26)
2026-05-11T00:08:46:     at async asyncRunEntryPointWithESMLoader (node:internal/modules/run_main:101:5)
2026-05-11T00:08:46: Emitted 'error' event on Server instance at:
2026-05-11T00:08:46:     at emitErrorNT (node:net:1976:8)
2026-05-11T00:08:46:     at process.processTicksAndRejections (node:internal/process/task_queues:89:21) {
2026-05-11T00:08:46:   code: 'EADDRINUSE',
2026-05-11T00:08:46:   errno: -4091,
2026-05-11T00:08:46:   syscall: 'listen',
2026-05-11T00:08:46:   address: '::',
2026-05-11T00:08:46:   port: 5001
2026-05-11T00:08:46: }
2026-05-11T00:08:46: 
2026-05-11T00:08:46: Node.js v24.13.1
2026-05-11T00:08:48: node:events:486
2026-05-11T00:08:48:       throw er; // Unhandled 'error' event
2026-05-11T00:08:48:       ^
2026-05-11T00:08:48: 
2026-05-11T00:08:48: Error: listen EADDRINUSE: address already in use :::5001
2026-05-11T00:08:48:     at Server.setupListenHandle [as _listen2] (node:net:1940:16)
2026-05-11T00:08:48:     at listenInCluster (node:net:1997:12)
2026-05-11T00:08:48:     at Server.listen (node:net:2102:7)
2026-05-11T00:08:48:     at app.listen (C:\Users\Anmol\OneDrive\Desktop\B\coding-portal\judge\node_modules\express\lib\application.js:635:24)
2026-05-11T00:08:48:     at <anonymous> (C:\Users\Anmol\OneDrive\Desktop\B\coding-portal\judge\src\index.ts:216:5)
2026-05-11T00:08:48:     at ModuleJob.run (node:internal/modules/esm/module_job:430:25)
2026-05-11T00:08:48:     at process.processTicksAndRejections (node:internal/process/task_queues:103:5)
2026-05-11T00:08:48:     at async onImport.tracePromise.__proto__ (node:internal/modules/esm/loader:661:26)
2026-05-11T00:08:48:     at async asyncRunEntryPointWithESMLoader (node:internal/modules/run_main:101:5)
2026-05-11T00:08:48: Emitted 'error' event on Server instance at:
2026-05-11T00:08:48:     at emitErrorNT (node:net:1976:8)
2026-05-11T00:08:48:     at process.processTicksAndRejections (node:internal/process/task_queues:89:21) {
2026-05-11T00:08:48:   code: 'EADDRINUSE',
2026-05-11T00:08:48:   errno: -4091,
2026-05-11T00:08:48:   syscall: 'listen',
2026-05-11T00:08:48:   address: '::',
2026-05-11T00:08:48:   port: 5001
2026-05-11T00:08:48: }
2026-05-11T00:08:48: 
2026-05-11T00:08:48: Node.js v24.13.1
2026-05-11T00:08:51: node:events:486
2026-05-11T00:08:51:       throw er; // Unhandled 'error' event
2026-05-11T00:08:51:       ^
2026-05-11T00:08:51: 
2026-05-11T00:08:51: Error: listen EADDRINUSE: address already in use :::5001
2026-05-11T00:08:51:     at Server.setupListenHandle [as _listen2] (node:net:1940:16)
2026-05-11T00:08:51:     at listenInCluster (node:net:1997:12)
2026-05-11T00:08:51:     at Server.listen (node:net:2102:7)
2026-05-11T00:08:51:     at app.listen (C:\Users\Anmol\OneDrive\Desktop\B\coding-portal\judge\node_modules\express\lib\application.js:635:24)
2026-05-11T00:08:51:     at <anonymous> (C:\Users\Anmol\OneDrive\Desktop\B\coding-portal\judge\src\index.ts:216:5)
2026-05-11T00:08:51:     at ModuleJob.run (node:internal/modules/esm/module_job:430:25)
2026-05-11T00:08:51:     at process.processTicksAndRejections (node:internal/process/task_queues:103:5)
2026-05-11T00:08:51:     at async onImport.tracePromise.__proto__ (node:internal/modules/esm/loader:661:26)
2026-05-11T00:08:51:     at async asyncRunEntryPointWithESMLoader (node:internal/modules/run_main:101:5)
2026-05-11T00:08:51: Emitted 'error' event on Server instance at:
2026-05-11T00:08:51:     at emitErrorNT (node:net:1976:8)
2026-05-11T00:08:51:     at process.processTicksAndRejections (node:internal/process/task_queues:89:21) {
2026-05-11T00:08:51:   code: 'EADDRINUSE',
2026-05-11T00:08:51:   errno: -4091,
2026-05-11T00:08:51:   syscall: 'listen',
2026-05-11T00:08:51:   address: '::',
2026-05-11T00:08:51:   port: 5001
2026-05-11T00:08:51: }
2026-05-11T00:08:51: 
2026-05-11T00:08:51: Node.js v24.13.1
2026-05-11T00:08:53: node:events:486
2026-05-11T00:08:53:       throw er; // Unhandled 'error' event
2026-05-11T00:08:53:       ^
2026-05-11T00:08:53: 
2026-05-11T00:08:53: Error: listen EADDRINUSE: address already in use :::5001
2026-05-11T00:08:53:     at Server.setupListenHandle [as _listen2] (node:net:1940:16)
2026-05-11T00:08:53:     at listenInCluster (node:net:1997:12)
2026-05-11T00:08:53:     at Server.listen (node:net:2102:7)
2026-05-11T00:08:53:     at app.listen (C:\Users\Anmol\OneDrive\Desktop\B\coding-portal\judge\node_modules\express\lib\application.js:635:24)
2026-05-11T00:08:53:     at <anonymous> (C:\Users\Anmol\OneDrive\Desktop\B\coding-portal\judge\src\index.ts:216:5)
2026-05-11T00:08:53:     at ModuleJob.run (node:internal/modules/esm/module_job:430:25)
2026-05-11T00:08:53:     at process.processTicksAndRejections (node:internal/process/task_queues:103:5)
2026-05-11T00:08:53:     at async onImport.tracePromise.__proto__ (node:internal/modules/esm/loader:661:26)
2026-05-11T00:08:53:     at async asyncRunEntryPointWithESMLoader (node:internal/modules/run_main:101:5)
2026-05-11T00:08:53: Emitted 'error' event on Server instance at:
2026-05-11T00:08:53:     at emitErrorNT (node:net:1976:8)
2026-05-11T00:08:53:     at process.processTicksAndRejections (node:internal/process/task_queues:89:21) {
2026-05-11T00:08:53:   code: 'EADDRINUSE',
2026-05-11T00:08:53:   errno: -4091,
2026-05-11T00:08:53:   syscall: 'listen',
2026-05-11T00:08:53:   address: '::',
2026-05-11T00:08:53:   port: 5001
2026-05-11T00:08:53: }
2026-05-11T00:08:53: 
2026-05-11T00:08:53: Node.js v24.13.1
2026-05-11T00:08:55: node:events:486
2026-05-11T00:08:55:       throw er; // Unhandled 'error' event
2026-05-11T00:08:55:       ^
2026-05-11T00:08:55: 
2026-05-11T00:08:55: Error: listen EADDRINUSE: address already in use :::5001
2026-05-11T00:08:55:     at Server.setupListenHandle [as _listen2] (node:net:1940:16)
2026-05-11T00:08:55:     at listenInCluster (node:net:1997:12)
2026-05-11T00:08:55:     at Server.listen (node:net:2102:7)
2026-05-11T00:08:55:     at app.listen (C:\Users\Anmol\OneDrive\Desktop\B\coding-portal\judge\node_modules\express\lib\application.js:635:24)
2026-05-11T00:08:55:     at <anonymous> (C:\Users\Anmol\OneDrive\Desktop\B\coding-portal\judge\src\index.ts:216:5)
2026-05-11T00:08:55:     at ModuleJob.run (node:internal/modules/esm/module_job:430:25)
2026-05-11T00:08:55:     at process.processTicksAndRejections (node:internal/process/task_queues:103:5)
2026-05-11T00:08:55:     at async onImport.tracePromise.__proto__ (node:internal/modules/esm/loader:661:26)
2026-05-11T00:08:55:     at async asyncRunEntryPointWithESMLoader (node:internal/modules/run_main:101:5)
2026-05-11T00:08:55: Emitted 'error' event on Server instance at:
2026-05-11T00:08:55:     at emitErrorNT (node:net:1976:8)
2026-05-11T00:08:55:     at process.processTicksAndRejections (node:internal/process/task_queues:89:21) {
2026-05-11T00:08:55:   code: 'EADDRINUSE',
2026-05-11T00:08:55:   errno: -4091,
2026-05-11T00:08:55:   syscall: 'listen',
2026-05-11T00:08:55:   address: '::',
2026-05-11T00:08:55:   port: 5001
2026-05-11T00:08:55: }
2026-05-11T00:08:55: 
2026-05-11T00:08:55: Node.js v24.13.1
2026-05-11T00:08:57: node:events:486
2026-05-11T00:08:57:       throw er; // Unhandled 'error' event
2026-05-11T00:08:57:       ^
2026-05-11T00:08:57: 
2026-05-11T00:08:57: Error: listen EADDRINUSE: address already in use :::5001
2026-05-11T00:08:57:     at Server.setupListenHandle [as _listen2] (node:net:1940:16)
2026-05-11T00:08:57:     at listenInCluster (node:net:1997:12)
2026-05-11T00:08:57:     at Server.listen (node:net:2102:7)
2026-05-11T00:08:57:     at app.listen (C:\Users\Anmol\OneDrive\Desktop\B\coding-portal\judge\node_modules\express\lib\application.js:635:24)
2026-05-11T00:08:57:     at <anonymous> (C:\Users\Anmol\OneDrive\Desktop\B\coding-portal\judge\src\index.ts:216:5)
2026-05-11T00:08:57:     at ModuleJob.run (node:internal/modules/esm/module_job:430:25)
2026-05-11T00:08:57:     at process.processTicksAndRejections (node:internal/process/task_queues:103:5)
2026-05-11T00:08:57:     at async onImport.tracePromise.__proto__ (node:internal/modules/esm/loader:661:26)
2026-05-11T00:08:57:     at async asyncRunEntryPointWithESMLoader (node:internal/modules/run_main:101:5)
2026-05-11T00:08:57: Emitted 'error' event on Server instance at:
2026-05-11T00:08:57:     at emitErrorNT (node:net:1976:8)
2026-05-11T00:08:57:     at process.processTicksAndRejections (node:internal/process/task_queues:89:21) {
2026-05-11T00:08:57:   code: 'EADDRINUSE',
2026-05-11T00:08:57:   errno: -4091,
2026-05-11T00:08:57:   syscall: 'listen',
2026-05-11T00:08:57:   address: '::',
2026-05-11T00:08:57:   port: 5001
2026-05-11T00:08:57: }
2026-05-11T00:08:57: 
2026-05-11T00:08:57: Node.js v24.13.1
2026-05-11T00:09:00: node:events:486
2026-05-11T00:09:00:       throw er; // Unhandled 'error' event
2026-05-11T00:09:00:       ^
2026-05-11T00:09:00: 
2026-05-11T00:09:00: Error: listen EADDRINUSE: address already in use :::5001
2026-05-11T00:09:00:     at Server.setupListenHandle [as _listen2] (node:net:1940:16)
2026-05-11T00:09:00:     at listenInCluster (node:net:1997:12)
2026-05-11T00:09:00:     at Server.listen (node:net:2102:7)
2026-05-11T00:09:00:     at app.listen (C:\Users\Anmol\OneDrive\Desktop\B\coding-portal\judge\node_modules\express\lib\application.js:635:24)
2026-05-11T00:09:00:     at <anonymous> (C:\Users\Anmol\OneDrive\Desktop\B\coding-portal\judge\src\index.ts:216:5)
2026-05-11T00:09:00:     at ModuleJob.run (node:internal/modules/esm/module_job:430:25)
2026-05-11T00:09:00:     at process.processTicksAndRejections (node:internal/process/task_queues:103:5)
2026-05-11T00:09:00:     at async onImport.tracePromise.__proto__ (node:internal/modules/esm/loader:661:26)
2026-05-11T00:09:00:     at async asyncRunEntryPointWithESMLoader (node:internal/modules/run_main:101:5)
2026-05-11T00:09:00: Emitted 'error' event on Server instance at:
2026-05-11T00:09:00:     at emitErrorNT (node:net:1976:8)
2026-05-11T00:09:00:     at process.processTicksAndRejections (node:internal/process/task_queues:89:21) {
2026-05-11T00:09:00:   code: 'EADDRINUSE',
2026-05-11T00:09:00:   errno: -4091,
2026-05-11T00:09:00:   syscall: 'listen',
2026-05-11T00:09:00:   address: '::',
2026-05-11T00:09:00:   port: 5001
2026-05-11T00:09:00: }
2026-05-11T00:09:00: 
2026-05-11T00:09:00: Node.js v24.13.1
2026-05-11T00:09:03: node:events:486
2026-05-11T00:09:03:       throw er; // Unhandled 'error' event
2026-05-11T00:09:03:       ^
2026-05-11T00:09:03: 
2026-05-11T00:09:03: Error: listen EADDRINUSE: address already in use :::5001
2026-05-11T00:09:03:     at Server.setupListenHandle [as _listen2] (node:net:1940:16)
2026-05-11T00:09:03:     at listenInCluster (node:net:1997:12)
2026-05-11T00:09:03:     at Server.listen (node:net:2102:7)
2026-05-11T00:09:03:     at app.listen (C:\Users\Anmol\OneDrive\Desktop\B\coding-portal\judge\node_modules\express\lib\application.js:635:24)
2026-05-11T00:09:03:     at <anonymous> (C:\Users\Anmol\OneDrive\Desktop\B\coding-portal\judge\src\index.ts:216:5)
2026-05-11T00:09:03:     at ModuleJob.run (node:internal/modules/esm/module_job:430:25)
2026-05-11T00:09:03:     at process.processTicksAndRejections (node:internal/process/task_queues:103:5)
2026-05-11T00:09:03:     at async onImport.tracePromise.__proto__ (node:internal/modules/esm/loader:661:26)
2026-05-11T00:09:03:     at async asyncRunEntryPointWithESMLoader (node:internal/modules/run_main:101:5)
2026-05-11T00:09:03: Emitted 'error' event on Server instance at:
2026-05-11T00:09:03:     at emitErrorNT (node:net:1976:8)
2026-05-11T00:09:03:     at process.processTicksAndRejections (node:internal/process/task_queues:89:21) {
2026-05-11T00:09:03:   code: 'EADDRINUSE',
2026-05-11T00:09:03:   errno: -4091,
2026-05-11T00:09:03:   syscall: 'listen',
2026-05-11T00:09:03:   address: '::',
2026-05-11T00:09:03:   port: 5001
2026-05-11T00:09:03: }
2026-05-11T00:09:03: 
2026-05-11T00:09:03: Node.js v24.13.1
2026-05-11T00:09:06: node:events:486
2026-05-11T00:09:06:       throw er; // Unhandled 'error' event
2026-05-11T00:09:06:       ^
2026-05-11T00:09:06: 
2026-05-11T00:09:06: Error: listen EADDRINUSE: address already in use :::5001
2026-05-11T00:09:06:     at Server.setupListenHandle [as _listen2] (node:net:1940:16)
2026-05-11T00:09:06:     at listenInCluster (node:net:1997:12)
2026-05-11T00:09:06:     at Server.listen (node:net:2102:7)
2026-05-11T00:09:06:     at app.listen (C:\Users\Anmol\OneDrive\Desktop\B\coding-portal\judge\node_modules\express\lib\application.js:635:24)
2026-05-11T00:09:06:     at <anonymous> (C:\Users\Anmol\OneDrive\Desktop\B\coding-portal\judge\src\index.ts:216:5)
2026-05-11T00:09:06:     at ModuleJob.run (node:internal/modules/esm/module_job:430:25)
2026-05-11T00:09:06:     at process.processTicksAndRejections (node:internal/process/task_queues:103:5)
2026-05-11T00:09:06:     at async onImport.tracePromise.__proto__ (node:internal/modules/esm/loader:661:26)
2026-05-11T00:09:06:     at async asyncRunEntryPointWithESMLoader (node:internal/modules/run_main:101:5)
2026-05-11T00:09:06: Emitted 'error' event on Server instance at:
2026-05-11T00:09:06:     at emitErrorNT (node:net:1976:8)
2026-05-11T00:09:06:     at process.processTicksAndRejections (node:internal/process/task_queues:89:21) {
2026-05-11T00:09:06:   code: 'EADDRINUSE',
2026-05-11T00:09:06:   errno: -4091,
2026-05-11T00:09:06:   syscall: 'listen',
2026-05-11T00:09:06:   address: '::',
2026-05-11T00:09:06:   port: 5001
2026-05-11T00:09:06: }
2026-05-11T00:09:06: 
2026-05-11T00:09:06: Node.js v24.13.1
2026-05-11T00:09:09: node:events:486
2026-05-11T00:09:09:       throw er; // Unhandled 'error' event
2026-05-11T00:09:09:       ^
2026-05-11T00:09:09: 
2026-05-11T00:09:09: Error: listen EADDRINUSE: address already in use :::5001
2026-05-11T00:09:09:     at Server.setupListenHandle [as _listen2] (node:net:1940:16)
2026-05-11T00:09:09:     at listenInCluster (node:net:1997:12)
2026-05-11T00:09:09:     at Server.listen (node:net:2102:7)
2026-05-11T00:09:09:     at app.listen (C:\Users\Anmol\OneDrive\Desktop\B\coding-portal\judge\node_modules\express\lib\application.js:635:24)
2026-05-11T00:09:09:     at <anonymous> (C:\Users\Anmol\OneDrive\Desktop\B\coding-portal\judge\src\index.ts:216:5)
2026-05-11T00:09:09:     at ModuleJob.run (node:internal/modules/esm/module_job:430:25)
2026-05-11T00:09:09:     at process.processTicksAndRejections (node:internal/process/task_queues:103:5)
2026-05-11T00:09:09:     at async onImport.tracePromise.__proto__ (node:internal/modules/esm/loader:661:26)
2026-05-11T00:09:09:     at async asyncRunEntryPointWithESMLoader (node:internal/modules/run_main:101:5)
2026-05-11T00:09:09: Emitted 'error' event on Server instance at:
2026-05-11T00:09:09:     at emitErrorNT (node:net:1976:8)
2026-05-11T00:09:09:     at process.processTicksAndRejections (node:internal/process/task_queues:89:21) {
2026-05-11T00:09:09:   code: 'EADDRINUSE',
2026-05-11T00:09:09:   errno: -4091,
2026-05-11T00:09:09:   syscall: 'listen',
2026-05-11T00:09:09:   address: '::',
2026-05-11T00:09:09:   port: 5001
2026-05-11T00:09:09: }
2026-05-11T00:09:09: 
2026-05-11T00:09:09: Node.js v24.13.1
2026-05-11T00:09:12: node:events:486
2026-05-11T00:09:12:       throw er; // Unhandled 'error' event
2026-05-11T00:09:12:       ^
2026-05-11T00:09:12: 
2026-05-11T00:09:12: Error: listen EADDRINUSE: address already in use :::5001
2026-05-11T00:09:12:     at Server.setupListenHandle [as _listen2] (node:net:1940:16)
2026-05-11T00:09:12:     at listenInCluster (node:net:1997:12)
2026-05-11T00:09:12:     at Server.listen (node:net:2102:7)
2026-05-11T00:09:12:     at app.listen (C:\Users\Anmol\OneDrive\Desktop\B\coding-portal\judge\node_modules\express\lib\application.js:635:24)
2026-05-11T00:09:12:     at <anonymous> (C:\Users\Anmol\OneDrive\Desktop\B\coding-portal\judge\src\index.ts:216:5)
2026-05-11T00:09:12:     at ModuleJob.run (node:internal/modules/esm/module_job:430:25)
2026-05-11T00:09:12:     at process.processTicksAndRejections (node:internal/process/task_queues:103:5)
2026-05-11T00:09:12:     at async onImport.tracePromise.__proto__ (node:internal/modules/esm/loader:661:26)
2026-05-11T00:09:12:     at async asyncRunEntryPointWithESMLoader (node:internal/modules/run_main:101:5)
2026-05-11T00:09:12: Emitted 'error' event on Server instance at:
2026-05-11T00:09:12:     at emitErrorNT (node:net:1976:8)
2026-05-11T00:09:12:     at process.processTicksAndRejections (node:internal/process/task_queues:89:21) {
2026-05-11T00:09:12:   code: 'EADDRINUSE',
2026-05-11T00:09:12:   errno: -4091,
2026-05-11T00:09:12:   syscall: 'listen',
2026-05-11T00:09:12:   address: '::',
2026-05-11T00:09:12:   port: 5001
2026-05-11T00:09:12: }
2026-05-11T00:09:12: 
2026-05-11T00:09:12: Node.js v24.13.1
2026-05-11T00:09:15: node:events:486
2026-05-11T00:09:15:       throw er; // Unhandled 'error' event
2026-05-11T00:09:15:       ^
2026-05-11T00:09:15: 
2026-05-11T00:09:15: Error: listen EADDRINUSE: address already in use :::5001
2026-05-11T00:09:15:     at Server.setupListenHandle [as _listen2] (node:net:1940:16)
2026-05-11T00:09:15:     at listenInCluster (node:net:1997:12)
2026-05-11T00:09:15:     at Server.listen (node:net:2102:7)
2026-05-11T00:09:15:     at app.listen (C:\Users\Anmol\OneDrive\Desktop\B\coding-portal\judge\node_modules\express\lib\application.js:635:24)
2026-05-11T00:09:15:     at <anonymous> (C:\Users\Anmol\OneDrive\Desktop\B\coding-portal\judge\src\index.ts:216:5)
2026-05-11T00:09:15:     at ModuleJob.run (node:internal/modules/esm/module_job:430:25)
2026-05-11T00:09:15:     at process.processTicksAndRejections (node:internal/process/task_queues:103:5)
2026-05-11T00:09:15:     at async onImport.tracePromise.__proto__ (node:internal/modules/esm/loader:661:26)
2026-05-11T00:09:15:     at async asyncRunEntryPointWithESMLoader (node:internal/modules/run_main:101:5)
2026-05-11T00:09:15: Emitted 'error' event on Server instance at:
2026-05-11T00:09:15:     at emitErrorNT (node:net:1976:8)
2026-05-11T00:09:15:     at process.processTicksAndRejections (node:internal/process/task_queues:89:21) {
2026-05-11T00:09:15:   code: 'EADDRINUSE',
2026-05-11T00:09:15:   errno: -4091,
2026-05-11T00:09:15:   syscall: 'listen',
2026-05-11T00:09:15:   address: '::',
2026-05-11T00:09:15:   port: 5001
2026-05-11T00:09:15: }
2026-05-11T00:09:15: 
2026-05-11T00:09:15: Node.js v24.13.1
2026-05-11T00:09:17: node:events:486
2026-05-11T00:09:17:       throw er; // Unhandled 'error' event
2026-05-11T00:09:17:       ^
2026-05-11T00:09:17: 
2026-05-11T00:09:17: Error: listen EADDRINUSE: address already in use :::5001
2026-05-11T00:09:17:     at Server.setupListenHandle [as _listen2] (node:net:1940:16)
2026-05-11T00:09:17:     at listenInCluster (node:net:1997:12)
2026-05-11T00:09:17:     at Server.listen (node:net:2102:7)
2026-05-11T00:09:17:     at app.listen (C:\Users\Anmol\OneDrive\Desktop\B\coding-portal\judge\node_modules\express\lib\application.js:635:24)
2026-05-11T00:09:17:     at <anonymous> (C:\Users\Anmol\OneDrive\Desktop\B\coding-portal\judge\src\index.ts:216:5)
2026-05-11T00:09:17:     at ModuleJob.run (node:internal/modules/esm/module_job:430:25)
2026-05-11T00:09:17:     at process.processTicksAndRejections (node:internal/process/task_queues:103:5)
2026-05-11T00:09:17:     at async onImport.tracePromise.__proto__ (node:internal/modules/esm/loader:661:26)
2026-05-11T00:09:17:     at async asyncRunEntryPointWithESMLoader (node:internal/modules/run_main:101:5)
2026-05-11T00:09:17: Emitted 'error' event on Server instance at:
2026-05-11T00:09:17:     at emitErrorNT (node:net:1976:8)
2026-05-11T00:09:17:     at process.processTicksAndRejections (node:internal/process/task_queues:89:21) {
2026-05-11T00:09:17:   code: 'EADDRINUSE',
2026-05-11T00:09:17:   errno: -4091,
2026-05-11T00:09:17:   syscall: 'listen',
2026-05-11T00:09:17:   address: '::',
2026-05-11T00:09:17:   port: 5001
2026-05-11T00:09:17: }
2026-05-11T00:09:17: 
2026-05-11T00:09:17: Node.js v24.13.1
2026-05-11T00:09:19: node:events:486
2026-05-11T00:09:19:       throw er; // Unhandled 'error' event
2026-05-11T00:09:19:       ^
2026-05-11T00:09:19: 
2026-05-11T00:09:19: Error: listen EADDRINUSE: address already in use :::5001
2026-05-11T00:09:19:     at Server.setupListenHandle [as _listen2] (node:net:1940:16)
2026-05-11T00:09:19:     at listenInCluster (node:net:1997:12)
2026-05-11T00:09:19:     at Server.listen (node:net:2102:7)
2026-05-11T00:09:19:     at app.listen (C:\Users\Anmol\OneDrive\Desktop\B\coding-portal\judge\node_modules\express\lib\application.js:635:24)
2026-05-11T00:09:19:     at <anonymous> (C:\Users\Anmol\OneDrive\Desktop\B\coding-portal\judge\src\index.ts:216:5)
2026-05-11T00:09:19:     at ModuleJob.run (node:internal/modules/esm/module_job:430:25)
2026-05-11T00:09:19:     at process.processTicksAndRejections (node:internal/process/task_queues:103:5)
2026-05-11T00:09:19:     at async onImport.tracePromise.__proto__ (node:internal/modules/esm/loader:661:26)
2026-05-11T00:09:19:     at async asyncRunEntryPointWithESMLoader (node:internal/modules/run_main:101:5)
2026-05-11T00:09:19: Emitted 'error' event on Server instance at:
2026-05-11T00:09:19:     at emitErrorNT (node:net:1976:8)
2026-05-11T00:09:19:     at process.processTicksAndRejections (node:internal/process/task_queues:89:21) {
2026-05-11T00:09:19:   code: 'EADDRINUSE',
2026-05-11T00:09:19:   errno: -4091,
2026-05-11T00:09:19:   syscall: 'listen',
2026-05-11T00:09:19:   address: '::',
2026-05-11T00:09:19:   port: 5001
2026-05-11T00:09:19: }
2026-05-11T00:09:19: 
2026-05-11T00:09:19: Node.js v24.13.1
2026-05-11T00:09:21: node:events:486
2026-05-11T00:09:21:       throw er; // Unhandled 'error' event
2026-05-11T00:09:21:       ^
2026-05-11T00:09:21: 
2026-05-11T00:09:21: Error: listen EADDRINUSE: address already in use :::5001
2026-05-11T00:09:21:     at Server.setupListenHandle [as _listen2] (node:net:1940:16)
2026-05-11T00:09:21:     at listenInCluster (node:net:1997:12)
2026-05-11T00:09:21:     at Server.listen (node:net:2102:7)
2026-05-11T00:09:21:     at app.listen (C:\Users\Anmol\OneDrive\Desktop\B\coding-portal\judge\node_modules\express\lib\application.js:635:24)
2026-05-11T00:09:21:     at <anonymous> (C:\Users\Anmol\OneDrive\Desktop\B\coding-portal\judge\src\index.ts:216:5)
2026-05-11T00:09:21:     at ModuleJob.run (node:internal/modules/esm/module_job:430:25)
2026-05-11T00:09:21:     at process.processTicksAndRejections (node:internal/process/task_queues:103:5)
2026-05-11T00:09:21:     at async onImport.tracePromise.__proto__ (node:internal/modules/esm/loader:661:26)
2026-05-11T00:09:21:     at async asyncRunEntryPointWithESMLoader (node:internal/modules/run_main:101:5)
2026-05-11T00:09:21: Emitted 'error' event on Server instance at:
2026-05-11T00:09:21:     at emitErrorNT (node:net:1976:8)
2026-05-11T00:09:21:     at process.processTicksAndRejections (node:internal/process/task_queues:89:21) {
2026-05-11T00:09:21:   code: 'EADDRINUSE',
2026-05-11T00:09:21:   errno: -4091,
2026-05-11T00:09:21:   syscall: 'listen',
2026-05-11T00:09:21:   address: '::',
2026-05-11T00:09:21:   port: 5001
2026-05-11T00:09:21: }
2026-05-11T00:09:21: 
2026-05-11T00:09:21: Node.js v24.13.1
2026-05-11T00:09:23: node:events:486
2026-05-11T00:09:23:       throw er; // Unhandled 'error' event
2026-05-11T00:09:23:       ^
2026-05-11T00:09:23: 
2026-05-11T00:09:23: Error: listen EADDRINUSE: address already in use :::5001
2026-05-11T00:09:23:     at Server.setupListenHandle [as _listen2] (node:net:1940:16)
2026-05-11T00:09:23:     at listenInCluster (node:net:1997:12)
2026-05-11T00:09:23:     at Server.listen (node:net:2102:7)
2026-05-11T00:09:23:     at app.listen (C:\Users\Anmol\OneDrive\Desktop\B\coding-portal\judge\node_modules\express\lib\application.js:635:24)
2026-05-11T00:09:23:     at <anonymous> (C:\Users\Anmol\OneDrive\Desktop\B\coding-portal\judge\src\index.ts:216:5)
2026-05-11T00:09:23:     at ModuleJob.run (node:internal/modules/esm/module_job:430:25)
2026-05-11T00:09:23:     at process.processTicksAndRejections (node:internal/process/task_queues:103:5)
2026-05-11T00:09:23:     at async onImport.tracePromise.__proto__ (node:internal/modules/esm/loader:661:26)
2026-05-11T00:09:23:     at async asyncRunEntryPointWithESMLoader (node:internal/modules/run_main:101:5)
2026-05-11T00:09:23: Emitted 'error' event on Server instance at:
2026-05-11T00:09:23:     at emitErrorNT (node:net:1976:8)
2026-05-11T00:09:23:     at process.processTicksAndRejections (node:internal/process/task_queues:89:21) {
2026-05-11T00:09:23:   code: 'EADDRINUSE',
2026-05-11T00:09:23:   errno: -4091,
2026-05-11T00:09:23:   syscall: 'listen',
2026-05-11T00:09:23:   address: '::',
2026-05-11T00:09:23:   port: 5001
2026-05-11T00:09:23: }
2026-05-11T00:09:23: 
2026-05-11T00:09:23: Node.js v24.13.1
2026-05-11T00:09:25: node:events:486
2026-05-11T00:09:25:       throw er; // Unhandled 'error' event
2026-05-11T00:09:25:       ^
2026-05-11T00:09:25: 
2026-05-11T00:09:25: Error: listen EADDRINUSE: address already in use :::5001
2026-05-11T00:09:25:     at Server.setupListenHandle [as _listen2] (node:net:1940:16)
2026-05-11T00:09:25:     at listenInCluster (node:net:1997:12)
2026-05-11T00:09:25:     at Server.listen (node:net:2102:7)
2026-05-11T00:09:25:     at app.listen (C:\Users\Anmol\OneDrive\Desktop\B\coding-portal\judge\node_modules\express\lib\application.js:635:24)
2026-05-11T00:09:25:     at <anonymous> (C:\Users\Anmol\OneDrive\Desktop\B\coding-portal\judge\src\index.ts:216:5)
2026-05-11T00:09:25:     at ModuleJob.run (node:internal/modules/esm/module_job:430:25)
2026-05-11T00:09:25:     at process.processTicksAndRejections (node:internal/process/task_queues:103:5)
2026-05-11T00:09:25:     at async onImport.tracePromise.__proto__ (node:internal/modules/esm/loader:661:26)
2026-05-11T00:09:25:     at async asyncRunEntryPointWithESMLoader (node:internal/modules/run_main:101:5)
2026-05-11T00:09:25: Emitted 'error' event on Server instance at:
2026-05-11T00:09:25:     at emitErrorNT (node:net:1976:8)
2026-05-11T00:09:25:     at process.processTicksAndRejections (node:internal/process/task_queues:89:21) {
2026-05-11T00:09:25:   code: 'EADDRINUSE',
2026-05-11T00:09:25:   errno: -4091,
2026-05-11T00:09:25:   syscall: 'listen',
2026-05-11T00:09:25:   address: '::',
2026-05-11T00:09:25:   port: 5001
2026-05-11T00:09:25: }
2026-05-11T00:09:25: 
2026-05-11T00:09:25: Node.js v24.13.1
2026-05-11T00:09:29: node:events:486
2026-05-11T00:09:29:       throw er; // Unhandled 'error' event
2026-05-11T00:09:29:       ^
2026-05-11T00:09:29: 
2026-05-11T00:09:29: Error: listen EADDRINUSE: address already in use :::5001
2026-05-11T00:09:29:     at Server.setupListenHandle [as _listen2] (node:net:1940:16)
2026-05-11T00:09:29:     at listenInCluster (node:net:1997:12)
2026-05-11T00:09:29:     at Server.listen (node:net:2102:7)
2026-05-11T00:09:29:     at app.listen (C:\Users\Anmol\OneDrive\Desktop\B\coding-portal\judge\node_modules\express\lib\application.js:635:24)
2026-05-11T00:09:29:     at <anonymous> (C:\Users\Anmol\OneDrive\Desktop\B\coding-portal\judge\src\index.ts:216:5)
2026-05-11T00:09:29:     at ModuleJob.run (node:internal/modules/esm/module_job:430:25)
2026-05-11T00:09:29:     at process.processTicksAndRejections (node:internal/process/task_queues:103:5)
2026-05-11T00:09:29:     at async onImport.tracePromise.__proto__ (node:internal/modules/esm/loader:661:26)
2026-05-11T00:09:29:     at async asyncRunEntryPointWithESMLoader (node:internal/modules/run_main:101:5)
2026-05-11T00:09:29: Emitted 'error' event on Server instance at:
2026-05-11T00:09:29:     at emitErrorNT (node:net:1976:8)
2026-05-11T00:09:29:     at process.processTicksAndRejections (node:internal/process/task_queues:89:21) {
2026-05-11T00:09:29:   code: 'EADDRINUSE',
2026-05-11T00:09:29:   errno: -4091,
2026-05-11T00:09:29:   syscall: 'listen',
2026-05-11T00:09:29:   address: '::',
2026-05-11T00:09:29:   port: 5001
2026-05-11T00:09:29: }
2026-05-11T00:09:29: 
2026-05-11T00:09:29: Node.js v24.13.1
2026-05-11T00:09:31: node:events:486
2026-05-11T00:09:31:       throw er; // Unhandled 'error' event
2026-05-11T00:09:31:       ^
2026-05-11T00:09:31: 
2026-05-11T00:09:31: Error: listen EADDRINUSE: address already in use :::5001
2026-05-11T00:09:31:     at Server.setupListenHandle [as _listen2] (node:net:1940:16)
2026-05-11T00:09:31:     at listenInCluster (node:net:1997:12)
2026-05-11T00:09:31:     at Server.listen (node:net:2102:7)
2026-05-11T00:09:31:     at app.listen (C:\Users\Anmol\OneDrive\Desktop\B\coding-portal\judge\node_modules\express\lib\application.js:635:24)
2026-05-11T00:09:31:     at <anonymous> (C:\Users\Anmol\OneDrive\Desktop\B\coding-portal\judge\src\index.ts:216:5)
2026-05-11T00:09:31:     at ModuleJob.run (node:internal/modules/esm/module_job:430:25)
2026-05-11T00:09:31:     at process.processTicksAndRejections (node:internal/process/task_queues:103:5)
2026-05-11T00:09:31:     at async onImport.tracePromise.__proto__ (node:internal/modules/esm/loader:661:26)
2026-05-11T00:09:31:     at async asyncRunEntryPointWithESMLoader (node:internal/modules/run_main:101:5)
2026-05-11T00:09:31: Emitted 'error' event on Server instance at:
2026-05-11T00:09:31:     at emitErrorNT (node:net:1976:8)
2026-05-11T00:09:31:     at process.processTicksAndRejections (node:internal/process/task_queues:89:21) {
2026-05-11T00:09:31:   code: 'EADDRINUSE',
2026-05-11T00:09:31:   errno: -4091,
2026-05-11T00:09:31:   syscall: 'listen',
2026-05-11T00:09:31:   address: '::',
2026-05-11T00:09:31:   port: 5001
2026-05-11T00:09:31: }
2026-05-11T00:09:31: 
2026-05-11T00:09:31: Node.js v24.13.1
2026-05-11T00:09:33: node:events:486
2026-05-11T00:09:33:       throw er; // Unhandled 'error' event
2026-05-11T00:09:33:       ^
2026-05-11T00:09:33: 
2026-05-11T00:09:33: Error: listen EADDRINUSE: address already in use :::5001
2026-05-11T00:09:33:     at Server.setupListenHandle [as _listen2] (node:net:1940:16)
2026-05-11T00:09:33:     at listenInCluster (node:net:1997:12)
2026-05-11T00:09:33:     at Server.listen (node:net:2102:7)
2026-05-11T00:09:33:     at app.listen (C:\Users\Anmol\OneDrive\Desktop\B\coding-portal\judge\node_modules\express\lib\application.js:635:24)
2026-05-11T00:09:33:     at <anonymous> (C:\Users\Anmol\OneDrive\Desktop\B\coding-portal\judge\src\index.ts:216:5)
2026-05-11T00:09:33:     at ModuleJob.run (node:internal/modules/esm/module_job:430:25)
2026-05-11T00:09:33:     at process.processTicksAndRejections (node:internal/process/task_queues:103:5)
2026-05-11T00:09:33:     at async onImport.tracePromise.__proto__ (node:internal/modules/esm/loader:661:26)
2026-05-11T00:09:33:     at async asyncRunEntryPointWithESMLoader (node:internal/modules/run_main:101:5)
2026-05-11T00:09:33: Emitted 'error' event on Server instance at:
2026-05-11T00:09:33:     at emitErrorNT (node:net:1976:8)
2026-05-11T00:09:33:     at process.processTicksAndRejections (node:internal/process/task_queues:89:21) {
2026-05-11T00:09:33:   code: 'EADDRINUSE',
2026-05-11T00:09:33:   errno: -4091,
2026-05-11T00:09:33:   syscall: 'listen',
2026-05-11T00:09:33:   address: '::',
2026-05-11T00:09:33:   port: 5001
2026-05-11T00:09:33: }
2026-05-11T00:09:33: 
2026-05-11T00:09:33: Node.js v24.13.1
2026-05-11T00:09:35: node:events:486
2026-05-11T00:09:35:       throw er; // Unhandled 'error' event
2026-05-11T00:09:35:       ^
2026-05-11T00:09:35: 
2026-05-11T00:09:35: Error: listen EADDRINUSE: address already in use :::5001
2026-05-11T00:09:35:     at Server.setupListenHandle [as _listen2] (node:net:1940:16)
2026-05-11T00:09:35:     at listenInCluster (node:net:1997:12)
2026-05-11T00:09:35:     at Server.listen (node:net:2102:7)
2026-05-11T00:09:35:     at app.listen (C:\Users\Anmol\OneDrive\Desktop\B\coding-portal\judge\node_modules\express\lib\application.js:635:24)
2026-05-11T00:09:35:     at <anonymous> (C:\Users\Anmol\OneDrive\Desktop\B\coding-portal\judge\src\index.ts:216:5)
2026-05-11T00:09:35:     at ModuleJob.run (node:internal/modules/esm/module_job:430:25)
2026-05-11T00:09:35:     at process.processTicksAndRejections (node:internal/process/task_queues:103:5)
2026-05-11T00:09:35:     at async onImport.tracePromise.__proto__ (node:internal/modules/esm/loader:661:26)
2026-05-11T00:09:35:     at async asyncRunEntryPointWithESMLoader (node:internal/modules/run_main:101:5)
2026-05-11T00:09:35: Emitted 'error' event on Server instance at:
2026-05-11T00:09:35:     at emitErrorNT (node:net:1976:8)
2026-05-11T00:09:35:     at process.processTicksAndRejections (node:internal/process/task_queues:89:21) {
2026-05-11T00:09:35:   code: 'EADDRINUSE',
2026-05-11T00:09:35:   errno: -4091,
2026-05-11T00:09:35:   syscall: 'listen',
2026-05-11T00:09:35:   address: '::',
2026-05-11T00:09:35:   port: 5001
2026-05-11T00:09:35: }
2026-05-11T00:09:35: 
2026-05-11T00:09:35: Node.js v24.13.1
2026-05-11T00:09:38: node:events:486
2026-05-11T00:09:38:       throw er; // Unhandled 'error' event
2026-05-11T00:09:38:       ^
2026-05-11T00:09:38: 
2026-05-11T00:09:38: Error: listen EADDRINUSE: address already in use :::5001
2026-05-11T00:09:38:     at Server.setupListenHandle [as _listen2] (node:net:1940:16)
2026-05-11T00:09:38:     at listenInCluster (node:net:1997:12)
2026-05-11T00:09:38:     at Server.listen (node:net:2102:7)
2026-05-11T00:09:38:     at app.listen (C:\Users\Anmol\OneDrive\Desktop\B\coding-portal\judge\node_modules\express\lib\application.js:635:24)
2026-05-11T00:09:38:     at <anonymous> (C:\Users\Anmol\OneDrive\Desktop\B\coding-portal\judge\src\index.ts:216:5)
2026-05-11T00:09:38:     at ModuleJob.run (node:internal/modules/esm/module_job:430:25)
2026-05-11T00:09:38:     at process.processTicksAndRejections (node:internal/process/task_queues:103:5)
2026-05-11T00:09:38:     at async onImport.tracePromise.__proto__ (node:internal/modules/esm/loader:661:26)
2026-05-11T00:09:38:     at async asyncRunEntryPointWithESMLoader (node:internal/modules/run_main:101:5)
2026-05-11T00:09:38: Emitted 'error' event on Server instance at:
2026-05-11T00:09:38:     at emitErrorNT (node:net:1976:8)
2026-05-11T00:09:38:     at process.processTicksAndRejections (node:internal/process/task_queues:89:21) {
2026-05-11T00:09:38:   code: 'EADDRINUSE',
2026-05-11T00:09:38:   errno: -4091,
2026-05-11T00:09:38:   syscall: 'listen',
2026-05-11T00:09:38:   address: '::',
2026-05-11T00:09:38:   port: 5001
2026-05-11T00:09:38: }
2026-05-11T00:09:38: 
2026-05-11T00:09:38: Node.js v24.13.1
2026-05-11T00:09:41: node:events:486
2026-05-11T00:09:41:       throw er; // Unhandled 'error' event
2026-05-11T00:09:41:       ^
2026-05-11T00:09:41: 
2026-05-11T00:09:41: Error: listen EADDRINUSE: address already in use :::5001
2026-05-11T00:09:41:     at Server.setupListenHandle [as _listen2] (node:net:1940:16)
2026-05-11T00:09:41:     at listenInCluster (node:net:1997:12)
2026-05-11T00:09:41:     at Server.listen (node:net:2102:7)
2026-05-11T00:09:41:     at app.listen (C:\Users\Anmol\OneDrive\Desktop\B\coding-portal\judge\node_modules\express\lib\application.js:635:24)
2026-05-11T00:09:41:     at <anonymous> (C:\Users\Anmol\OneDrive\Desktop\B\coding-portal\judge\src\index.ts:216:5)
2026-05-11T00:09:41:     at ModuleJob.run (node:internal/modules/esm/module_job:430:25)
2026-05-11T00:09:41:     at process.processTicksAndRejections (node:internal/process/task_queues:103:5)
2026-05-11T00:09:41:     at async onImport.tracePromise.__proto__ (node:internal/modules/esm/loader:661:26)
2026-05-11T00:09:41:     at async asyncRunEntryPointWithESMLoader (node:internal/modules/run_main:101:5)
2026-05-11T00:09:41: Emitted 'error' event on Server instance at:
2026-05-11T00:09:41:     at emitErrorNT (node:net:1976:8)
2026-05-11T00:09:41:     at process.processTicksAndRejections (node:internal/process/task_queues:89:21) {
2026-05-11T00:09:41:   code: 'EADDRINUSE',
2026-05-11T00:09:41:   errno: -4091,
2026-05-11T00:09:41:   syscall: 'listen',
2026-05-11T00:09:41:   address: '::',
2026-05-11T00:09:41:   port: 5001
2026-05-11T00:09:41: }
2026-05-11T00:09:41: 
2026-05-11T00:09:41: Node.js v24.13.1
2026-05-11T00:09:43: node:events:486
2026-05-11T00:09:43:       throw er; // Unhandled 'error' event
2026-05-11T00:09:43:       ^
2026-05-11T00:09:43: 
2026-05-11T00:09:43: Error: listen EADDRINUSE: address already in use :::5001
2026-05-11T00:09:43:     at Server.setupListenHandle [as _listen2] (node:net:1940:16)
2026-05-11T00:09:43:     at listenInCluster (node:net:1997:12)
2026-05-11T00:09:43:     at Server.listen (node:net:2102:7)
2026-05-11T00:09:43:     at app.listen (C:\Users\Anmol\OneDrive\Desktop\B\coding-portal\judge\node_modules\express\lib\application.js:635:24)
2026-05-11T00:09:43:     at <anonymous> (C:\Users\Anmol\OneDrive\Desktop\B\coding-portal\judge\src\index.ts:216:5)
2026-05-11T00:09:43:     at ModuleJob.run (node:internal/modules/esm/module_job:430:25)
2026-05-11T00:09:43:     at process.processTicksAndRejections (node:internal/process/task_queues:103:5)
2026-05-11T00:09:43:     at async onImport.tracePromise.__proto__ (node:internal/modules/esm/loader:661:26)
2026-05-11T00:09:43:     at async asyncRunEntryPointWithESMLoader (node:internal/modules/run_main:101:5)
2026-05-11T00:09:43: Emitted 'error' event on Server instance at:
2026-05-11T00:09:43:     at emitErrorNT (node:net:1976:8)
2026-05-11T00:09:43:     at process.processTicksAndRejections (node:internal/process/task_queues:89:21) {
2026-05-11T00:09:43:   code: 'EADDRINUSE',
2026-05-11T00:09:43:   errno: -4091,
2026-05-11T00:09:43:   syscall: 'listen',
2026-05-11T00:09:43:   address: '::',
2026-05-11T00:09:43:   port: 5001
2026-05-11T00:09:43: }
2026-05-11T00:09:43: 
2026-05-11T00:09:43: Node.js v24.13.1
2026-05-11T00:09:46: node:events:486
2026-05-11T00:09:46:       throw er; // Unhandled 'error' event
2026-05-11T00:09:46:       ^
2026-05-11T00:09:46: 
2026-05-11T00:09:46: Error: listen EADDRINUSE: address already in use :::5001
2026-05-11T00:09:46:     at Server.setupListenHandle [as _listen2] (node:net:1940:16)
2026-05-11T00:09:46:     at listenInCluster (node:net:1997:12)
2026-05-11T00:09:46:     at Server.listen (node:net:2102:7)
2026-05-11T00:09:46:     at app.listen (C:\Users\Anmol\OneDrive\Desktop\B\coding-portal\judge\node_modules\express\lib\application.js:635:24)
2026-05-11T00:09:46:     at <anonymous> (C:\Users\Anmol\OneDrive\Desktop\B\coding-portal\judge\src\index.ts:216:5)
2026-05-11T00:09:46:     at ModuleJob.run (node:internal/modules/esm/module_job:430:25)
2026-05-11T00:09:46:     at process.processTicksAndRejections (node:internal/process/task_queues:103:5)
2026-05-11T00:09:46:     at async onImport.tracePromise.__proto__ (node:internal/modules/esm/loader:661:26)
2026-05-11T00:09:46:     at async asyncRunEntryPointWithESMLoader (node:internal/modules/run_main:101:5)
2026-05-11T00:09:46: Emitted 'error' event on Server instance at:
2026-05-11T00:09:46:     at emitErrorNT (node:net:1976:8)
2026-05-11T00:09:46:     at process.processTicksAndRejections (node:internal/process/task_queues:89:21) {
2026-05-11T00:09:46:   code: 'EADDRINUSE',
2026-05-11T00:09:46:   errno: -4091,
2026-05-11T00:09:46:   syscall: 'listen',
2026-05-11T00:09:46:   address: '::',
2026-05-11T00:09:46:   port: 5001
2026-05-11T00:09:46: }
2026-05-11T00:09:46: 
2026-05-11T00:09:46: Node.js v24.13.1
2026-05-11T00:09:49: node:events:486
2026-05-11T00:09:49:       throw er; // Unhandled 'error' event
2026-05-11T00:09:49:       ^
2026-05-11T00:09:49: 
2026-05-11T00:09:49: Error: listen EADDRINUSE: address already in use :::5001
2026-05-11T00:09:49:     at Server.setupListenHandle [as _listen2] (node:net:1940:16)
2026-05-11T00:09:49:     at listenInCluster (node:net:1997:12)
2026-05-11T00:09:49:     at Server.listen (node:net:2102:7)
2026-05-11T00:09:49:     at app.listen (C:\Users\Anmol\OneDrive\Desktop\B\coding-portal\judge\node_modules\express\lib\application.js:635:24)
2026-05-11T00:09:49:     at <anonymous> (C:\Users\Anmol\OneDrive\Desktop\B\coding-portal\judge\src\index.ts:216:5)
2026-05-11T00:09:49:     at ModuleJob.run (node:internal/modules/esm/module_job:430:25)
2026-05-11T00:09:49:     at process.processTicksAndRejections (node:internal/process/task_queues:103:5)
2026-05-11T00:09:49:     at async onImport.tracePromise.__proto__ (node:internal/modules/esm/loader:661:26)
2026-05-11T00:09:49:     at async asyncRunEntryPointWithESMLoader (node:internal/modules/run_main:101:5)
2026-05-11T00:09:49: Emitted 'error' event on Server instance at:
2026-05-11T00:09:49:     at emitErrorNT (node:net:1976:8)
2026-05-11T00:09:49:     at process.processTicksAndRejections (node:internal/process/task_queues:89:21) {
2026-05-11T00:09:49:   code: 'EADDRINUSE',
2026-05-11T00:09:49:   errno: -4091,
2026-05-11T00:09:49:   syscall: 'listen',
2026-05-11T00:09:49:   address: '::',
2026-05-11T00:09:49:   port: 5001
2026-05-11T00:09:49: }
2026-05-11T00:09:49: 
2026-05-11T00:09:49: Node.js v24.13.1
2026-05-11T00:09:51: node:events:486
2026-05-11T00:09:51:       throw er; // Unhandled 'error' event
2026-05-11T00:09:51:       ^
2026-05-11T00:09:51: 
2026-05-11T00:09:51: Error: listen EADDRINUSE: address already in use :::5001
2026-05-11T00:09:51:     at Server.setupListenHandle [as _listen2] (node:net:1940:16)
2026-05-11T00:09:51:     at listenInCluster (node:net:1997:12)
2026-05-11T00:09:51:     at Server.listen (node:net:2102:7)
2026-05-11T00:09:51:     at app.listen (C:\Users\Anmol\OneDrive\Desktop\B\coding-portal\judge\node_modules\express\lib\application.js:635:24)
2026-05-11T00:09:51:     at <anonymous> (C:\Users\Anmol\OneDrive\Desktop\B\coding-portal\judge\src\index.ts:216:5)
2026-05-11T00:09:51:     at ModuleJob.run (node:internal/modules/esm/module_job:430:25)
2026-05-11T00:09:51:     at process.processTicksAndRejections (node:internal/process/task_queues:103:5)
2026-05-11T00:09:51:     at async onImport.tracePromise.__proto__ (node:internal/modules/esm/loader:661:26)
2026-05-11T00:09:51:     at async asyncRunEntryPointWithESMLoader (node:internal/modules/run_main:101:5)
2026-05-11T00:09:51: Emitted 'error' event on Server instance at:
2026-05-11T00:09:51:     at emitErrorNT (node:net:1976:8)
2026-05-11T00:09:51:     at process.processTicksAndRejections (node:internal/process/task_queues:89:21) {
2026-05-11T00:09:51:   code: 'EADDRINUSE',
2026-05-11T00:09:51:   errno: -4091,
2026-05-11T00:09:51:   syscall: 'listen',
2026-05-11T00:09:51:   address: '::',
2026-05-11T00:09:51:   port: 5001
2026-05-11T00:09:51: }
2026-05-11T00:09:51: 
2026-05-11T00:09:51: Node.js v24.13.1
2026-05-11T00:09:53: node:events:486
2026-05-11T00:09:53:       throw er; // Unhandled 'error' event
2026-05-11T00:09:53:       ^
2026-05-11T00:09:53: 
2026-05-11T00:09:53: Error: listen EADDRINUSE: address already in use :::5001
2026-05-11T00:09:53:     at Server.setupListenHandle [as _listen2] (node:net:1940:16)
2026-05-11T00:09:53:     at listenInCluster (node:net:1997:12)
2026-05-11T00:09:53:     at Server.listen (node:net:2102:7)
2026-05-11T00:09:53:     at app.listen (C:\Users\Anmol\OneDrive\Desktop\B\coding-portal\judge\node_modules\express\lib\application.js:635:24)
2026-05-11T00:09:53:     at <anonymous> (C:\Users\Anmol\OneDrive\Desktop\B\coding-portal\judge\src\index.ts:216:5)
2026-05-11T00:09:53:     at ModuleJob.run (node:internal/modules/esm/module_job:430:25)
2026-05-11T00:09:53:     at process.processTicksAndRejections (node:internal/process/task_queues:103:5)
2026-05-11T00:09:53:     at async onImport.tracePromise.__proto__ (node:internal/modules/esm/loader:661:26)
2026-05-11T00:09:53:     at async asyncRunEntryPointWithESMLoader (node:internal/modules/run_main:101:5)
2026-05-11T00:09:53: Emitted 'error' event on Server instance at:
2026-05-11T00:09:53:     at emitErrorNT (node:net:1976:8)
2026-05-11T00:09:53:     at process.processTicksAndRejections (node:internal/process/task_queues:89:21) {
2026-05-11T00:09:53:   code: 'EADDRINUSE',
2026-05-11T00:09:53:   errno: -4091,
2026-05-11T00:09:53:   syscall: 'listen',
2026-05-11T00:09:53:   address: '::',
2026-05-11T00:09:53:   port: 5001
2026-05-11T00:09:53: }
2026-05-11T00:09:53: 
2026-05-11T00:09:53: Node.js v24.13.1
2026-05-11T00:09:55: node:events:486
2026-05-11T00:09:55:       throw er; // Unhandled 'error' event
2026-05-11T00:09:55:       ^
2026-05-11T00:09:55: 
2026-05-11T00:09:55: Error: listen EADDRINUSE: address already in use :::5001
2026-05-11T00:09:55:     at Server.setupListenHandle [as _listen2] (node:net:1940:16)
2026-05-11T00:09:55:     at listenInCluster (node:net:1997:12)
2026-05-11T00:09:55:     at Server.listen (node:net:2102:7)
2026-05-11T00:09:55:     at app.listen (C:\Users\Anmol\OneDrive\Desktop\B\coding-portal\judge\node_modules\express\lib\application.js:635:24)
2026-05-11T00:09:55:     at <anonymous> (C:\Users\Anmol\OneDrive\Desktop\B\coding-portal\judge\src\index.ts:216:5)
2026-05-11T00:09:55:     at ModuleJob.run (node:internal/modules/esm/module_job:430:25)
2026-05-11T00:09:55:     at process.processTicksAndRejections (node:internal/process/task_queues:103:5)
2026-05-11T00:09:55:     at async onImport.tracePromise.__proto__ (node:internal/modules/esm/loader:661:26)
2026-05-11T00:09:55:     at async asyncRunEntryPointWithESMLoader (node:internal/modules/run_main:101:5)
2026-05-11T00:09:55: Emitted 'error' event on Server instance at:
2026-05-11T00:09:55:     at emitErrorNT (node:net:1976:8)
2026-05-11T00:09:55:     at process.processTicksAndRejections (node:internal/process/task_queues:89:21) {
2026-05-11T00:09:55:   code: 'EADDRINUSE',
2026-05-11T00:09:55:   errno: -4091,
2026-05-11T00:09:55:   syscall: 'listen',
2026-05-11T00:09:55:   address: '::',
2026-05-11T00:09:55:   port: 5001
2026-05-11T00:09:55: }
2026-05-11T00:09:55: 
2026-05-11T00:09:55: Node.js v24.13.1
2026-05-11T00:09:57: node:events:486
2026-05-11T00:09:57:       throw er; // Unhandled 'error' event
2026-05-11T00:09:57:       ^
2026-05-11T00:09:57: 
2026-05-11T00:09:57: Error: listen EADDRINUSE: address already in use :::5001
2026-05-11T00:09:57:     at Server.setupListenHandle [as _listen2] (node:net:1940:16)
2026-05-11T00:09:57:     at listenInCluster (node:net:1997:12)
2026-05-11T00:09:57:     at Server.listen (node:net:2102:7)
2026-05-11T00:09:57:     at app.listen (C:\Users\Anmol\OneDrive\Desktop\B\coding-portal\judge\node_modules\express\lib\application.js:635:24)
2026-05-11T00:09:57:     at <anonymous> (C:\Users\Anmol\OneDrive\Desktop\B\coding-portal\judge\src\index.ts:216:5)
2026-05-11T00:09:57:     at ModuleJob.run (node:internal/modules/esm/module_job:430:25)
2026-05-11T00:09:57:     at process.processTicksAndRejections (node:internal/process/task_queues:103:5)
2026-05-11T00:09:57:     at async onImport.tracePromise.__proto__ (node:internal/modules/esm/loader:661:26)
2026-05-11T00:09:57:     at async asyncRunEntryPointWithESMLoader (node:internal/modules/run_main:101:5)
2026-05-11T00:09:57: Emitted 'error' event on Server instance at:
2026-05-11T00:09:57:     at emitErrorNT (node:net:1976:8)
2026-05-11T00:09:57:     at process.processTicksAndRejections (node:internal/process/task_queues:89:21) {
2026-05-11T00:09:57:   code: 'EADDRINUSE',
2026-05-11T00:09:57:   errno: -4091,
2026-05-11T00:09:57:   syscall: 'listen',
2026-05-11T00:09:57:   address: '::',
2026-05-11T00:09:57:   port: 5001
2026-05-11T00:09:57: }
2026-05-11T00:09:57: 
2026-05-11T00:09:57: Node.js v24.13.1
2026-05-11T00:09:59: node:events:486
2026-05-11T00:09:59:       throw er; // Unhandled 'error' event
2026-05-11T00:09:59:       ^
2026-05-11T00:09:59: 
2026-05-11T00:09:59: Error: listen EADDRINUSE: address already in use :::5001
2026-05-11T00:09:59:     at Server.setupListenHandle [as _listen2] (node:net:1940:16)
2026-05-11T00:09:59:     at listenInCluster (node:net:1997:12)
2026-05-11T00:09:59:     at Server.listen (node:net:2102:7)
2026-05-11T00:09:59:     at app.listen (C:\Users\Anmol\OneDrive\Desktop\B\coding-portal\judge\node_modules\express\lib\application.js:635:24)
2026-05-11T00:09:59:     at <anonymous> (C:\Users\Anmol\OneDrive\Desktop\B\coding-portal\judge\src\index.ts:216:5)
2026-05-11T00:09:59:     at ModuleJob.run (node:internal/modules/esm/module_job:430:25)
2026-05-11T00:09:59:     at process.processTicksAndRejections (node:internal/process/task_queues:103:5)
2026-05-11T00:09:59:     at async onImport.tracePromise.__proto__ (node:internal/modules/esm/loader:661:26)
2026-05-11T00:09:59:     at async asyncRunEntryPointWithESMLoader (node:internal/modules/run_main:101:5)
2026-05-11T00:09:59: Emitted 'error' event on Server instance at:
2026-05-11T00:09:59:     at emitErrorNT (node:net:1976:8)
2026-05-11T00:09:59:     at process.processTicksAndRejections (node:internal/process/task_queues:89:21) {
2026-05-11T00:09:59:   code: 'EADDRINUSE',
2026-05-11T00:09:59:   errno: -4091,
2026-05-11T00:09:59:   syscall: 'listen',
2026-05-11T00:09:59:   address: '::',
2026-05-11T00:09:59:   port: 5001
2026-05-11T00:09:59: }
2026-05-11T00:09:59: 
2026-05-11T00:09:59: Node.js v24.13.1
2026-05-11T00:10:00: node:events:486
2026-05-11T00:10:00:       throw er; // Unhandled 'error' event
2026-05-11T00:10:00:       ^
2026-05-11T00:10:00: 
2026-05-11T00:10:00: Error: listen EADDRINUSE: address already in use :::5001
2026-05-11T00:10:00:     at Server.setupListenHandle [as _listen2] (node:net:1940:16)
2026-05-11T00:10:00:     at listenInCluster (node:net:1997:12)
2026-05-11T00:10:00:     at Server.listen (node:net:2102:7)
2026-05-11T00:10:00:     at app.listen (C:\Users\Anmol\OneDrive\Desktop\B\coding-portal\judge\node_modules\express\lib\application.js:635:24)
2026-05-11T00:10:00:     at <anonymous> (C:\Users\Anmol\OneDrive\Desktop\B\coding-portal\judge\src\index.ts:216:5)
2026-05-11T00:10:00:     at ModuleJob.run (node:internal/modules/esm/module_job:430:25)
2026-05-11T00:10:00:     at process.processTicksAndRejections (node:internal/process/task_queues:103:5)
2026-05-11T00:10:00:     at async onImport.tracePromise.__proto__ (node:internal/modules/esm/loader:661:26)
2026-05-11T00:10:00:     at async asyncRunEntryPointWithESMLoader (node:internal/modules/run_main:101:5)
2026-05-11T00:10:00: Emitted 'error' event on Server instance at:
2026-05-11T00:10:00:     at emitErrorNT (node:net:1976:8)
2026-05-11T00:10:00:     at process.processTicksAndRejections (node:internal/process/task_queues:89:21) {
2026-05-11T00:10:00:   code: 'EADDRINUSE',
2026-05-11T00:10:00:   errno: -4091,
2026-05-11T00:10:00:   syscall: 'listen',
2026-05-11T00:10:00:   address: '::',
2026-05-11T00:10:00:   port: 5001
2026-05-11T00:10:00: }
2026-05-11T00:10:00: 
2026-05-11T00:10:00: Node.js v24.13.1
2026-05-11T00:10:02: node:events:486
2026-05-11T00:10:02:       throw er; // Unhandled 'error' event
2026-05-11T00:10:02:       ^
2026-05-11T00:10:02: 
2026-05-11T00:10:02: Error: listen EADDRINUSE: address already in use :::5001
2026-05-11T00:10:02:     at Server.setupListenHandle [as _listen2] (node:net:1940:16)
2026-05-11T00:10:02:     at listenInCluster (node:net:1997:12)
2026-05-11T00:10:02:     at Server.listen (node:net:2102:7)
2026-05-11T00:10:02:     at app.listen (C:\Users\Anmol\OneDrive\Desktop\B\coding-portal\judge\node_modules\express\lib\application.js:635:24)
2026-05-11T00:10:02:     at <anonymous> (C:\Users\Anmol\OneDrive\Desktop\B\coding-portal\judge\src\index.ts:216:5)
2026-05-11T00:10:02:     at ModuleJob.run (node:internal/modules/esm/module_job:430:25)
2026-05-11T00:10:02:     at process.processTicksAndRejections (node:internal/process/task_queues:103:5)
2026-05-11T00:10:02:     at async onImport.tracePromise.__proto__ (node:internal/modules/esm/loader:661:26)
2026-05-11T00:10:02:     at async asyncRunEntryPointWithESMLoader (node:internal/modules/run_main:101:5)
2026-05-11T00:10:02: Emitted 'error' event on Server instance at:
2026-05-11T00:10:02:     at emitErrorNT (node:net:1976:8)
2026-05-11T00:10:02:     at process.processTicksAndRejections (node:internal/process/task_queues:89:21) {
2026-05-11T00:10:02:   code: 'EADDRINUSE',
2026-05-11T00:10:02:   errno: -4091,
2026-05-11T00:10:02:   syscall: 'listen',
2026-05-11T00:10:02:   address: '::',
2026-05-11T00:10:02:   port: 5001
2026-05-11T00:10:02: }
2026-05-11T00:10:02: 
2026-05-11T00:10:02: Node.js v24.13.1
2026-05-11T00:10:04: node:events:486
2026-05-11T00:10:04:       throw er; // Unhandled 'error' event
2026-05-11T00:10:04:       ^
2026-05-11T00:10:04: 
2026-05-11T00:10:04: Error: listen EADDRINUSE: address already in use :::5001
2026-05-11T00:10:04:     at Server.setupListenHandle [as _listen2] (node:net:1940:16)
2026-05-11T00:10:04:     at listenInCluster (node:net:1997:12)
2026-05-11T00:10:04:     at Server.listen (node:net:2102:7)
2026-05-11T00:10:04:     at app.listen (C:\Users\Anmol\OneDrive\Desktop\B\coding-portal\judge\node_modules\express\lib\application.js:635:24)
2026-05-11T00:10:04:     at <anonymous> (C:\Users\Anmol\OneDrive\Desktop\B\coding-portal\judge\src\index.ts:216:5)
2026-05-11T00:10:04:     at ModuleJob.run (node:internal/modules/esm/module_job:430:25)
2026-05-11T00:10:04:     at process.processTicksAndRejections (node:internal/process/task_queues:103:5)
2026-05-11T00:10:04:     at async onImport.tracePromise.__proto__ (node:internal/modules/esm/loader:661:26)
2026-05-11T00:10:04:     at async asyncRunEntryPointWithESMLoader (node:internal/modules/run_main:101:5)
2026-05-11T00:10:04: Emitted 'error' event on Server instance at:
2026-05-11T00:10:04:     at emitErrorNT (node:net:1976:8)
2026-05-11T00:10:04:     at process.processTicksAndRejections (node:internal/process/task_queues:89:21) {
2026-05-11T00:10:04:   code: 'EADDRINUSE',
2026-05-11T00:10:04:   errno: -4091,
2026-05-11T00:10:04:   syscall: 'listen',
2026-05-11T00:10:04:   address: '::',
2026-05-11T00:10:04:   port: 5001
2026-05-11T00:10:04: }
2026-05-11T00:10:04: 
2026-05-11T00:10:04: Node.js v24.13.1
2026-05-11T00:10:06: node:events:486
2026-05-11T00:10:06:       throw er; // Unhandled 'error' event
2026-05-11T00:10:06:       ^
2026-05-11T00:10:06: 
2026-05-11T00:10:06: Error: listen EADDRINUSE: address already in use :::5001
2026-05-11T00:10:06:     at Server.setupListenHandle [as _listen2] (node:net:1940:16)
2026-05-11T00:10:06:     at listenInCluster (node:net:1997:12)
2026-05-11T00:10:06:     at Server.listen (node:net:2102:7)
2026-05-11T00:10:06:     at app.listen (C:\Users\Anmol\OneDrive\Desktop\B\coding-portal\judge\node_modules\express\lib\application.js:635:24)
2026-05-11T00:10:06:     at <anonymous> (C:\Users\Anmol\OneDrive\Desktop\B\coding-portal\judge\src\index.ts:216:5)
2026-05-11T00:10:06:     at ModuleJob.run (node:internal/modules/esm/module_job:430:25)
2026-05-11T00:10:06:     at process.processTicksAndRejections (node:internal/process/task_queues:103:5)
2026-05-11T00:10:06:     at async onImport.tracePromise.__proto__ (node:internal/modules/esm/loader:661:26)
2026-05-11T00:10:06:     at async asyncRunEntryPointWithESMLoader (node:internal/modules/run_main:101:5)
2026-05-11T00:10:06: Emitted 'error' event on Server instance at:
2026-05-11T00:10:06:     at emitErrorNT (node:net:1976:8)
2026-05-11T00:10:06:     at process.processTicksAndRejections (node:internal/process/task_queues:89:21) {
2026-05-11T00:10:06:   code: 'EADDRINUSE',
2026-05-11T00:10:06:   errno: -4091,
2026-05-11T00:10:06:   syscall: 'listen',
2026-05-11T00:10:06:   address: '::',
2026-05-11T00:10:06:   port: 5001
2026-05-11T00:10:06: }
2026-05-11T00:10:06: 
2026-05-11T00:10:06: Node.js v24.13.1
2026-05-11T00:10:07: node:events:486
2026-05-11T00:10:07:       throw er; // Unhandled 'error' event
2026-05-11T00:10:07:       ^
2026-05-11T00:10:07: 
2026-05-11T00:10:07: Error: listen EADDRINUSE: address already in use :::5001
2026-05-11T00:10:07:     at Server.setupListenHandle [as _listen2] (node:net:1940:16)
2026-05-11T00:10:07:     at listenInCluster (node:net:1997:12)
2026-05-11T00:10:07:     at Server.listen (node:net:2102:7)
2026-05-11T00:10:07:     at app.listen (C:\Users\Anmol\OneDrive\Desktop\B\coding-portal\judge\node_modules\express\lib\application.js:635:24)
2026-05-11T00:10:07:     at <anonymous> (C:\Users\Anmol\OneDrive\Desktop\B\coding-portal\judge\src\index.ts:216:5)
2026-05-11T00:10:07:     at ModuleJob.run (node:internal/modules/esm/module_job:430:25)
2026-05-11T00:10:07:     at process.processTicksAndRejections (node:internal/process/task_queues:103:5)
2026-05-11T00:10:07:     at async onImport.tracePromise.__proto__ (node:internal/modules/esm/loader:661:26)
2026-05-11T00:10:07:     at async asyncRunEntryPointWithESMLoader (node:internal/modules/run_main:101:5)
2026-05-11T00:10:07: Emitted 'error' event on Server instance at:
2026-05-11T00:10:07:     at emitErrorNT (node:net:1976:8)
2026-05-11T00:10:07:     at process.processTicksAndRejections (node:internal/process/task_queues:89:21) {
2026-05-11T00:10:07:   code: 'EADDRINUSE',
2026-05-11T00:10:07:   errno: -4091,
2026-05-11T00:10:07:   syscall: 'listen',
2026-05-11T00:10:07:   address: '::',
2026-05-11T00:10:07:   port: 5001
2026-05-11T00:10:07: }
2026-05-11T00:10:07: 
2026-05-11T00:10:07: Node.js v24.13.1
2026-05-11T00:10:09: node:events:486
2026-05-11T00:10:09:       throw er; // Unhandled 'error' event
2026-05-11T00:10:09:       ^
2026-05-11T00:10:09: 
2026-05-11T00:10:09: Error: listen EADDRINUSE: address already in use :::5001
2026-05-11T00:10:09:     at Server.setupListenHandle [as _listen2] (node:net:1940:16)
2026-05-11T00:10:09:     at listenInCluster (node:net:1997:12)
2026-05-11T00:10:09:     at Server.listen (node:net:2102:7)
2026-05-11T00:10:09:     at app.listen (C:\Users\Anmol\OneDrive\Desktop\B\coding-portal\judge\node_modules\express\lib\application.js:635:24)
2026-05-11T00:10:09:     at <anonymous> (C:\Users\Anmol\OneDrive\Desktop\B\coding-portal\judge\src\index.ts:216:5)
2026-05-11T00:10:09:     at ModuleJob.run (node:internal/modules/esm/module_job:430:25)
2026-05-11T00:10:09:     at process.processTicksAndRejections (node:internal/process/task_queues:103:5)
2026-05-11T00:10:09:     at async onImport.tracePromise.__proto__ (node:internal/modules/esm/loader:661:26)
2026-05-11T00:10:09:     at async asyncRunEntryPointWithESMLoader (node:internal/modules/run_main:101:5)
2026-05-11T00:10:09: Emitted 'error' event on Server instance at:
2026-05-11T00:10:09:     at emitErrorNT (node:net:1976:8)
2026-05-11T00:10:09:     at process.processTicksAndRejections (node:internal/process/task_queues:89:21) {
2026-05-11T00:10:09:   code: 'EADDRINUSE',
2026-05-11T00:10:09:   errno: -4091,
2026-05-11T00:10:09:   syscall: 'listen',
2026-05-11T00:10:09:   address: '::',
2026-05-11T00:10:09:   port: 5001
2026-05-11T00:10:09: }
2026-05-11T00:10:09: 
2026-05-11T00:10:09: Node.js v24.13.1
2026-05-11T00:10:11: node:events:486
2026-05-11T00:10:11:       throw er; // Unhandled 'error' event
2026-05-11T00:10:11:       ^
2026-05-11T00:10:11: 
2026-05-11T00:10:11: Error: listen EADDRINUSE: address already in use :::5001
2026-05-11T00:10:11:     at Server.setupListenHandle [as _listen2] (node:net:1940:16)
2026-05-11T00:10:11:     at listenInCluster (node:net:1997:12)
2026-05-11T00:10:11:     at Server.listen (node:net:2102:7)
2026-05-11T00:10:11:     at app.listen (C:\Users\Anmol\OneDrive\Desktop\B\coding-portal\judge\node_modules\express\lib\application.js:635:24)
2026-05-11T00:10:11:     at <anonymous> (C:\Users\Anmol\OneDrive\Desktop\B\coding-portal\judge\src\index.ts:216:5)
2026-05-11T00:10:11:     at ModuleJob.run (node:internal/modules/esm/module_job:430:25)
2026-05-11T00:10:11:     at process.processTicksAndRejections (node:internal/process/task_queues:103:5)
2026-05-11T00:10:11:     at async onImport.tracePromise.__proto__ (node:internal/modules/esm/loader:661:26)
2026-05-11T00:10:11:     at async asyncRunEntryPointWithESMLoader (node:internal/modules/run_main:101:5)
2026-05-11T00:10:11: Emitted 'error' event on Server instance at:
2026-05-11T00:10:11:     at emitErrorNT (node:net:1976:8)
2026-05-11T00:10:11:     at process.processTicksAndRejections (node:internal/process/task_queues:89:21) {
2026-05-11T00:10:11:   code: 'EADDRINUSE',
2026-05-11T00:10:11:   errno: -4091,
2026-05-11T00:10:11:   syscall: 'listen',
2026-05-11T00:10:11:   address: '::',
2026-05-11T00:10:11:   port: 5001
2026-05-11T00:10:11: }
2026-05-11T00:10:11: 
2026-05-11T00:10:11: Node.js v24.13.1
2026-05-11T00:10:13: node:events:486
2026-05-11T00:10:13:       throw er; // Unhandled 'error' event
2026-05-11T00:10:13:       ^
2026-05-11T00:10:13: 
2026-05-11T00:10:13: Error: listen EADDRINUSE: address already in use :::5001
2026-05-11T00:10:13:     at Server.setupListenHandle [as _listen2] (node:net:1940:16)
2026-05-11T00:10:13:     at listenInCluster (node:net:1997:12)
2026-05-11T00:10:13:     at Server.listen (node:net:2102:7)
2026-05-11T00:10:13:     at app.listen (C:\Users\Anmol\OneDrive\Desktop\B\coding-portal\judge\node_modules\express\lib\application.js:635:24)
2026-05-11T00:10:13:     at <anonymous> (C:\Users\Anmol\OneDrive\Desktop\B\coding-portal\judge\src\index.ts:216:5)
2026-05-11T00:10:13:     at ModuleJob.run (node:internal/modules/esm/module_job:430:25)
2026-05-11T00:10:13:     at process.processTicksAndRejections (node:internal/process/task_queues:103:5)
2026-05-11T00:10:13:     at async onImport.tracePromise.__proto__ (node:internal/modules/esm/loader:661:26)
2026-05-11T00:10:13:     at async asyncRunEntryPointWithESMLoader (node:internal/modules/run_main:101:5)
2026-05-11T00:10:13: Emitted 'error' event on Server instance at:
2026-05-11T00:10:13:     at emitErrorNT (node:net:1976:8)
2026-05-11T00:10:13:     at process.processTicksAndRejections (node:internal/process/task_queues:89:21) {
2026-05-11T00:10:13:   code: 'EADDRINUSE',
2026-05-11T00:10:13:   errno: -4091,
2026-05-11T00:10:13:   syscall: 'listen',
2026-05-11T00:10:13:   address: '::',
2026-05-11T00:10:13:   port: 5001
2026-05-11T00:10:13: }
2026-05-11T00:10:13: 
2026-05-11T00:10:13: Node.js v24.13.1
2026-05-11T00:10:15: node:events:486
2026-05-11T00:10:15:       throw er; // Unhandled 'error' event
2026-05-11T00:10:15:       ^
2026-05-11T00:10:15: 
2026-05-11T00:10:15: Error: listen EADDRINUSE: address already in use :::5001
2026-05-11T00:10:15:     at Server.setupListenHandle [as _listen2] (node:net:1940:16)
2026-05-11T00:10:15:     at listenInCluster (node:net:1997:12)
2026-05-11T00:10:15:     at Server.listen (node:net:2102:7)
2026-05-11T00:10:15:     at app.listen (C:\Users\Anmol\OneDrive\Desktop\B\coding-portal\judge\node_modules\express\lib\application.js:635:24)
2026-05-11T00:10:15:     at <anonymous> (C:\Users\Anmol\OneDrive\Desktop\B\coding-portal\judge\src\index.ts:216:5)
2026-05-11T00:10:15:     at ModuleJob.run (node:internal/modules/esm/module_job:430:25)
2026-05-11T00:10:15:     at process.processTicksAndRejections (node:internal/process/task_queues:103:5)
2026-05-11T00:10:15:     at async onImport.tracePromise.__proto__ (node:internal/modules/esm/loader:661:26)
2026-05-11T00:10:15:     at async asyncRunEntryPointWithESMLoader (node:internal/modules/run_main:101:5)
2026-05-11T00:10:15: Emitted 'error' event on Server instance at:
2026-05-11T00:10:15:     at emitErrorNT (node:net:1976:8)
2026-05-11T00:10:15:     at process.processTicksAndRejections (node:internal/process/task_queues:89:21) {
2026-05-11T00:10:15:   code: 'EADDRINUSE',
2026-05-11T00:10:15:   errno: -4091,
2026-05-11T00:10:15:   syscall: 'listen',
2026-05-11T00:10:15:   address: '::',
2026-05-11T00:10:15:   port: 5001
2026-05-11T00:10:15: }
2026-05-11T00:10:15: 
2026-05-11T00:10:15: Node.js v24.13.1
2026-05-11T00:10:17: node:events:486
2026-05-11T00:10:17:       throw er; // Unhandled 'error' event
2026-05-11T00:10:17:       ^
2026-05-11T00:10:17: 
2026-05-11T00:10:17: Error: listen EADDRINUSE: address already in use :::5001
2026-05-11T00:10:17:     at Server.setupListenHandle [as _listen2] (node:net:1940:16)
2026-05-11T00:10:17:     at listenInCluster (node:net:1997:12)
2026-05-11T00:10:17:     at Server.listen (node:net:2102:7)
2026-05-11T00:10:17:     at app.listen (C:\Users\Anmol\OneDrive\Desktop\B\coding-portal\judge\node_modules\express\lib\application.js:635:24)
2026-05-11T00:10:17:     at <anonymous> (C:\Users\Anmol\OneDrive\Desktop\B\coding-portal\judge\src\index.ts:216:5)
2026-05-11T00:10:17:     at ModuleJob.run (node:internal/modules/esm/module_job:430:25)
2026-05-11T00:10:17:     at process.processTicksAndRejections (node:internal/process/task_queues:103:5)
2026-05-11T00:10:17:     at async onImport.tracePromise.__proto__ (node:internal/modules/esm/loader:661:26)
2026-05-11T00:10:17:     at async asyncRunEntryPointWithESMLoader (node:internal/modules/run_main:101:5)
2026-05-11T00:10:17: Emitted 'error' event on Server instance at:
2026-05-11T00:10:17:     at emitErrorNT (node:net:1976:8)
2026-05-11T00:10:17:     at process.processTicksAndRejections (node:internal/process/task_queues:89:21) {
2026-05-11T00:10:17:   code: 'EADDRINUSE',
2026-05-11T00:10:17:   errno: -4091,
2026-05-11T00:10:17:   syscall: 'listen',
2026-05-11T00:10:17:   address: '::',
2026-05-11T00:10:17:   port: 5001
2026-05-11T00:10:17: }
2026-05-11T00:10:17: 
2026-05-11T00:10:17: Node.js v24.13.1
2026-05-11T00:10:18: node:events:486
2026-05-11T00:10:18:       throw er; // Unhandled 'error' event
2026-05-11T00:10:18:       ^
2026-05-11T00:10:18: 
2026-05-11T00:10:18: Error: listen EADDRINUSE: address already in use :::5001
2026-05-11T00:10:18:     at Server.setupListenHandle [as _listen2] (node:net:1940:16)
2026-05-11T00:10:18:     at listenInCluster (node:net:1997:12)
2026-05-11T00:10:18:     at Server.listen (node:net:2102:7)
2026-05-11T00:10:18:     at app.listen (C:\Users\Anmol\OneDrive\Desktop\B\coding-portal\judge\node_modules\express\lib\application.js:635:24)
2026-05-11T00:10:18:     at <anonymous> (C:\Users\Anmol\OneDrive\Desktop\B\coding-portal\judge\src\index.ts:216:5)
2026-05-11T00:10:18:     at ModuleJob.run (node:internal/modules/esm/module_job:430:25)
2026-05-11T00:10:18:     at process.processTicksAndRejections (node:internal/process/task_queues:103:5)
2026-05-11T00:10:18:     at async onImport.tracePromise.__proto__ (node:internal/modules/esm/loader:661:26)
2026-05-11T00:10:18:     at async asyncRunEntryPointWithESMLoader (node:internal/modules/run_main:101:5)
2026-05-11T00:10:18: Emitted 'error' event on Server instance at:
2026-05-11T00:10:18:     at emitErrorNT (node:net:1976:8)
2026-05-11T00:10:18:     at process.processTicksAndRejections (node:internal/process/task_queues:89:21) {
2026-05-11T00:10:18:   code: 'EADDRINUSE',
2026-05-11T00:10:18:   errno: -4091,
2026-05-11T00:10:18:   syscall: 'listen',
2026-05-11T00:10:18:   address: '::',
2026-05-11T00:10:18:   port: 5001
2026-05-11T00:10:18: }
2026-05-11T00:10:18: 
2026-05-11T00:10:18: Node.js v24.13.1
2026-05-11T00:10:20: node:events:486
2026-05-11T00:10:20:       throw er; // Unhandled 'error' event
2026-05-11T00:10:20:       ^
2026-05-11T00:10:20: 
2026-05-11T00:10:20: Error: listen EADDRINUSE: address already in use :::5001
2026-05-11T00:10:20:     at Server.setupListenHandle [as _listen2] (node:net:1940:16)
2026-05-11T00:10:20:     at listenInCluster (node:net:1997:12)
2026-05-11T00:10:20:     at Server.listen (node:net:2102:7)
2026-05-11T00:10:20:     at app.listen (C:\Users\Anmol\OneDrive\Desktop\B\coding-portal\judge\node_modules\express\lib\application.js:635:24)
2026-05-11T00:10:20:     at <anonymous> (C:\Users\Anmol\OneDrive\Desktop\B\coding-portal\judge\src\index.ts:216:5)
2026-05-11T00:10:20:     at ModuleJob.run (node:internal/modules/esm/module_job:430:25)
2026-05-11T00:10:20:     at process.processTicksAndRejections (node:internal/process/task_queues:103:5)
2026-05-11T00:10:20:     at async onImport.tracePromise.__proto__ (node:internal/modules/esm/loader:661:26)
2026-05-11T00:10:20:     at async asyncRunEntryPointWithESMLoader (node:internal/modules/run_main:101:5)
2026-05-11T00:10:20: Emitted 'error' event on Server instance at:
2026-05-11T00:10:20:     at emitErrorNT (node:net:1976:8)
2026-05-11T00:10:20:     at process.processTicksAndRejections (node:internal/process/task_queues:89:21) {
2026-05-11T00:10:20:   code: 'EADDRINUSE',
2026-05-11T00:10:20:   errno: -4091,
2026-05-11T00:10:20:   syscall: 'listen',
2026-05-11T00:10:20:   address: '::',
2026-05-11T00:10:20:   port: 5001
2026-05-11T00:10:20: }
2026-05-11T00:10:20: 
2026-05-11T00:10:20: Node.js v24.13.1
2026-05-11T00:10:22: node:events:486
2026-05-11T00:10:22:       throw er; // Unhandled 'error' event
2026-05-11T00:10:22:       ^
2026-05-11T00:10:22: 
2026-05-11T00:10:22: Error: listen EADDRINUSE: address already in use :::5001
2026-05-11T00:10:22:     at Server.setupListenHandle [as _listen2] (node:net:1940:16)
2026-05-11T00:10:22:     at listenInCluster (node:net:1997:12)
2026-05-11T00:10:22:     at Server.listen (node:net:2102:7)
2026-05-11T00:10:22:     at app.listen (C:\Users\Anmol\OneDrive\Desktop\B\coding-portal\judge\node_modules\express\lib\application.js:635:24)
2026-05-11T00:10:22:     at <anonymous> (C:\Users\Anmol\OneDrive\Desktop\B\coding-portal\judge\src\index.ts:216:5)
2026-05-11T00:10:22:     at ModuleJob.run (node:internal/modules/esm/module_job:430:25)
2026-05-11T00:10:22:     at process.processTicksAndRejections (node:internal/process/task_queues:103:5)
2026-05-11T00:10:22:     at async onImport.tracePromise.__proto__ (node:internal/modules/esm/loader:661:26)
2026-05-11T00:10:22:     at async asyncRunEntryPointWithESMLoader (node:internal/modules/run_main:101:5)
2026-05-11T00:10:22: Emitted 'error' event on Server instance at:
2026-05-11T00:10:22:     at emitErrorNT (node:net:1976:8)
2026-05-11T00:10:22:     at process.processTicksAndRejections (node:internal/process/task_queues:89:21) {
2026-05-11T00:10:22:   code: 'EADDRINUSE',
2026-05-11T00:10:22:   errno: -4091,
2026-05-11T00:10:22:   syscall: 'listen',
2026-05-11T00:10:22:   address: '::',
2026-05-11T00:10:22:   port: 5001
2026-05-11T00:10:22: }
2026-05-11T00:10:22: 
2026-05-11T00:10:22: Node.js v24.13.1
2026-05-11T00:10:24: node:events:486
2026-05-11T00:10:24:       throw er; // Unhandled 'error' event
2026-05-11T00:10:24:       ^
2026-05-11T00:10:24: 
2026-05-11T00:10:24: Error: listen EADDRINUSE: address already in use :::5001
2026-05-11T00:10:24:     at Server.setupListenHandle [as _listen2] (node:net:1940:16)
2026-05-11T00:10:24:     at listenInCluster (node:net:1997:12)
2026-05-11T00:10:24:     at Server.listen (node:net:2102:7)
2026-05-11T00:10:24:     at app.listen (C:\Users\Anmol\OneDrive\Desktop\B\coding-portal\judge\node_modules\express\lib\application.js:635:24)
2026-05-11T00:10:24:     at <anonymous> (C:\Users\Anmol\OneDrive\Desktop\B\coding-portal\judge\src\index.ts:216:5)
2026-05-11T00:10:24:     at ModuleJob.run (node:internal/modules/esm/module_job:430:25)
2026-05-11T00:10:24:     at process.processTicksAndRejections (node:internal/process/task_queues:103:5)
2026-05-11T00:10:24:     at async onImport.tracePromise.__proto__ (node:internal/modules/esm/loader:661:26)
2026-05-11T00:10:24:     at async asyncRunEntryPointWithESMLoader (node:internal/modules/run_main:101:5)
2026-05-11T00:10:24: Emitted 'error' event on Server instance at:
2026-05-11T00:10:24:     at emitErrorNT (node:net:1976:8)
2026-05-11T00:10:24:     at process.processTicksAndRejections (node:internal/process/task_queues:89:21) {
2026-05-11T00:10:24:   code: 'EADDRINUSE',
2026-05-11T00:10:24:   errno: -4091,
2026-05-11T00:10:24:   syscall: 'listen',
2026-05-11T00:10:24:   address: '::',
2026-05-11T00:10:24:   port: 5001
2026-05-11T00:10:24: }
2026-05-11T00:10:24: 
2026-05-11T00:10:24: Node.js v24.13.1
2026-05-11T00:10:26: node:events:486
2026-05-11T00:10:26:       throw er; // Unhandled 'error' event
2026-05-11T00:10:26:       ^
2026-05-11T00:10:26: 
2026-05-11T00:10:26: Error: listen EADDRINUSE: address already in use :::5001
2026-05-11T00:10:26:     at Server.setupListenHandle [as _listen2] (node:net:1940:16)
2026-05-11T00:10:26:     at listenInCluster (node:net:1997:12)
2026-05-11T00:10:26:     at Server.listen (node:net:2102:7)
2026-05-11T00:10:26:     at app.listen (C:\Users\Anmol\OneDrive\Desktop\B\coding-portal\judge\node_modules\express\lib\application.js:635:24)
2026-05-11T00:10:26:     at <anonymous> (C:\Users\Anmol\OneDrive\Desktop\B\coding-portal\judge\src\index.ts:216:5)
2026-05-11T00:10:26:     at ModuleJob.run (node:internal/modules/esm/module_job:430:25)
2026-05-11T00:10:26:     at process.processTicksAndRejections (node:internal/process/task_queues:103:5)
2026-05-11T00:10:26:     at async onImport.tracePromise.__proto__ (node:internal/modules/esm/loader:661:26)
2026-05-11T00:10:26:     at async asyncRunEntryPointWithESMLoader (node:internal/modules/run_main:101:5)
2026-05-11T00:10:26: Emitted 'error' event on Server instance at:
2026-05-11T00:10:26:     at emitErrorNT (node:net:1976:8)
2026-05-11T00:10:26:     at process.processTicksAndRejections (node:internal/process/task_queues:89:21) {
2026-05-11T00:10:26:   code: 'EADDRINUSE',
2026-05-11T00:10:26:   errno: -4091,
2026-05-11T00:10:26:   syscall: 'listen',
2026-05-11T00:10:26:   address: '::',
2026-05-11T00:10:26:   port: 5001
2026-05-11T00:10:26: }
2026-05-11T00:10:26: 
2026-05-11T00:10:26: Node.js v24.13.1
2026-05-11T00:10:27: node:events:486
2026-05-11T00:10:27:       throw er; // Unhandled 'error' event
2026-05-11T00:10:27:       ^
2026-05-11T00:10:27: 
2026-05-11T00:10:27: Error: listen EADDRINUSE: address already in use :::5001
2026-05-11T00:10:27:     at Server.setupListenHandle [as _listen2] (node:net:1940:16)
2026-05-11T00:10:27:     at listenInCluster (node:net:1997:12)
2026-05-11T00:10:27:     at Server.listen (node:net:2102:7)
2026-05-11T00:10:27:     at app.listen (C:\Users\Anmol\OneDrive\Desktop\B\coding-portal\judge\node_modules\express\lib\application.js:635:24)
2026-05-11T00:10:27:     at <anonymous> (C:\Users\Anmol\OneDrive\Desktop\B\coding-portal\judge\src\index.ts:216:5)
2026-05-11T00:10:27:     at ModuleJob.run (node:internal/modules/esm/module_job:430:25)
2026-05-11T00:10:27:     at process.processTicksAndRejections (node:internal/process/task_queues:103:5)
2026-05-11T00:10:27:     at async onImport.tracePromise.__proto__ (node:internal/modules/esm/loader:661:26)
2026-05-11T00:10:27:     at async asyncRunEntryPointWithESMLoader (node:internal/modules/run_main:101:5)
2026-05-11T00:10:27: Emitted 'error' event on Server instance at:
2026-05-11T00:10:27:     at emitErrorNT (node:net:1976:8)
2026-05-11T00:10:27:     at process.processTicksAndRejections (node:internal/process/task_queues:89:21) {
2026-05-11T00:10:27:   code: 'EADDRINUSE',
2026-05-11T00:10:27:   errno: -4091,
2026-05-11T00:10:27:   syscall: 'listen',
2026-05-11T00:10:27:   address: '::',
2026-05-11T00:10:27:   port: 5001
2026-05-11T00:10:27: }
2026-05-11T00:10:27: 
2026-05-11T00:10:27: Node.js v24.13.1
2026-05-11T00:10:30: node:events:486
2026-05-11T00:10:30:       throw er; // Unhandled 'error' event
2026-05-11T00:10:30:       ^
2026-05-11T00:10:30: 
2026-05-11T00:10:30: Error: listen EADDRINUSE: address already in use :::5001
2026-05-11T00:10:30:     at Server.setupListenHandle [as _listen2] (node:net:1940:16)
2026-05-11T00:10:30:     at listenInCluster (node:net:1997:12)
2026-05-11T00:10:30:     at Server.listen (node:net:2102:7)
2026-05-11T00:10:30:     at app.listen (C:\Users\Anmol\OneDrive\Desktop\B\coding-portal\judge\node_modules\express\lib\application.js:635:24)
2026-05-11T00:10:30:     at <anonymous> (C:\Users\Anmol\OneDrive\Desktop\B\coding-portal\judge\src\index.ts:216:5)
2026-05-11T00:10:30:     at ModuleJob.run (node:internal/modules/esm/module_job:430:25)
2026-05-11T00:10:30:     at process.processTicksAndRejections (node:internal/process/task_queues:103:5)
2026-05-11T00:10:30:     at async onImport.tracePromise.__proto__ (node:internal/modules/esm/loader:661:26)
2026-05-11T00:10:30:     at async asyncRunEntryPointWithESMLoader (node:internal/modules/run_main:101:5)
2026-05-11T00:10:30: Emitted 'error' event on Server instance at:
2026-05-11T00:10:30:     at emitErrorNT (node:net:1976:8)
2026-05-11T00:10:30:     at process.processTicksAndRejections (node:internal/process/task_queues:89:21) {
2026-05-11T00:10:30:   code: 'EADDRINUSE',
2026-05-11T00:10:30:   errno: -4091,
2026-05-11T00:10:30:   syscall: 'listen',
2026-05-11T00:10:30:   address: '::',
2026-05-11T00:10:30:   port: 5001
2026-05-11T00:10:30: }
2026-05-11T00:10:30: 
2026-05-11T00:10:30: Node.js v24.13.1
2026-05-11T00:10:31: node:events:486
2026-05-11T00:10:31:       throw er; // Unhandled 'error' event
2026-05-11T00:10:31:       ^
2026-05-11T00:10:31: 
2026-05-11T00:10:31: Error: listen EADDRINUSE: address already in use :::5001
2026-05-11T00:10:31:     at Server.setupListenHandle [as _listen2] (node:net:1940:16)
2026-05-11T00:10:31:     at listenInCluster (node:net:1997:12)
2026-05-11T00:10:31:     at Server.listen (node:net:2102:7)
2026-05-11T00:10:31:     at app.listen (C:\Users\Anmol\OneDrive\Desktop\B\coding-portal\judge\node_modules\express\lib\application.js:635:24)
2026-05-11T00:10:31:     at <anonymous> (C:\Users\Anmol\OneDrive\Desktop\B\coding-portal\judge\src\index.ts:216:5)
2026-05-11T00:10:31:     at ModuleJob.run (node:internal/modules/esm/module_job:430:25)
2026-05-11T00:10:31:     at process.processTicksAndRejections (node:internal/process/task_queues:103:5)
2026-05-11T00:10:31:     at async onImport.tracePromise.__proto__ (node:internal/modules/esm/loader:661:26)
2026-05-11T00:10:31:     at async asyncRunEntryPointWithESMLoader (node:internal/modules/run_main:101:5)
2026-05-11T00:10:31: Emitted 'error' event on Server instance at:
2026-05-11T00:10:31:     at emitErrorNT (node:net:1976:8)
2026-05-11T00:10:31:     at process.processTicksAndRejections (node:internal/process/task_queues:89:21) {
2026-05-11T00:10:31:   code: 'EADDRINUSE',
2026-05-11T00:10:31:   errno: -4091,
2026-05-11T00:10:31:   syscall: 'listen',
2026-05-11T00:10:31:   address: '::',
2026-05-11T00:10:31:   port: 5001
2026-05-11T00:10:31: }
2026-05-11T00:10:31: 
2026-05-11T00:10:31: Node.js v24.13.1
2026-05-11T00:10:33: node:events:486
2026-05-11T00:10:33:       throw er; // Unhandled 'error' event
2026-05-11T00:10:33:       ^
2026-05-11T00:10:33: 
2026-05-11T00:10:33: Error: listen EADDRINUSE: address already in use :::5001
2026-05-11T00:10:33:     at Server.setupListenHandle [as _listen2] (node:net:1940:16)
2026-05-11T00:10:33:     at listenInCluster (node:net:1997:12)
2026-05-11T00:10:33:     at Server.listen (node:net:2102:7)
2026-05-11T00:10:33:     at app.listen (C:\Users\Anmol\OneDrive\Desktop\B\coding-portal\judge\node_modules\express\lib\application.js:635:24)
2026-05-11T00:10:33:     at <anonymous> (C:\Users\Anmol\OneDrive\Desktop\B\coding-portal\judge\src\index.ts:216:5)
2026-05-11T00:10:33:     at ModuleJob.run (node:internal/modules/esm/module_job:430:25)
2026-05-11T00:10:33:     at process.processTicksAndRejections (node:internal/process/task_queues:103:5)
2026-05-11T00:10:33:     at async onImport.tracePromise.__proto__ (node:internal/modules/esm/loader:661:26)
2026-05-11T00:10:33:     at async asyncRunEntryPointWithESMLoader (node:internal/modules/run_main:101:5)
2026-05-11T00:10:33: Emitted 'error' event on Server instance at:
2026-05-11T00:10:33:     at emitErrorNT (node:net:1976:8)
2026-05-11T00:10:33:     at process.processTicksAndRejections (node:internal/process/task_queues:89:21) {
2026-05-11T00:10:33:   code: 'EADDRINUSE',
2026-05-11T00:10:33:   errno: -4091,
2026-05-11T00:10:33:   syscall: 'listen',
2026-05-11T00:10:33:   address: '::',
2026-05-11T00:10:33:   port: 5001
2026-05-11T00:10:33: }
2026-05-11T00:10:33: 
2026-05-11T00:10:33: Node.js v24.13.1
2026-05-11T00:10:35: node:events:486
2026-05-11T00:10:35:       throw er; // Unhandled 'error' event
2026-05-11T00:10:35:       ^
2026-05-11T00:10:35: 
2026-05-11T00:10:35: Error: listen EADDRINUSE: address already in use :::5001
2026-05-11T00:10:35:     at Server.setupListenHandle [as _listen2] (node:net:1940:16)
2026-05-11T00:10:35:     at listenInCluster (node:net:1997:12)
2026-05-11T00:10:35:     at Server.listen (node:net:2102:7)
2026-05-11T00:10:35:     at app.listen (C:\Users\Anmol\OneDrive\Desktop\B\coding-portal\judge\node_modules\express\lib\application.js:635:24)
2026-05-11T00:10:35:     at <anonymous> (C:\Users\Anmol\OneDrive\Desktop\B\coding-portal\judge\src\index.ts:216:5)
2026-05-11T00:10:35:     at ModuleJob.run (node:internal/modules/esm/module_job:430:25)
2026-05-11T00:10:35:     at process.processTicksAndRejections (node:internal/process/task_queues:103:5)
2026-05-11T00:10:35:     at async onImport.tracePromise.__proto__ (node:internal/modules/esm/loader:661:26)
2026-05-11T00:10:35:     at async asyncRunEntryPointWithESMLoader (node:internal/modules/run_main:101:5)
2026-05-11T00:10:35: Emitted 'error' event on Server instance at:
2026-05-11T00:10:35:     at emitErrorNT (node:net:1976:8)
2026-05-11T00:10:35:     at process.processTicksAndRejections (node:internal/process/task_queues:89:21) {
2026-05-11T00:10:35:   code: 'EADDRINUSE',
2026-05-11T00:10:35:   errno: -4091,
2026-05-11T00:10:35:   syscall: 'listen',
2026-05-11T00:10:35:   address: '::',
2026-05-11T00:10:35:   port: 5001
2026-05-11T00:10:35: }
2026-05-11T00:10:35: 
2026-05-11T00:10:35: Node.js v24.13.1
2026-05-11T00:10:37: node:events:486
2026-05-11T00:10:37:       throw er; // Unhandled 'error' event
2026-05-11T00:10:37:       ^
2026-05-11T00:10:37: 
2026-05-11T00:10:37: Error: listen EADDRINUSE: address already in use :::5001
2026-05-11T00:10:37:     at Server.setupListenHandle [as _listen2] (node:net:1940:16)
2026-05-11T00:10:37:     at listenInCluster (node:net:1997:12)
2026-05-11T00:10:37:     at Server.listen (node:net:2102:7)
2026-05-11T00:10:37:     at app.listen (C:\Users\Anmol\OneDrive\Desktop\B\coding-portal\judge\node_modules\express\lib\application.js:635:24)
2026-05-11T00:10:37:     at <anonymous> (C:\Users\Anmol\OneDrive\Desktop\B\coding-portal\judge\src\index.ts:216:5)
2026-05-11T00:10:37:     at ModuleJob.run (node:internal/modules/esm/module_job:430:25)
2026-05-11T00:10:37:     at process.processTicksAndRejections (node:internal/process/task_queues:103:5)
2026-05-11T00:10:37:     at async onImport.tracePromise.__proto__ (node:internal/modules/esm/loader:661:26)
2026-05-11T00:10:37:     at async asyncRunEntryPointWithESMLoader (node:internal/modules/run_main:101:5)
2026-05-11T00:10:37: Emitted 'error' event on Server instance at:
2026-05-11T00:10:37:     at emitErrorNT (node:net:1976:8)
2026-05-11T00:10:37:     at process.processTicksAndRejections (node:internal/process/task_queues:89:21) {
2026-05-11T00:10:37:   code: 'EADDRINUSE',
2026-05-11T00:10:37:   errno: -4091,
2026-05-11T00:10:37:   syscall: 'listen',
2026-05-11T00:10:37:   address: '::',
2026-05-11T00:10:37:   port: 5001
2026-05-11T00:10:37: }
2026-05-11T00:10:37: 
2026-05-11T00:10:37: Node.js v24.13.1
2026-05-11T00:10:38: node:events:486
2026-05-11T00:10:38:       throw er; // Unhandled 'error' event
2026-05-11T00:10:38:       ^
2026-05-11T00:10:38: 
2026-05-11T00:10:38: Error: listen EADDRINUSE: address already in use :::5001
2026-05-11T00:10:38:     at Server.setupListenHandle [as _listen2] (node:net:1940:16)
2026-05-11T00:10:38:     at listenInCluster (node:net:1997:12)
2026-05-11T00:10:38:     at Server.listen (node:net:2102:7)
2026-05-11T00:10:38:     at app.listen (C:\Users\Anmol\OneDrive\Desktop\B\coding-portal\judge\node_modules\express\lib\application.js:635:24)
2026-05-11T00:10:38:     at <anonymous> (C:\Users\Anmol\OneDrive\Desktop\B\coding-portal\judge\src\index.ts:216:5)
2026-05-11T00:10:38:     at ModuleJob.run (node:internal/modules/esm/module_job:430:25)
2026-05-11T00:10:38:     at process.processTicksAndRejections (node:internal/process/task_queues:103:5)
2026-05-11T00:10:38:     at async onImport.tracePromise.__proto__ (node:internal/modules/esm/loader:661:26)
2026-05-11T00:10:38:     at async asyncRunEntryPointWithESMLoader (node:internal/modules/run_main:101:5)
2026-05-11T00:10:38: Emitted 'error' event on Server instance at:
2026-05-11T00:10:38:     at emitErrorNT (node:net:1976:8)
2026-05-11T00:10:38:     at process.processTicksAndRejections (node:internal/process/task_queues:89:21) {
2026-05-11T00:10:38:   code: 'EADDRINUSE',
2026-05-11T00:10:38:   errno: -4091,
2026-05-11T00:10:38:   syscall: 'listen',
2026-05-11T00:10:38:   address: '::',
2026-05-11T00:10:38:   port: 5001
2026-05-11T00:10:38: }
2026-05-11T00:10:38: 
2026-05-11T00:10:38: Node.js v24.13.1
2026-05-11T00:10:40: node:events:486
2026-05-11T00:10:40:       throw er; // Unhandled 'error' event
2026-05-11T00:10:40:       ^
2026-05-11T00:10:40: 
2026-05-11T00:10:40: Error: listen EADDRINUSE: address already in use :::5001
2026-05-11T00:10:40:     at Server.setupListenHandle [as _listen2] (node:net:1940:16)
2026-05-11T00:10:40:     at listenInCluster (node:net:1997:12)
2026-05-11T00:10:40:     at Server.listen (node:net:2102:7)
2026-05-11T00:10:40:     at app.listen (C:\Users\Anmol\OneDrive\Desktop\B\coding-portal\judge\node_modules\express\lib\application.js:635:24)
2026-05-11T00:10:40:     at <anonymous> (C:\Users\Anmol\OneDrive\Desktop\B\coding-portal\judge\src\index.ts:216:5)
2026-05-11T00:10:40:     at ModuleJob.run (node:internal/modules/esm/module_job:430:25)
2026-05-11T00:10:40:     at process.processTicksAndRejections (node:internal/process/task_queues:103:5)
2026-05-11T00:10:40:     at async onImport.tracePromise.__proto__ (node:internal/modules/esm/loader:661:26)
2026-05-11T00:10:40:     at async asyncRunEntryPointWithESMLoader (node:internal/modules/run_main:101:5)
2026-05-11T00:10:40: Emitted 'error' event on Server instance at:
2026-05-11T00:10:40:     at emitErrorNT (node:net:1976:8)
2026-05-11T00:10:40:     at process.processTicksAndRejections (node:internal/process/task_queues:89:21) {
2026-05-11T00:10:40:   code: 'EADDRINUSE',
2026-05-11T00:10:40:   errno: -4091,
2026-05-11T00:10:40:   syscall: 'listen',
2026-05-11T00:10:40:   address: '::',
2026-05-11T00:10:40:   port: 5001
2026-05-11T00:10:40: }
2026-05-11T00:10:40: 
2026-05-11T00:10:40: Node.js v24.13.1
2026-05-11T00:10:42: node:events:486
2026-05-11T00:10:42:       throw er; // Unhandled 'error' event
2026-05-11T00:10:42:       ^
2026-05-11T00:10:42: 
2026-05-11T00:10:42: Error: listen EADDRINUSE: address already in use :::5001
2026-05-11T00:10:42:     at Server.setupListenHandle [as _listen2] (node:net:1940:16)
2026-05-11T00:10:42:     at listenInCluster (node:net:1997:12)
2026-05-11T00:10:42:     at Server.listen (node:net:2102:7)
2026-05-11T00:10:42:     at app.listen (C:\Users\Anmol\OneDrive\Desktop\B\coding-portal\judge\node_modules\express\lib\application.js:635:24)
2026-05-11T00:10:42:     at <anonymous> (C:\Users\Anmol\OneDrive\Desktop\B\coding-portal\judge\src\index.ts:216:5)
2026-05-11T00:10:42:     at ModuleJob.run (node:internal/modules/esm/module_job:430:25)
2026-05-11T00:10:42:     at process.processTicksAndRejections (node:internal/process/task_queues:103:5)
2026-05-11T00:10:42:     at async onImport.tracePromise.__proto__ (node:internal/modules/esm/loader:661:26)
2026-05-11T00:10:42:     at async asyncRunEntryPointWithESMLoader (node:internal/modules/run_main:101:5)
2026-05-11T00:10:42: Emitted 'error' event on Server instance at:
2026-05-11T00:10:42:     at emitErrorNT (node:net:1976:8)
2026-05-11T00:10:42:     at process.processTicksAndRejections (node:internal/process/task_queues:89:21) {
2026-05-11T00:10:42:   code: 'EADDRINUSE',
2026-05-11T00:10:42:   errno: -4091,
2026-05-11T00:10:42:   syscall: 'listen',
2026-05-11T00:10:42:   address: '::',
2026-05-11T00:10:42:   port: 5001
2026-05-11T00:10:42: }
2026-05-11T00:10:42: 
2026-05-11T00:10:42: Node.js v24.13.1
2026-05-11T00:10:44: node:events:486
2026-05-11T00:10:44:       throw er; // Unhandled 'error' event
2026-05-11T00:10:44:       ^
2026-05-11T00:10:44: 
2026-05-11T00:10:44: Error: listen EADDRINUSE: address already in use :::5001
2026-05-11T00:10:44:     at Server.setupListenHandle [as _listen2] (node:net:1940:16)
2026-05-11T00:10:44:     at listenInCluster (node:net:1997:12)
2026-05-11T00:10:44:     at Server.listen (node:net:2102:7)
2026-05-11T00:10:44:     at app.listen (C:\Users\Anmol\OneDrive\Desktop\B\coding-portal\judge\node_modules\express\lib\application.js:635:24)
2026-05-11T00:10:44:     at <anonymous> (C:\Users\Anmol\OneDrive\Desktop\B\coding-portal\judge\src\index.ts:216:5)
2026-05-11T00:10:44:     at ModuleJob.run (node:internal/modules/esm/module_job:430:25)
2026-05-11T00:10:44:     at process.processTicksAndRejections (node:internal/process/task_queues:103:5)
2026-05-11T00:10:44:     at async onImport.tracePromise.__proto__ (node:internal/modules/esm/loader:661:26)
2026-05-11T00:10:44:     at async asyncRunEntryPointWithESMLoader (node:internal/modules/run_main:101:5)
2026-05-11T00:10:44: Emitted 'error' event on Server instance at:
2026-05-11T00:10:44:     at emitErrorNT (node:net:1976:8)
2026-05-11T00:10:44:     at process.processTicksAndRejections (node:internal/process/task_queues:89:21) {
2026-05-11T00:10:44:   code: 'EADDRINUSE',
2026-05-11T00:10:44:   errno: -4091,
2026-05-11T00:10:44:   syscall: 'listen',
2026-05-11T00:10:44:   address: '::',
2026-05-11T00:10:44:   port: 5001
2026-05-11T00:10:44: }
2026-05-11T00:10:44: 
2026-05-11T00:10:44: Node.js v24.13.1
2026-05-11T00:10:46: node:events:486
2026-05-11T00:10:46:       throw er; // Unhandled 'error' event
2026-05-11T00:10:46:       ^
2026-05-11T00:10:46: 
2026-05-11T00:10:46: Error: listen EADDRINUSE: address already in use :::5001
2026-05-11T00:10:46:     at Server.setupListenHandle [as _listen2] (node:net:1940:16)
2026-05-11T00:10:46:     at listenInCluster (node:net:1997:12)
2026-05-11T00:10:46:     at Server.listen (node:net:2102:7)
2026-05-11T00:10:46:     at app.listen (C:\Users\Anmol\OneDrive\Desktop\B\coding-portal\judge\node_modules\express\lib\application.js:635:24)
2026-05-11T00:10:46:     at <anonymous> (C:\Users\Anmol\OneDrive\Desktop\B\coding-portal\judge\src\index.ts:216:5)
2026-05-11T00:10:46:     at ModuleJob.run (node:internal/modules/esm/module_job:430:25)
2026-05-11T00:10:46:     at process.processTicksAndRejections (node:internal/process/task_queues:103:5)
2026-05-11T00:10:46:     at async onImport.tracePromise.__proto__ (node:internal/modules/esm/loader:661:26)
2026-05-11T00:10:46:     at async asyncRunEntryPointWithESMLoader (node:internal/modules/run_main:101:5)
2026-05-11T00:10:46: Emitted 'error' event on Server instance at:
2026-05-11T00:10:46:     at emitErrorNT (node:net:1976:8)
2026-05-11T00:10:46:     at process.processTicksAndRejections (node:internal/process/task_queues:89:21) {
2026-05-11T00:10:46:   code: 'EADDRINUSE',
2026-05-11T00:10:46:   errno: -4091,
2026-05-11T00:10:46:   syscall: 'listen',
2026-05-11T00:10:46:   address: '::',
2026-05-11T00:10:46:   port: 5001
2026-05-11T00:10:46: }
2026-05-11T00:10:46: 
2026-05-11T00:10:46: Node.js v24.13.1
2026-05-11T00:10:48: node:events:486
2026-05-11T00:10:48:       throw er; // Unhandled 'error' event
2026-05-11T00:10:48:       ^
2026-05-11T00:10:48: 
2026-05-11T00:10:48: Error: listen EADDRINUSE: address already in use :::5001
2026-05-11T00:10:48:     at Server.setupListenHandle [as _listen2] (node:net:1940:16)
2026-05-11T00:10:48:     at listenInCluster (node:net:1997:12)
2026-05-11T00:10:48:     at Server.listen (node:net:2102:7)
2026-05-11T00:10:48:     at app.listen (C:\Users\Anmol\OneDrive\Desktop\B\coding-portal\judge\node_modules\express\lib\application.js:635:24)
2026-05-11T00:10:48:     at <anonymous> (C:\Users\Anmol\OneDrive\Desktop\B\coding-portal\judge\src\index.ts:216:5)
2026-05-11T00:10:48:     at ModuleJob.run (node:internal/modules/esm/module_job:430:25)
2026-05-11T00:10:48:     at process.processTicksAndRejections (node:internal/process/task_queues:103:5)
2026-05-11T00:10:48:     at async onImport.tracePromise.__proto__ (node:internal/modules/esm/loader:661:26)
2026-05-11T00:10:48:     at async asyncRunEntryPointWithESMLoader (node:internal/modules/run_main:101:5)
2026-05-11T00:10:48: Emitted 'error' event on Server instance at:
2026-05-11T00:10:48:     at emitErrorNT (node:net:1976:8)
2026-05-11T00:10:48:     at process.processTicksAndRejections (node:internal/process/task_queues:89:21) {
2026-05-11T00:10:48:   code: 'EADDRINUSE',
2026-05-11T00:10:48:   errno: -4091,
2026-05-11T00:10:48:   syscall: 'listen',
2026-05-11T00:10:48:   address: '::',
2026-05-11T00:10:48:   port: 5001
2026-05-11T00:10:48: }
2026-05-11T00:10:48: 
2026-05-11T00:10:48: Node.js v24.13.1
2026-05-11T00:10:49: node:events:486
2026-05-11T00:10:49:       throw er; // Unhandled 'error' event
2026-05-11T00:10:49:       ^
2026-05-11T00:10:49: 
2026-05-11T00:10:49: Error: listen EADDRINUSE: address already in use :::5001
2026-05-11T00:10:49:     at Server.setupListenHandle [as _listen2] (node:net:1940:16)
2026-05-11T00:10:49:     at listenInCluster (node:net:1997:12)
2026-05-11T00:10:49:     at Server.listen (node:net:2102:7)
2026-05-11T00:10:49:     at app.listen (C:\Users\Anmol\OneDrive\Desktop\B\coding-portal\judge\node_modules\express\lib\application.js:635:24)
2026-05-11T00:10:49:     at <anonymous> (C:\Users\Anmol\OneDrive\Desktop\B\coding-portal\judge\src\index.ts:216:5)
2026-05-11T00:10:49:     at ModuleJob.run (node:internal/modules/esm/module_job:430:25)
2026-05-11T00:10:49:     at process.processTicksAndRejections (node:internal/process/task_queues:103:5)
2026-05-11T00:10:49:     at async onImport.tracePromise.__proto__ (node:internal/modules/esm/loader:661:26)
2026-05-11T00:10:49:     at async asyncRunEntryPointWithESMLoader (node:internal/modules/run_main:101:5)
2026-05-11T00:10:49: Emitted 'error' event on Server instance at:
2026-05-11T00:10:49:     at emitErrorNT (node:net:1976:8)
2026-05-11T00:10:49:     at process.processTicksAndRejections (node:internal/process/task_queues:89:21) {
2026-05-11T00:10:49:   code: 'EADDRINUSE',
2026-05-11T00:10:49:   errno: -4091,
2026-05-11T00:10:49:   syscall: 'listen',
2026-05-11T00:10:49:   address: '::',
2026-05-11T00:10:49:   port: 5001
2026-05-11T00:10:49: }
2026-05-11T00:10:49: 
2026-05-11T00:10:49: Node.js v24.13.1
2026-05-11T00:10:51: node:events:486
2026-05-11T00:10:51:       throw er; // Unhandled 'error' event
2026-05-11T00:10:51:       ^
2026-05-11T00:10:51: 
2026-05-11T00:10:51: Error: listen EADDRINUSE: address already in use :::5001
2026-05-11T00:10:51:     at Server.setupListenHandle [as _listen2] (node:net:1940:16)
2026-05-11T00:10:51:     at listenInCluster (node:net:1997:12)
2026-05-11T00:10:51:     at Server.listen (node:net:2102:7)
2026-05-11T00:10:51:     at app.listen (C:\Users\Anmol\OneDrive\Desktop\B\coding-portal\judge\node_modules\express\lib\application.js:635:24)
2026-05-11T00:10:51:     at <anonymous> (C:\Users\Anmol\OneDrive\Desktop\B\coding-portal\judge\src\index.ts:216:5)
2026-05-11T00:10:51:     at ModuleJob.run (node:internal/modules/esm/module_job:430:25)
2026-05-11T00:10:51:     at process.processTicksAndRejections (node:internal/process/task_queues:103:5)
2026-05-11T00:10:51:     at async onImport.tracePromise.__proto__ (node:internal/modules/esm/loader:661:26)
2026-05-11T00:10:51:     at async asyncRunEntryPointWithESMLoader (node:internal/modules/run_main:101:5)
2026-05-11T00:10:51: Emitted 'error' event on Server instance at:
2026-05-11T00:10:51:     at emitErrorNT (node:net:1976:8)
2026-05-11T00:10:51:     at process.processTicksAndRejections (node:internal/process/task_queues:89:21) {
2026-05-11T00:10:51:   code: 'EADDRINUSE',
2026-05-11T00:10:51:   errno: -4091,
2026-05-11T00:10:51:   syscall: 'listen',
2026-05-11T00:10:51:   address: '::',
2026-05-11T00:10:51:   port: 5001
2026-05-11T00:10:51: }
2026-05-11T00:10:51: 
2026-05-11T00:10:51: Node.js v24.13.1
2026-05-11T00:10:53: node:events:486
2026-05-11T00:10:53:       throw er; // Unhandled 'error' event
2026-05-11T00:10:53:       ^
2026-05-11T00:10:53: 
2026-05-11T00:10:53: Error: listen EADDRINUSE: address already in use :::5001
2026-05-11T00:10:53:     at Server.setupListenHandle [as _listen2] (node:net:1940:16)
2026-05-11T00:10:53:     at listenInCluster (node:net:1997:12)
2026-05-11T00:10:53:     at Server.listen (node:net:2102:7)
2026-05-11T00:10:53:     at app.listen (C:\Users\Anmol\OneDrive\Desktop\B\coding-portal\judge\node_modules\express\lib\application.js:635:24)
2026-05-11T00:10:53:     at <anonymous> (C:\Users\Anmol\OneDrive\Desktop\B\coding-portal\judge\src\index.ts:216:5)
2026-05-11T00:10:53:     at ModuleJob.run (node:internal/modules/esm/module_job:430:25)
2026-05-11T00:10:53:     at process.processTicksAndRejections (node:internal/process/task_queues:103:5)
2026-05-11T00:10:53:     at async onImport.tracePromise.__proto__ (node:internal/modules/esm/loader:661:26)
2026-05-11T00:10:53:     at async asyncRunEntryPointWithESMLoader (node:internal/modules/run_main:101:5)
2026-05-11T00:10:53: Emitted 'error' event on Server instance at:
2026-05-11T00:10:53:     at emitErrorNT (node:net:1976:8)
2026-05-11T00:10:53:     at process.processTicksAndRejections (node:internal/process/task_queues:89:21) {
2026-05-11T00:10:53:   code: 'EADDRINUSE',
2026-05-11T00:10:53:   errno: -4091,
2026-05-11T00:10:53:   syscall: 'listen',
2026-05-11T00:10:53:   address: '::',
2026-05-11T00:10:53:   port: 5001
2026-05-11T00:10:53: }
2026-05-11T00:10:53: 
2026-05-11T00:10:53: Node.js v24.13.1
2026-05-11T00:10:54: node:events:486
2026-05-11T00:10:54:       throw er; // Unhandled 'error' event
2026-05-11T00:10:54:       ^
2026-05-11T00:10:54: 
2026-05-11T00:10:54: Error: listen EADDRINUSE: address already in use :::5001
2026-05-11T00:10:54:     at Server.setupListenHandle [as _listen2] (node:net:1940:16)
2026-05-11T00:10:54:     at listenInCluster (node:net:1997:12)
2026-05-11T00:10:54:     at Server.listen (node:net:2102:7)
2026-05-11T00:10:54:     at app.listen (C:\Users\Anmol\OneDrive\Desktop\B\coding-portal\judge\node_modules\express\lib\application.js:635:24)
2026-05-11T00:10:54:     at <anonymous> (C:\Users\Anmol\OneDrive\Desktop\B\coding-portal\judge\src\index.ts:216:5)
2026-05-11T00:10:54:     at ModuleJob.run (node:internal/modules/esm/module_job:430:25)
2026-05-11T00:10:54:     at process.processTicksAndRejections (node:internal/process/task_queues:103:5)
2026-05-11T00:10:54:     at async onImport.tracePromise.__proto__ (node:internal/modules/esm/loader:661:26)
2026-05-11T00:10:54:     at async asyncRunEntryPointWithESMLoader (node:internal/modules/run_main:101:5)
2026-05-11T00:10:54: Emitted 'error' event on Server instance at:
2026-05-11T00:10:54:     at emitErrorNT (node:net:1976:8)
2026-05-11T00:10:54:     at process.processTicksAndRejections (node:internal/process/task_queues:89:21) {
2026-05-11T00:10:54:   code: 'EADDRINUSE',
2026-05-11T00:10:54:   errno: -4091,
2026-05-11T00:10:54:   syscall: 'listen',
2026-05-11T00:10:54:   address: '::',
2026-05-11T00:10:54:   port: 5001
2026-05-11T00:10:54: }
2026-05-11T00:10:54: 
2026-05-11T00:10:54: Node.js v24.13.1
2026-05-11T00:10:56: node:events:486
2026-05-11T00:10:56:       throw er; // Unhandled 'error' event
2026-05-11T00:10:56:       ^
2026-05-11T00:10:56: 
2026-05-11T00:10:56: Error: listen EADDRINUSE: address already in use :::5001
2026-05-11T00:10:56:     at Server.setupListenHandle [as _listen2] (node:net:1940:16)
2026-05-11T00:10:56:     at listenInCluster (node:net:1997:12)
2026-05-11T00:10:56:     at Server.listen (node:net:2102:7)
2026-05-11T00:10:56:     at app.listen (C:\Users\Anmol\OneDrive\Desktop\B\coding-portal\judge\node_modules\express\lib\application.js:635:24)
2026-05-11T00:10:56:     at <anonymous> (C:\Users\Anmol\OneDrive\Desktop\B\coding-portal\judge\src\index.ts:216:5)
2026-05-11T00:10:56:     at ModuleJob.run (node:internal/modules/esm/module_job:430:25)
2026-05-11T00:10:56:     at process.processTicksAndRejections (node:internal/process/task_queues:103:5)
2026-05-11T00:10:56:     at async onImport.tracePromise.__proto__ (node:internal/modules/esm/loader:661:26)
2026-05-11T00:10:56:     at async asyncRunEntryPointWithESMLoader (node:internal/modules/run_main:101:5)
2026-05-11T00:10:56: Emitted 'error' event on Server instance at:
2026-05-11T00:10:56:     at emitErrorNT (node:net:1976:8)
2026-05-11T00:10:56:     at process.processTicksAndRejections (node:internal/process/task_queues:89:21) {
2026-05-11T00:10:56:   code: 'EADDRINUSE',
2026-05-11T00:10:56:   errno: -4091,
2026-05-11T00:10:56:   syscall: 'listen',
2026-05-11T00:10:56:   address: '::',
2026-05-11T00:10:56:   port: 5001
2026-05-11T00:10:56: }
2026-05-11T00:10:56: 
2026-05-11T00:10:56: Node.js v24.13.1
2026-05-11T00:10:58: node:events:486
2026-05-11T00:10:58:       throw er; // Unhandled 'error' event
2026-05-11T00:10:58:       ^
2026-05-11T00:10:58: 
2026-05-11T00:10:58: Error: listen EADDRINUSE: address already in use :::5001
2026-05-11T00:10:58:     at Server.setupListenHandle [as _listen2] (node:net:1940:16)
2026-05-11T00:10:58:     at listenInCluster (node:net:1997:12)
2026-05-11T00:10:58:     at Server.listen (node:net:2102:7)
2026-05-11T00:10:58:     at app.listen (C:\Users\Anmol\OneDrive\Desktop\B\coding-portal\judge\node_modules\express\lib\application.js:635:24)
2026-05-11T00:10:58:     at <anonymous> (C:\Users\Anmol\OneDrive\Desktop\B\coding-portal\judge\src\index.ts:216:5)
2026-05-11T00:10:58:     at ModuleJob.run (node:internal/modules/esm/module_job:430:25)
2026-05-11T00:10:58:     at process.processTicksAndRejections (node:internal/process/task_queues:103:5)
2026-05-11T00:10:58:     at async onImport.tracePromise.__proto__ (node:internal/modules/esm/loader:661:26)
2026-05-11T00:10:58:     at async asyncRunEntryPointWithESMLoader (node:internal/modules/run_main:101:5)
2026-05-11T00:10:58: Emitted 'error' event on Server instance at:
2026-05-11T00:10:58:     at emitErrorNT (node:net:1976:8)
2026-05-11T00:10:58:     at process.processTicksAndRejections (node:internal/process/task_queues:89:21) {
2026-05-11T00:10:58:   code: 'EADDRINUSE',
2026-05-11T00:10:58:   errno: -4091,
2026-05-11T00:10:58:   syscall: 'listen',
2026-05-11T00:10:58:   address: '::',
2026-05-11T00:10:58:   port: 5001
2026-05-11T00:10:58: }
2026-05-11T00:10:58: 
2026-05-11T00:10:58: Node.js v24.13.1
2026-05-11T00:11:00: node:events:486
2026-05-11T00:11:00:       throw er; // Unhandled 'error' event
2026-05-11T00:11:00:       ^
2026-05-11T00:11:00: 
2026-05-11T00:11:01: Error: listen EADDRINUSE: address already in use :::5001
2026-05-11T00:11:01:     at Server.setupListenHandle [as _listen2] (node:net:1940:16)
2026-05-11T00:11:01:     at listenInCluster (node:net:1997:12)
2026-05-11T00:11:01:     at Server.listen (node:net:2102:7)
2026-05-11T00:11:01:     at app.listen (C:\Users\Anmol\OneDrive\Desktop\B\coding-portal\judge\node_modules\express\lib\application.js:635:24)
2026-05-11T00:11:01:     at <anonymous> (C:\Users\Anmol\OneDrive\Desktop\B\coding-portal\judge\src\index.ts:216:5)
2026-05-11T00:11:01:     at ModuleJob.run (node:internal/modules/esm/module_job:430:25)
2026-05-11T00:11:01:     at process.processTicksAndRejections (node:internal/process/task_queues:103:5)
2026-05-11T00:11:01:     at async onImport.tracePromise.__proto__ (node:internal/modules/esm/loader:661:26)
2026-05-11T00:11:01:     at async asyncRunEntryPointWithESMLoader (node:internal/modules/run_main:101:5)
2026-05-11T00:11:01: Emitted 'error' event on Server instance at:
2026-05-11T00:11:01:     at emitErrorNT (node:net:1976:8)
2026-05-11T00:11:01:     at process.processTicksAndRejections (node:internal/process/task_queues:89:21) {
2026-05-11T00:11:01:   code: 'EADDRINUSE',
2026-05-11T00:11:01:   errno: -4091,
2026-05-11T00:11:01:   syscall: 'listen',
2026-05-11T00:11:01:   address: '::',
2026-05-11T00:11:01:   port: 5001
2026-05-11T00:11:01: }
2026-05-11T00:11:01: 
2026-05-11T00:11:01: Node.js v24.13.1
2026-05-11T00:11:03: node:events:486
2026-05-11T00:11:03:       throw er; // Unhandled 'error' event
2026-05-11T00:11:03:       ^
2026-05-11T00:11:03: 
2026-05-11T00:11:03: Error: listen EADDRINUSE: address already in use :::5001
2026-05-11T00:11:03:     at Server.setupListenHandle [as _listen2] (node:net:1940:16)
2026-05-11T00:11:03:     at listenInCluster (node:net:1997:12)
2026-05-11T00:11:03:     at Server.listen (node:net:2102:7)
2026-05-11T00:11:03:     at app.listen (C:\Users\Anmol\OneDrive\Desktop\B\coding-portal\judge\node_modules\express\lib\application.js:635:24)
2026-05-11T00:11:03:     at <anonymous> (C:\Users\Anmol\OneDrive\Desktop\B\coding-portal\judge\src\index.ts:216:5)
2026-05-11T00:11:03:     at ModuleJob.run (node:internal/modules/esm/module_job:430:25)
2026-05-11T00:11:03:     at process.processTicksAndRejections (node:internal/process/task_queues:103:5)
2026-05-11T00:11:03:     at async onImport.tracePromise.__proto__ (node:internal/modules/esm/loader:661:26)
2026-05-11T00:11:03:     at async asyncRunEntryPointWithESMLoader (node:internal/modules/run_main:101:5)
2026-05-11T00:11:03: Emitted 'error' event on Server instance at:
2026-05-11T00:11:03:     at emitErrorNT (node:net:1976:8)
2026-05-11T00:11:03:     at process.processTicksAndRejections (node:internal/process/task_queues:89:21) {
2026-05-11T00:11:03:   code: 'EADDRINUSE',
2026-05-11T00:11:03:   errno: -4091,
2026-05-11T00:11:03:   syscall: 'listen',
2026-05-11T00:11:03:   address: '::',
2026-05-11T00:11:03:   port: 5001
2026-05-11T00:11:03: }
2026-05-11T00:11:03: 
2026-05-11T00:11:03: Node.js v24.13.1
2026-05-11T00:11:04: node:events:486
2026-05-11T00:11:04:       throw er; // Unhandled 'error' event
2026-05-11T00:11:04:       ^
2026-05-11T00:11:04: 
2026-05-11T00:11:04: Error: listen EADDRINUSE: address already in use :::5001
2026-05-11T00:11:04:     at Server.setupListenHandle [as _listen2] (node:net:1940:16)
2026-05-11T00:11:04:     at listenInCluster (node:net:1997:12)
2026-05-11T00:11:04:     at Server.listen (node:net:2102:7)
2026-05-11T00:11:04:     at app.listen (C:\Users\Anmol\OneDrive\Desktop\B\coding-portal\judge\node_modules\express\lib\application.js:635:24)
2026-05-11T00:11:04:     at <anonymous> (C:\Users\Anmol\OneDrive\Desktop\B\coding-portal\judge\src\index.ts:216:5)
2026-05-11T00:11:04:     at ModuleJob.run (node:internal/modules/esm/module_job:430:25)
2026-05-11T00:11:04:     at process.processTicksAndRejections (node:internal/process/task_queues:103:5)
2026-05-11T00:11:04:     at async onImport.tracePromise.__proto__ (node:internal/modules/esm/loader:661:26)
2026-05-11T00:11:04:     at async asyncRunEntryPointWithESMLoader (node:internal/modules/run_main:101:5)
2026-05-11T00:11:04: Emitted 'error' event on Server instance at:
2026-05-11T00:11:04:     at emitErrorNT (node:net:1976:8)
2026-05-11T00:11:04:     at process.processTicksAndRejections (node:internal/process/task_queues:89:21) {
2026-05-11T00:11:04:   code: 'EADDRINUSE',
2026-05-11T00:11:04:   errno: -4091,
2026-05-11T00:11:04:   syscall: 'listen',
2026-05-11T00:11:04:   address: '::',
2026-05-11T00:11:04:   port: 5001
2026-05-11T00:11:04: }
2026-05-11T00:11:04: 
2026-05-11T00:11:04: Node.js v24.13.1
2026-05-11T00:11:06: node:events:486
2026-05-11T00:11:06:       throw er; // Unhandled 'error' event
2026-05-11T00:11:06:       ^
2026-05-11T00:11:06: 
2026-05-11T00:11:06: Error: listen EADDRINUSE: address already in use :::5001
2026-05-11T00:11:06:     at Server.setupListenHandle [as _listen2] (node:net:1940:16)
2026-05-11T00:11:06:     at listenInCluster (node:net:1997:12)
2026-05-11T00:11:06:     at Server.listen (node:net:2102:7)
2026-05-11T00:11:06:     at app.listen (C:\Users\Anmol\OneDrive\Desktop\B\coding-portal\judge\node_modules\express\lib\application.js:635:24)
2026-05-11T00:11:06:     at <anonymous> (C:\Users\Anmol\OneDrive\Desktop\B\coding-portal\judge\src\index.ts:216:5)
2026-05-11T00:11:06:     at ModuleJob.run (node:internal/modules/esm/module_job:430:25)
2026-05-11T00:11:06:     at process.processTicksAndRejections (node:internal/process/task_queues:103:5)
2026-05-11T00:11:06:     at async onImport.tracePromise.__proto__ (node:internal/modules/esm/loader:661:26)
2026-05-11T00:11:06:     at async asyncRunEntryPointWithESMLoader (node:internal/modules/run_main:101:5)
2026-05-11T00:11:06: Emitted 'error' event on Server instance at:
2026-05-11T00:11:06:     at emitErrorNT (node:net:1976:8)
2026-05-11T00:11:06:     at process.processTicksAndRejections (node:internal/process/task_queues:89:21) {
2026-05-11T00:11:06:   code: 'EADDRINUSE',
2026-05-11T00:11:06:   errno: -4091,
2026-05-11T00:11:06:   syscall: 'listen',
2026-05-11T00:11:06:   address: '::',
2026-05-11T00:11:06:   port: 5001
2026-05-11T00:11:06: }
2026-05-11T00:11:06: 
2026-05-11T00:11:06: Node.js v24.13.1
2026-05-11T00:11:09: node:events:486
2026-05-11T00:11:09:       throw er; // Unhandled 'error' event
2026-05-11T00:11:09:       ^
2026-05-11T00:11:09: 
2026-05-11T00:11:09: Error: listen EADDRINUSE: address already in use :::5001
2026-05-11T00:11:09:     at Server.setupListenHandle [as _listen2] (node:net:1940:16)
2026-05-11T00:11:09:     at listenInCluster (node:net:1997:12)
2026-05-11T00:11:09:     at Server.listen (node:net:2102:7)
2026-05-11T00:11:09:     at app.listen (C:\Users\Anmol\OneDrive\Desktop\B\coding-portal\judge\node_modules\express\lib\application.js:635:24)
2026-05-11T00:11:09:     at <anonymous> (C:\Users\Anmol\OneDrive\Desktop\B\coding-portal\judge\src\index.ts:216:5)
2026-05-11T00:11:09:     at ModuleJob.run (node:internal/modules/esm/module_job:430:25)
2026-05-11T00:11:09:     at process.processTicksAndRejections (node:internal/process/task_queues:103:5)
2026-05-11T00:11:09:     at async onImport.tracePromise.__proto__ (node:internal/modules/esm/loader:661:26)
2026-05-11T00:11:09:     at async asyncRunEntryPointWithESMLoader (node:internal/modules/run_main:101:5)
2026-05-11T00:11:09: Emitted 'error' event on Server instance at:
2026-05-11T00:11:09:     at emitErrorNT (node:net:1976:8)
2026-05-11T00:11:09:     at process.processTicksAndRejections (node:internal/process/task_queues:89:21) {
2026-05-11T00:11:09:   code: 'EADDRINUSE',
2026-05-11T00:11:09:   errno: -4091,
2026-05-11T00:11:09:   syscall: 'listen',
2026-05-11T00:11:09:   address: '::',
2026-05-11T00:11:09:   port: 5001
2026-05-11T00:11:09: }
2026-05-11T00:11:09: 
2026-05-11T00:11:09: Node.js v24.13.1
2026-05-11T00:11:11: node:events:486
2026-05-11T00:11:11:       throw er; // Unhandled 'error' event
2026-05-11T00:11:11:       ^
2026-05-11T00:11:11: 
2026-05-11T00:11:11: Error: listen EADDRINUSE: address already in use :::5001
2026-05-11T00:11:11:     at Server.setupListenHandle [as _listen2] (node:net:1940:16)
2026-05-11T00:11:11:     at listenInCluster (node:net:1997:12)
2026-05-11T00:11:11:     at Server.listen (node:net:2102:7)
2026-05-11T00:11:11:     at app.listen (C:\Users\Anmol\OneDrive\Desktop\B\coding-portal\judge\node_modules\express\lib\application.js:635:24)
2026-05-11T00:11:11:     at <anonymous> (C:\Users\Anmol\OneDrive\Desktop\B\coding-portal\judge\src\index.ts:216:5)
2026-05-11T00:11:11:     at ModuleJob.run (node:internal/modules/esm/module_job:430:25)
2026-05-11T00:11:11:     at process.processTicksAndRejections (node:internal/process/task_queues:103:5)
2026-05-11T00:11:11:     at async onImport.tracePromise.__proto__ (node:internal/modules/esm/loader:661:26)
2026-05-11T00:11:11:     at async asyncRunEntryPointWithESMLoader (node:internal/modules/run_main:101:5)
2026-05-11T00:11:11: Emitted 'error' event on Server instance at:
2026-05-11T00:11:11:     at emitErrorNT (node:net:1976:8)
2026-05-11T00:11:11:     at process.processTicksAndRejections (node:internal/process/task_queues:89:21) {
2026-05-11T00:11:11:   code: 'EADDRINUSE',
2026-05-11T00:11:11:   errno: -4091,
2026-05-11T00:11:11:   syscall: 'listen',
2026-05-11T00:11:11:   address: '::',
2026-05-11T00:11:11:   port: 5001
2026-05-11T00:11:11: }
2026-05-11T00:11:11: 
2026-05-11T00:11:11: Node.js v24.13.1
2026-05-11T00:11:13: node:events:486
2026-05-11T00:11:13:       throw er; // Unhandled 'error' event
2026-05-11T00:11:13:       ^
2026-05-11T00:11:13: 
2026-05-11T00:11:13: Error: listen EADDRINUSE: address already in use :::5001
2026-05-11T00:11:13:     at Server.setupListenHandle [as _listen2] (node:net:1940:16)
2026-05-11T00:11:13:     at listenInCluster (node:net:1997:12)
2026-05-11T00:11:13:     at Server.listen (node:net:2102:7)
2026-05-11T00:11:13:     at app.listen (C:\Users\Anmol\OneDrive\Desktop\B\coding-portal\judge\node_modules\express\lib\application.js:635:24)
2026-05-11T00:11:13:     at <anonymous> (C:\Users\Anmol\OneDrive\Desktop\B\coding-portal\judge\src\index.ts:216:5)
2026-05-11T00:11:13:     at ModuleJob.run (node:internal/modules/esm/module_job:430:25)
2026-05-11T00:11:13:     at process.processTicksAndRejections (node:internal/process/task_queues:103:5)
2026-05-11T00:11:13:     at async onImport.tracePromise.__proto__ (node:internal/modules/esm/loader:661:26)
2026-05-11T00:11:13:     at async asyncRunEntryPointWithESMLoader (node:internal/modules/run_main:101:5)
2026-05-11T00:11:13: Emitted 'error' event on Server instance at:
2026-05-11T00:11:13:     at emitErrorNT (node:net:1976:8)
2026-05-11T00:11:13:     at process.processTicksAndRejections (node:internal/process/task_queues:89:21) {
2026-05-11T00:11:13:   code: 'EADDRINUSE',
2026-05-11T00:11:13:   errno: -4091,
2026-05-11T00:11:13:   syscall: 'listen',
2026-05-11T00:11:13:   address: '::',
2026-05-11T00:11:13:   port: 5001
2026-05-11T00:11:13: }
2026-05-11T00:11:13: 
2026-05-11T00:11:13: Node.js v24.13.1
2026-05-11T00:11:15: node:events:486
2026-05-11T00:11:15:       throw er; // Unhandled 'error' event
2026-05-11T00:11:15:       ^
2026-05-11T00:11:15: 
2026-05-11T00:11:15: Error: listen EADDRINUSE: address already in use :::5001
2026-05-11T00:11:15:     at Server.setupListenHandle [as _listen2] (node:net:1940:16)
2026-05-11T00:11:15:     at listenInCluster (node:net:1997:12)
2026-05-11T00:11:15:     at Server.listen (node:net:2102:7)
2026-05-11T00:11:15:     at app.listen (C:\Users\Anmol\OneDrive\Desktop\B\coding-portal\judge\node_modules\express\lib\application.js:635:24)
2026-05-11T00:11:15:     at <anonymous> (C:\Users\Anmol\OneDrive\Desktop\B\coding-portal\judge\src\index.ts:216:5)
2026-05-11T00:11:15:     at ModuleJob.run (node:internal/modules/esm/module_job:430:25)
2026-05-11T00:11:15:     at process.processTicksAndRejections (node:internal/process/task_queues:103:5)
2026-05-11T00:11:15:     at async onImport.tracePromise.__proto__ (node:internal/modules/esm/loader:661:26)
2026-05-11T00:11:15:     at async asyncRunEntryPointWithESMLoader (node:internal/modules/run_main:101:5)
2026-05-11T00:11:15: Emitted 'error' event on Server instance at:
2026-05-11T00:11:15:     at emitErrorNT (node:net:1976:8)
2026-05-11T00:11:15:     at process.processTicksAndRejections (node:internal/process/task_queues:89:21) {
2026-05-11T00:11:15:   code: 'EADDRINUSE',
2026-05-11T00:11:15:   errno: -4091,
2026-05-11T00:11:15:   syscall: 'listen',
2026-05-11T00:11:15:   address: '::',
2026-05-11T00:11:15:   port: 5001
2026-05-11T00:11:15: }
2026-05-11T00:11:15: 
2026-05-11T00:11:15: Node.js v24.13.1
2026-05-11T00:11:17: node:events:486
2026-05-11T00:11:17:       throw er; // Unhandled 'error' event
2026-05-11T00:11:17:       ^
2026-05-11T00:11:17: 
2026-05-11T00:11:17: Error: listen EADDRINUSE: address already in use :::5001
2026-05-11T00:11:17:     at Server.setupListenHandle [as _listen2] (node:net:1940:16)
2026-05-11T00:11:17:     at listenInCluster (node:net:1997:12)
2026-05-11T00:11:17:     at Server.listen (node:net:2102:7)
2026-05-11T00:11:17:     at app.listen (C:\Users\Anmol\OneDrive\Desktop\B\coding-portal\judge\node_modules\express\lib\application.js:635:24)
2026-05-11T00:11:17:     at <anonymous> (C:\Users\Anmol\OneDrive\Desktop\B\coding-portal\judge\src\index.ts:216:5)
2026-05-11T00:11:17:     at ModuleJob.run (node:internal/modules/esm/module_job:430:25)
2026-05-11T00:11:17:     at process.processTicksAndRejections (node:internal/process/task_queues:103:5)
2026-05-11T00:11:17:     at async onImport.tracePromise.__proto__ (node:internal/modules/esm/loader:661:26)
2026-05-11T00:11:17:     at async asyncRunEntryPointWithESMLoader (node:internal/modules/run_main:101:5)
2026-05-11T00:11:17: Emitted 'error' event on Server instance at:
2026-05-11T00:11:17:     at emitErrorNT (node:net:1976:8)
2026-05-11T00:11:17:     at process.processTicksAndRejections (node:internal/process/task_queues:89:21) {
2026-05-11T00:11:17:   code: 'EADDRINUSE',
2026-05-11T00:11:17:   errno: -4091,
2026-05-11T00:11:17:   syscall: 'listen',
2026-05-11T00:11:17:   address: '::',
2026-05-11T00:11:17:   port: 5001
2026-05-11T00:11:17: }
2026-05-11T00:11:17: 
2026-05-11T00:11:17: Node.js v24.13.1
2026-05-11T00:11:19: node:events:486
2026-05-11T00:11:19:       throw er; // Unhandled 'error' event
2026-05-11T00:11:19:       ^
2026-05-11T00:11:19: 
2026-05-11T00:11:19: Error: listen EADDRINUSE: address already in use :::5001
2026-05-11T00:11:19:     at Server.setupListenHandle [as _listen2] (node:net:1940:16)
2026-05-11T00:11:19:     at listenInCluster (node:net:1997:12)
2026-05-11T00:11:19:     at Server.listen (node:net:2102:7)
2026-05-11T00:11:19:     at app.listen (C:\Users\Anmol\OneDrive\Desktop\B\coding-portal\judge\node_modules\express\lib\application.js:635:24)
2026-05-11T00:11:19:     at <anonymous> (C:\Users\Anmol\OneDrive\Desktop\B\coding-portal\judge\src\index.ts:216:5)
2026-05-11T00:11:19:     at ModuleJob.run (node:internal/modules/esm/module_job:430:25)
2026-05-11T00:11:19:     at process.processTicksAndRejections (node:internal/process/task_queues:103:5)
2026-05-11T00:11:19:     at async onImport.tracePromise.__proto__ (node:internal/modules/esm/loader:661:26)
2026-05-11T00:11:19:     at async asyncRunEntryPointWithESMLoader (node:internal/modules/run_main:101:5)
2026-05-11T00:11:19: Emitted 'error' event on Server instance at:
2026-05-11T00:11:19:     at emitErrorNT (node:net:1976:8)
2026-05-11T00:11:19:     at process.processTicksAndRejections (node:internal/process/task_queues:89:21) {
2026-05-11T00:11:19:   code: 'EADDRINUSE',
2026-05-11T00:11:19:   errno: -4091,
2026-05-11T00:11:19:   syscall: 'listen',
2026-05-11T00:11:19:   address: '::',
2026-05-11T00:11:19:   port: 5001
2026-05-11T00:11:19: }
2026-05-11T00:11:19: 
2026-05-11T00:11:19: Node.js v24.13.1
2026-05-11T00:11:21: node:events:486
2026-05-11T00:11:21:       throw er; // Unhandled 'error' event
2026-05-11T00:11:21:       ^
2026-05-11T00:11:21: 
2026-05-11T00:11:21: Error: listen EADDRINUSE: address already in use :::5001
2026-05-11T00:11:21:     at Server.setupListenHandle [as _listen2] (node:net:1940:16)
2026-05-11T00:11:21:     at listenInCluster (node:net:1997:12)
2026-05-11T00:11:21:     at Server.listen (node:net:2102:7)
2026-05-11T00:11:21:     at app.listen (C:\Users\Anmol\OneDrive\Desktop\B\coding-portal\judge\node_modules\express\lib\application.js:635:24)
2026-05-11T00:11:21:     at <anonymous> (C:\Users\Anmol\OneDrive\Desktop\B\coding-portal\judge\src\index.ts:216:5)
2026-05-11T00:11:21:     at ModuleJob.run (node:internal/modules/esm/module_job:430:25)
2026-05-11T00:11:21:     at process.processTicksAndRejections (node:internal/process/task_queues:103:5)
2026-05-11T00:11:21:     at async onImport.tracePromise.__proto__ (node:internal/modules/esm/loader:661:26)
2026-05-11T00:11:21:     at async asyncRunEntryPointWithESMLoader (node:internal/modules/run_main:101:5)
2026-05-11T00:11:21: Emitted 'error' event on Server instance at:
2026-05-11T00:11:21:     at emitErrorNT (node:net:1976:8)
2026-05-11T00:11:21:     at process.processTicksAndRejections (node:internal/process/task_queues:89:21) {
2026-05-11T00:11:21:   code: 'EADDRINUSE',
2026-05-11T00:11:21:   errno: -4091,
2026-05-11T00:11:21:   syscall: 'listen',
2026-05-11T00:11:21:   address: '::',
2026-05-11T00:11:21:   port: 5001
2026-05-11T00:11:21: }
2026-05-11T00:11:21: 
2026-05-11T00:11:21: Node.js v24.13.1
2026-05-11T00:11:22: node:events:486
2026-05-11T00:11:22:       throw er; // Unhandled 'error' event
2026-05-11T00:11:22:       ^
2026-05-11T00:11:22: 
2026-05-11T00:11:22: Error: listen EADDRINUSE: address already in use :::5001
2026-05-11T00:11:22:     at Server.setupListenHandle [as _listen2] (node:net:1940:16)
2026-05-11T00:11:22:     at listenInCluster (node:net:1997:12)
2026-05-11T00:11:22:     at Server.listen (node:net:2102:7)
2026-05-11T00:11:22:     at app.listen (C:\Users\Anmol\OneDrive\Desktop\B\coding-portal\judge\node_modules\express\lib\application.js:635:24)
2026-05-11T00:11:22:     at <anonymous> (C:\Users\Anmol\OneDrive\Desktop\B\coding-portal\judge\src\index.ts:216:5)
2026-05-11T00:11:22:     at ModuleJob.run (node:internal/modules/esm/module_job:430:25)
2026-05-11T00:11:22:     at process.processTicksAndRejections (node:internal/process/task_queues:103:5)
2026-05-11T00:11:22:     at async onImport.tracePromise.__proto__ (node:internal/modules/esm/loader:661:26)
2026-05-11T00:11:22:     at async asyncRunEntryPointWithESMLoader (node:internal/modules/run_main:101:5)
2026-05-11T00:11:22: Emitted 'error' event on Server instance at:
2026-05-11T00:11:22:     at emitErrorNT (node:net:1976:8)
2026-05-11T00:11:22:     at process.processTicksAndRejections (node:internal/process/task_queues:89:21) {
2026-05-11T00:11:22:   code: 'EADDRINUSE',
2026-05-11T00:11:22:   errno: -4091,
2026-05-11T00:11:22:   syscall: 'listen',
2026-05-11T00:11:22:   address: '::',
2026-05-11T00:11:22:   port: 5001
2026-05-11T00:11:22: }
2026-05-11T00:11:22: 
2026-05-11T00:11:22: Node.js v24.13.1
2026-05-11T00:11:24: node:events:486
2026-05-11T00:11:24:       throw er; // Unhandled 'error' event
2026-05-11T00:11:24:       ^
2026-05-11T00:11:24: 
2026-05-11T00:11:24: Error: listen EADDRINUSE: address already in use :::5001
2026-05-11T00:11:24:     at Server.setupListenHandle [as _listen2] (node:net:1940:16)
2026-05-11T00:11:24:     at listenInCluster (node:net:1997:12)
2026-05-11T00:11:24:     at Server.listen (node:net:2102:7)
2026-05-11T00:11:24:     at app.listen (C:\Users\Anmol\OneDrive\Desktop\B\coding-portal\judge\node_modules\express\lib\application.js:635:24)
2026-05-11T00:11:24:     at <anonymous> (C:\Users\Anmol\OneDrive\Desktop\B\coding-portal\judge\src\index.ts:216:5)
2026-05-11T00:11:24:     at ModuleJob.run (node:internal/modules/esm/module_job:430:25)
2026-05-11T00:11:24:     at process.processTicksAndRejections (node:internal/process/task_queues:103:5)
2026-05-11T00:11:24:     at async onImport.tracePromise.__proto__ (node:internal/modules/esm/loader:661:26)
2026-05-11T00:11:24:     at async asyncRunEntryPointWithESMLoader (node:internal/modules/run_main:101:5)
2026-05-11T00:11:24: Emitted 'error' event on Server instance at:
2026-05-11T00:11:24:     at emitErrorNT (node:net:1976:8)
2026-05-11T00:11:24:     at process.processTicksAndRejections (node:internal/process/task_queues:89:21) {
2026-05-11T00:11:24:   code: 'EADDRINUSE',
2026-05-11T00:11:24:   errno: -4091,
2026-05-11T00:11:24:   syscall: 'listen',
2026-05-11T00:11:24:   address: '::',
2026-05-11T00:11:24:   port: 5001
2026-05-11T00:11:24: }
2026-05-11T00:11:24: 
2026-05-11T00:11:24: Node.js v24.13.1
2026-05-11T00:11:26: node:events:486
2026-05-11T00:11:26:       throw er; // Unhandled 'error' event
2026-05-11T00:11:26:       ^
2026-05-11T00:11:26: 
2026-05-11T00:11:26: Error: listen EADDRINUSE: address already in use :::5001
2026-05-11T00:11:26:     at Server.setupListenHandle [as _listen2] (node:net:1940:16)
2026-05-11T00:11:26:     at listenInCluster (node:net:1997:12)
2026-05-11T00:11:26:     at Server.listen (node:net:2102:7)
2026-05-11T00:11:26:     at app.listen (C:\Users\Anmol\OneDrive\Desktop\B\coding-portal\judge\node_modules\express\lib\application.js:635:24)
2026-05-11T00:11:26:     at <anonymous> (C:\Users\Anmol\OneDrive\Desktop\B\coding-portal\judge\src\index.ts:216:5)
2026-05-11T00:11:26:     at ModuleJob.run (node:internal/modules/esm/module_job:430:25)
2026-05-11T00:11:26:     at process.processTicksAndRejections (node:internal/process/task_queues:103:5)
2026-05-11T00:11:26:     at async onImport.tracePromise.__proto__ (node:internal/modules/esm/loader:661:26)
2026-05-11T00:11:26:     at async asyncRunEntryPointWithESMLoader (node:internal/modules/run_main:101:5)
2026-05-11T00:11:26: Emitted 'error' event on Server instance at:
2026-05-11T00:11:26:     at emitErrorNT (node:net:1976:8)
2026-05-11T00:11:26:     at process.processTicksAndRejections (node:internal/process/task_queues:89:21) {
2026-05-11T00:11:26:   code: 'EADDRINUSE',
2026-05-11T00:11:26:   errno: -4091,
2026-05-11T00:11:26:   syscall: 'listen',
2026-05-11T00:11:26:   address: '::',
2026-05-11T00:11:26:   port: 5001
2026-05-11T00:11:26: }
2026-05-11T00:11:26: 
2026-05-11T00:11:26: Node.js v24.13.1
2026-05-11T00:11:27: node:events:486
2026-05-11T00:11:27:       throw er; // Unhandled 'error' event
2026-05-11T00:11:27:       ^
2026-05-11T00:11:27: 
2026-05-11T00:11:27: Error: listen EADDRINUSE: address already in use :::5001
2026-05-11T00:11:27:     at Server.setupListenHandle [as _listen2] (node:net:1940:16)
2026-05-11T00:11:27:     at listenInCluster (node:net:1997:12)
2026-05-11T00:11:27:     at Server.listen (node:net:2102:7)
2026-05-11T00:11:27:     at app.listen (C:\Users\Anmol\OneDrive\Desktop\B\coding-portal\judge\node_modules\express\lib\application.js:635:24)
2026-05-11T00:11:27:     at <anonymous> (C:\Users\Anmol\OneDrive\Desktop\B\coding-portal\judge\src\index.ts:216:5)
2026-05-11T00:11:27:     at ModuleJob.run (node:internal/modules/esm/module_job:430:25)
2026-05-11T00:11:27:     at process.processTicksAndRejections (node:internal/process/task_queues:103:5)
2026-05-11T00:11:27:     at async onImport.tracePromise.__proto__ (node:internal/modules/esm/loader:661:26)
2026-05-11T00:11:27:     at async asyncRunEntryPointWithESMLoader (node:internal/modules/run_main:101:5)
2026-05-11T00:11:27: Emitted 'error' event on Server instance at:
2026-05-11T00:11:27:     at emitErrorNT (node:net:1976:8)
2026-05-11T00:11:27:     at process.processTicksAndRejections (node:internal/process/task_queues:89:21) {
2026-05-11T00:11:27:   code: 'EADDRINUSE',
2026-05-11T00:11:27:   errno: -4091,
2026-05-11T00:11:27:   syscall: 'listen',
2026-05-11T00:11:27:   address: '::',
2026-05-11T00:11:27:   port: 5001
2026-05-11T00:11:27: }
2026-05-11T00:11:27: 
2026-05-11T00:11:27: Node.js v24.13.1
2026-05-11T00:11:29: node:events:486
2026-05-11T00:11:29:       throw er; // Unhandled 'error' event
2026-05-11T00:11:29:       ^
2026-05-11T00:11:29: 
2026-05-11T00:11:29: Error: listen EADDRINUSE: address already in use :::5001
2026-05-11T00:11:29:     at Server.setupListenHandle [as _listen2] (node:net:1940:16)
2026-05-11T00:11:29:     at listenInCluster (node:net:1997:12)
2026-05-11T00:11:29:     at Server.listen (node:net:2102:7)
2026-05-11T00:11:29:     at app.listen (C:\Users\Anmol\OneDrive\Desktop\B\coding-portal\judge\node_modules\express\lib\application.js:635:24)
2026-05-11T00:11:29:     at <anonymous> (C:\Users\Anmol\OneDrive\Desktop\B\coding-portal\judge\src\index.ts:216:5)
2026-05-11T00:11:29:     at ModuleJob.run (node:internal/modules/esm/module_job:430:25)
2026-05-11T00:11:29:     at process.processTicksAndRejections (node:internal/process/task_queues:103:5)
2026-05-11T00:11:29:     at async onImport.tracePromise.__proto__ (node:internal/modules/esm/loader:661:26)
2026-05-11T00:11:29:     at async asyncRunEntryPointWithESMLoader (node:internal/modules/run_main:101:5)
2026-05-11T00:11:29: Emitted 'error' event on Server instance at:
2026-05-11T00:11:29:     at emitErrorNT (node:net:1976:8)
2026-05-11T00:11:29:     at process.processTicksAndRejections (node:internal/process/task_queues:89:21) {
2026-05-11T00:11:29:   code: 'EADDRINUSE',
2026-05-11T00:11:29:   errno: -4091,
2026-05-11T00:11:29:   syscall: 'listen',
2026-05-11T00:11:29:   address: '::',
2026-05-11T00:11:29:   port: 5001
2026-05-11T00:11:29: }
2026-05-11T00:11:29: 
2026-05-11T00:11:29: Node.js v24.13.1
2026-05-11T00:11:30: node:events:486
2026-05-11T00:11:30:       throw er; // Unhandled 'error' event
2026-05-11T00:11:30:       ^
2026-05-11T00:11:30: 
2026-05-11T00:11:30: Error: listen EADDRINUSE: address already in use :::5001
2026-05-11T00:11:30:     at Server.setupListenHandle [as _listen2] (node:net:1940:16)
2026-05-11T00:11:30:     at listenInCluster (node:net:1997:12)
2026-05-11T00:11:30:     at Server.listen (node:net:2102:7)
2026-05-11T00:11:30:     at app.listen (C:\Users\Anmol\OneDrive\Desktop\B\coding-portal\judge\node_modules\express\lib\application.js:635:24)
2026-05-11T00:11:30:     at <anonymous> (C:\Users\Anmol\OneDrive\Desktop\B\coding-portal\judge\src\index.ts:216:5)
2026-05-11T00:11:30:     at ModuleJob.run (node:internal/modules/esm/module_job:430:25)
2026-05-11T00:11:30:     at process.processTicksAndRejections (node:internal/process/task_queues:103:5)
2026-05-11T00:11:30:     at async onImport.tracePromise.__proto__ (node:internal/modules/esm/loader:661:26)
2026-05-11T00:11:30:     at async asyncRunEntryPointWithESMLoader (node:internal/modules/run_main:101:5)
2026-05-11T00:11:30: Emitted 'error' event on Server instance at:
2026-05-11T00:11:30:     at emitErrorNT (node:net:1976:8)
2026-05-11T00:11:30:     at process.processTicksAndRejections (node:internal/process/task_queues:89:21) {
2026-05-11T00:11:30:   code: 'EADDRINUSE',
2026-05-11T00:11:30:   errno: -4091,
2026-05-11T00:11:30:   syscall: 'listen',
2026-05-11T00:11:30:   address: '::',
2026-05-11T00:11:30:   port: 5001
2026-05-11T00:11:30: }
2026-05-11T00:11:30: 
2026-05-11T00:11:30: Node.js v24.13.1
2026-05-11T00:11:32: node:events:486
2026-05-11T00:11:32:       throw er; // Unhandled 'error' event
2026-05-11T00:11:32:       ^
2026-05-11T00:11:32: 
2026-05-11T00:11:32: Error: listen EADDRINUSE: address already in use :::5001
2026-05-11T00:11:32:     at Server.setupListenHandle [as _listen2] (node:net:1940:16)
2026-05-11T00:11:32:     at listenInCluster (node:net:1997:12)
2026-05-11T00:11:32:     at Server.listen (node:net:2102:7)
2026-05-11T00:11:32:     at app.listen (C:\Users\Anmol\OneDrive\Desktop\B\coding-portal\judge\node_modules\express\lib\application.js:635:24)
2026-05-11T00:11:32:     at <anonymous> (C:\Users\Anmol\OneDrive\Desktop\B\coding-portal\judge\src\index.ts:216:5)
2026-05-11T00:11:32:     at ModuleJob.run (node:internal/modules/esm/module_job:430:25)
2026-05-11T00:11:32:     at process.processTicksAndRejections (node:internal/process/task_queues:103:5)
2026-05-11T00:11:32:     at async onImport.tracePromise.__proto__ (node:internal/modules/esm/loader:661:26)
2026-05-11T00:11:32:     at async asyncRunEntryPointWithESMLoader (node:internal/modules/run_main:101:5)
2026-05-11T00:11:32: Emitted 'error' event on Server instance at:
2026-05-11T00:11:32:     at emitErrorNT (node:net:1976:8)
2026-05-11T00:11:32:     at process.processTicksAndRejections (node:internal/process/task_queues:89:21) {
2026-05-11T00:11:32:   code: 'EADDRINUSE',
2026-05-11T00:11:32:   errno: -4091,
2026-05-11T00:11:32:   syscall: 'listen',
2026-05-11T00:11:32:   address: '::',
2026-05-11T00:11:32:   port: 5001
2026-05-11T00:11:32: }
2026-05-11T00:11:32: 
2026-05-11T00:11:32: Node.js v24.13.1
2026-05-11T00:11:33: node:events:486
2026-05-11T00:11:33:       throw er; // Unhandled 'error' event
2026-05-11T00:11:33:       ^
2026-05-11T00:11:33: 
2026-05-11T00:11:33: Error: listen EADDRINUSE: address already in use :::5001
2026-05-11T00:11:33:     at Server.setupListenHandle [as _listen2] (node:net:1940:16)
2026-05-11T00:11:33:     at listenInCluster (node:net:1997:12)
2026-05-11T00:11:33:     at Server.listen (node:net:2102:7)
2026-05-11T00:11:33:     at app.listen (C:\Users\Anmol\OneDrive\Desktop\B\coding-portal\judge\node_modules\express\lib\application.js:635:24)
2026-05-11T00:11:33:     at <anonymous> (C:\Users\Anmol\OneDrive\Desktop\B\coding-portal\judge\src\index.ts:216:5)
2026-05-11T00:11:33:     at ModuleJob.run (node:internal/modules/esm/module_job:430:25)
2026-05-11T00:11:33:     at process.processTicksAndRejections (node:internal/process/task_queues:103:5)
2026-05-11T00:11:33:     at async onImport.tracePromise.__proto__ (node:internal/modules/esm/loader:661:26)
2026-05-11T00:11:33:     at async asyncRunEntryPointWithESMLoader (node:internal/modules/run_main:101:5)
2026-05-11T00:11:33: Emitted 'error' event on Server instance at:
2026-05-11T00:11:33:     at emitErrorNT (node:net:1976:8)
2026-05-11T00:11:33:     at process.processTicksAndRejections (node:internal/process/task_queues:89:21) {
2026-05-11T00:11:33:   code: 'EADDRINUSE',
2026-05-11T00:11:33:   errno: -4091,
2026-05-11T00:11:33:   syscall: 'listen',
2026-05-11T00:11:33:   address: '::',
2026-05-11T00:11:33:   port: 5001
2026-05-11T00:11:33: }
2026-05-11T00:11:33: 
2026-05-11T00:11:33: Node.js v24.13.1
2026-05-11T00:11:35: node:events:486
2026-05-11T00:11:35:       throw er; // Unhandled 'error' event
2026-05-11T00:11:35:       ^
2026-05-11T00:11:35: 
2026-05-11T00:11:35: Error: listen EADDRINUSE: address already in use :::5001
2026-05-11T00:11:35:     at Server.setupListenHandle [as _listen2] (node:net:1940:16)
2026-05-11T00:11:35:     at listenInCluster (node:net:1997:12)
2026-05-11T00:11:35:     at Server.listen (node:net:2102:7)
2026-05-11T00:11:35:     at app.listen (C:\Users\Anmol\OneDrive\Desktop\B\coding-portal\judge\node_modules\express\lib\application.js:635:24)
2026-05-11T00:11:35:     at <anonymous> (C:\Users\Anmol\OneDrive\Desktop\B\coding-portal\judge\src\index.ts:216:5)
2026-05-11T00:11:35:     at ModuleJob.run (node:internal/modules/esm/module_job:430:25)
2026-05-11T00:11:35:     at process.processTicksAndRejections (node:internal/process/task_queues:103:5)
2026-05-11T00:11:35:     at async onImport.tracePromise.__proto__ (node:internal/modules/esm/loader:661:26)
2026-05-11T00:11:35:     at async asyncRunEntryPointWithESMLoader (node:internal/modules/run_main:101:5)
2026-05-11T00:11:35: Emitted 'error' event on Server instance at:
2026-05-11T00:11:35:     at emitErrorNT (node:net:1976:8)
2026-05-11T00:11:35:     at process.processTicksAndRejections (node:internal/process/task_queues:89:21) {
2026-05-11T00:11:35:   code: 'EADDRINUSE',
2026-05-11T00:11:35:   errno: -4091,
2026-05-11T00:11:35:   syscall: 'listen',
2026-05-11T00:11:35:   address: '::',
2026-05-11T00:11:35:   port: 5001
2026-05-11T00:11:35: }
2026-05-11T00:11:35: 
2026-05-11T00:11:35: Node.js v24.13.1
2026-05-11T00:11:37: node:events:486
2026-05-11T00:11:37:       throw er; // Unhandled 'error' event
2026-05-11T00:11:37:       ^
2026-05-11T00:11:37: 
2026-05-11T00:11:37: Error: listen EADDRINUSE: address already in use :::5001
2026-05-11T00:11:37:     at Server.setupListenHandle [as _listen2] (node:net:1940:16)
2026-05-11T00:11:37:     at listenInCluster (node:net:1997:12)
2026-05-11T00:11:37:     at Server.listen (node:net:2102:7)
2026-05-11T00:11:37:     at app.listen (C:\Users\Anmol\OneDrive\Desktop\B\coding-portal\judge\node_modules\express\lib\application.js:635:24)
2026-05-11T00:11:37:     at <anonymous> (C:\Users\Anmol\OneDrive\Desktop\B\coding-portal\judge\src\index.ts:216:5)
2026-05-11T00:11:37:     at ModuleJob.run (node:internal/modules/esm/module_job:430:25)
2026-05-11T00:11:37:     at process.processTicksAndRejections (node:internal/process/task_queues:103:5)
2026-05-11T00:11:37:     at async onImport.tracePromise.__proto__ (node:internal/modules/esm/loader:661:26)
2026-05-11T00:11:37:     at async asyncRunEntryPointWithESMLoader (node:internal/modules/run_main:101:5)
2026-05-11T00:11:37: Emitted 'error' event on Server instance at:
2026-05-11T00:11:37:     at emitErrorNT (node:net:1976:8)
2026-05-11T00:11:37:     at process.processTicksAndRejections (node:internal/process/task_queues:89:21) {
2026-05-11T00:11:37:   code: 'EADDRINUSE',
2026-05-11T00:11:37:   errno: -4091,
2026-05-11T00:11:37:   syscall: 'listen',
2026-05-11T00:11:37:   address: '::',
2026-05-11T00:11:37:   port: 5001
2026-05-11T00:11:37: }
2026-05-11T00:11:37: 
2026-05-11T00:11:37: Node.js v24.13.1
2026-05-11T00:11:39: node:events:486
2026-05-11T00:11:39:       throw er; // Unhandled 'error' event
2026-05-11T00:11:39:       ^
2026-05-11T00:11:39: 
2026-05-11T00:11:39: Error: listen EADDRINUSE: address already in use :::5001
2026-05-11T00:11:39:     at Server.setupListenHandle [as _listen2] (node:net:1940:16)
2026-05-11T00:11:39:     at listenInCluster (node:net:1997:12)
2026-05-11T00:11:39:     at Server.listen (node:net:2102:7)
2026-05-11T00:11:39:     at app.listen (C:\Users\Anmol\OneDrive\Desktop\B\coding-portal\judge\node_modules\express\lib\application.js:635:24)
2026-05-11T00:11:39:     at <anonymous> (C:\Users\Anmol\OneDrive\Desktop\B\coding-portal\judge\src\index.ts:216:5)
2026-05-11T00:11:39:     at ModuleJob.run (node:internal/modules/esm/module_job:430:25)
2026-05-11T00:11:39:     at process.processTicksAndRejections (node:internal/process/task_queues:103:5)
2026-05-11T00:11:39:     at async onImport.tracePromise.__proto__ (node:internal/modules/esm/loader:661:26)
2026-05-11T00:11:39:     at async asyncRunEntryPointWithESMLoader (node:internal/modules/run_main:101:5)
2026-05-11T00:11:39: Emitted 'error' event on Server instance at:
2026-05-11T00:11:39:     at emitErrorNT (node:net:1976:8)
2026-05-11T00:11:39:     at process.processTicksAndRejections (node:internal/process/task_queues:89:21) {
2026-05-11T00:11:39:   code: 'EADDRINUSE',
2026-05-11T00:11:39:   errno: -4091,
2026-05-11T00:11:39:   syscall: 'listen',
2026-05-11T00:11:39:   address: '::',
2026-05-11T00:11:39:   port: 5001
2026-05-11T00:11:39: }
2026-05-11T00:11:39: 
2026-05-11T00:11:39: Node.js v24.13.1
2026-05-11T00:11:40: node:events:486
2026-05-11T00:11:40:       throw er; // Unhandled 'error' event
2026-05-11T00:11:40:       ^
2026-05-11T00:11:40: 
2026-05-11T00:11:40: Error: listen EADDRINUSE: address already in use :::5001
2026-05-11T00:11:40:     at Server.setupListenHandle [as _listen2] (node:net:1940:16)
2026-05-11T00:11:40:     at listenInCluster (node:net:1997:12)
2026-05-11T00:11:40:     at Server.listen (node:net:2102:7)
2026-05-11T00:11:40:     at app.listen (C:\Users\Anmol\OneDrive\Desktop\B\coding-portal\judge\node_modules\express\lib\application.js:635:24)
2026-05-11T00:11:40:     at <anonymous> (C:\Users\Anmol\OneDrive\Desktop\B\coding-portal\judge\src\index.ts:216:5)
2026-05-11T00:11:40:     at ModuleJob.run (node:internal/modules/esm/module_job:430:25)
2026-05-11T00:11:40:     at process.processTicksAndRejections (node:internal/process/task_queues:103:5)
2026-05-11T00:11:40:     at async onImport.tracePromise.__proto__ (node:internal/modules/esm/loader:661:26)
2026-05-11T00:11:40:     at async asyncRunEntryPointWithESMLoader (node:internal/modules/run_main:101:5)
2026-05-11T00:11:40: Emitted 'error' event on Server instance at:
2026-05-11T00:11:40:     at emitErrorNT (node:net:1976:8)
2026-05-11T00:11:40:     at process.processTicksAndRejections (node:internal/process/task_queues:89:21) {
2026-05-11T00:11:40:   code: 'EADDRINUSE',
2026-05-11T00:11:40:   errno: -4091,
2026-05-11T00:11:40:   syscall: 'listen',
2026-05-11T00:11:40:   address: '::',
2026-05-11T00:11:40:   port: 5001
2026-05-11T00:11:40: }
2026-05-11T00:11:40: 
2026-05-11T00:11:40: Node.js v24.13.1
2026-05-11T00:11:42: node:events:486
2026-05-11T00:11:42:       throw er; // Unhandled 'error' event
2026-05-11T00:11:42:       ^
2026-05-11T00:11:42: 
2026-05-11T00:11:42: Error: listen EADDRINUSE: address already in use :::5001
2026-05-11T00:11:42:     at Server.setupListenHandle [as _listen2] (node:net:1940:16)
2026-05-11T00:11:42:     at listenInCluster (node:net:1997:12)
2026-05-11T00:11:42:     at Server.listen (node:net:2102:7)
2026-05-11T00:11:42:     at app.listen (C:\Users\Anmol\OneDrive\Desktop\B\coding-portal\judge\node_modules\express\lib\application.js:635:24)
2026-05-11T00:11:42:     at <anonymous> (C:\Users\Anmol\OneDrive\Desktop\B\coding-portal\judge\src\index.ts:216:5)
2026-05-11T00:11:42:     at ModuleJob.run (node:internal/modules/esm/module_job:430:25)
2026-05-11T00:11:42:     at process.processTicksAndRejections (node:internal/process/task_queues:103:5)
2026-05-11T00:11:42:     at async onImport.tracePromise.__proto__ (node:internal/modules/esm/loader:661:26)
2026-05-11T00:11:42:     at async asyncRunEntryPointWithESMLoader (node:internal/modules/run_main:101:5)
2026-05-11T00:11:42: Emitted 'error' event on Server instance at:
2026-05-11T00:11:42:     at emitErrorNT (node:net:1976:8)
2026-05-11T00:11:42:     at process.processTicksAndRejections (node:internal/process/task_queues:89:21) {
2026-05-11T00:11:42:   code: 'EADDRINUSE',
2026-05-11T00:11:42:   errno: -4091,
2026-05-11T00:11:42:   syscall: 'listen',
2026-05-11T00:11:42:   address: '::',
2026-05-11T00:11:42:   port: 5001
2026-05-11T00:11:42: }
2026-05-11T00:11:42: 
2026-05-11T00:11:42: Node.js v24.13.1
2026-05-11T00:11:43: node:events:486
2026-05-11T00:11:43:       throw er; // Unhandled 'error' event
2026-05-11T00:11:43:       ^
2026-05-11T00:11:43: 
2026-05-11T00:11:43: Error: listen EADDRINUSE: address already in use :::5001
2026-05-11T00:11:43:     at Server.setupListenHandle [as _listen2] (node:net:1940:16)
2026-05-11T00:11:43:     at listenInCluster (node:net:1997:12)
2026-05-11T00:11:43:     at Server.listen (node:net:2102:7)
2026-05-11T00:11:43:     at app.listen (C:\Users\Anmol\OneDrive\Desktop\B\coding-portal\judge\node_modules\express\lib\application.js:635:24)
2026-05-11T00:11:43:     at <anonymous> (C:\Users\Anmol\OneDrive\Desktop\B\coding-portal\judge\src\index.ts:216:5)
2026-05-11T00:11:43:     at ModuleJob.run (node:internal/modules/esm/module_job:430:25)
2026-05-11T00:11:43:     at process.processTicksAndRejections (node:internal/process/task_queues:103:5)
2026-05-11T00:11:43:     at async onImport.tracePromise.__proto__ (node:internal/modules/esm/loader:661:26)
2026-05-11T00:11:43:     at async asyncRunEntryPointWithESMLoader (node:internal/modules/run_main:101:5)
2026-05-11T00:11:43: Emitted 'error' event on Server instance at:
2026-05-11T00:11:43:     at emitErrorNT (node:net:1976:8)
2026-05-11T00:11:43:     at process.processTicksAndRejections (node:internal/process/task_queues:89:21) {
2026-05-11T00:11:43:   code: 'EADDRINUSE',
2026-05-11T00:11:43:   errno: -4091,
2026-05-11T00:11:43:   syscall: 'listen',
2026-05-11T00:11:43:   address: '::',
2026-05-11T00:11:43:   port: 5001
2026-05-11T00:11:43: }
2026-05-11T00:11:43: 
2026-05-11T00:11:43: Node.js v24.13.1
2026-05-11T00:11:45: node:events:486
2026-05-11T00:11:45:       throw er; // Unhandled 'error' event
2026-05-11T00:11:45:       ^
2026-05-11T00:11:45: 
2026-05-11T00:11:45: Error: listen EADDRINUSE: address already in use :::5001
2026-05-11T00:11:45:     at Server.setupListenHandle [as _listen2] (node:net:1940:16)
2026-05-11T00:11:45:     at listenInCluster (node:net:1997:12)
2026-05-11T00:11:45:     at Server.listen (node:net:2102:7)
2026-05-11T00:11:45:     at app.listen (C:\Users\Anmol\OneDrive\Desktop\B\coding-portal\judge\node_modules\express\lib\application.js:635:24)
2026-05-11T00:11:45:     at <anonymous> (C:\Users\Anmol\OneDrive\Desktop\B\coding-portal\judge\src\index.ts:216:5)
2026-05-11T00:11:45:     at ModuleJob.run (node:internal/modules/esm/module_job:430:25)
2026-05-11T00:11:45:     at process.processTicksAndRejections (node:internal/process/task_queues:103:5)
2026-05-11T00:11:45:     at async onImport.tracePromise.__proto__ (node:internal/modules/esm/loader:661:26)
2026-05-11T00:11:45:     at async asyncRunEntryPointWithESMLoader (node:internal/modules/run_main:101:5)
2026-05-11T00:11:45: Emitted 'error' event on Server instance at:
2026-05-11T00:11:45:     at emitErrorNT (node:net:1976:8)
2026-05-11T00:11:45:     at process.processTicksAndRejections (node:internal/process/task_queues:89:21) {
2026-05-11T00:11:45:   code: 'EADDRINUSE',
2026-05-11T00:11:45:   errno: -4091,
2026-05-11T00:11:45:   syscall: 'listen',
2026-05-11T00:11:45:   address: '::',
2026-05-11T00:11:45:   port: 5001
2026-05-11T00:11:45: }
2026-05-11T00:11:45: 
2026-05-11T00:11:45: Node.js v24.13.1
2026-05-11T00:11:47: node:events:486
2026-05-11T00:11:47:       throw er; // Unhandled 'error' event
2026-05-11T00:11:47:       ^
2026-05-11T00:11:47: 
2026-05-11T00:11:47: Error: listen EADDRINUSE: address already in use :::5001
2026-05-11T00:11:47:     at Server.setupListenHandle [as _listen2] (node:net:1940:16)
2026-05-11T00:11:47:     at listenInCluster (node:net:1997:12)
2026-05-11T00:11:47:     at Server.listen (node:net:2102:7)
2026-05-11T00:11:47:     at app.listen (C:\Users\Anmol\OneDrive\Desktop\B\coding-portal\judge\node_modules\express\lib\application.js:635:24)
2026-05-11T00:11:47:     at <anonymous> (C:\Users\Anmol\OneDrive\Desktop\B\coding-portal\judge\src\index.ts:216:5)
2026-05-11T00:11:47:     at ModuleJob.run (node:internal/modules/esm/module_job:430:25)
2026-05-11T00:11:47:     at process.processTicksAndRejections (node:internal/process/task_queues:103:5)
2026-05-11T00:11:47:     at async onImport.tracePromise.__proto__ (node:internal/modules/esm/loader:661:26)
2026-05-11T00:11:47:     at async asyncRunEntryPointWithESMLoader (node:internal/modules/run_main:101:5)
2026-05-11T00:11:47: Emitted 'error' event on Server instance at:
2026-05-11T00:11:47:     at emitErrorNT (node:net:1976:8)
2026-05-11T00:11:47:     at process.processTicksAndRejections (node:internal/process/task_queues:89:21) {
2026-05-11T00:11:47:   code: 'EADDRINUSE',
2026-05-11T00:11:47:   errno: -4091,
2026-05-11T00:11:47:   syscall: 'listen',
2026-05-11T00:11:47:   address: '::',
2026-05-11T00:11:47:   port: 5001
2026-05-11T00:11:47: }
2026-05-11T00:11:47: 
2026-05-11T00:11:47: Node.js v24.13.1
2026-05-11T00:11:48: node:events:486
2026-05-11T00:11:48:       throw er; // Unhandled 'error' event
2026-05-11T00:11:48:       ^
2026-05-11T00:11:48: 
2026-05-11T00:11:48: Error: listen EADDRINUSE: address already in use :::5001
2026-05-11T00:11:48:     at Server.setupListenHandle [as _listen2] (node:net:1940:16)
2026-05-11T00:11:48:     at listenInCluster (node:net:1997:12)
2026-05-11T00:11:48:     at Server.listen (node:net:2102:7)
2026-05-11T00:11:48:     at app.listen (C:\Users\Anmol\OneDrive\Desktop\B\coding-portal\judge\node_modules\express\lib\application.js:635:24)
2026-05-11T00:11:48:     at <anonymous> (C:\Users\Anmol\OneDrive\Desktop\B\coding-portal\judge\src\index.ts:216:5)
2026-05-11T00:11:48:     at ModuleJob.run (node:internal/modules/esm/module_job:430:25)
2026-05-11T00:11:48:     at process.processTicksAndRejections (node:internal/process/task_queues:103:5)
2026-05-11T00:11:48:     at async onImport.tracePromise.__proto__ (node:internal/modules/esm/loader:661:26)
2026-05-11T00:11:48:     at async asyncRunEntryPointWithESMLoader (node:internal/modules/run_main:101:5)
2026-05-11T00:11:48: Emitted 'error' event on Server instance at:
2026-05-11T00:11:48:     at emitErrorNT (node:net:1976:8)
2026-05-11T00:11:48:     at process.processTicksAndRejections (node:internal/process/task_queues:89:21) {
2026-05-11T00:11:48:   code: 'EADDRINUSE',
2026-05-11T00:11:48:   errno: -4091,
2026-05-11T00:11:48:   syscall: 'listen',
2026-05-11T00:11:48:   address: '::',
2026-05-11T00:11:48:   port: 5001
2026-05-11T00:11:48: }
2026-05-11T00:11:48: 
2026-05-11T00:11:48: Node.js v24.13.1
2026-05-11T00:11:50: node:events:486
2026-05-11T00:11:50:       throw er; // Unhandled 'error' event
2026-05-11T00:11:50:       ^
2026-05-11T00:11:50: 
2026-05-11T00:11:50: Error: listen EADDRINUSE: address already in use :::5001
2026-05-11T00:11:50:     at Server.setupListenHandle [as _listen2] (node:net:1940:16)
2026-05-11T00:11:50:     at listenInCluster (node:net:1997:12)
2026-05-11T00:11:50:     at Server.listen (node:net:2102:7)
2026-05-11T00:11:50:     at app.listen (C:\Users\Anmol\OneDrive\Desktop\B\coding-portal\judge\node_modules\express\lib\application.js:635:24)
2026-05-11T00:11:50:     at <anonymous> (C:\Users\Anmol\OneDrive\Desktop\B\coding-portal\judge\src\index.ts:216:5)
2026-05-11T00:11:50:     at ModuleJob.run (node:internal/modules/esm/module_job:430:25)
2026-05-11T00:11:50:     at process.processTicksAndRejections (node:internal/process/task_queues:103:5)
2026-05-11T00:11:50:     at async onImport.tracePromise.__proto__ (node:internal/modules/esm/loader:661:26)
2026-05-11T00:11:50:     at async asyncRunEntryPointWithESMLoader (node:internal/modules/run_main:101:5)
2026-05-11T00:11:50: Emitted 'error' event on Server instance at:
2026-05-11T00:11:50:     at emitErrorNT (node:net:1976:8)
2026-05-11T00:11:50:     at process.processTicksAndRejections (node:internal/process/task_queues:89:21) {
2026-05-11T00:11:50:   code: 'EADDRINUSE',
2026-05-11T00:11:50:   errno: -4091,
2026-05-11T00:11:50:   syscall: 'listen',
2026-05-11T00:11:50:   address: '::',
2026-05-11T00:11:50:   port: 5001
2026-05-11T00:11:50: }
2026-05-11T00:11:50: 
2026-05-11T00:11:50: Node.js v24.13.1
2026-05-11T00:11:51: node:events:486
2026-05-11T00:11:51:       throw er; // Unhandled 'error' event
2026-05-11T00:11:51:       ^
2026-05-11T00:11:51: 
2026-05-11T00:11:51: Error: listen EADDRINUSE: address already in use :::5001
2026-05-11T00:11:51:     at Server.setupListenHandle [as _listen2] (node:net:1940:16)
2026-05-11T00:11:51:     at listenInCluster (node:net:1997:12)
2026-05-11T00:11:51:     at Server.listen (node:net:2102:7)
2026-05-11T00:11:51:     at app.listen (C:\Users\Anmol\OneDrive\Desktop\B\coding-portal\judge\node_modules\express\lib\application.js:635:24)
2026-05-11T00:11:51:     at <anonymous> (C:\Users\Anmol\OneDrive\Desktop\B\coding-portal\judge\src\index.ts:216:5)
2026-05-11T00:11:51:     at ModuleJob.run (node:internal/modules/esm/module_job:430:25)
2026-05-11T00:11:51:     at process.processTicksAndRejections (node:internal/process/task_queues:103:5)
2026-05-11T00:11:51:     at async onImport.tracePromise.__proto__ (node:internal/modules/esm/loader:661:26)
2026-05-11T00:11:51:     at async asyncRunEntryPointWithESMLoader (node:internal/modules/run_main:101:5)
2026-05-11T00:11:51: Emitted 'error' event on Server instance at:
2026-05-11T00:11:51:     at emitErrorNT (node:net:1976:8)
2026-05-11T00:11:51:     at process.processTicksAndRejections (node:internal/process/task_queues:89:21) {
2026-05-11T00:11:51:   code: 'EADDRINUSE',
2026-05-11T00:11:51:   errno: -4091,
2026-05-11T00:11:51:   syscall: 'listen',
2026-05-11T00:11:51:   address: '::',
2026-05-11T00:11:51:   port: 5001
2026-05-11T00:11:51: }
2026-05-11T00:11:51: 
2026-05-11T00:11:51: Node.js v24.13.1
2026-05-11T00:11:53: node:events:486
2026-05-11T00:11:53:       throw er; // Unhandled 'error' event
2026-05-11T00:11:53:       ^
2026-05-11T00:11:53: 
2026-05-11T00:11:53: Error: listen EADDRINUSE: address already in use :::5001
2026-05-11T00:11:53:     at Server.setupListenHandle [as _listen2] (node:net:1940:16)
2026-05-11T00:11:53:     at listenInCluster (node:net:1997:12)
2026-05-11T00:11:53:     at Server.listen (node:net:2102:7)
2026-05-11T00:11:53:     at app.listen (C:\Users\Anmol\OneDrive\Desktop\B\coding-portal\judge\node_modules\express\lib\application.js:635:24)
2026-05-11T00:11:53:     at <anonymous> (C:\Users\Anmol\OneDrive\Desktop\B\coding-portal\judge\src\index.ts:216:5)
2026-05-11T00:11:53:     at ModuleJob.run (node:internal/modules/esm/module_job:430:25)
2026-05-11T00:11:53:     at process.processTicksAndRejections (node:internal/process/task_queues:103:5)
2026-05-11T00:11:53:     at async onImport.tracePromise.__proto__ (node:internal/modules/esm/loader:661:26)
2026-05-11T00:11:53:     at async asyncRunEntryPointWithESMLoader (node:internal/modules/run_main:101:5)
2026-05-11T00:11:53: Emitted 'error' event on Server instance at:
2026-05-11T00:11:53:     at emitErrorNT (node:net:1976:8)
2026-05-11T00:11:53:     at process.processTicksAndRejections (node:internal/process/task_queues:89:21) {
2026-05-11T00:11:53:   code: 'EADDRINUSE',
2026-05-11T00:11:53:   errno: -4091,
2026-05-11T00:11:53:   syscall: 'listen',
2026-05-11T00:11:53:   address: '::',
2026-05-11T00:11:53:   port: 5001
2026-05-11T00:11:53: }
2026-05-11T00:11:53: 
2026-05-11T00:11:53: Node.js v24.13.1
2026-05-11T00:11:55: node:events:486
2026-05-11T00:11:55:       throw er; // Unhandled 'error' event
2026-05-11T00:11:55:       ^
2026-05-11T00:11:55: 
2026-05-11T00:11:55: Error: listen EADDRINUSE: address already in use :::5001
2026-05-11T00:11:55:     at Server.setupListenHandle [as _listen2] (node:net:1940:16)
2026-05-11T00:11:55:     at listenInCluster (node:net:1997:12)
2026-05-11T00:11:55:     at Server.listen (node:net:2102:7)
2026-05-11T00:11:55:     at app.listen (C:\Users\Anmol\OneDrive\Desktop\B\coding-portal\judge\node_modules\express\lib\application.js:635:24)
2026-05-11T00:11:55:     at <anonymous> (C:\Users\Anmol\OneDrive\Desktop\B\coding-portal\judge\src\index.ts:216:5)
2026-05-11T00:11:55:     at ModuleJob.run (node:internal/modules/esm/module_job:430:25)
2026-05-11T00:11:55:     at process.processTicksAndRejections (node:internal/process/task_queues:103:5)
2026-05-11T00:11:55:     at async onImport.tracePromise.__proto__ (node:internal/modules/esm/loader:661:26)
2026-05-11T00:11:55:     at async asyncRunEntryPointWithESMLoader (node:internal/modules/run_main:101:5)
2026-05-11T00:11:55: Emitted 'error' event on Server instance at:
2026-05-11T00:11:55:     at emitErrorNT (node:net:1976:8)
2026-05-11T00:11:55:     at process.processTicksAndRejections (node:internal/process/task_queues:89:21) {
2026-05-11T00:11:55:   code: 'EADDRINUSE',
2026-05-11T00:11:55:   errno: -4091,
2026-05-11T00:11:55:   syscall: 'listen',
2026-05-11T00:11:55:   address: '::',
2026-05-11T00:11:55:   port: 5001
2026-05-11T00:11:55: }
2026-05-11T00:11:55: 
2026-05-11T00:11:55: Node.js v24.13.1
2026-05-11T00:11:56: node:events:486
2026-05-11T00:11:56:       throw er; // Unhandled 'error' event
2026-05-11T00:11:56:       ^
2026-05-11T00:11:56: 
2026-05-11T00:11:56: Error: listen EADDRINUSE: address already in use :::5001
2026-05-11T00:11:56:     at Server.setupListenHandle [as _listen2] (node:net:1940:16)
2026-05-11T00:11:56:     at listenInCluster (node:net:1997:12)
2026-05-11T00:11:56:     at Server.listen (node:net:2102:7)
2026-05-11T00:11:56:     at app.listen (C:\Users\Anmol\OneDrive\Desktop\B\coding-portal\judge\node_modules\express\lib\application.js:635:24)
2026-05-11T00:11:56:     at <anonymous> (C:\Users\Anmol\OneDrive\Desktop\B\coding-portal\judge\src\index.ts:216:5)
2026-05-11T00:11:56:     at ModuleJob.run (node:internal/modules/esm/module_job:430:25)
2026-05-11T00:11:56:     at process.processTicksAndRejections (node:internal/process/task_queues:103:5)
2026-05-11T00:11:56:     at async onImport.tracePromise.__proto__ (node:internal/modules/esm/loader:661:26)
2026-05-11T00:11:56:     at async asyncRunEntryPointWithESMLoader (node:internal/modules/run_main:101:5)
2026-05-11T00:11:56: Emitted 'error' event on Server instance at:
2026-05-11T00:11:56:     at emitErrorNT (node:net:1976:8)
2026-05-11T00:11:56:     at process.processTicksAndRejections (node:internal/process/task_queues:89:21) {
2026-05-11T00:11:56:   code: 'EADDRINUSE',
2026-05-11T00:11:56:   errno: -4091,
2026-05-11T00:11:56:   syscall: 'listen',
2026-05-11T00:11:56:   address: '::',
2026-05-11T00:11:56:   port: 5001
2026-05-11T00:11:56: }
2026-05-11T00:11:56: 
2026-05-11T00:11:56: Node.js v24.13.1
2026-05-11T00:11:58: node:events:486
2026-05-11T00:11:58:       throw er; // Unhandled 'error' event
2026-05-11T00:11:58:       ^
2026-05-11T00:11:58: 
2026-05-11T00:11:58: Error: listen EADDRINUSE: address already in use :::5001
2026-05-11T00:11:58:     at Server.setupListenHandle [as _listen2] (node:net:1940:16)
2026-05-11T00:11:58:     at listenInCluster (node:net:1997:12)
2026-05-11T00:11:58:     at Server.listen (node:net:2102:7)
2026-05-11T00:11:58:     at app.listen (C:\Users\Anmol\OneDrive\Desktop\B\coding-portal\judge\node_modules\express\lib\application.js:635:24)
2026-05-11T00:11:58:     at <anonymous> (C:\Users\Anmol\OneDrive\Desktop\B\coding-portal\judge\src\index.ts:216:5)
2026-05-11T00:11:58:     at ModuleJob.run (node:internal/modules/esm/module_job:430:25)
2026-05-11T00:11:58:     at process.processTicksAndRejections (node:internal/process/task_queues:103:5)
2026-05-11T00:11:58:     at async onImport.tracePromise.__proto__ (node:internal/modules/esm/loader:661:26)
2026-05-11T00:11:58:     at async asyncRunEntryPointWithESMLoader (node:internal/modules/run_main:101:5)
2026-05-11T00:11:58: Emitted 'error' event on Server instance at:
2026-05-11T00:11:58:     at emitErrorNT (node:net:1976:8)
2026-05-11T00:11:58:     at process.processTicksAndRejections (node:internal/process/task_queues:89:21) {
2026-05-11T00:11:58:   code: 'EADDRINUSE',
2026-05-11T00:11:58:   errno: -4091,
2026-05-11T00:11:58:   syscall: 'listen',
2026-05-11T00:11:58:   address: '::',
2026-05-11T00:11:58:   port: 5001
2026-05-11T00:11:58: }
2026-05-11T00:11:58: 
2026-05-11T00:11:58: Node.js v24.13.1
2026-05-11T00:12:00: node:events:486
2026-05-11T00:12:00:       throw er; // Unhandled 'error' event
2026-05-11T00:12:00:       ^
2026-05-11T00:12:00: 
2026-05-11T00:12:00: Error: listen EADDRINUSE: address already in use :::5001
2026-05-11T00:12:00:     at Server.setupListenHandle [as _listen2] (node:net:1940:16)
2026-05-11T00:12:00:     at listenInCluster (node:net:1997:12)
2026-05-11T00:12:00:     at Server.listen (node:net:2102:7)
2026-05-11T00:12:00:     at app.listen (C:\Users\Anmol\OneDrive\Desktop\B\coding-portal\judge\node_modules\express\lib\application.js:635:24)
2026-05-11T00:12:00:     at <anonymous> (C:\Users\Anmol\OneDrive\Desktop\B\coding-portal\judge\src\index.ts:216:5)
2026-05-11T00:12:00:     at ModuleJob.run (node:internal/modules/esm/module_job:430:25)
2026-05-11T00:12:00:     at process.processTicksAndRejections (node:internal/process/task_queues:103:5)
2026-05-11T00:12:00:     at async onImport.tracePromise.__proto__ (node:internal/modules/esm/loader:661:26)
2026-05-11T00:12:00:     at async asyncRunEntryPointWithESMLoader (node:internal/modules/run_main:101:5)
2026-05-11T00:12:00: Emitted 'error' event on Server instance at:
2026-05-11T00:12:00:     at emitErrorNT (node:net:1976:8)
2026-05-11T00:12:00:     at process.processTicksAndRejections (node:internal/process/task_queues:89:21) {
2026-05-11T00:12:00:   code: 'EADDRINUSE',
2026-05-11T00:12:00:   errno: -4091,
2026-05-11T00:12:00:   syscall: 'listen',
2026-05-11T00:12:00:   address: '::',
2026-05-11T00:12:00:   port: 5001
2026-05-11T00:12:00: }
2026-05-11T00:12:00: 
2026-05-11T00:12:00: Node.js v24.13.1
2026-05-11T00:12:01: node:events:486
2026-05-11T00:12:01:       throw er; // Unhandled 'error' event
2026-05-11T00:12:01:       ^
2026-05-11T00:12:01: 
2026-05-11T00:12:01: Error: listen EADDRINUSE: address already in use :::5001
2026-05-11T00:12:01:     at Server.setupListenHandle [as _listen2] (node:net:1940:16)
2026-05-11T00:12:01:     at listenInCluster (node:net:1997:12)
2026-05-11T00:12:01:     at Server.listen (node:net:2102:7)
2026-05-11T00:12:01:     at app.listen (C:\Users\Anmol\OneDrive\Desktop\B\coding-portal\judge\node_modules\express\lib\application.js:635:24)
2026-05-11T00:12:01:     at <anonymous> (C:\Users\Anmol\OneDrive\Desktop\B\coding-portal\judge\src\index.ts:216:5)
2026-05-11T00:12:01:     at ModuleJob.run (node:internal/modules/esm/module_job:430:25)
2026-05-11T00:12:01:     at process.processTicksAndRejections (node:internal/process/task_queues:103:5)
2026-05-11T00:12:01:     at async onImport.tracePromise.__proto__ (node:internal/modules/esm/loader:661:26)
2026-05-11T00:12:01:     at async asyncRunEntryPointWithESMLoader (node:internal/modules/run_main:101:5)
2026-05-11T00:12:01: Emitted 'error' event on Server instance at:
2026-05-11T00:12:01:     at emitErrorNT (node:net:1976:8)
2026-05-11T00:12:01:     at process.processTicksAndRejections (node:internal/process/task_queues:89:21) {
2026-05-11T00:12:01:   code: 'EADDRINUSE',
2026-05-11T00:12:01:   errno: -4091,
2026-05-11T00:12:01:   syscall: 'listen',
2026-05-11T00:12:01:   address: '::',
2026-05-11T00:12:01:   port: 5001
2026-05-11T00:12:01: }
2026-05-11T00:12:01: 
2026-05-11T00:12:01: Node.js v24.13.1
2026-05-11T00:12:03: node:events:486
2026-05-11T00:12:03:       throw er; // Unhandled 'error' event
2026-05-11T00:12:03:       ^
2026-05-11T00:12:03: 
2026-05-11T00:12:03: Error: listen EADDRINUSE: address already in use :::5001
2026-05-11T00:12:03:     at Server.setupListenHandle [as _listen2] (node:net:1940:16)
2026-05-11T00:12:03:     at listenInCluster (node:net:1997:12)
2026-05-11T00:12:03:     at Server.listen (node:net:2102:7)
2026-05-11T00:12:03:     at app.listen (C:\Users\Anmol\OneDrive\Desktop\B\coding-portal\judge\node_modules\express\lib\application.js:635:24)
2026-05-11T00:12:03:     at <anonymous> (C:\Users\Anmol\OneDrive\Desktop\B\coding-portal\judge\src\index.ts:216:5)
2026-05-11T00:12:03:     at ModuleJob.run (node:internal/modules/esm/module_job:430:25)
2026-05-11T00:12:03:     at process.processTicksAndRejections (node:internal/process/task_queues:103:5)
2026-05-11T00:12:03:     at async onImport.tracePromise.__proto__ (node:internal/modules/esm/loader:661:26)
2026-05-11T00:12:03:     at async asyncRunEntryPointWithESMLoader (node:internal/modules/run_main:101:5)
2026-05-11T00:12:03: Emitted 'error' event on Server instance at:
2026-05-11T00:12:03:     at emitErrorNT (node:net:1976:8)
2026-05-11T00:12:03:     at process.processTicksAndRejections (node:internal/process/task_queues:89:21) {
2026-05-11T00:12:03:   code: 'EADDRINUSE',
2026-05-11T00:12:03:   errno: -4091,
2026-05-11T00:12:03:   syscall: 'listen',
2026-05-11T00:12:03:   address: '::',
2026-05-11T00:12:03:   port: 5001
2026-05-11T00:12:03: }
2026-05-11T00:12:03: 
2026-05-11T00:12:03: Node.js v24.13.1
2026-05-11T00:12:04: node:events:486
2026-05-11T00:12:04:       throw er; // Unhandled 'error' event
2026-05-11T00:12:04:       ^
2026-05-11T00:12:04: 
2026-05-11T00:12:04: Error: listen EADDRINUSE: address already in use :::5001
2026-05-11T00:12:04:     at Server.setupListenHandle [as _listen2] (node:net:1940:16)
2026-05-11T00:12:04:     at listenInCluster (node:net:1997:12)
2026-05-11T00:12:04:     at Server.listen (node:net:2102:7)
2026-05-11T00:12:04:     at app.listen (C:\Users\Anmol\OneDrive\Desktop\B\coding-portal\judge\node_modules\express\lib\application.js:635:24)
2026-05-11T00:12:04:     at <anonymous> (C:\Users\Anmol\OneDrive\Desktop\B\coding-portal\judge\src\index.ts:216:5)
2026-05-11T00:12:04:     at ModuleJob.run (node:internal/modules/esm/module_job:430:25)
2026-05-11T00:12:04:     at process.processTicksAndRejections (node:internal/process/task_queues:103:5)
2026-05-11T00:12:04:     at async onImport.tracePromise.__proto__ (node:internal/modules/esm/loader:661:26)
2026-05-11T00:12:04:     at async asyncRunEntryPointWithESMLoader (node:internal/modules/run_main:101:5)
2026-05-11T00:12:04: Emitted 'error' event on Server instance at:
2026-05-11T00:12:04:     at emitErrorNT (node:net:1976:8)
2026-05-11T00:12:04:     at process.processTicksAndRejections (node:internal/process/task_queues:89:21) {
2026-05-11T00:12:04:   code: 'EADDRINUSE',
2026-05-11T00:12:04:   errno: -4091,
2026-05-11T00:12:04:   syscall: 'listen',
2026-05-11T00:12:04:   address: '::',
2026-05-11T00:12:04:   port: 5001
2026-05-11T00:12:04: }
2026-05-11T00:12:04: 
2026-05-11T00:12:04: Node.js v24.13.1
2026-05-11T00:12:06: node:events:486
2026-05-11T00:12:06:       throw er; // Unhandled 'error' event
2026-05-11T00:12:06:       ^
2026-05-11T00:12:06: 
2026-05-11T00:12:06: Error: listen EADDRINUSE: address already in use :::5001
2026-05-11T00:12:06:     at Server.setupListenHandle [as _listen2] (node:net:1940:16)
2026-05-11T00:12:06:     at listenInCluster (node:net:1997:12)
2026-05-11T00:12:06:     at Server.listen (node:net:2102:7)
2026-05-11T00:12:06:     at app.listen (C:\Users\Anmol\OneDrive\Desktop\B\coding-portal\judge\node_modules\express\lib\application.js:635:24)
2026-05-11T00:12:06:     at <anonymous> (C:\Users\Anmol\OneDrive\Desktop\B\coding-portal\judge\src\index.ts:216:5)
2026-05-11T00:12:06:     at ModuleJob.run (node:internal/modules/esm/module_job:430:25)
2026-05-11T00:12:06:     at process.processTicksAndRejections (node:internal/process/task_queues:103:5)
2026-05-11T00:12:06:     at async onImport.tracePromise.__proto__ (node:internal/modules/esm/loader:661:26)
2026-05-11T00:12:06:     at async asyncRunEntryPointWithESMLoader (node:internal/modules/run_main:101:5)
2026-05-11T00:12:06: Emitted 'error' event on Server instance at:
2026-05-11T00:12:06:     at emitErrorNT (node:net:1976:8)
2026-05-11T00:12:06:     at process.processTicksAndRejections (node:internal/process/task_queues:89:21) {
2026-05-11T00:12:06:   code: 'EADDRINUSE',
2026-05-11T00:12:06:   errno: -4091,
2026-05-11T00:12:06:   syscall: 'listen',
2026-05-11T00:12:06:   address: '::',
2026-05-11T00:12:06:   port: 5001
2026-05-11T00:12:06: }
2026-05-11T00:12:06: 
2026-05-11T00:12:06: Node.js v24.13.1
2026-05-11T00:12:08: node:events:486
2026-05-11T00:12:08:       throw er; // Unhandled 'error' event
2026-05-11T00:12:08:       ^
2026-05-11T00:12:08: 
2026-05-11T00:12:08: Error: listen EADDRINUSE: address already in use :::5001
2026-05-11T00:12:08:     at Server.setupListenHandle [as _listen2] (node:net:1940:16)
2026-05-11T00:12:08:     at listenInCluster (node:net:1997:12)
2026-05-11T00:12:08:     at Server.listen (node:net:2102:7)
2026-05-11T00:12:08:     at app.listen (C:\Users\Anmol\OneDrive\Desktop\B\coding-portal\judge\node_modules\express\lib\application.js:635:24)
2026-05-11T00:12:08:     at <anonymous> (C:\Users\Anmol\OneDrive\Desktop\B\coding-portal\judge\src\index.ts:216:5)
2026-05-11T00:12:08:     at ModuleJob.run (node:internal/modules/esm/module_job:430:25)
2026-05-11T00:12:08:     at process.processTicksAndRejections (node:internal/process/task_queues:103:5)
2026-05-11T00:12:08:     at async onImport.tracePromise.__proto__ (node:internal/modules/esm/loader:661:26)
2026-05-11T00:12:08:     at async asyncRunEntryPointWithESMLoader (node:internal/modules/run_main:101:5)
2026-05-11T00:12:08: Emitted 'error' event on Server instance at:
2026-05-11T00:12:08:     at emitErrorNT (node:net:1976:8)
2026-05-11T00:12:08:     at process.processTicksAndRejections (node:internal/process/task_queues:89:21) {
2026-05-11T00:12:08:   code: 'EADDRINUSE',
2026-05-11T00:12:08:   errno: -4091,
2026-05-11T00:12:08:   syscall: 'listen',
2026-05-11T00:12:08:   address: '::',
2026-05-11T00:12:08:   port: 5001
2026-05-11T00:12:08: }
2026-05-11T00:12:08: 
2026-05-11T00:12:08: Node.js v24.13.1
2026-05-11T00:12:09: node:events:486
2026-05-11T00:12:09:       throw er; // Unhandled 'error' event
2026-05-11T00:12:09:       ^
2026-05-11T00:12:09: 
2026-05-11T00:12:09: Error: listen EADDRINUSE: address already in use :::5001
2026-05-11T00:12:09:     at Server.setupListenHandle [as _listen2] (node:net:1940:16)
2026-05-11T00:12:09:     at listenInCluster (node:net:1997:12)
2026-05-11T00:12:09:     at Server.listen (node:net:2102:7)
2026-05-11T00:12:09:     at app.listen (C:\Users\Anmol\OneDrive\Desktop\B\coding-portal\judge\node_modules\express\lib\application.js:635:24)
2026-05-11T00:12:09:     at <anonymous> (C:\Users\Anmol\OneDrive\Desktop\B\coding-portal\judge\src\index.ts:216:5)
2026-05-11T00:12:09:     at ModuleJob.run (node:internal/modules/esm/module_job:430:25)
2026-05-11T00:12:09:     at process.processTicksAndRejections (node:internal/process/task_queues:103:5)
2026-05-11T00:12:09:     at async onImport.tracePromise.__proto__ (node:internal/modules/esm/loader:661:26)
2026-05-11T00:12:09:     at async asyncRunEntryPointWithESMLoader (node:internal/modules/run_main:101:5)
2026-05-11T00:12:09: Emitted 'error' event on Server instance at:
2026-05-11T00:12:09:     at emitErrorNT (node:net:1976:8)
2026-05-11T00:12:09:     at process.processTicksAndRejections (node:internal/process/task_queues:89:21) {
2026-05-11T00:12:09:   code: 'EADDRINUSE',
2026-05-11T00:12:09:   errno: -4091,
2026-05-11T00:12:09:   syscall: 'listen',
2026-05-11T00:12:09:   address: '::',
2026-05-11T00:12:09:   port: 5001
2026-05-11T00:12:09: }
2026-05-11T00:12:09: 
2026-05-11T00:12:09: Node.js v24.13.1
2026-05-11T00:12:11: node:events:486
2026-05-11T00:12:11:       throw er; // Unhandled 'error' event
2026-05-11T00:12:11:       ^
2026-05-11T00:12:11: 
2026-05-11T00:12:11: Error: listen EADDRINUSE: address already in use :::5001
2026-05-11T00:12:11:     at Server.setupListenHandle [as _listen2] (node:net:1940:16)
2026-05-11T00:12:11:     at listenInCluster (node:net:1997:12)
2026-05-11T00:12:11:     at Server.listen (node:net:2102:7)
2026-05-11T00:12:11:     at app.listen (C:\Users\Anmol\OneDrive\Desktop\B\coding-portal\judge\node_modules\express\lib\application.js:635:24)
2026-05-11T00:12:11:     at <anonymous> (C:\Users\Anmol\OneDrive\Desktop\B\coding-portal\judge\src\index.ts:216:5)
2026-05-11T00:12:11:     at ModuleJob.run (node:internal/modules/esm/module_job:430:25)
2026-05-11T00:12:11:     at process.processTicksAndRejections (node:internal/process/task_queues:103:5)
2026-05-11T00:12:11:     at async onImport.tracePromise.__proto__ (node:internal/modules/esm/loader:661:26)
2026-05-11T00:12:11:     at async asyncRunEntryPointWithESMLoader (node:internal/modules/run_main:101:5)
2026-05-11T00:12:11: Emitted 'error' event on Server instance at:
2026-05-11T00:12:11:     at emitErrorNT (node:net:1976:8)
2026-05-11T00:12:11:     at process.processTicksAndRejections (node:internal/process/task_queues:89:21) {
2026-05-11T00:12:11:   code: 'EADDRINUSE',
2026-05-11T00:12:11:   errno: -4091,
2026-05-11T00:12:11:   syscall: 'listen',
2026-05-11T00:12:11:   address: '::',
2026-05-11T00:12:11:   port: 5001
2026-05-11T00:12:11: }
2026-05-11T00:12:11: 
2026-05-11T00:12:11: Node.js v24.13.1
2026-05-11T00:12:12: node:events:486
2026-05-11T00:12:12:       throw er; // Unhandled 'error' event
2026-05-11T00:12:12:       ^
2026-05-11T00:12:12: 
2026-05-11T00:12:12: Error: listen EADDRINUSE: address already in use :::5001
2026-05-11T00:12:12:     at Server.setupListenHandle [as _listen2] (node:net:1940:16)
2026-05-11T00:12:12:     at listenInCluster (node:net:1997:12)
2026-05-11T00:12:12:     at Server.listen (node:net:2102:7)
2026-05-11T00:12:12:     at app.listen (C:\Users\Anmol\OneDrive\Desktop\B\coding-portal\judge\node_modules\express\lib\application.js:635:24)
2026-05-11T00:12:12:     at <anonymous> (C:\Users\Anmol\OneDrive\Desktop\B\coding-portal\judge\src\index.ts:216:5)
2026-05-11T00:12:12:     at ModuleJob.run (node:internal/modules/esm/module_job:430:25)
2026-05-11T00:12:12:     at process.processTicksAndRejections (node:internal/process/task_queues:103:5)
2026-05-11T00:12:12:     at async onImport.tracePromise.__proto__ (node:internal/modules/esm/loader:661:26)
2026-05-11T00:12:12:     at async asyncRunEntryPointWithESMLoader (node:internal/modules/run_main:101:5)
2026-05-11T00:12:12: Emitted 'error' event on Server instance at:
2026-05-11T00:12:12:     at emitErrorNT (node:net:1976:8)
2026-05-11T00:12:12:     at process.processTicksAndRejections (node:internal/process/task_queues:89:21) {
2026-05-11T00:12:12:   code: 'EADDRINUSE',
2026-05-11T00:12:12:   errno: -4091,
2026-05-11T00:12:12:   syscall: 'listen',
2026-05-11T00:12:12:   address: '::',
2026-05-11T00:12:12:   port: 5001
2026-05-11T00:12:12: }
2026-05-11T00:12:12: 
2026-05-11T00:12:12: Node.js v24.13.1
2026-05-11T00:12:14: node:events:486
2026-05-11T00:12:14:       throw er; // Unhandled 'error' event
2026-05-11T00:12:14:       ^
2026-05-11T00:12:14: 
2026-05-11T00:12:14: Error: listen EADDRINUSE: address already in use :::5001
2026-05-11T00:12:14:     at Server.setupListenHandle [as _listen2] (node:net:1940:16)
2026-05-11T00:12:14:     at listenInCluster (node:net:1997:12)
2026-05-11T00:12:14:     at Server.listen (node:net:2102:7)
2026-05-11T00:12:14:     at app.listen (C:\Users\Anmol\OneDrive\Desktop\B\coding-portal\judge\node_modules\express\lib\application.js:635:24)
2026-05-11T00:12:14:     at <anonymous> (C:\Users\Anmol\OneDrive\Desktop\B\coding-portal\judge\src\index.ts:216:5)
2026-05-11T00:12:14:     at ModuleJob.run (node:internal/modules/esm/module_job:430:25)
2026-05-11T00:12:14:     at process.processTicksAndRejections (node:internal/process/task_queues:103:5)
2026-05-11T00:12:14:     at async onImport.tracePromise.__proto__ (node:internal/modules/esm/loader:661:26)
2026-05-11T00:12:14:     at async asyncRunEntryPointWithESMLoader (node:internal/modules/run_main:101:5)
2026-05-11T00:12:14: Emitted 'error' event on Server instance at:
2026-05-11T00:12:14:     at emitErrorNT (node:net:1976:8)
2026-05-11T00:12:14:     at process.processTicksAndRejections (node:internal/process/task_queues:89:21) {
2026-05-11T00:12:14:   code: 'EADDRINUSE',
2026-05-11T00:12:14:   errno: -4091,
2026-05-11T00:12:14:   syscall: 'listen',
2026-05-11T00:12:14:   address: '::',
2026-05-11T00:12:14:   port: 5001
2026-05-11T00:12:14: }
2026-05-11T00:12:14: 
2026-05-11T00:12:14: Node.js v24.13.1
2026-05-11T00:12:15: node:events:486
2026-05-11T00:12:15:       throw er; // Unhandled 'error' event
2026-05-11T00:12:15:       ^
2026-05-11T00:12:15: 
2026-05-11T00:12:15: Error: listen EADDRINUSE: address already in use :::5001
2026-05-11T00:12:15:     at Server.setupListenHandle [as _listen2] (node:net:1940:16)
2026-05-11T00:12:15:     at listenInCluster (node:net:1997:12)
2026-05-11T00:12:15:     at Server.listen (node:net:2102:7)
2026-05-11T00:12:15:     at app.listen (C:\Users\Anmol\OneDrive\Desktop\B\coding-portal\judge\node_modules\express\lib\application.js:635:24)
2026-05-11T00:12:15:     at <anonymous> (C:\Users\Anmol\OneDrive\Desktop\B\coding-portal\judge\src\index.ts:216:5)
2026-05-11T00:12:15:     at ModuleJob.run (node:internal/modules/esm/module_job:430:25)
2026-05-11T00:12:15:     at process.processTicksAndRejections (node:internal/process/task_queues:103:5)
2026-05-11T00:12:15:     at async onImport.tracePromise.__proto__ (node:internal/modules/esm/loader:661:26)
2026-05-11T00:12:15:     at async asyncRunEntryPointWithESMLoader (node:internal/modules/run_main:101:5)
2026-05-11T00:12:15: Emitted 'error' event on Server instance at:
2026-05-11T00:12:15:     at emitErrorNT (node:net:1976:8)
2026-05-11T00:12:15:     at process.processTicksAndRejections (node:internal/process/task_queues:89:21) {
2026-05-11T00:12:15:   code: 'EADDRINUSE',
2026-05-11T00:12:15:   errno: -4091,
2026-05-11T00:12:15:   syscall: 'listen',
2026-05-11T00:12:15:   address: '::',
2026-05-11T00:12:15:   port: 5001
2026-05-11T00:12:15: }
2026-05-11T00:12:15: 
2026-05-11T00:12:15: Node.js v24.13.1
2026-05-11T00:12:17: node:events:486
2026-05-11T00:12:17:       throw er; // Unhandled 'error' event
2026-05-11T00:12:17:       ^
2026-05-11T00:12:17: 
2026-05-11T00:12:17: Error: listen EADDRINUSE: address already in use :::5001
2026-05-11T00:12:17:     at Server.setupListenHandle [as _listen2] (node:net:1940:16)
2026-05-11T00:12:17:     at listenInCluster (node:net:1997:12)
2026-05-11T00:12:17:     at Server.listen (node:net:2102:7)
2026-05-11T00:12:17:     at app.listen (C:\Users\Anmol\OneDrive\Desktop\B\coding-portal\judge\node_modules\express\lib\application.js:635:24)
2026-05-11T00:12:17:     at <anonymous> (C:\Users\Anmol\OneDrive\Desktop\B\coding-portal\judge\src\index.ts:216:5)
2026-05-11T00:12:17:     at ModuleJob.run (node:internal/modules/esm/module_job:430:25)
2026-05-11T00:12:17:     at process.processTicksAndRejections (node:internal/process/task_queues:103:5)
2026-05-11T00:12:17:     at async onImport.tracePromise.__proto__ (node:internal/modules/esm/loader:661:26)
2026-05-11T00:12:17:     at async asyncRunEntryPointWithESMLoader (node:internal/modules/run_main:101:5)
2026-05-11T00:12:17: Emitted 'error' event on Server instance at:
2026-05-11T00:12:17:     at emitErrorNT (node:net:1976:8)
2026-05-11T00:12:17:     at process.processTicksAndRejections (node:internal/process/task_queues:89:21) {
2026-05-11T00:12:17:   code: 'EADDRINUSE',
2026-05-11T00:12:17:   errno: -4091,
2026-05-11T00:12:17:   syscall: 'listen',
2026-05-11T00:12:17:   address: '::',
2026-05-11T00:12:17:   port: 5001
2026-05-11T00:12:17: }
2026-05-11T00:12:17: 
2026-05-11T00:12:17: Node.js v24.13.1
2026-05-11T00:12:19: node:events:486
2026-05-11T00:12:19:       throw er; // Unhandled 'error' event
2026-05-11T00:12:19:       ^
2026-05-11T00:12:19: 
2026-05-11T00:12:19: Error: listen EADDRINUSE: address already in use :::5001
2026-05-11T00:12:19:     at Server.setupListenHandle [as _listen2] (node:net:1940:16)
2026-05-11T00:12:19:     at listenInCluster (node:net:1997:12)
2026-05-11T00:12:19:     at Server.listen (node:net:2102:7)
2026-05-11T00:12:19:     at app.listen (C:\Users\Anmol\OneDrive\Desktop\B\coding-portal\judge\node_modules\express\lib\application.js:635:24)
2026-05-11T00:12:19:     at <anonymous> (C:\Users\Anmol\OneDrive\Desktop\B\coding-portal\judge\src\index.ts:216:5)
2026-05-11T00:12:19:     at ModuleJob.run (node:internal/modules/esm/module_job:430:25)
2026-05-11T00:12:19:     at process.processTicksAndRejections (node:internal/process/task_queues:103:5)
2026-05-11T00:12:19:     at async onImport.tracePromise.__proto__ (node:internal/modules/esm/loader:661:26)
2026-05-11T00:12:19:     at async asyncRunEntryPointWithESMLoader (node:internal/modules/run_main:101:5)
2026-05-11T00:12:19: Emitted 'error' event on Server instance at:
2026-05-11T00:12:19:     at emitErrorNT (node:net:1976:8)
2026-05-11T00:12:19:     at process.processTicksAndRejections (node:internal/process/task_queues:89:21) {
2026-05-11T00:12:19:   code: 'EADDRINUSE',
2026-05-11T00:12:19:   errno: -4091,
2026-05-11T00:12:19:   syscall: 'listen',
2026-05-11T00:12:19:   address: '::',
2026-05-11T00:12:19:   port: 5001
2026-05-11T00:12:19: }
2026-05-11T00:12:19: 
2026-05-11T00:12:19: Node.js v24.13.1
2026-05-11T00:12:20: node:events:486
2026-05-11T00:12:20:       throw er; // Unhandled 'error' event
2026-05-11T00:12:20:       ^
2026-05-11T00:12:20: 
2026-05-11T00:12:20: Error: listen EADDRINUSE: address already in use :::5001
2026-05-11T00:12:20:     at Server.setupListenHandle [as _listen2] (node:net:1940:16)
2026-05-11T00:12:20:     at listenInCluster (node:net:1997:12)
2026-05-11T00:12:20:     at Server.listen (node:net:2102:7)
2026-05-11T00:12:20:     at app.listen (C:\Users\Anmol\OneDrive\Desktop\B\coding-portal\judge\node_modules\express\lib\application.js:635:24)
2026-05-11T00:12:20:     at <anonymous> (C:\Users\Anmol\OneDrive\Desktop\B\coding-portal\judge\src\index.ts:216:5)
2026-05-11T00:12:20:     at ModuleJob.run (node:internal/modules/esm/module_job:430:25)
2026-05-11T00:12:20:     at process.processTicksAndRejections (node:internal/process/task_queues:103:5)
2026-05-11T00:12:20:     at async onImport.tracePromise.__proto__ (node:internal/modules/esm/loader:661:26)
2026-05-11T00:12:20:     at async asyncRunEntryPointWithESMLoader (node:internal/modules/run_main:101:5)
2026-05-11T00:12:20: Emitted 'error' event on Server instance at:
2026-05-11T00:12:20:     at emitErrorNT (node:net:1976:8)
2026-05-11T00:12:20:     at process.processTicksAndRejections (node:internal/process/task_queues:89:21) {
2026-05-11T00:12:20:   code: 'EADDRINUSE',
2026-05-11T00:12:20:   errno: -4091,
2026-05-11T00:12:20:   syscall: 'listen',
2026-05-11T00:12:20:   address: '::',
2026-05-11T00:12:20:   port: 5001
2026-05-11T00:12:20: }
2026-05-11T00:12:20: 
2026-05-11T00:12:20: Node.js v24.13.1
2026-05-11T00:12:22: node:events:486
2026-05-11T00:12:22:       throw er; // Unhandled 'error' event
2026-05-11T00:12:22:       ^
2026-05-11T00:12:22: 
2026-05-11T00:12:22: Error: listen EADDRINUSE: address already in use :::5001
2026-05-11T00:12:22:     at Server.setupListenHandle [as _listen2] (node:net:1940:16)
2026-05-11T00:12:22:     at listenInCluster (node:net:1997:12)
2026-05-11T00:12:22:     at Server.listen (node:net:2102:7)
2026-05-11T00:12:22:     at app.listen (C:\Users\Anmol\OneDrive\Desktop\B\coding-portal\judge\node_modules\express\lib\application.js:635:24)
2026-05-11T00:12:22:     at <anonymous> (C:\Users\Anmol\OneDrive\Desktop\B\coding-portal\judge\src\index.ts:216:5)
2026-05-11T00:12:22:     at ModuleJob.run (node:internal/modules/esm/module_job:430:25)
2026-05-11T00:12:22:     at process.processTicksAndRejections (node:internal/process/task_queues:103:5)
2026-05-11T00:12:22:     at async onImport.tracePromise.__proto__ (node:internal/modules/esm/loader:661:26)
2026-05-11T00:12:22:     at async asyncRunEntryPointWithESMLoader (node:internal/modules/run_main:101:5)
2026-05-11T00:12:22: Emitted 'error' event on Server instance at:
2026-05-11T00:12:22:     at emitErrorNT (node:net:1976:8)
2026-05-11T00:12:22:     at process.processTicksAndRejections (node:internal/process/task_queues:89:21) {
2026-05-11T00:12:22:   code: 'EADDRINUSE',
2026-05-11T00:12:22:   errno: -4091,
2026-05-11T00:12:22:   syscall: 'listen',
2026-05-11T00:12:22:   address: '::',
2026-05-11T00:12:22:   port: 5001
2026-05-11T00:12:22: }
2026-05-11T00:12:22: 
2026-05-11T00:12:22: Node.js v24.13.1
2026-05-11T00:12:24: node:events:486
2026-05-11T00:12:24:       throw er; // Unhandled 'error' event
2026-05-11T00:12:24:       ^
2026-05-11T00:12:24: 
2026-05-11T00:12:24: Error: listen EADDRINUSE: address already in use :::5001
2026-05-11T00:12:24:     at Server.setupListenHandle [as _listen2] (node:net:1940:16)
2026-05-11T00:12:24:     at listenInCluster (node:net:1997:12)
2026-05-11T00:12:24:     at Server.listen (node:net:2102:7)
2026-05-11T00:12:24:     at app.listen (C:\Users\Anmol\OneDrive\Desktop\B\coding-portal\judge\node_modules\express\lib\application.js:635:24)
2026-05-11T00:12:24:     at <anonymous> (C:\Users\Anmol\OneDrive\Desktop\B\coding-portal\judge\src\index.ts:216:5)
2026-05-11T00:12:24:     at ModuleJob.run (node:internal/modules/esm/module_job:430:25)
2026-05-11T00:12:24:     at process.processTicksAndRejections (node:internal/process/task_queues:103:5)
2026-05-11T00:12:24:     at async onImport.tracePromise.__proto__ (node:internal/modules/esm/loader:661:26)
2026-05-11T00:12:24:     at async asyncRunEntryPointWithESMLoader (node:internal/modules/run_main:101:5)
2026-05-11T00:12:24: Emitted 'error' event on Server instance at:
2026-05-11T00:12:24:     at emitErrorNT (node:net:1976:8)
2026-05-11T00:12:24:     at process.processTicksAndRejections (node:internal/process/task_queues:89:21) {
2026-05-11T00:12:24:   code: 'EADDRINUSE',
2026-05-11T00:12:24:   errno: -4091,
2026-05-11T00:12:24:   syscall: 'listen',
2026-05-11T00:12:24:   address: '::',
2026-05-11T00:12:24:   port: 5001
2026-05-11T00:12:24: }
2026-05-11T00:12:24: 
2026-05-11T00:12:24: Node.js v24.13.1
2026-05-11T00:12:25: node:events:486
2026-05-11T00:12:25:       throw er; // Unhandled 'error' event
2026-05-11T00:12:25:       ^
2026-05-11T00:12:25: 
2026-05-11T00:12:25: Error: listen EADDRINUSE: address already in use :::5001
2026-05-11T00:12:25:     at Server.setupListenHandle [as _listen2] (node:net:1940:16)
2026-05-11T00:12:25:     at listenInCluster (node:net:1997:12)
2026-05-11T00:12:25:     at Server.listen (node:net:2102:7)
2026-05-11T00:12:25:     at app.listen (C:\Users\Anmol\OneDrive\Desktop\B\coding-portal\judge\node_modules\express\lib\application.js:635:24)
2026-05-11T00:12:25:     at <anonymous> (C:\Users\Anmol\OneDrive\Desktop\B\coding-portal\judge\src\index.ts:216:5)
2026-05-11T00:12:25:     at ModuleJob.run (node:internal/modules/esm/module_job:430:25)
2026-05-11T00:12:25:     at process.processTicksAndRejections (node:internal/process/task_queues:103:5)
2026-05-11T00:12:25:     at async onImport.tracePromise.__proto__ (node:internal/modules/esm/loader:661:26)
2026-05-11T00:12:25:     at async asyncRunEntryPointWithESMLoader (node:internal/modules/run_main:101:5)
2026-05-11T00:12:25: Emitted 'error' event on Server instance at:
2026-05-11T00:12:25:     at emitErrorNT (node:net:1976:8)
2026-05-11T00:12:25:     at process.processTicksAndRejections (node:internal/process/task_queues:89:21) {
2026-05-11T00:12:25:   code: 'EADDRINUSE',
2026-05-11T00:12:25:   errno: -4091,
2026-05-11T00:12:25:   syscall: 'listen',
2026-05-11T00:12:25:   address: '::',
2026-05-11T00:12:25:   port: 5001
2026-05-11T00:12:25: }
2026-05-11T00:12:25: 
2026-05-11T00:12:25: Node.js v24.13.1
2026-05-11T00:12:27: node:events:486
2026-05-11T00:12:27:       throw er; // Unhandled 'error' event
2026-05-11T00:12:27:       ^
2026-05-11T00:12:27: 
2026-05-11T00:12:27: Error: listen EADDRINUSE: address already in use :::5001
2026-05-11T00:12:27:     at Server.setupListenHandle [as _listen2] (node:net:1940:16)
2026-05-11T00:12:27:     at listenInCluster (node:net:1997:12)
2026-05-11T00:12:27:     at Server.listen (node:net:2102:7)
2026-05-11T00:12:27:     at app.listen (C:\Users\Anmol\OneDrive\Desktop\B\coding-portal\judge\node_modules\express\lib\application.js:635:24)
2026-05-11T00:12:27:     at <anonymous> (C:\Users\Anmol\OneDrive\Desktop\B\coding-portal\judge\src\index.ts:216:5)
2026-05-11T00:12:27:     at ModuleJob.run (node:internal/modules/esm/module_job:430:25)
2026-05-11T00:12:27:     at process.processTicksAndRejections (node:internal/process/task_queues:103:5)
2026-05-11T00:12:27:     at async onImport.tracePromise.__proto__ (node:internal/modules/esm/loader:661:26)
2026-05-11T00:12:27:     at async asyncRunEntryPointWithESMLoader (node:internal/modules/run_main:101:5)
2026-05-11T00:12:27: Emitted 'error' event on Server instance at:
2026-05-11T00:12:27:     at emitErrorNT (node:net:1976:8)
2026-05-11T00:12:27:     at process.processTicksAndRejections (node:internal/process/task_queues:89:21) {
2026-05-11T00:12:27:   code: 'EADDRINUSE',
2026-05-11T00:12:27:   errno: -4091,
2026-05-11T00:12:27:   syscall: 'listen',
2026-05-11T00:12:27:   address: '::',
2026-05-11T00:12:27:   port: 5001
2026-05-11T00:12:27: }
2026-05-11T00:12:27: 
2026-05-11T00:12:27: Node.js v24.13.1
2026-05-11T00:12:29: node:events:486
2026-05-11T00:12:29:       throw er; // Unhandled 'error' event
2026-05-11T00:12:29:       ^
2026-05-11T00:12:29: 
2026-05-11T00:12:29: Error: listen EADDRINUSE: address already in use :::5001
2026-05-11T00:12:29:     at Server.setupListenHandle [as _listen2] (node:net:1940:16)
2026-05-11T00:12:29:     at listenInCluster (node:net:1997:12)
2026-05-11T00:12:29:     at Server.listen (node:net:2102:7)
2026-05-11T00:12:29:     at app.listen (C:\Users\Anmol\OneDrive\Desktop\B\coding-portal\judge\node_modules\express\lib\application.js:635:24)
2026-05-11T00:12:29:     at <anonymous> (C:\Users\Anmol\OneDrive\Desktop\B\coding-portal\judge\src\index.ts:216:5)
2026-05-11T00:12:29:     at ModuleJob.run (node:internal/modules/esm/module_job:430:25)
2026-05-11T00:12:29:     at process.processTicksAndRejections (node:internal/process/task_queues:103:5)
2026-05-11T00:12:29:     at async onImport.tracePromise.__proto__ (node:internal/modules/esm/loader:661:26)
2026-05-11T00:12:29:     at async asyncRunEntryPointWithESMLoader (node:internal/modules/run_main:101:5)
2026-05-11T00:12:29: Emitted 'error' event on Server instance at:
2026-05-11T00:12:29:     at emitErrorNT (node:net:1976:8)
2026-05-11T00:12:29:     at process.processTicksAndRejections (node:internal/process/task_queues:89:21) {
2026-05-11T00:12:29:   code: 'EADDRINUSE',
2026-05-11T00:12:29:   errno: -4091,
2026-05-11T00:12:29:   syscall: 'listen',
2026-05-11T00:12:29:   address: '::',
2026-05-11T00:12:29:   port: 5001
2026-05-11T00:12:29: }
2026-05-11T00:12:29: 
2026-05-11T00:12:29: Node.js v24.13.1
2026-05-11T00:12:30: node:events:486
2026-05-11T00:12:30:       throw er; // Unhandled 'error' event
2026-05-11T00:12:30:       ^
2026-05-11T00:12:30: 
2026-05-11T00:12:30: Error: listen EADDRINUSE: address already in use :::5001
2026-05-11T00:12:30:     at Server.setupListenHandle [as _listen2] (node:net:1940:16)
2026-05-11T00:12:30:     at listenInCluster (node:net:1997:12)
2026-05-11T00:12:30:     at Server.listen (node:net:2102:7)
2026-05-11T00:12:30:     at app.listen (C:\Users\Anmol\OneDrive\Desktop\B\coding-portal\judge\node_modules\express\lib\application.js:635:24)
2026-05-11T00:12:30:     at <anonymous> (C:\Users\Anmol\OneDrive\Desktop\B\coding-portal\judge\src\index.ts:216:5)
2026-05-11T00:12:30:     at ModuleJob.run (node:internal/modules/esm/module_job:430:25)
2026-05-11T00:12:30:     at process.processTicksAndRejections (node:internal/process/task_queues:103:5)
2026-05-11T00:12:30:     at async onImport.tracePromise.__proto__ (node:internal/modules/esm/loader:661:26)
2026-05-11T00:12:30:     at async asyncRunEntryPointWithESMLoader (node:internal/modules/run_main:101:5)
2026-05-11T00:12:30: Emitted 'error' event on Server instance at:
2026-05-11T00:12:30:     at emitErrorNT (node:net:1976:8)
2026-05-11T00:12:30:     at process.processTicksAndRejections (node:internal/process/task_queues:89:21) {
2026-05-11T00:12:30:   code: 'EADDRINUSE',
2026-05-11T00:12:30:   errno: -4091,
2026-05-11T00:12:30:   syscall: 'listen',
2026-05-11T00:12:30:   address: '::',
2026-05-11T00:12:30:   port: 5001
2026-05-11T00:12:30: }
2026-05-11T00:12:30: 
2026-05-11T00:12:30: Node.js v24.13.1
2026-05-11T00:12:32: node:events:486
2026-05-11T00:12:32:       throw er; // Unhandled 'error' event
2026-05-11T00:12:32:       ^
2026-05-11T00:12:32: 
2026-05-11T00:12:32: Error: listen EADDRINUSE: address already in use :::5001
2026-05-11T00:12:32:     at Server.setupListenHandle [as _listen2] (node:net:1940:16)
2026-05-11T00:12:32:     at listenInCluster (node:net:1997:12)
2026-05-11T00:12:32:     at Server.listen (node:net:2102:7)
2026-05-11T00:12:32:     at app.listen (C:\Users\Anmol\OneDrive\Desktop\B\coding-portal\judge\node_modules\express\lib\application.js:635:24)
2026-05-11T00:12:32:     at <anonymous> (C:\Users\Anmol\OneDrive\Desktop\B\coding-portal\judge\src\index.ts:216:5)
2026-05-11T00:12:32:     at ModuleJob.run (node:internal/modules/esm/module_job:430:25)
2026-05-11T00:12:32:     at process.processTicksAndRejections (node:internal/process/task_queues:103:5)
2026-05-11T00:12:32:     at async onImport.tracePromise.__proto__ (node:internal/modules/esm/loader:661:26)
2026-05-11T00:12:32:     at async asyncRunEntryPointWithESMLoader (node:internal/modules/run_main:101:5)
2026-05-11T00:12:32: Emitted 'error' event on Server instance at:
2026-05-11T00:12:32:     at emitErrorNT (node:net:1976:8)
2026-05-11T00:12:32:     at process.processTicksAndRejections (node:internal/process/task_queues:89:21) {
2026-05-11T00:12:32:   code: 'EADDRINUSE',
2026-05-11T00:12:32:   errno: -4091,
2026-05-11T00:12:32:   syscall: 'listen',
2026-05-11T00:12:32:   address: '::',
2026-05-11T00:12:32:   port: 5001
2026-05-11T00:12:32: }
2026-05-11T00:12:32: 
2026-05-11T00:12:32: Node.js v24.13.1
2026-05-11T00:12:33: node:events:486
2026-05-11T00:12:33:       throw er; // Unhandled 'error' event
2026-05-11T00:12:33:       ^
2026-05-11T00:12:33: 
2026-05-11T00:12:33: Error: listen EADDRINUSE: address already in use :::5001
2026-05-11T00:12:33:     at Server.setupListenHandle [as _listen2] (node:net:1940:16)
2026-05-11T00:12:33:     at listenInCluster (node:net:1997:12)
2026-05-11T00:12:33:     at Server.listen (node:net:2102:7)
2026-05-11T00:12:33:     at app.listen (C:\Users\Anmol\OneDrive\Desktop\B\coding-portal\judge\node_modules\express\lib\application.js:635:24)
2026-05-11T00:12:33:     at <anonymous> (C:\Users\Anmol\OneDrive\Desktop\B\coding-portal\judge\src\index.ts:216:5)
2026-05-11T00:12:33:     at ModuleJob.run (node:internal/modules/esm/module_job:430:25)
2026-05-11T00:12:33:     at process.processTicksAndRejections (node:internal/process/task_queues:103:5)
2026-05-11T00:12:33:     at async onImport.tracePromise.__proto__ (node:internal/modules/esm/loader:661:26)
2026-05-11T00:12:33:     at async asyncRunEntryPointWithESMLoader (node:internal/modules/run_main:101:5)
2026-05-11T00:12:33: Emitted 'error' event on Server instance at:
2026-05-11T00:12:33:     at emitErrorNT (node:net:1976:8)
2026-05-11T00:12:33:     at process.processTicksAndRejections (node:internal/process/task_queues:89:21) {
2026-05-11T00:12:33:   code: 'EADDRINUSE',
2026-05-11T00:12:33:   errno: -4091,
2026-05-11T00:12:33:   syscall: 'listen',
2026-05-11T00:12:33:   address: '::',
2026-05-11T00:12:33:   port: 5001
2026-05-11T00:12:33: }
2026-05-11T00:12:33: 
2026-05-11T00:12:33: Node.js v24.13.1
2026-05-11T00:12:35: node:events:486
2026-05-11T00:12:35:       throw er; // Unhandled 'error' event
2026-05-11T00:12:35:       ^
2026-05-11T00:12:35: 
2026-05-11T00:12:35: Error: listen EADDRINUSE: address already in use :::5001
2026-05-11T00:12:35:     at Server.setupListenHandle [as _listen2] (node:net:1940:16)
2026-05-11T00:12:35:     at listenInCluster (node:net:1997:12)
2026-05-11T00:12:35:     at Server.listen (node:net:2102:7)
2026-05-11T00:12:35:     at app.listen (C:\Users\Anmol\OneDrive\Desktop\B\coding-portal\judge\node_modules\express\lib\application.js:635:24)
2026-05-11T00:12:35:     at <anonymous> (C:\Users\Anmol\OneDrive\Desktop\B\coding-portal\judge\src\index.ts:216:5)
2026-05-11T00:12:35:     at ModuleJob.run (node:internal/modules/esm/module_job:430:25)
2026-05-11T00:12:35:     at process.processTicksAndRejections (node:internal/process/task_queues:103:5)
2026-05-11T00:12:35:     at async onImport.tracePromise.__proto__ (node:internal/modules/esm/loader:661:26)
2026-05-11T00:12:35:     at async asyncRunEntryPointWithESMLoader (node:internal/modules/run_main:101:5)
2026-05-11T00:12:35: Emitted 'error' event on Server instance at:
2026-05-11T00:12:35:     at emitErrorNT (node:net:1976:8)
2026-05-11T00:12:35:     at process.processTicksAndRejections (node:internal/process/task_queues:89:21) {
2026-05-11T00:12:35:   code: 'EADDRINUSE',
2026-05-11T00:12:35:   errno: -4091,
2026-05-11T00:12:35:   syscall: 'listen',
2026-05-11T00:12:35:   address: '::',
2026-05-11T00:12:35:   port: 5001
2026-05-11T00:12:35: }
2026-05-11T00:12:35: 
2026-05-11T00:12:35: Node.js v24.13.1
2026-05-11T00:12:36: node:events:486
2026-05-11T00:12:36:       throw er; // Unhandled 'error' event
2026-05-11T00:12:36:       ^
2026-05-11T00:12:36: 
2026-05-11T00:12:36: Error: listen EADDRINUSE: address already in use :::5001
2026-05-11T00:12:36:     at Server.setupListenHandle [as _listen2] (node:net:1940:16)
2026-05-11T00:12:36:     at listenInCluster (node:net:1997:12)
2026-05-11T00:12:36:     at Server.listen (node:net:2102:7)
2026-05-11T00:12:36:     at app.listen (C:\Users\Anmol\OneDrive\Desktop\B\coding-portal\judge\node_modules\express\lib\application.js:635:24)
2026-05-11T00:12:36:     at <anonymous> (C:\Users\Anmol\OneDrive\Desktop\B\coding-portal\judge\src\index.ts:216:5)
2026-05-11T00:12:36:     at ModuleJob.run (node:internal/modules/esm/module_job:430:25)
2026-05-11T00:12:36:     at process.processTicksAndRejections (node:internal/process/task_queues:103:5)
2026-05-11T00:12:36:     at async onImport.tracePromise.__proto__ (node:internal/modules/esm/loader:661:26)
2026-05-11T00:12:36:     at async asyncRunEntryPointWithESMLoader (node:internal/modules/run_main:101:5)
2026-05-11T00:12:36: Emitted 'error' event on Server instance at:
2026-05-11T00:12:36:     at emitErrorNT (node:net:1976:8)
2026-05-11T00:12:36:     at process.processTicksAndRejections (node:internal/process/task_queues:89:21) {
2026-05-11T00:12:36:   code: 'EADDRINUSE',
2026-05-11T00:12:36:   errno: -4091,
2026-05-11T00:12:36:   syscall: 'listen',
2026-05-11T00:12:36:   address: '::',
2026-05-11T00:12:36:   port: 5001
2026-05-11T00:12:36: }
2026-05-11T00:12:36: 
2026-05-11T00:12:36: Node.js v24.13.1
2026-05-11T00:12:38: node:events:486
2026-05-11T00:12:38:       throw er; // Unhandled 'error' event
2026-05-11T00:12:38:       ^
2026-05-11T00:12:38: 
2026-05-11T00:12:38: Error: listen EADDRINUSE: address already in use :::5001
2026-05-11T00:12:38:     at Server.setupListenHandle [as _listen2] (node:net:1940:16)
2026-05-11T00:12:38:     at listenInCluster (node:net:1997:12)
2026-05-11T00:12:38:     at Server.listen (node:net:2102:7)
2026-05-11T00:12:38:     at app.listen (C:\Users\Anmol\OneDrive\Desktop\B\coding-portal\judge\node_modules\express\lib\application.js:635:24)
2026-05-11T00:12:38:     at <anonymous> (C:\Users\Anmol\OneDrive\Desktop\B\coding-portal\judge\src\index.ts:216:5)
2026-05-11T00:12:38:     at ModuleJob.run (node:internal/modules/esm/module_job:430:25)
2026-05-11T00:12:38:     at process.processTicksAndRejections (node:internal/process/task_queues:103:5)
2026-05-11T00:12:38:     at async onImport.tracePromise.__proto__ (node:internal/modules/esm/loader:661:26)
2026-05-11T00:12:38:     at async asyncRunEntryPointWithESMLoader (node:internal/modules/run_main:101:5)
2026-05-11T00:12:38: Emitted 'error' event on Server instance at:
2026-05-11T00:12:38:     at emitErrorNT (node:net:1976:8)
2026-05-11T00:12:38:     at process.processTicksAndRejections (node:internal/process/task_queues:89:21) {
2026-05-11T00:12:38:   code: 'EADDRINUSE',
2026-05-11T00:12:38:   errno: -4091,
2026-05-11T00:12:38:   syscall: 'listen',
2026-05-11T00:12:38:   address: '::',
2026-05-11T00:12:38:   port: 5001
2026-05-11T00:12:38: }
2026-05-11T00:12:38: 
2026-05-11T00:12:38: Node.js v24.13.1
2026-05-11T00:12:40: node:events:486
2026-05-11T00:12:40:       throw er; // Unhandled 'error' event
2026-05-11T00:12:40:       ^
2026-05-11T00:12:40: 
2026-05-11T00:12:40: Error: listen EADDRINUSE: address already in use :::5001
2026-05-11T00:12:40:     at Server.setupListenHandle [as _listen2] (node:net:1940:16)
2026-05-11T00:12:40:     at listenInCluster (node:net:1997:12)
2026-05-11T00:12:40:     at Server.listen (node:net:2102:7)
2026-05-11T00:12:40:     at app.listen (C:\Users\Anmol\OneDrive\Desktop\B\coding-portal\judge\node_modules\express\lib\application.js:635:24)
2026-05-11T00:12:40:     at <anonymous> (C:\Users\Anmol\OneDrive\Desktop\B\coding-portal\judge\src\index.ts:216:5)
2026-05-11T00:12:40:     at ModuleJob.run (node:internal/modules/esm/module_job:430:25)
2026-05-11T00:12:40:     at process.processTicksAndRejections (node:internal/process/task_queues:103:5)
2026-05-11T00:12:40:     at async onImport.tracePromise.__proto__ (node:internal/modules/esm/loader:661:26)
2026-05-11T00:12:40:     at async asyncRunEntryPointWithESMLoader (node:internal/modules/run_main:101:5)
2026-05-11T00:12:40: Emitted 'error' event on Server instance at:
2026-05-11T00:12:40:     at emitErrorNT (node:net:1976:8)
2026-05-11T00:12:40:     at process.processTicksAndRejections (node:internal/process/task_queues:89:21) {
2026-05-11T00:12:40:   code: 'EADDRINUSE',
2026-05-11T00:12:40:   errno: -4091,
2026-05-11T00:12:40:   syscall: 'listen',
2026-05-11T00:12:40:   address: '::',
2026-05-11T00:12:40:   port: 5001
2026-05-11T00:12:40: }
2026-05-11T00:12:40: 
2026-05-11T00:12:40: Node.js v24.13.1
2026-05-11T00:12:41: node:events:486
2026-05-11T00:12:41:       throw er; // Unhandled 'error' event
2026-05-11T00:12:41:       ^
2026-05-11T00:12:41: 
2026-05-11T00:12:41: Error: listen EADDRINUSE: address already in use :::5001
2026-05-11T00:12:41:     at Server.setupListenHandle [as _listen2] (node:net:1940:16)
2026-05-11T00:12:41:     at listenInCluster (node:net:1997:12)
2026-05-11T00:12:41:     at Server.listen (node:net:2102:7)
2026-05-11T00:12:41:     at app.listen (C:\Users\Anmol\OneDrive\Desktop\B\coding-portal\judge\node_modules\express\lib\application.js:635:24)
2026-05-11T00:12:41:     at <anonymous> (C:\Users\Anmol\OneDrive\Desktop\B\coding-portal\judge\src\index.ts:216:5)
2026-05-11T00:12:41:     at ModuleJob.run (node:internal/modules/esm/module_job:430:25)
2026-05-11T00:12:41:     at process.processTicksAndRejections (node:internal/process/task_queues:103:5)
2026-05-11T00:12:41:     at async onImport.tracePromise.__proto__ (node:internal/modules/esm/loader:661:26)
2026-05-11T00:12:41:     at async asyncRunEntryPointWithESMLoader (node:internal/modules/run_main:101:5)
2026-05-11T00:12:41: Emitted 'error' event on Server instance at:
2026-05-11T00:12:41:     at emitErrorNT (node:net:1976:8)
2026-05-11T00:12:41:     at process.processTicksAndRejections (node:internal/process/task_queues:89:21) {
2026-05-11T00:12:41:   code: 'EADDRINUSE',
2026-05-11T00:12:41:   errno: -4091,
2026-05-11T00:12:41:   syscall: 'listen',
2026-05-11T00:12:41:   address: '::',
2026-05-11T00:12:41:   port: 5001
2026-05-11T00:12:41: }
2026-05-11T00:12:41: 
2026-05-11T00:12:41: Node.js v24.13.1
2026-05-11T00:12:43: node:events:486
2026-05-11T00:12:43:       throw er; // Unhandled 'error' event
2026-05-11T00:12:43:       ^
2026-05-11T00:12:43: 
2026-05-11T00:12:43: Error: listen EADDRINUSE: address already in use :::5001
2026-05-11T00:12:43:     at Server.setupListenHandle [as _listen2] (node:net:1940:16)
2026-05-11T00:12:43:     at listenInCluster (node:net:1997:12)
2026-05-11T00:12:43:     at Server.listen (node:net:2102:7)
2026-05-11T00:12:43:     at app.listen (C:\Users\Anmol\OneDrive\Desktop\B\coding-portal\judge\node_modules\express\lib\application.js:635:24)
2026-05-11T00:12:43:     at <anonymous> (C:\Users\Anmol\OneDrive\Desktop\B\coding-portal\judge\src\index.ts:216:5)
2026-05-11T00:12:43:     at ModuleJob.run (node:internal/modules/esm/module_job:430:25)
2026-05-11T00:12:43:     at process.processTicksAndRejections (node:internal/process/task_queues:103:5)
2026-05-11T00:12:43:     at async onImport.tracePromise.__proto__ (node:internal/modules/esm/loader:661:26)
2026-05-11T00:12:43:     at async asyncRunEntryPointWithESMLoader (node:internal/modules/run_main:101:5)
2026-05-11T00:12:43: Emitted 'error' event on Server instance at:
2026-05-11T00:12:43:     at emitErrorNT (node:net:1976:8)
2026-05-11T00:12:43:     at process.processTicksAndRejections (node:internal/process/task_queues:89:21) {
2026-05-11T00:12:43:   code: 'EADDRINUSE',
2026-05-11T00:12:43:   errno: -4091,
2026-05-11T00:12:43:   syscall: 'listen',
2026-05-11T00:12:43:   address: '::',
2026-05-11T00:12:43:   port: 5001
2026-05-11T00:12:43: }
2026-05-11T00:12:43: 
2026-05-11T00:12:43: Node.js v24.13.1
2026-05-11T00:12:45: node:events:486
2026-05-11T00:12:45:       throw er; // Unhandled 'error' event
2026-05-11T00:12:45:       ^
2026-05-11T00:12:45: 
2026-05-11T00:12:45: Error: listen EADDRINUSE: address already in use :::5001
2026-05-11T00:12:45:     at Server.setupListenHandle [as _listen2] (node:net:1940:16)
2026-05-11T00:12:45:     at listenInCluster (node:net:1997:12)
2026-05-11T00:12:45:     at Server.listen (node:net:2102:7)
2026-05-11T00:12:45:     at app.listen (C:\Users\Anmol\OneDrive\Desktop\B\coding-portal\judge\node_modules\express\lib\application.js:635:24)
2026-05-11T00:12:45:     at <anonymous> (C:\Users\Anmol\OneDrive\Desktop\B\coding-portal\judge\src\index.ts:216:5)
2026-05-11T00:12:45:     at ModuleJob.run (node:internal/modules/esm/module_job:430:25)
2026-05-11T00:12:45:     at process.processTicksAndRejections (node:internal/process/task_queues:103:5)
2026-05-11T00:12:45:     at async onImport.tracePromise.__proto__ (node:internal/modules/esm/loader:661:26)
2026-05-11T00:12:45:     at async asyncRunEntryPointWithESMLoader (node:internal/modules/run_main:101:5)
2026-05-11T00:12:45: Emitted 'error' event on Server instance at:
2026-05-11T00:12:45:     at emitErrorNT (node:net:1976:8)
2026-05-11T00:12:45:     at process.processTicksAndRejections (node:internal/process/task_queues:89:21) {
2026-05-11T00:12:45:   code: 'EADDRINUSE',
2026-05-11T00:12:45:   errno: -4091,
2026-05-11T00:12:45:   syscall: 'listen',
2026-05-11T00:12:45:   address: '::',
2026-05-11T00:12:45:   port: 5001
2026-05-11T00:12:45: }
2026-05-11T00:12:45: 
2026-05-11T00:12:45: Node.js v24.13.1
2026-05-11T00:12:46: node:events:486
2026-05-11T00:12:46:       throw er; // Unhandled 'error' event
2026-05-11T00:12:46:       ^
2026-05-11T00:12:46: 
2026-05-11T00:12:46: Error: listen EADDRINUSE: address already in use :::5001
2026-05-11T00:12:46:     at Server.setupListenHandle [as _listen2] (node:net:1940:16)
2026-05-11T00:12:46:     at listenInCluster (node:net:1997:12)
2026-05-11T00:12:46:     at Server.listen (node:net:2102:7)
2026-05-11T00:12:46:     at app.listen (C:\Users\Anmol\OneDrive\Desktop\B\coding-portal\judge\node_modules\express\lib\application.js:635:24)
2026-05-11T00:12:46:     at <anonymous> (C:\Users\Anmol\OneDrive\Desktop\B\coding-portal\judge\src\index.ts:216:5)
2026-05-11T00:12:46:     at ModuleJob.run (node:internal/modules/esm/module_job:430:25)
2026-05-11T00:12:46:     at process.processTicksAndRejections (node:internal/process/task_queues:103:5)
2026-05-11T00:12:46:     at async onImport.tracePromise.__proto__ (node:internal/modules/esm/loader:661:26)
2026-05-11T00:12:46:     at async asyncRunEntryPointWithESMLoader (node:internal/modules/run_main:101:5)
2026-05-11T00:12:46: Emitted 'error' event on Server instance at:
2026-05-11T00:12:46:     at emitErrorNT (node:net:1976:8)
2026-05-11T00:12:46:     at process.processTicksAndRejections (node:internal/process/task_queues:89:21) {
2026-05-11T00:12:46:   code: 'EADDRINUSE',
2026-05-11T00:12:46:   errno: -4091,
2026-05-11T00:12:46:   syscall: 'listen',
2026-05-11T00:12:46:   address: '::',
2026-05-11T00:12:46:   port: 5001
2026-05-11T00:12:46: }
2026-05-11T00:12:46: 
2026-05-11T00:12:46: Node.js v24.13.1
2026-05-11T00:12:48: node:events:486
2026-05-11T00:12:48:       throw er; // Unhandled 'error' event
2026-05-11T00:12:48:       ^
2026-05-11T00:12:48: 
2026-05-11T00:12:48: Error: listen EADDRINUSE: address already in use :::5001
2026-05-11T00:12:48:     at Server.setupListenHandle [as _listen2] (node:net:1940:16)
2026-05-11T00:12:48:     at listenInCluster (node:net:1997:12)
2026-05-11T00:12:48:     at Server.listen (node:net:2102:7)
2026-05-11T00:12:48:     at app.listen (C:\Users\Anmol\OneDrive\Desktop\B\coding-portal\judge\node_modules\express\lib\application.js:635:24)
2026-05-11T00:12:48:     at <anonymous> (C:\Users\Anmol\OneDrive\Desktop\B\coding-portal\judge\src\index.ts:216:5)
2026-05-11T00:12:48:     at ModuleJob.run (node:internal/modules/esm/module_job:430:25)
2026-05-11T00:12:48:     at process.processTicksAndRejections (node:internal/process/task_queues:103:5)
2026-05-11T00:12:48:     at async onImport.tracePromise.__proto__ (node:internal/modules/esm/loader:661:26)
2026-05-11T00:12:48:     at async asyncRunEntryPointWithESMLoader (node:internal/modules/run_main:101:5)
2026-05-11T00:12:48: Emitted 'error' event on Server instance at:
2026-05-11T00:12:48:     at emitErrorNT (node:net:1976:8)
2026-05-11T00:12:48:     at process.processTicksAndRejections (node:internal/process/task_queues:89:21) {
2026-05-11T00:12:48:   code: 'EADDRINUSE',
2026-05-11T00:12:48:   errno: -4091,
2026-05-11T00:12:48:   syscall: 'listen',
2026-05-11T00:12:48:   address: '::',
2026-05-11T00:12:48:   port: 5001
2026-05-11T00:12:48: }
2026-05-11T00:12:48: 
2026-05-11T00:12:48: Node.js v24.13.1
2026-05-11T00:12:50: node:events:486
2026-05-11T00:12:50:       throw er; // Unhandled 'error' event
2026-05-11T00:12:50:       ^
2026-05-11T00:12:50: 
2026-05-11T00:12:50: Error: listen EADDRINUSE: address already in use :::5001
2026-05-11T00:12:50:     at Server.setupListenHandle [as _listen2] (node:net:1940:16)
2026-05-11T00:12:50:     at listenInCluster (node:net:1997:12)
2026-05-11T00:12:50:     at Server.listen (node:net:2102:7)
2026-05-11T00:12:50:     at app.listen (C:\Users\Anmol\OneDrive\Desktop\B\coding-portal\judge\node_modules\express\lib\application.js:635:24)
2026-05-11T00:12:50:     at <anonymous> (C:\Users\Anmol\OneDrive\Desktop\B\coding-portal\judge\src\index.ts:216:5)
2026-05-11T00:12:50:     at ModuleJob.run (node:internal/modules/esm/module_job:430:25)
2026-05-11T00:12:50:     at process.processTicksAndRejections (node:internal/process/task_queues:103:5)
2026-05-11T00:12:50:     at async onImport.tracePromise.__proto__ (node:internal/modules/esm/loader:661:26)
2026-05-11T00:12:50:     at async asyncRunEntryPointWithESMLoader (node:internal/modules/run_main:101:5)
2026-05-11T00:12:50: Emitted 'error' event on Server instance at:
2026-05-11T00:12:50:     at emitErrorNT (node:net:1976:8)
2026-05-11T00:12:50:     at process.processTicksAndRejections (node:internal/process/task_queues:89:21) {
2026-05-11T00:12:50:   code: 'EADDRINUSE',
2026-05-11T00:12:50:   errno: -4091,
2026-05-11T00:12:50:   syscall: 'listen',
2026-05-11T00:12:50:   address: '::',
2026-05-11T00:12:50:   port: 5001
2026-05-11T00:12:50: }
2026-05-11T00:12:50: 
2026-05-11T00:12:50: Node.js v24.13.1
2026-05-11T00:12:51: node:events:486
2026-05-11T00:12:51:       throw er; // Unhandled 'error' event
2026-05-11T00:12:51:       ^
2026-05-11T00:12:51: 
2026-05-11T00:12:51: Error: listen EADDRINUSE: address already in use :::5001
2026-05-11T00:12:51:     at Server.setupListenHandle [as _listen2] (node:net:1940:16)
2026-05-11T00:12:51:     at listenInCluster (node:net:1997:12)
2026-05-11T00:12:51:     at Server.listen (node:net:2102:7)
2026-05-11T00:12:51:     at app.listen (C:\Users\Anmol\OneDrive\Desktop\B\coding-portal\judge\node_modules\express\lib\application.js:635:24)
2026-05-11T00:12:51:     at <anonymous> (C:\Users\Anmol\OneDrive\Desktop\B\coding-portal\judge\src\index.ts:216:5)
2026-05-11T00:12:51:     at ModuleJob.run (node:internal/modules/esm/module_job:430:25)
2026-05-11T00:12:51:     at process.processTicksAndRejections (node:internal/process/task_queues:103:5)
2026-05-11T00:12:51:     at async onImport.tracePromise.__proto__ (node:internal/modules/esm/loader:661:26)
2026-05-11T00:12:51:     at async asyncRunEntryPointWithESMLoader (node:internal/modules/run_main:101:5)
2026-05-11T00:12:51: Emitted 'error' event on Server instance at:
2026-05-11T00:12:51:     at emitErrorNT (node:net:1976:8)
2026-05-11T00:12:51:     at process.processTicksAndRejections (node:internal/process/task_queues:89:21) {
2026-05-11T00:12:51:   code: 'EADDRINUSE',
2026-05-11T00:12:51:   errno: -4091,
2026-05-11T00:12:51:   syscall: 'listen',
2026-05-11T00:12:51:   address: '::',
2026-05-11T00:12:51:   port: 5001
2026-05-11T00:12:51: }
2026-05-11T00:12:51: 
2026-05-11T00:12:51: Node.js v24.13.1
2026-05-11T00:12:53: node:events:486
2026-05-11T00:12:53:       throw er; // Unhandled 'error' event
2026-05-11T00:12:53:       ^
2026-05-11T00:12:53: 
2026-05-11T00:12:53: Error: listen EADDRINUSE: address already in use :::5001
2026-05-11T00:12:53:     at Server.setupListenHandle [as _listen2] (node:net:1940:16)
2026-05-11T00:12:53:     at listenInCluster (node:net:1997:12)
2026-05-11T00:12:53:     at Server.listen (node:net:2102:7)
2026-05-11T00:12:53:     at app.listen (C:\Users\Anmol\OneDrive\Desktop\B\coding-portal\judge\node_modules\express\lib\application.js:635:24)
2026-05-11T00:12:53:     at <anonymous> (C:\Users\Anmol\OneDrive\Desktop\B\coding-portal\judge\src\index.ts:216:5)
2026-05-11T00:12:53:     at ModuleJob.run (node:internal/modules/esm/module_job:430:25)
2026-05-11T00:12:53:     at process.processTicksAndRejections (node:internal/process/task_queues:103:5)
2026-05-11T00:12:53:     at async onImport.tracePromise.__proto__ (node:internal/modules/esm/loader:661:26)
2026-05-11T00:12:53:     at async asyncRunEntryPointWithESMLoader (node:internal/modules/run_main:101:5)
2026-05-11T00:12:53: Emitted 'error' event on Server instance at:
2026-05-11T00:12:53:     at emitErrorNT (node:net:1976:8)
2026-05-11T00:12:53:     at process.processTicksAndRejections (node:internal/process/task_queues:89:21) {
2026-05-11T00:12:53:   code: 'EADDRINUSE',
2026-05-11T00:12:53:   errno: -4091,
2026-05-11T00:12:53:   syscall: 'listen',
2026-05-11T00:12:53:   address: '::',
2026-05-11T00:12:53:   port: 5001
2026-05-11T00:12:53: }
2026-05-11T00:12:53: 
2026-05-11T00:12:53: Node.js v24.13.1
2026-05-11T00:12:55: node:events:486
2026-05-11T00:12:55:       throw er; // Unhandled 'error' event
2026-05-11T00:12:55:       ^
2026-05-11T00:12:55: 
2026-05-11T00:12:55: Error: listen EADDRINUSE: address already in use :::5001
2026-05-11T00:12:55:     at Server.setupListenHandle [as _listen2] (node:net:1940:16)
2026-05-11T00:12:55:     at listenInCluster (node:net:1997:12)
2026-05-11T00:12:55:     at Server.listen (node:net:2102:7)
2026-05-11T00:12:55:     at app.listen (C:\Users\Anmol\OneDrive\Desktop\B\coding-portal\judge\node_modules\express\lib\application.js:635:24)
2026-05-11T00:12:55:     at <anonymous> (C:\Users\Anmol\OneDrive\Desktop\B\coding-portal\judge\src\index.ts:216:5)
2026-05-11T00:12:55:     at ModuleJob.run (node:internal/modules/esm/module_job:430:25)
2026-05-11T00:12:55:     at process.processTicksAndRejections (node:internal/process/task_queues:103:5)
2026-05-11T00:12:55:     at async onImport.tracePromise.__proto__ (node:internal/modules/esm/loader:661:26)
2026-05-11T00:12:55:     at async asyncRunEntryPointWithESMLoader (node:internal/modules/run_main:101:5)
2026-05-11T00:12:55: Emitted 'error' event on Server instance at:
2026-05-11T00:12:55:     at emitErrorNT (node:net:1976:8)
2026-05-11T00:12:55:     at process.processTicksAndRejections (node:internal/process/task_queues:89:21) {
2026-05-11T00:12:55:   code: 'EADDRINUSE',
2026-05-11T00:12:55:   errno: -4091,
2026-05-11T00:12:55:   syscall: 'listen',
2026-05-11T00:12:55:   address: '::',
2026-05-11T00:12:55:   port: 5001
2026-05-11T00:12:55: }
2026-05-11T00:12:55: 
2026-05-11T00:12:55: Node.js v24.13.1
2026-05-11T00:12:56: node:events:486
2026-05-11T00:12:56:       throw er; // Unhandled 'error' event
2026-05-11T00:12:56:       ^
2026-05-11T00:12:56: 
2026-05-11T00:12:56: Error: listen EADDRINUSE: address already in use :::5001
2026-05-11T00:12:56:     at Server.setupListenHandle [as _listen2] (node:net:1940:16)
2026-05-11T00:12:56:     at listenInCluster (node:net:1997:12)
2026-05-11T00:12:56:     at Server.listen (node:net:2102:7)
2026-05-11T00:12:56:     at app.listen (C:\Users\Anmol\OneDrive\Desktop\B\coding-portal\judge\node_modules\express\lib\application.js:635:24)
2026-05-11T00:12:56:     at <anonymous> (C:\Users\Anmol\OneDrive\Desktop\B\coding-portal\judge\src\index.ts:216:5)
2026-05-11T00:12:56:     at ModuleJob.run (node:internal/modules/esm/module_job:430:25)
2026-05-11T00:12:56:     at process.processTicksAndRejections (node:internal/process/task_queues:103:5)
2026-05-11T00:12:56:     at async onImport.tracePromise.__proto__ (node:internal/modules/esm/loader:661:26)
2026-05-11T00:12:56:     at async asyncRunEntryPointWithESMLoader (node:internal/modules/run_main:101:5)
2026-05-11T00:12:56: Emitted 'error' event on Server instance at:
2026-05-11T00:12:56:     at emitErrorNT (node:net:1976:8)
2026-05-11T00:12:56:     at process.processTicksAndRejections (node:internal/process/task_queues:89:21) {
2026-05-11T00:12:56:   code: 'EADDRINUSE',
2026-05-11T00:12:56:   errno: -4091,
2026-05-11T00:12:56:   syscall: 'listen',
2026-05-11T00:12:56:   address: '::',
2026-05-11T00:12:56:   port: 5001
2026-05-11T00:12:56: }
2026-05-11T00:12:56: 
2026-05-11T00:12:56: Node.js v24.13.1
2026-05-11T00:12:58: node:events:486
2026-05-11T00:12:58:       throw er; // Unhandled 'error' event
2026-05-11T00:12:58:       ^
2026-05-11T00:12:58: 
2026-05-11T00:12:58: Error: listen EADDRINUSE: address already in use :::5001
2026-05-11T00:12:58:     at Server.setupListenHandle [as _listen2] (node:net:1940:16)
2026-05-11T00:12:58:     at listenInCluster (node:net:1997:12)
2026-05-11T00:12:58:     at Server.listen (node:net:2102:7)
2026-05-11T00:12:58:     at app.listen (C:\Users\Anmol\OneDrive\Desktop\B\coding-portal\judge\node_modules\express\lib\application.js:635:24)
2026-05-11T00:12:58:     at <anonymous> (C:\Users\Anmol\OneDrive\Desktop\B\coding-portal\judge\src\index.ts:216:5)
2026-05-11T00:12:58:     at ModuleJob.run (node:internal/modules/esm/module_job:430:25)
2026-05-11T00:12:58:     at process.processTicksAndRejections (node:internal/process/task_queues:103:5)
2026-05-11T00:12:58:     at async onImport.tracePromise.__proto__ (node:internal/modules/esm/loader:661:26)
2026-05-11T00:12:58:     at async asyncRunEntryPointWithESMLoader (node:internal/modules/run_main:101:5)
2026-05-11T00:12:58: Emitted 'error' event on Server instance at:
2026-05-11T00:12:58:     at emitErrorNT (node:net:1976:8)
2026-05-11T00:12:58:     at process.processTicksAndRejections (node:internal/process/task_queues:89:21) {
2026-05-11T00:12:58:   code: 'EADDRINUSE',
2026-05-11T00:12:58:   errno: -4091,
2026-05-11T00:12:58:   syscall: 'listen',
2026-05-11T00:12:58:   address: '::',
2026-05-11T00:12:58:   port: 5001
2026-05-11T00:12:58: }
2026-05-11T00:12:58: 
2026-05-11T00:12:58: Node.js v24.13.1
2026-05-11T00:12:59: node:events:486
2026-05-11T00:12:59:       throw er; // Unhandled 'error' event
2026-05-11T00:12:59:       ^
2026-05-11T00:12:59: 
2026-05-11T00:12:59: Error: listen EADDRINUSE: address already in use :::5001
2026-05-11T00:12:59:     at Server.setupListenHandle [as _listen2] (node:net:1940:16)
2026-05-11T00:12:59:     at listenInCluster (node:net:1997:12)
2026-05-11T00:12:59:     at Server.listen (node:net:2102:7)
2026-05-11T00:12:59:     at app.listen (C:\Users\Anmol\OneDrive\Desktop\B\coding-portal\judge\node_modules\express\lib\application.js:635:24)
2026-05-11T00:12:59:     at <anonymous> (C:\Users\Anmol\OneDrive\Desktop\B\coding-portal\judge\src\index.ts:216:5)
2026-05-11T00:12:59:     at ModuleJob.run (node:internal/modules/esm/module_job:430:25)
2026-05-11T00:12:59:     at process.processTicksAndRejections (node:internal/process/task_queues:103:5)
2026-05-11T00:12:59:     at async onImport.tracePromise.__proto__ (node:internal/modules/esm/loader:661:26)
2026-05-11T00:12:59:     at async asyncRunEntryPointWithESMLoader (node:internal/modules/run_main:101:5)
2026-05-11T00:12:59: Emitted 'error' event on Server instance at:
2026-05-11T00:12:59:     at emitErrorNT (node:net:1976:8)
2026-05-11T00:12:59:     at process.processTicksAndRejections (node:internal/process/task_queues:89:21) {
2026-05-11T00:12:59:   code: 'EADDRINUSE',
2026-05-11T00:12:59:   errno: -4091,
2026-05-11T00:12:59:   syscall: 'listen',
2026-05-11T00:12:59:   address: '::',
2026-05-11T00:12:59:   port: 5001
2026-05-11T00:12:59: }
2026-05-11T00:12:59: 
2026-05-11T00:12:59: Node.js v24.13.1
2026-05-11T00:13:01: node:events:486
2026-05-11T00:13:01:       throw er; // Unhandled 'error' event
2026-05-11T00:13:01:       ^
2026-05-11T00:13:01: 
2026-05-11T00:13:01: Error: listen EADDRINUSE: address already in use :::5001
2026-05-11T00:13:01:     at Server.setupListenHandle [as _listen2] (node:net:1940:16)
2026-05-11T00:13:01:     at listenInCluster (node:net:1997:12)
2026-05-11T00:13:01:     at Server.listen (node:net:2102:7)
2026-05-11T00:13:01:     at app.listen (C:\Users\Anmol\OneDrive\Desktop\B\coding-portal\judge\node_modules\express\lib\application.js:635:24)
2026-05-11T00:13:01:     at <anonymous> (C:\Users\Anmol\OneDrive\Desktop\B\coding-portal\judge\src\index.ts:216:5)
2026-05-11T00:13:01:     at ModuleJob.run (node:internal/modules/esm/module_job:430:25)
2026-05-11T00:13:01:     at process.processTicksAndRejections (node:internal/process/task_queues:103:5)
2026-05-11T00:13:01:     at async onImport.tracePromise.__proto__ (node:internal/modules/esm/loader:661:26)
2026-05-11T00:13:01:     at async asyncRunEntryPointWithESMLoader (node:internal/modules/run_main:101:5)
2026-05-11T00:13:01: Emitted 'error' event on Server instance at:
2026-05-11T00:13:01:     at emitErrorNT (node:net:1976:8)
2026-05-11T00:13:01:     at process.processTicksAndRejections (node:internal/process/task_queues:89:21) {
2026-05-11T00:13:01:   code: 'EADDRINUSE',
2026-05-11T00:13:01:   errno: -4091,
2026-05-11T00:13:01:   syscall: 'listen',
2026-05-11T00:13:01:   address: '::',
2026-05-11T00:13:01:   port: 5001
2026-05-11T00:13:01: }
2026-05-11T00:13:01: 
2026-05-11T00:13:01: Node.js v24.13.1
2026-05-11T00:13:03: node:events:486
2026-05-11T00:13:03:       throw er; // Unhandled 'error' event
2026-05-11T00:13:03:       ^
2026-05-11T00:13:03: 
2026-05-11T00:13:03: Error: listen EADDRINUSE: address already in use :::5001
2026-05-11T00:13:03:     at Server.setupListenHandle [as _listen2] (node:net:1940:16)
2026-05-11T00:13:03:     at listenInCluster (node:net:1997:12)
2026-05-11T00:13:03:     at Server.listen (node:net:2102:7)
2026-05-11T00:13:03:     at app.listen (C:\Users\Anmol\OneDrive\Desktop\B\coding-portal\judge\node_modules\express\lib\application.js:635:24)
2026-05-11T00:13:03:     at <anonymous> (C:\Users\Anmol\OneDrive\Desktop\B\coding-portal\judge\src\index.ts:216:5)
2026-05-11T00:13:03:     at ModuleJob.run (node:internal/modules/esm/module_job:430:25)
2026-05-11T00:13:03:     at process.processTicksAndRejections (node:internal/process/task_queues:103:5)
2026-05-11T00:13:03:     at async onImport.tracePromise.__proto__ (node:internal/modules/esm/loader:661:26)
2026-05-11T00:13:03:     at async asyncRunEntryPointWithESMLoader (node:internal/modules/run_main:101:5)
2026-05-11T00:13:03: Emitted 'error' event on Server instance at:
2026-05-11T00:13:03:     at emitErrorNT (node:net:1976:8)
2026-05-11T00:13:03:     at process.processTicksAndRejections (node:internal/process/task_queues:89:21) {
2026-05-11T00:13:03:   code: 'EADDRINUSE',
2026-05-11T00:13:03:   errno: -4091,
2026-05-11T00:13:03:   syscall: 'listen',
2026-05-11T00:13:03:   address: '::',
2026-05-11T00:13:03:   port: 5001
2026-05-11T00:13:03: }
2026-05-11T00:13:03: 
2026-05-11T00:13:03: Node.js v24.13.1
2026-05-11T00:13:05: node:events:486
2026-05-11T00:13:05:       throw er; // Unhandled 'error' event
2026-05-11T00:13:05:       ^
2026-05-11T00:13:05: 
2026-05-11T00:13:05: Error: listen EADDRINUSE: address already in use :::5001
2026-05-11T00:13:05:     at Server.setupListenHandle [as _listen2] (node:net:1940:16)
2026-05-11T00:13:05:     at listenInCluster (node:net:1997:12)
2026-05-11T00:13:05:     at Server.listen (node:net:2102:7)
2026-05-11T00:13:05:     at app.listen (C:\Users\Anmol\OneDrive\Desktop\B\coding-portal\judge\node_modules\express\lib\application.js:635:24)
2026-05-11T00:13:05:     at <anonymous> (C:\Users\Anmol\OneDrive\Desktop\B\coding-portal\judge\src\index.ts:216:5)
2026-05-11T00:13:05:     at ModuleJob.run (node:internal/modules/esm/module_job:430:25)
2026-05-11T00:13:05:     at process.processTicksAndRejections (node:internal/process/task_queues:103:5)
2026-05-11T00:13:05:     at async onImport.tracePromise.__proto__ (node:internal/modules/esm/loader:661:26)
2026-05-11T00:13:05:     at async asyncRunEntryPointWithESMLoader (node:internal/modules/run_main:101:5)
2026-05-11T00:13:05: Emitted 'error' event on Server instance at:
2026-05-11T00:13:05:     at emitErrorNT (node:net:1976:8)
2026-05-11T00:13:05:     at process.processTicksAndRejections (node:internal/process/task_queues:89:21) {
2026-05-11T00:13:05:   code: 'EADDRINUSE',
2026-05-11T00:13:05:   errno: -4091,
2026-05-11T00:13:05:   syscall: 'listen',
2026-05-11T00:13:05:   address: '::',
2026-05-11T00:13:05:   port: 5001
2026-05-11T00:13:05: }
2026-05-11T00:13:05: 
2026-05-11T00:13:05: Node.js v24.13.1
2026-05-11T00:13:06: node:events:486
2026-05-11T00:13:06:       throw er; // Unhandled 'error' event
2026-05-11T00:13:06:       ^
2026-05-11T00:13:06: 
2026-05-11T00:13:06: Error: listen EADDRINUSE: address already in use :::5001
2026-05-11T00:13:06:     at Server.setupListenHandle [as _listen2] (node:net:1940:16)
2026-05-11T00:13:06:     at listenInCluster (node:net:1997:12)
2026-05-11T00:13:06:     at Server.listen (node:net:2102:7)
2026-05-11T00:13:06:     at app.listen (C:\Users\Anmol\OneDrive\Desktop\B\coding-portal\judge\node_modules\express\lib\application.js:635:24)
2026-05-11T00:13:06:     at <anonymous> (C:\Users\Anmol\OneDrive\Desktop\B\coding-portal\judge\src\index.ts:216:5)
2026-05-11T00:13:06:     at ModuleJob.run (node:internal/modules/esm/module_job:430:25)
2026-05-11T00:13:06:     at process.processTicksAndRejections (node:internal/process/task_queues:103:5)
2026-05-11T00:13:06:     at async onImport.tracePromise.__proto__ (node:internal/modules/esm/loader:661:26)
2026-05-11T00:13:06:     at async asyncRunEntryPointWithESMLoader (node:internal/modules/run_main:101:5)
2026-05-11T00:13:06: Emitted 'error' event on Server instance at:
2026-05-11T00:13:06:     at emitErrorNT (node:net:1976:8)
2026-05-11T00:13:06:     at process.processTicksAndRejections (node:internal/process/task_queues:89:21) {
2026-05-11T00:13:06:   code: 'EADDRINUSE',
2026-05-11T00:13:06:   errno: -4091,
2026-05-11T00:13:06:   syscall: 'listen',
2026-05-11T00:13:06:   address: '::',
2026-05-11T00:13:06:   port: 5001
2026-05-11T00:13:06: }
2026-05-11T00:13:06: 
2026-05-11T00:13:06: Node.js v24.13.1
2026-05-11T00:13:08: node:events:486
2026-05-11T00:13:08:       throw er; // Unhandled 'error' event
2026-05-11T00:13:08:       ^
2026-05-11T00:13:08: 
2026-05-11T00:13:08: Error: listen EADDRINUSE: address already in use :::5001
2026-05-11T00:13:08:     at Server.setupListenHandle [as _listen2] (node:net:1940:16)
2026-05-11T00:13:08:     at listenInCluster (node:net:1997:12)
2026-05-11T00:13:08:     at Server.listen (node:net:2102:7)
2026-05-11T00:13:08:     at app.listen (C:\Users\Anmol\OneDrive\Desktop\B\coding-portal\judge\node_modules\express\lib\application.js:635:24)
2026-05-11T00:13:08:     at <anonymous> (C:\Users\Anmol\OneDrive\Desktop\B\coding-portal\judge\src\index.ts:216:5)
2026-05-11T00:13:08:     at ModuleJob.run (node:internal/modules/esm/module_job:430:25)
2026-05-11T00:13:08:     at process.processTicksAndRejections (node:internal/process/task_queues:103:5)
2026-05-11T00:13:08:     at async onImport.tracePromise.__proto__ (node:internal/modules/esm/loader:661:26)
2026-05-11T00:13:08:     at async asyncRunEntryPointWithESMLoader (node:internal/modules/run_main:101:5)
2026-05-11T00:13:08: Emitted 'error' event on Server instance at:
2026-05-11T00:13:08:     at emitErrorNT (node:net:1976:8)
2026-05-11T00:13:08:     at process.processTicksAndRejections (node:internal/process/task_queues:89:21) {
2026-05-11T00:13:08:   code: 'EADDRINUSE',
2026-05-11T00:13:08:   errno: -4091,
2026-05-11T00:13:08:   syscall: 'listen',
2026-05-11T00:13:08:   address: '::',
2026-05-11T00:13:08:   port: 5001
2026-05-11T00:13:08: }
2026-05-11T00:13:08: 
2026-05-11T00:13:08: Node.js v24.13.1
2026-05-11T00:13:09: node:events:486
2026-05-11T00:13:09:       throw er; // Unhandled 'error' event
2026-05-11T00:13:09:       ^
2026-05-11T00:13:09: 
2026-05-11T00:13:09: Error: listen EADDRINUSE: address already in use :::5001
2026-05-11T00:13:09:     at Server.setupListenHandle [as _listen2] (node:net:1940:16)
2026-05-11T00:13:09:     at listenInCluster (node:net:1997:12)
2026-05-11T00:13:09:     at Server.listen (node:net:2102:7)
2026-05-11T00:13:09:     at app.listen (C:\Users\Anmol\OneDrive\Desktop\B\coding-portal\judge\node_modules\express\lib\application.js:635:24)
2026-05-11T00:13:09:     at <anonymous> (C:\Users\Anmol\OneDrive\Desktop\B\coding-portal\judge\src\index.ts:216:5)
2026-05-11T00:13:09:     at ModuleJob.run (node:internal/modules/esm/module_job:430:25)
2026-05-11T00:13:09:     at process.processTicksAndRejections (node:internal/process/task_queues:103:5)
2026-05-11T00:13:09:     at async onImport.tracePromise.__proto__ (node:internal/modules/esm/loader:661:26)
2026-05-11T00:13:09:     at async asyncRunEntryPointWithESMLoader (node:internal/modules/run_main:101:5)
2026-05-11T00:13:09: Emitted 'error' event on Server instance at:
2026-05-11T00:13:09:     at emitErrorNT (node:net:1976:8)
2026-05-11T00:13:09:     at process.processTicksAndRejections (node:internal/process/task_queues:89:21) {
2026-05-11T00:13:09:   code: 'EADDRINUSE',
2026-05-11T00:13:09:   errno: -4091,
2026-05-11T00:13:09:   syscall: 'listen',
2026-05-11T00:13:09:   address: '::',
2026-05-11T00:13:09:   port: 5001
2026-05-11T00:13:09: }
2026-05-11T00:13:09: 
2026-05-11T00:13:09: Node.js v24.13.1
2026-05-11T00:13:11: node:events:486
2026-05-11T00:13:11:       throw er; // Unhandled 'error' event
2026-05-11T00:13:11:       ^
2026-05-11T00:13:11: 
2026-05-11T00:13:11: Error: listen EADDRINUSE: address already in use :::5001
2026-05-11T00:13:11:     at Server.setupListenHandle [as _listen2] (node:net:1940:16)
2026-05-11T00:13:11:     at listenInCluster (node:net:1997:12)
2026-05-11T00:13:11:     at Server.listen (node:net:2102:7)
2026-05-11T00:13:11:     at app.listen (C:\Users\Anmol\OneDrive\Desktop\B\coding-portal\judge\node_modules\express\lib\application.js:635:24)
2026-05-11T00:13:11:     at <anonymous> (C:\Users\Anmol\OneDrive\Desktop\B\coding-portal\judge\src\index.ts:216:5)
2026-05-11T00:13:11:     at ModuleJob.run (node:internal/modules/esm/module_job:430:25)
2026-05-11T00:13:11:     at process.processTicksAndRejections (node:internal/process/task_queues:103:5)
2026-05-11T00:13:11:     at async onImport.tracePromise.__proto__ (node:internal/modules/esm/loader:661:26)
2026-05-11T00:13:11:     at async asyncRunEntryPointWithESMLoader (node:internal/modules/run_main:101:5)
2026-05-11T00:13:11: Emitted 'error' event on Server instance at:
2026-05-11T00:13:11:     at emitErrorNT (node:net:1976:8)
2026-05-11T00:13:11:     at process.processTicksAndRejections (node:internal/process/task_queues:89:21) {
2026-05-11T00:13:11:   code: 'EADDRINUSE',
2026-05-11T00:13:11:   errno: -4091,
2026-05-11T00:13:11:   syscall: 'listen',
2026-05-11T00:13:11:   address: '::',
2026-05-11T00:13:11:   port: 5001
2026-05-11T00:13:11: }
2026-05-11T00:13:11: 
2026-05-11T00:13:11: Node.js v24.13.1
2026-05-11T00:13:13: node:events:486
2026-05-11T00:13:13:       throw er; // Unhandled 'error' event
2026-05-11T00:13:13:       ^
2026-05-11T00:13:13: 
2026-05-11T00:13:13: Error: listen EADDRINUSE: address already in use :::5001
2026-05-11T00:13:13:     at Server.setupListenHandle [as _listen2] (node:net:1940:16)
2026-05-11T00:13:13:     at listenInCluster (node:net:1997:12)
2026-05-11T00:13:13:     at Server.listen (node:net:2102:7)
2026-05-11T00:13:13:     at app.listen (C:\Users\Anmol\OneDrive\Desktop\B\coding-portal\judge\node_modules\express\lib\application.js:635:24)
2026-05-11T00:13:13:     at <anonymous> (C:\Users\Anmol\OneDrive\Desktop\B\coding-portal\judge\src\index.ts:216:5)
2026-05-11T00:13:13:     at ModuleJob.run (node:internal/modules/esm/module_job:430:25)
2026-05-11T00:13:13:     at process.processTicksAndRejections (node:internal/process/task_queues:103:5)
2026-05-11T00:13:13:     at async onImport.tracePromise.__proto__ (node:internal/modules/esm/loader:661:26)
2026-05-11T00:13:13:     at async asyncRunEntryPointWithESMLoader (node:internal/modules/run_main:101:5)
2026-05-11T00:13:13: Emitted 'error' event on Server instance at:
2026-05-11T00:13:13:     at emitErrorNT (node:net:1976:8)
2026-05-11T00:13:13:     at process.processTicksAndRejections (node:internal/process/task_queues:89:21) {
2026-05-11T00:13:13:   code: 'EADDRINUSE',
2026-05-11T00:13:13:   errno: -4091,
2026-05-11T00:13:13:   syscall: 'listen',
2026-05-11T00:13:13:   address: '::',
2026-05-11T00:13:13:   port: 5001
2026-05-11T00:13:13: }
2026-05-11T00:13:13: 
2026-05-11T00:13:13: Node.js v24.13.1
2026-05-11T00:13:14: node:events:486
2026-05-11T00:13:14:       throw er; // Unhandled 'error' event
2026-05-11T00:13:14:       ^
2026-05-11T00:13:14: 
2026-05-11T00:13:14: Error: listen EADDRINUSE: address already in use :::5001
2026-05-11T00:13:14:     at Server.setupListenHandle [as _listen2] (node:net:1940:16)
2026-05-11T00:13:14:     at listenInCluster (node:net:1997:12)
2026-05-11T00:13:14:     at Server.listen (node:net:2102:7)
2026-05-11T00:13:14:     at app.listen (C:\Users\Anmol\OneDrive\Desktop\B\coding-portal\judge\node_modules\express\lib\application.js:635:24)
2026-05-11T00:13:14:     at <anonymous> (C:\Users\Anmol\OneDrive\Desktop\B\coding-portal\judge\src\index.ts:216:5)
2026-05-11T00:13:14:     at ModuleJob.run (node:internal/modules/esm/module_job:430:25)
2026-05-11T00:13:14:     at process.processTicksAndRejections (node:internal/process/task_queues:103:5)
2026-05-11T00:13:14:     at async onImport.tracePromise.__proto__ (node:internal/modules/esm/loader:661:26)
2026-05-11T00:13:14:     at async asyncRunEntryPointWithESMLoader (node:internal/modules/run_main:101:5)
2026-05-11T00:13:14: Emitted 'error' event on Server instance at:
2026-05-11T00:13:14:     at emitErrorNT (node:net:1976:8)
2026-05-11T00:13:14:     at process.processTicksAndRejections (node:internal/process/task_queues:89:21) {
2026-05-11T00:13:14:   code: 'EADDRINUSE',
2026-05-11T00:13:14:   errno: -4091,
2026-05-11T00:13:14:   syscall: 'listen',
2026-05-11T00:13:14:   address: '::',
2026-05-11T00:13:14:   port: 5001
2026-05-11T00:13:14: }
2026-05-11T00:13:14: 
2026-05-11T00:13:14: Node.js v24.13.1
2026-05-11T00:13:16: node:events:486
2026-05-11T00:13:16:       throw er; // Unhandled 'error' event
2026-05-11T00:13:16:       ^
2026-05-11T00:13:16: 
2026-05-11T00:13:16: Error: listen EADDRINUSE: address already in use :::5001
2026-05-11T00:13:16:     at Server.setupListenHandle [as _listen2] (node:net:1940:16)
2026-05-11T00:13:16:     at listenInCluster (node:net:1997:12)
2026-05-11T00:13:16:     at Server.listen (node:net:2102:7)
2026-05-11T00:13:16:     at app.listen (C:\Users\Anmol\OneDrive\Desktop\B\coding-portal\judge\node_modules\express\lib\application.js:635:24)
2026-05-11T00:13:16:     at <anonymous> (C:\Users\Anmol\OneDrive\Desktop\B\coding-portal\judge\src\index.ts:216:5)
2026-05-11T00:13:16:     at ModuleJob.run (node:internal/modules/esm/module_job:430:25)
2026-05-11T00:13:16:     at process.processTicksAndRejections (node:internal/process/task_queues:103:5)
2026-05-11T00:13:16:     at async onImport.tracePromise.__proto__ (node:internal/modules/esm/loader:661:26)
2026-05-11T00:13:16:     at async asyncRunEntryPointWithESMLoader (node:internal/modules/run_main:101:5)
2026-05-11T00:13:16: Emitted 'error' event on Server instance at:
2026-05-11T00:13:16:     at emitErrorNT (node:net:1976:8)
2026-05-11T00:13:16:     at process.processTicksAndRejections (node:internal/process/task_queues:89:21) {
2026-05-11T00:13:16:   code: 'EADDRINUSE',
2026-05-11T00:13:16:   errno: -4091,
2026-05-11T00:13:16:   syscall: 'listen',
2026-05-11T00:13:16:   address: '::',
2026-05-11T00:13:16:   port: 5001
2026-05-11T00:13:16: }
2026-05-11T00:13:16: 
2026-05-11T00:13:16: Node.js v24.13.1
2026-05-11T00:13:18: node:events:486
2026-05-11T00:13:18:       throw er; // Unhandled 'error' event
2026-05-11T00:13:18:       ^
2026-05-11T00:13:18: 
2026-05-11T00:13:18: Error: listen EADDRINUSE: address already in use :::5001
2026-05-11T00:13:18:     at Server.setupListenHandle [as _listen2] (node:net:1940:16)
2026-05-11T00:13:18:     at listenInCluster (node:net:1997:12)
2026-05-11T00:13:18:     at Server.listen (node:net:2102:7)
2026-05-11T00:13:18:     at app.listen (C:\Users\Anmol\OneDrive\Desktop\B\coding-portal\judge\node_modules\express\lib\application.js:635:24)
2026-05-11T00:13:18:     at <anonymous> (C:\Users\Anmol\OneDrive\Desktop\B\coding-portal\judge\src\index.ts:216:5)
2026-05-11T00:13:18:     at ModuleJob.run (node:internal/modules/esm/module_job:430:25)
2026-05-11T00:13:18:     at process.processTicksAndRejections (node:internal/process/task_queues:103:5)
2026-05-11T00:13:18:     at async onImport.tracePromise.__proto__ (node:internal/modules/esm/loader:661:26)
2026-05-11T00:13:18:     at async asyncRunEntryPointWithESMLoader (node:internal/modules/run_main:101:5)
2026-05-11T00:13:18: Emitted 'error' event on Server instance at:
2026-05-11T00:13:18:     at emitErrorNT (node:net:1976:8)
2026-05-11T00:13:18:     at process.processTicksAndRejections (node:internal/process/task_queues:89:21) {
2026-05-11T00:13:18:   code: 'EADDRINUSE',
2026-05-11T00:13:18:   errno: -4091,
2026-05-11T00:13:18:   syscall: 'listen',
2026-05-11T00:13:18:   address: '::',
2026-05-11T00:13:18:   port: 5001
2026-05-11T00:13:18: }
2026-05-11T00:13:18: 
2026-05-11T00:13:18: Node.js v24.13.1
2026-05-11T00:13:19: node:events:486
2026-05-11T00:13:19:       throw er; // Unhandled 'error' event
2026-05-11T00:13:19:       ^
2026-05-11T00:13:19: 
2026-05-11T00:13:19: Error: listen EADDRINUSE: address already in use :::5001
2026-05-11T00:13:19:     at Server.setupListenHandle [as _listen2] (node:net:1940:16)
2026-05-11T00:13:19:     at listenInCluster (node:net:1997:12)
2026-05-11T00:13:19:     at Server.listen (node:net:2102:7)
2026-05-11T00:13:19:     at app.listen (C:\Users\Anmol\OneDrive\Desktop\B\coding-portal\judge\node_modules\express\lib\application.js:635:24)
2026-05-11T00:13:19:     at <anonymous> (C:\Users\Anmol\OneDrive\Desktop\B\coding-portal\judge\src\index.ts:216:5)
2026-05-11T00:13:19:     at ModuleJob.run (node:internal/modules/esm/module_job:430:25)
2026-05-11T00:13:19:     at process.processTicksAndRejections (node:internal/process/task_queues:103:5)
2026-05-11T00:13:19:     at async onImport.tracePromise.__proto__ (node:internal/modules/esm/loader:661:26)
2026-05-11T00:13:19:     at async asyncRunEntryPointWithESMLoader (node:internal/modules/run_main:101:5)
2026-05-11T00:13:19: Emitted 'error' event on Server instance at:
2026-05-11T00:13:19:     at emitErrorNT (node:net:1976:8)
2026-05-11T00:13:19:     at process.processTicksAndRejections (node:internal/process/task_queues:89:21) {
2026-05-11T00:13:19:   code: 'EADDRINUSE',
2026-05-11T00:13:19:   errno: -4091,
2026-05-11T00:13:19:   syscall: 'listen',
2026-05-11T00:13:19:   address: '::',
2026-05-11T00:13:19:   port: 5001
2026-05-11T00:13:19: }
2026-05-11T00:13:19: 
2026-05-11T00:13:19: Node.js v24.13.1
2026-05-11T00:13:22: node:events:486
2026-05-11T00:13:22:       throw er; // Unhandled 'error' event
2026-05-11T00:13:22:       ^
2026-05-11T00:13:22: 
2026-05-11T00:13:22: Error: listen EADDRINUSE: address already in use :::5001
2026-05-11T00:13:22:     at Server.setupListenHandle [as _listen2] (node:net:1940:16)
2026-05-11T00:13:22:     at listenInCluster (node:net:1997:12)
2026-05-11T00:13:22:     at Server.listen (node:net:2102:7)
2026-05-11T00:13:22:     at app.listen (C:\Users\Anmol\OneDrive\Desktop\B\coding-portal\judge\node_modules\express\lib\application.js:635:24)
2026-05-11T00:13:22:     at <anonymous> (C:\Users\Anmol\OneDrive\Desktop\B\coding-portal\judge\src\index.ts:216:5)
2026-05-11T00:13:22:     at ModuleJob.run (node:internal/modules/esm/module_job:430:25)
2026-05-11T00:13:22:     at process.processTicksAndRejections (node:internal/process/task_queues:103:5)
2026-05-11T00:13:22:     at async onImport.tracePromise.__proto__ (node:internal/modules/esm/loader:661:26)
2026-05-11T00:13:22:     at async asyncRunEntryPointWithESMLoader (node:internal/modules/run_main:101:5)
2026-05-11T00:13:22: Emitted 'error' event on Server instance at:
2026-05-11T00:13:22:     at emitErrorNT (node:net:1976:8)
2026-05-11T00:13:22:     at process.processTicksAndRejections (node:internal/process/task_queues:89:21) {
2026-05-11T00:13:22:   code: 'EADDRINUSE',
2026-05-11T00:13:22:   errno: -4091,
2026-05-11T00:13:22:   syscall: 'listen',
2026-05-11T00:13:22:   address: '::',
2026-05-11T00:13:22:   port: 5001
2026-05-11T00:13:22: }
2026-05-11T00:13:22: 
2026-05-11T00:13:22: Node.js v24.13.1
2026-05-11T00:13:23: node:events:486
2026-05-11T00:13:23:       throw er; // Unhandled 'error' event
2026-05-11T00:13:23:       ^
2026-05-11T00:13:23: 
2026-05-11T00:13:23: Error: listen EADDRINUSE: address already in use :::5001
2026-05-11T00:13:23:     at Server.setupListenHandle [as _listen2] (node:net:1940:16)
2026-05-11T00:13:23:     at listenInCluster (node:net:1997:12)
2026-05-11T00:13:23:     at Server.listen (node:net:2102:7)
2026-05-11T00:13:23:     at app.listen (C:\Users\Anmol\OneDrive\Desktop\B\coding-portal\judge\node_modules\express\lib\application.js:635:24)
2026-05-11T00:13:23:     at <anonymous> (C:\Users\Anmol\OneDrive\Desktop\B\coding-portal\judge\src\index.ts:216:5)
2026-05-11T00:13:23:     at ModuleJob.run (node:internal/modules/esm/module_job:430:25)
2026-05-11T00:13:23:     at process.processTicksAndRejections (node:internal/process/task_queues:103:5)
2026-05-11T00:13:23:     at async onImport.tracePromise.__proto__ (node:internal/modules/esm/loader:661:26)
2026-05-11T00:13:23:     at async asyncRunEntryPointWithESMLoader (node:internal/modules/run_main:101:5)
2026-05-11T00:13:23: Emitted 'error' event on Server instance at:
2026-05-11T00:13:23:     at emitErrorNT (node:net:1976:8)
2026-05-11T00:13:23:     at process.processTicksAndRejections (node:internal/process/task_queues:89:21) {
2026-05-11T00:13:23:   code: 'EADDRINUSE',
2026-05-11T00:13:23:   errno: -4091,
2026-05-11T00:13:23:   syscall: 'listen',
2026-05-11T00:13:23:   address: '::',
2026-05-11T00:13:23:   port: 5001
2026-05-11T00:13:23: }
2026-05-11T00:13:23: 
2026-05-11T00:13:23: Node.js v24.13.1
2026-05-11T00:13:25: node:events:486
2026-05-11T00:13:25:       throw er; // Unhandled 'error' event
2026-05-11T00:13:25:       ^
2026-05-11T00:13:25: 
2026-05-11T00:13:25: Error: listen EADDRINUSE: address already in use :::5001
2026-05-11T00:13:25:     at Server.setupListenHandle [as _listen2] (node:net:1940:16)
2026-05-11T00:13:25:     at listenInCluster (node:net:1997:12)
2026-05-11T00:13:25:     at Server.listen (node:net:2102:7)
2026-05-11T00:13:25:     at app.listen (C:\Users\Anmol\OneDrive\Desktop\B\coding-portal\judge\node_modules\express\lib\application.js:635:24)
2026-05-11T00:13:25:     at <anonymous> (C:\Users\Anmol\OneDrive\Desktop\B\coding-portal\judge\src\index.ts:216:5)
2026-05-11T00:13:25:     at ModuleJob.run (node:internal/modules/esm/module_job:430:25)
2026-05-11T00:13:25:     at process.processTicksAndRejections (node:internal/process/task_queues:103:5)
2026-05-11T00:13:25:     at async onImport.tracePromise.__proto__ (node:internal/modules/esm/loader:661:26)
2026-05-11T00:13:25:     at async asyncRunEntryPointWithESMLoader (node:internal/modules/run_main:101:5)
2026-05-11T00:13:25: Emitted 'error' event on Server instance at:
2026-05-11T00:13:25:     at emitErrorNT (node:net:1976:8)
2026-05-11T00:13:25:     at process.processTicksAndRejections (node:internal/process/task_queues:89:21) {
2026-05-11T00:13:25:   code: 'EADDRINUSE',
2026-05-11T00:13:25:   errno: -4091,
2026-05-11T00:13:25:   syscall: 'listen',
2026-05-11T00:13:25:   address: '::',
2026-05-11T00:13:25:   port: 5001
2026-05-11T00:13:25: }
2026-05-11T00:13:25: 
2026-05-11T00:13:25: Node.js v24.13.1
2026-05-11T00:13:26: node:events:486
2026-05-11T00:13:26:       throw er; // Unhandled 'error' event
2026-05-11T00:13:26:       ^
2026-05-11T00:13:26: 
2026-05-11T00:13:26: Error: listen EADDRINUSE: address already in use :::5001
2026-05-11T00:13:26:     at Server.setupListenHandle [as _listen2] (node:net:1940:16)
2026-05-11T00:13:26:     at listenInCluster (node:net:1997:12)
2026-05-11T00:13:26:     at Server.listen (node:net:2102:7)
2026-05-11T00:13:26:     at app.listen (C:\Users\Anmol\OneDrive\Desktop\B\coding-portal\judge\node_modules\express\lib\application.js:635:24)
2026-05-11T00:13:26:     at <anonymous> (C:\Users\Anmol\OneDrive\Desktop\B\coding-portal\judge\src\index.ts:216:5)
2026-05-11T00:13:26:     at ModuleJob.run (node:internal/modules/esm/module_job:430:25)
2026-05-11T00:13:26:     at process.processTicksAndRejections (node:internal/process/task_queues:103:5)
2026-05-11T00:13:26:     at async onImport.tracePromise.__proto__ (node:internal/modules/esm/loader:661:26)
2026-05-11T00:13:26:     at async asyncRunEntryPointWithESMLoader (node:internal/modules/run_main:101:5)
2026-05-11T00:13:26: Emitted 'error' event on Server instance at:
2026-05-11T00:13:26:     at emitErrorNT (node:net:1976:8)
2026-05-11T00:13:26:     at process.processTicksAndRejections (node:internal/process/task_queues:89:21) {
2026-05-11T00:13:26:   code: 'EADDRINUSE',
2026-05-11T00:13:26:   errno: -4091,
2026-05-11T00:13:26:   syscall: 'listen',
2026-05-11T00:13:26:   address: '::',
2026-05-11T00:13:26:   port: 5001
2026-05-11T00:13:26: }
2026-05-11T00:13:26: 
2026-05-11T00:13:26: Node.js v24.13.1
2026-05-11T00:13:28: node:events:486
2026-05-11T00:13:28:       throw er; // Unhandled 'error' event
2026-05-11T00:13:28:       ^
2026-05-11T00:13:28: 
2026-05-11T00:13:28: Error: listen EADDRINUSE: address already in use :::5001
2026-05-11T00:13:28:     at Server.setupListenHandle [as _listen2] (node:net:1940:16)
2026-05-11T00:13:28:     at listenInCluster (node:net:1997:12)
2026-05-11T00:13:28:     at Server.listen (node:net:2102:7)
2026-05-11T00:13:28:     at app.listen (C:\Users\Anmol\OneDrive\Desktop\B\coding-portal\judge\node_modules\express\lib\application.js:635:24)
2026-05-11T00:13:28:     at <anonymous> (C:\Users\Anmol\OneDrive\Desktop\B\coding-portal\judge\src\index.ts:216:5)
2026-05-11T00:13:28:     at ModuleJob.run (node:internal/modules/esm/module_job:430:25)
2026-05-11T00:13:28:     at process.processTicksAndRejections (node:internal/process/task_queues:103:5)
2026-05-11T00:13:28:     at async onImport.tracePromise.__proto__ (node:internal/modules/esm/loader:661:26)
2026-05-11T00:13:28:     at async asyncRunEntryPointWithESMLoader (node:internal/modules/run_main:101:5)
2026-05-11T00:13:28: Emitted 'error' event on Server instance at:
2026-05-11T00:13:28:     at emitErrorNT (node:net:1976:8)
2026-05-11T00:13:28:     at process.processTicksAndRejections (node:internal/process/task_queues:89:21) {
2026-05-11T00:13:28:   code: 'EADDRINUSE',
2026-05-11T00:13:28:   errno: -4091,
2026-05-11T00:13:28:   syscall: 'listen',
2026-05-11T00:13:28:   address: '::',
2026-05-11T00:13:28:   port: 5001
2026-05-11T00:13:28: }
2026-05-11T00:13:28: 
2026-05-11T00:13:28: Node.js v24.13.1
2026-05-11T00:13:30: node:events:486
2026-05-11T00:13:30:       throw er; // Unhandled 'error' event
2026-05-11T00:13:30:       ^
2026-05-11T00:13:30: 
2026-05-11T00:13:30: Error: listen EADDRINUSE: address already in use :::5001
2026-05-11T00:13:30:     at Server.setupListenHandle [as _listen2] (node:net:1940:16)
2026-05-11T00:13:30:     at listenInCluster (node:net:1997:12)
2026-05-11T00:13:30:     at Server.listen (node:net:2102:7)
2026-05-11T00:13:30:     at app.listen (C:\Users\Anmol\OneDrive\Desktop\B\coding-portal\judge\node_modules\express\lib\application.js:635:24)
2026-05-11T00:13:30:     at <anonymous> (C:\Users\Anmol\OneDrive\Desktop\B\coding-portal\judge\src\index.ts:216:5)
2026-05-11T00:13:30:     at ModuleJob.run (node:internal/modules/esm/module_job:430:25)
2026-05-11T00:13:30:     at process.processTicksAndRejections (node:internal/process/task_queues:103:5)
2026-05-11T00:13:30:     at async onImport.tracePromise.__proto__ (node:internal/modules/esm/loader:661:26)
2026-05-11T00:13:30:     at async asyncRunEntryPointWithESMLoader (node:internal/modules/run_main:101:5)
2026-05-11T00:13:30: Emitted 'error' event on Server instance at:
2026-05-11T00:13:30:     at emitErrorNT (node:net:1976:8)
2026-05-11T00:13:30:     at process.processTicksAndRejections (node:internal/process/task_queues:89:21) {
2026-05-11T00:13:30:   code: 'EADDRINUSE',
2026-05-11T00:13:30:   errno: -4091,
2026-05-11T00:13:30:   syscall: 'listen',
2026-05-11T00:13:30:   address: '::',
2026-05-11T00:13:30:   port: 5001
2026-05-11T00:13:30: }
2026-05-11T00:13:30: 
2026-05-11T00:13:30: Node.js v24.13.1
2026-05-11T00:13:33: node:events:486
2026-05-11T00:13:33:       throw er; // Unhandled 'error' event
2026-05-11T00:13:33:       ^
2026-05-11T00:13:33: 
2026-05-11T00:13:33: Error: listen EADDRINUSE: address already in use :::5001
2026-05-11T00:13:33:     at Server.setupListenHandle [as _listen2] (node:net:1940:16)
2026-05-11T00:13:33:     at listenInCluster (node:net:1997:12)
2026-05-11T00:13:33:     at Server.listen (node:net:2102:7)
2026-05-11T00:13:33:     at app.listen (C:\Users\Anmol\OneDrive\Desktop\B\coding-portal\judge\node_modules\express\lib\application.js:635:24)
2026-05-11T00:13:33:     at <anonymous> (C:\Users\Anmol\OneDrive\Desktop\B\coding-portal\judge\src\index.ts:216:5)
2026-05-11T00:13:33:     at ModuleJob.run (node:internal/modules/esm/module_job:430:25)
2026-05-11T00:13:33:     at process.processTicksAndRejections (node:internal/process/task_queues:103:5)
2026-05-11T00:13:33:     at async onImport.tracePromise.__proto__ (node:internal/modules/esm/loader:661:26)
2026-05-11T00:13:33:     at async asyncRunEntryPointWithESMLoader (node:internal/modules/run_main:101:5)
2026-05-11T00:13:33: Emitted 'error' event on Server instance at:
2026-05-11T00:13:33:     at emitErrorNT (node:net:1976:8)
2026-05-11T00:13:33:     at process.processTicksAndRejections (node:internal/process/task_queues:89:21) {
2026-05-11T00:13:33:   code: 'EADDRINUSE',
2026-05-11T00:13:33:   errno: -4091,
2026-05-11T00:13:33:   syscall: 'listen',
2026-05-11T00:13:33:   address: '::',
2026-05-11T00:13:33:   port: 5001
2026-05-11T00:13:33: }
2026-05-11T00:13:33: 
2026-05-11T00:13:33: Node.js v24.13.1
2026-05-11T00:13:34: node:events:486
2026-05-11T00:13:34:       throw er; // Unhandled 'error' event
2026-05-11T00:13:34:       ^
2026-05-11T00:13:34: 
2026-05-11T00:13:34: Error: listen EADDRINUSE: address already in use :::5001
2026-05-11T00:13:34:     at Server.setupListenHandle [as _listen2] (node:net:1940:16)
2026-05-11T00:13:34:     at listenInCluster (node:net:1997:12)
2026-05-11T00:13:34:     at Server.listen (node:net:2102:7)
2026-05-11T00:13:34:     at app.listen (C:\Users\Anmol\OneDrive\Desktop\B\coding-portal\judge\node_modules\express\lib\application.js:635:24)
2026-05-11T00:13:34:     at <anonymous> (C:\Users\Anmol\OneDrive\Desktop\B\coding-portal\judge\src\index.ts:216:5)
2026-05-11T00:13:34:     at ModuleJob.run (node:internal/modules/esm/module_job:430:25)
2026-05-11T00:13:34:     at process.processTicksAndRejections (node:internal/process/task_queues:103:5)
2026-05-11T00:13:34:     at async onImport.tracePromise.__proto__ (node:internal/modules/esm/loader:661:26)
2026-05-11T00:13:34:     at async asyncRunEntryPointWithESMLoader (node:internal/modules/run_main:101:5)
2026-05-11T00:13:34: Emitted 'error' event on Server instance at:
2026-05-11T00:13:34:     at emitErrorNT (node:net:1976:8)
2026-05-11T00:13:34:     at process.processTicksAndRejections (node:internal/process/task_queues:89:21) {
2026-05-11T00:13:34:   code: 'EADDRINUSE',
2026-05-11T00:13:34:   errno: -4091,
2026-05-11T00:13:34:   syscall: 'listen',
2026-05-11T00:13:34:   address: '::',
2026-05-11T00:13:34:   port: 5001
2026-05-11T00:13:34: }
2026-05-11T00:13:34: 
2026-05-11T00:13:34: Node.js v24.13.1
2026-05-11T00:13:36: node:events:486
2026-05-11T00:13:36:       throw er; // Unhandled 'error' event
2026-05-11T00:13:36:       ^
2026-05-11T00:13:36: 
2026-05-11T00:13:36: Error: listen EADDRINUSE: address already in use :::5001
2026-05-11T00:13:36:     at Server.setupListenHandle [as _listen2] (node:net:1940:16)
2026-05-11T00:13:36:     at listenInCluster (node:net:1997:12)
2026-05-11T00:13:36:     at Server.listen (node:net:2102:7)
2026-05-11T00:13:36:     at app.listen (C:\Users\Anmol\OneDrive\Desktop\B\coding-portal\judge\node_modules\express\lib\application.js:635:24)
2026-05-11T00:13:36:     at <anonymous> (C:\Users\Anmol\OneDrive\Desktop\B\coding-portal\judge\src\index.ts:216:5)
2026-05-11T00:13:36:     at ModuleJob.run (node:internal/modules/esm/module_job:430:25)
2026-05-11T00:13:36:     at process.processTicksAndRejections (node:internal/process/task_queues:103:5)
2026-05-11T00:13:36:     at async onImport.tracePromise.__proto__ (node:internal/modules/esm/loader:661:26)
2026-05-11T00:13:36:     at async asyncRunEntryPointWithESMLoader (node:internal/modules/run_main:101:5)
2026-05-11T00:13:36: Emitted 'error' event on Server instance at:
2026-05-11T00:13:36:     at emitErrorNT (node:net:1976:8)
2026-05-11T00:13:36:     at process.processTicksAndRejections (node:internal/process/task_queues:89:21) {
2026-05-11T00:13:36:   code: 'EADDRINUSE',
2026-05-11T00:13:36:   errno: -4091,
2026-05-11T00:13:36:   syscall: 'listen',
2026-05-11T00:13:36:   address: '::',
2026-05-11T00:13:36:   port: 5001
2026-05-11T00:13:36: }
2026-05-11T00:13:36: 
2026-05-11T00:13:36: Node.js v24.13.1
2026-05-11T00:13:38: node:events:486
2026-05-11T00:13:38:       throw er; // Unhandled 'error' event
2026-05-11T00:13:38:       ^
2026-05-11T00:13:38: 
2026-05-11T00:13:38: Error: listen EADDRINUSE: address already in use :::5001
2026-05-11T00:13:38:     at Server.setupListenHandle [as _listen2] (node:net:1940:16)
2026-05-11T00:13:38:     at listenInCluster (node:net:1997:12)
2026-05-11T00:13:38:     at Server.listen (node:net:2102:7)
2026-05-11T00:13:38:     at app.listen (C:\Users\Anmol\OneDrive\Desktop\B\coding-portal\judge\node_modules\express\lib\application.js:635:24)
2026-05-11T00:13:38:     at <anonymous> (C:\Users\Anmol\OneDrive\Desktop\B\coding-portal\judge\src\index.ts:216:5)
2026-05-11T00:13:38:     at ModuleJob.run (node:internal/modules/esm/module_job:430:25)
2026-05-11T00:13:38:     at process.processTicksAndRejections (node:internal/process/task_queues:103:5)
2026-05-11T00:13:38:     at async onImport.tracePromise.__proto__ (node:internal/modules/esm/loader:661:26)
2026-05-11T00:13:38:     at async asyncRunEntryPointWithESMLoader (node:internal/modules/run_main:101:5)
2026-05-11T00:13:38: Emitted 'error' event on Server instance at:
2026-05-11T00:13:38:     at emitErrorNT (node:net:1976:8)
2026-05-11T00:13:38:     at process.processTicksAndRejections (node:internal/process/task_queues:89:21) {
2026-05-11T00:13:38:   code: 'EADDRINUSE',
2026-05-11T00:13:38:   errno: -4091,
2026-05-11T00:13:38:   syscall: 'listen',
2026-05-11T00:13:38:   address: '::',
2026-05-11T00:13:38:   port: 5001
2026-05-11T00:13:38: }
2026-05-11T00:13:38: 
2026-05-11T00:13:38: Node.js v24.13.1
2026-05-11T00:13:40: node:events:486
2026-05-11T00:13:40:       throw er; // Unhandled 'error' event
2026-05-11T00:13:40:       ^
2026-05-11T00:13:40: 
2026-05-11T00:13:40: Error: listen EADDRINUSE: address already in use :::5001
2026-05-11T00:13:40:     at Server.setupListenHandle [as _listen2] (node:net:1940:16)
2026-05-11T00:13:40:     at listenInCluster (node:net:1997:12)
2026-05-11T00:13:40:     at Server.listen (node:net:2102:7)
2026-05-11T00:13:40:     at app.listen (C:\Users\Anmol\OneDrive\Desktop\B\coding-portal\judge\node_modules\express\lib\application.js:635:24)
2026-05-11T00:13:40:     at <anonymous> (C:\Users\Anmol\OneDrive\Desktop\B\coding-portal\judge\src\index.ts:216:5)
2026-05-11T00:13:40:     at ModuleJob.run (node:internal/modules/esm/module_job:430:25)
2026-05-11T00:13:40:     at process.processTicksAndRejections (node:internal/process/task_queues:103:5)
2026-05-11T00:13:40:     at async onImport.tracePromise.__proto__ (node:internal/modules/esm/loader:661:26)
2026-05-11T00:13:40:     at async asyncRunEntryPointWithESMLoader (node:internal/modules/run_main:101:5)
2026-05-11T00:13:40: Emitted 'error' event on Server instance at:
2026-05-11T00:13:40:     at emitErrorNT (node:net:1976:8)
2026-05-11T00:13:40:     at process.processTicksAndRejections (node:internal/process/task_queues:89:21) {
2026-05-11T00:13:40:   code: 'EADDRINUSE',
2026-05-11T00:13:40:   errno: -4091,
2026-05-11T00:13:40:   syscall: 'listen',
2026-05-11T00:13:40:   address: '::',
2026-05-11T00:13:40:   port: 5001
2026-05-11T00:13:40: }
2026-05-11T00:13:40: 
2026-05-11T00:13:40: Node.js v24.13.1
2026-05-11T00:13:42: node:events:486
2026-05-11T00:13:42:       throw er; // Unhandled 'error' event
2026-05-11T00:13:42:       ^
2026-05-11T00:13:42: 
2026-05-11T00:13:42: Error: listen EADDRINUSE: address already in use :::5001
2026-05-11T00:13:42:     at Server.setupListenHandle [as _listen2] (node:net:1940:16)
2026-05-11T00:13:42:     at listenInCluster (node:net:1997:12)
2026-05-11T00:13:42:     at Server.listen (node:net:2102:7)
2026-05-11T00:13:42:     at app.listen (C:\Users\Anmol\OneDrive\Desktop\B\coding-portal\judge\node_modules\express\lib\application.js:635:24)
2026-05-11T00:13:42:     at <anonymous> (C:\Users\Anmol\OneDrive\Desktop\B\coding-portal\judge\src\index.ts:216:5)
2026-05-11T00:13:42:     at ModuleJob.run (node:internal/modules/esm/module_job:430:25)
2026-05-11T00:13:42:     at process.processTicksAndRejections (node:internal/process/task_queues:103:5)
2026-05-11T00:13:42:     at async onImport.tracePromise.__proto__ (node:internal/modules/esm/loader:661:26)
2026-05-11T00:13:42:     at async asyncRunEntryPointWithESMLoader (node:internal/modules/run_main:101:5)
2026-05-11T00:13:42: Emitted 'error' event on Server instance at:
2026-05-11T00:13:42:     at emitErrorNT (node:net:1976:8)
2026-05-11T00:13:42:     at process.processTicksAndRejections (node:internal/process/task_queues:89:21) {
2026-05-11T00:13:42:   code: 'EADDRINUSE',
2026-05-11T00:13:42:   errno: -4091,
2026-05-11T00:13:42:   syscall: 'listen',
2026-05-11T00:13:42:   address: '::',
2026-05-11T00:13:42:   port: 5001
2026-05-11T00:13:42: }
2026-05-11T00:13:42: 
2026-05-11T00:13:42: Node.js v24.13.1
2026-05-11T00:13:44: node:events:486
2026-05-11T00:13:44:       throw er; // Unhandled 'error' event
2026-05-11T00:13:44:       ^
2026-05-11T00:13:44: 
2026-05-11T00:13:44: Error: listen EADDRINUSE: address already in use :::5001
2026-05-11T00:13:44:     at Server.setupListenHandle [as _listen2] (node:net:1940:16)
2026-05-11T00:13:44:     at listenInCluster (node:net:1997:12)
2026-05-11T00:13:44:     at Server.listen (node:net:2102:7)
2026-05-11T00:13:44:     at app.listen (C:\Users\Anmol\OneDrive\Desktop\B\coding-portal\judge\node_modules\express\lib\application.js:635:24)
2026-05-11T00:13:44:     at <anonymous> (C:\Users\Anmol\OneDrive\Desktop\B\coding-portal\judge\src\index.ts:216:5)
2026-05-11T00:13:44:     at ModuleJob.run (node:internal/modules/esm/module_job:430:25)
2026-05-11T00:13:44:     at process.processTicksAndRejections (node:internal/process/task_queues:103:5)
2026-05-11T00:13:44:     at async onImport.tracePromise.__proto__ (node:internal/modules/esm/loader:661:26)
2026-05-11T00:13:44:     at async asyncRunEntryPointWithESMLoader (node:internal/modules/run_main:101:5)
2026-05-11T00:13:44: Emitted 'error' event on Server instance at:
2026-05-11T00:13:44:     at emitErrorNT (node:net:1976:8)
2026-05-11T00:13:44:     at process.processTicksAndRejections (node:internal/process/task_queues:89:21) {
2026-05-11T00:13:44:   code: 'EADDRINUSE',
2026-05-11T00:13:44:   errno: -4091,
2026-05-11T00:13:44:   syscall: 'listen',
2026-05-11T00:13:44:   address: '::',
2026-05-11T00:13:44:   port: 5001
2026-05-11T00:13:44: }
2026-05-11T00:13:44: 
2026-05-11T00:13:44: Node.js v24.13.1
2026-05-11T00:13:46: node:events:486
2026-05-11T00:13:46:       throw er; // Unhandled 'error' event
2026-05-11T00:13:46:       ^
2026-05-11T00:13:46: 
2026-05-11T00:13:46: Error: listen EADDRINUSE: address already in use :::5001
2026-05-11T00:13:46:     at Server.setupListenHandle [as _listen2] (node:net:1940:16)
2026-05-11T00:13:46:     at listenInCluster (node:net:1997:12)
2026-05-11T00:13:46:     at Server.listen (node:net:2102:7)
2026-05-11T00:13:46:     at app.listen (C:\Users\Anmol\OneDrive\Desktop\B\coding-portal\judge\node_modules\express\lib\application.js:635:24)
2026-05-11T00:13:46:     at <anonymous> (C:\Users\Anmol\OneDrive\Desktop\B\coding-portal\judge\src\index.ts:216:5)
2026-05-11T00:13:46:     at ModuleJob.run (node:internal/modules/esm/module_job:430:25)
2026-05-11T00:13:46:     at process.processTicksAndRejections (node:internal/process/task_queues:103:5)
2026-05-11T00:13:46:     at async onImport.tracePromise.__proto__ (node:internal/modules/esm/loader:661:26)
2026-05-11T00:13:46:     at async asyncRunEntryPointWithESMLoader (node:internal/modules/run_main:101:5)
2026-05-11T00:13:46: Emitted 'error' event on Server instance at:
2026-05-11T00:13:46:     at emitErrorNT (node:net:1976:8)
2026-05-11T00:13:46:     at process.processTicksAndRejections (node:internal/process/task_queues:89:21) {
2026-05-11T00:13:46:   code: 'EADDRINUSE',
2026-05-11T00:13:46:   errno: -4091,
2026-05-11T00:13:46:   syscall: 'listen',
2026-05-11T00:13:46:   address: '::',
2026-05-11T00:13:46:   port: 5001
2026-05-11T00:13:46: }
2026-05-11T00:13:46: 
2026-05-11T00:13:46: Node.js v24.13.1
2026-05-11T00:13:47: node:events:486
2026-05-11T00:13:47:       throw er; // Unhandled 'error' event
2026-05-11T00:13:47:       ^
2026-05-11T00:13:47: 
2026-05-11T00:13:47: Error: listen EADDRINUSE: address already in use :::5001
2026-05-11T00:13:47:     at Server.setupListenHandle [as _listen2] (node:net:1940:16)
2026-05-11T00:13:47:     at listenInCluster (node:net:1997:12)
2026-05-11T00:13:47:     at Server.listen (node:net:2102:7)
2026-05-11T00:13:47:     at app.listen (C:\Users\Anmol\OneDrive\Desktop\B\coding-portal\judge\node_modules\express\lib\application.js:635:24)
2026-05-11T00:13:47:     at <anonymous> (C:\Users\Anmol\OneDrive\Desktop\B\coding-portal\judge\src\index.ts:216:5)
2026-05-11T00:13:47:     at ModuleJob.run (node:internal/modules/esm/module_job:430:25)
2026-05-11T00:13:47:     at process.processTicksAndRejections (node:internal/process/task_queues:103:5)
2026-05-11T00:13:47:     at async onImport.tracePromise.__proto__ (node:internal/modules/esm/loader:661:26)
2026-05-11T00:13:47:     at async asyncRunEntryPointWithESMLoader (node:internal/modules/run_main:101:5)
2026-05-11T00:13:47: Emitted 'error' event on Server instance at:
2026-05-11T00:13:47:     at emitErrorNT (node:net:1976:8)
2026-05-11T00:13:47:     at process.processTicksAndRejections (node:internal/process/task_queues:89:21) {
2026-05-11T00:13:47:   code: 'EADDRINUSE',
2026-05-11T00:13:47:   errno: -4091,
2026-05-11T00:13:47:   syscall: 'listen',
2026-05-11T00:13:47:   address: '::',
2026-05-11T00:13:47:   port: 5001
2026-05-11T00:13:47: }
2026-05-11T00:13:47: 
2026-05-11T00:13:47: Node.js v24.13.1
2026-05-11T00:13:49: node:events:486
2026-05-11T00:13:49:       throw er; // Unhandled 'error' event
2026-05-11T00:13:49:       ^
2026-05-11T00:13:49: 
2026-05-11T00:13:49: Error: listen EADDRINUSE: address already in use :::5001
2026-05-11T00:13:49:     at Server.setupListenHandle [as _listen2] (node:net:1940:16)
2026-05-11T00:13:49:     at listenInCluster (node:net:1997:12)
2026-05-11T00:13:49:     at Server.listen (node:net:2102:7)
2026-05-11T00:13:49:     at app.listen (C:\Users\Anmol\OneDrive\Desktop\B\coding-portal\judge\node_modules\express\lib\application.js:635:24)
2026-05-11T00:13:49:     at <anonymous> (C:\Users\Anmol\OneDrive\Desktop\B\coding-portal\judge\src\index.ts:216:5)
2026-05-11T00:13:49:     at ModuleJob.run (node:internal/modules/esm/module_job:430:25)
2026-05-11T00:13:49:     at process.processTicksAndRejections (node:internal/process/task_queues:103:5)
2026-05-11T00:13:49:     at async onImport.tracePromise.__proto__ (node:internal/modules/esm/loader:661:26)
2026-05-11T00:13:49:     at async asyncRunEntryPointWithESMLoader (node:internal/modules/run_main:101:5)
2026-05-11T00:13:49: Emitted 'error' event on Server instance at:
2026-05-11T00:13:49:     at emitErrorNT (node:net:1976:8)
2026-05-11T00:13:49:     at process.processTicksAndRejections (node:internal/process/task_queues:89:21) {
2026-05-11T00:13:49:   code: 'EADDRINUSE',
2026-05-11T00:13:49:   errno: -4091,
2026-05-11T00:13:49:   syscall: 'listen',
2026-05-11T00:13:49:   address: '::',
2026-05-11T00:13:49:   port: 5001
2026-05-11T00:13:49: }
2026-05-11T00:13:49: 
2026-05-11T00:13:49: Node.js v24.13.1
2026-05-11T00:13:51: node:events:486
2026-05-11T00:13:51:       throw er; // Unhandled 'error' event
2026-05-11T00:13:51:       ^
2026-05-11T00:13:51: 
2026-05-11T00:13:51: Error: listen EADDRINUSE: address already in use :::5001
2026-05-11T00:13:51:     at Server.setupListenHandle [as _listen2] (node:net:1940:16)
2026-05-11T00:13:51:     at listenInCluster (node:net:1997:12)
2026-05-11T00:13:51:     at Server.listen (node:net:2102:7)
2026-05-11T00:13:51:     at app.listen (C:\Users\Anmol\OneDrive\Desktop\B\coding-portal\judge\node_modules\express\lib\application.js:635:24)
2026-05-11T00:13:51:     at <anonymous> (C:\Users\Anmol\OneDrive\Desktop\B\coding-portal\judge\src\index.ts:216:5)
2026-05-11T00:13:51:     at ModuleJob.run (node:internal/modules/esm/module_job:430:25)
2026-05-11T00:13:51:     at process.processTicksAndRejections (node:internal/process/task_queues:103:5)
2026-05-11T00:13:51:     at async onImport.tracePromise.__proto__ (node:internal/modules/esm/loader:661:26)
2026-05-11T00:13:51:     at async asyncRunEntryPointWithESMLoader (node:internal/modules/run_main:101:5)
2026-05-11T00:13:51: Emitted 'error' event on Server instance at:
2026-05-11T00:13:51:     at emitErrorNT (node:net:1976:8)
2026-05-11T00:13:51:     at process.processTicksAndRejections (node:internal/process/task_queues:89:21) {
2026-05-11T00:13:51:   code: 'EADDRINUSE',
2026-05-11T00:13:51:   errno: -4091,
2026-05-11T00:13:51:   syscall: 'listen',
2026-05-11T00:13:51:   address: '::',
2026-05-11T00:13:51:   port: 5001
2026-05-11T00:13:51: }
2026-05-11T00:13:51: 
2026-05-11T00:13:51: Node.js v24.13.1
2026-05-11T00:13:53: node:events:486
2026-05-11T00:13:53:       throw er; // Unhandled 'error' event
2026-05-11T00:13:53:       ^
2026-05-11T00:13:53: 
2026-05-11T00:13:53: Error: listen EADDRINUSE: address already in use :::5001
2026-05-11T00:13:53:     at Server.setupListenHandle [as _listen2] (node:net:1940:16)
2026-05-11T00:13:53:     at listenInCluster (node:net:1997:12)
2026-05-11T00:13:53:     at Server.listen (node:net:2102:7)
2026-05-11T00:13:53:     at app.listen (C:\Users\Anmol\OneDrive\Desktop\B\coding-portal\judge\node_modules\express\lib\application.js:635:24)
2026-05-11T00:13:53:     at <anonymous> (C:\Users\Anmol\OneDrive\Desktop\B\coding-portal\judge\src\index.ts:216:5)
2026-05-11T00:13:53:     at ModuleJob.run (node:internal/modules/esm/module_job:430:25)
2026-05-11T00:13:53:     at process.processTicksAndRejections (node:internal/process/task_queues:103:5)
2026-05-11T00:13:53:     at async onImport.tracePromise.__proto__ (node:internal/modules/esm/loader:661:26)
2026-05-11T00:13:53:     at async asyncRunEntryPointWithESMLoader (node:internal/modules/run_main:101:5)
2026-05-11T00:13:53: Emitted 'error' event on Server instance at:
2026-05-11T00:13:53:     at emitErrorNT (node:net:1976:8)
2026-05-11T00:13:53:     at process.processTicksAndRejections (node:internal/process/task_queues:89:21) {
2026-05-11T00:13:53:   code: 'EADDRINUSE',
2026-05-11T00:13:53:   errno: -4091,
2026-05-11T00:13:53:   syscall: 'listen',
2026-05-11T00:13:53:   address: '::',
2026-05-11T00:13:53:   port: 5001
2026-05-11T00:13:53: }
2026-05-11T00:13:53: 
2026-05-11T00:13:53: Node.js v24.13.1
2026-05-11T00:13:55: node:events:486
2026-05-11T00:13:55:       throw er; // Unhandled 'error' event
2026-05-11T00:13:55:       ^
2026-05-11T00:13:55: 
2026-05-11T00:13:55: Error: listen EADDRINUSE: address already in use :::5001
2026-05-11T00:13:55:     at Server.setupListenHandle [as _listen2] (node:net:1940:16)
2026-05-11T00:13:55:     at listenInCluster (node:net:1997:12)
2026-05-11T00:13:55:     at Server.listen (node:net:2102:7)
2026-05-11T00:13:55:     at app.listen (C:\Users\Anmol\OneDrive\Desktop\B\coding-portal\judge\node_modules\express\lib\application.js:635:24)
2026-05-11T00:13:55:     at <anonymous> (C:\Users\Anmol\OneDrive\Desktop\B\coding-portal\judge\src\index.ts:216:5)
2026-05-11T00:13:55:     at ModuleJob.run (node:internal/modules/esm/module_job:430:25)
2026-05-11T00:13:55:     at process.processTicksAndRejections (node:internal/process/task_queues:103:5)
2026-05-11T00:13:55:     at async onImport.tracePromise.__proto__ (node:internal/modules/esm/loader:661:26)
2026-05-11T00:13:55:     at async asyncRunEntryPointWithESMLoader (node:internal/modules/run_main:101:5)
2026-05-11T00:13:55: Emitted 'error' event on Server instance at:
2026-05-11T00:13:55:     at emitErrorNT (node:net:1976:8)
2026-05-11T00:13:55:     at process.processTicksAndRejections (node:internal/process/task_queues:89:21) {
2026-05-11T00:13:55:   code: 'EADDRINUSE',
2026-05-11T00:13:55:   errno: -4091,
2026-05-11T00:13:55:   syscall: 'listen',
2026-05-11T00:13:55:   address: '::',
2026-05-11T00:13:55:   port: 5001
2026-05-11T00:13:55: }
2026-05-11T00:13:55: 
2026-05-11T00:13:55: Node.js v24.13.1
2026-05-11T00:13:57: node:events:486
2026-05-11T00:13:57:       throw er; // Unhandled 'error' event
2026-05-11T00:13:57:       ^
2026-05-11T00:13:57: 
2026-05-11T00:13:57: Error: listen EADDRINUSE: address already in use :::5001
2026-05-11T00:13:57:     at Server.setupListenHandle [as _listen2] (node:net:1940:16)
2026-05-11T00:13:57:     at listenInCluster (node:net:1997:12)
2026-05-11T00:13:57:     at Server.listen (node:net:2102:7)
2026-05-11T00:13:57:     at app.listen (C:\Users\Anmol\OneDrive\Desktop\B\coding-portal\judge\node_modules\express\lib\application.js:635:24)
2026-05-11T00:13:57:     at <anonymous> (C:\Users\Anmol\OneDrive\Desktop\B\coding-portal\judge\src\index.ts:216:5)
2026-05-11T00:13:57:     at ModuleJob.run (node:internal/modules/esm/module_job:430:25)
2026-05-11T00:13:57:     at process.processTicksAndRejections (node:internal/process/task_queues:103:5)
2026-05-11T00:13:57:     at async onImport.tracePromise.__proto__ (node:internal/modules/esm/loader:661:26)
2026-05-11T00:13:57:     at async asyncRunEntryPointWithESMLoader (node:internal/modules/run_main:101:5)
2026-05-11T00:13:57: Emitted 'error' event on Server instance at:
2026-05-11T00:13:57:     at emitErrorNT (node:net:1976:8)
2026-05-11T00:13:57:     at process.processTicksAndRejections (node:internal/process/task_queues:89:21) {
2026-05-11T00:13:57:   code: 'EADDRINUSE',
2026-05-11T00:13:57:   errno: -4091,
2026-05-11T00:13:57:   syscall: 'listen',
2026-05-11T00:13:57:   address: '::',
2026-05-11T00:13:57:   port: 5001
2026-05-11T00:13:57: }
2026-05-11T00:13:57: 
2026-05-11T00:13:57: Node.js v24.13.1
2026-05-11T00:13:58: node:events:486
2026-05-11T00:13:58:       throw er; // Unhandled 'error' event
2026-05-11T00:13:58:       ^
2026-05-11T00:13:58: 
2026-05-11T00:13:58: Error: listen EADDRINUSE: address already in use :::5001
2026-05-11T00:13:58:     at Server.setupListenHandle [as _listen2] (node:net:1940:16)
2026-05-11T00:13:58:     at listenInCluster (node:net:1997:12)
2026-05-11T00:13:58:     at Server.listen (node:net:2102:7)
2026-05-11T00:13:58:     at app.listen (C:\Users\Anmol\OneDrive\Desktop\B\coding-portal\judge\node_modules\express\lib\application.js:635:24)
2026-05-11T00:13:58:     at <anonymous> (C:\Users\Anmol\OneDrive\Desktop\B\coding-portal\judge\src\index.ts:216:5)
2026-05-11T00:13:58:     at ModuleJob.run (node:internal/modules/esm/module_job:430:25)
2026-05-11T00:13:58:     at process.processTicksAndRejections (node:internal/process/task_queues:103:5)
2026-05-11T00:13:58:     at async onImport.tracePromise.__proto__ (node:internal/modules/esm/loader:661:26)
2026-05-11T00:13:58:     at async asyncRunEntryPointWithESMLoader (node:internal/modules/run_main:101:5)
2026-05-11T00:13:58: Emitted 'error' event on Server instance at:
2026-05-11T00:13:58:     at emitErrorNT (node:net:1976:8)
2026-05-11T00:13:58:     at process.processTicksAndRejections (node:internal/process/task_queues:89:21) {
2026-05-11T00:13:58:   code: 'EADDRINUSE',
2026-05-11T00:13:58:   errno: -4091,
2026-05-11T00:13:58:   syscall: 'listen',
2026-05-11T00:13:58:   address: '::',
2026-05-11T00:13:58:   port: 5001
2026-05-11T00:13:58: }
2026-05-11T00:13:58: 
2026-05-11T00:13:58: Node.js v24.13.1
2026-05-11T00:14:00: node:events:486
2026-05-11T00:14:00:       throw er; // Unhandled 'error' event
2026-05-11T00:14:00:       ^
2026-05-11T00:14:00: 
2026-05-11T00:14:00: Error: listen EADDRINUSE: address already in use :::5001
2026-05-11T00:14:00:     at Server.setupListenHandle [as _listen2] (node:net:1940:16)
2026-05-11T00:14:00:     at listenInCluster (node:net:1997:12)
2026-05-11T00:14:00:     at Server.listen (node:net:2102:7)
2026-05-11T00:14:00:     at app.listen (C:\Users\Anmol\OneDrive\Desktop\B\coding-portal\judge\node_modules\express\lib\application.js:635:24)
2026-05-11T00:14:00:     at <anonymous> (C:\Users\Anmol\OneDrive\Desktop\B\coding-portal\judge\src\index.ts:216:5)
2026-05-11T00:14:00:     at ModuleJob.run (node:internal/modules/esm/module_job:430:25)
2026-05-11T00:14:00:     at process.processTicksAndRejections (node:internal/process/task_queues:103:5)
2026-05-11T00:14:00:     at async onImport.tracePromise.__proto__ (node:internal/modules/esm/loader:661:26)
2026-05-11T00:14:00:     at async asyncRunEntryPointWithESMLoader (node:internal/modules/run_main:101:5)
2026-05-11T00:14:00: Emitted 'error' event on Server instance at:
2026-05-11T00:14:00:     at emitErrorNT (node:net:1976:8)
2026-05-11T00:14:00:     at process.processTicksAndRejections (node:internal/process/task_queues:89:21) {
2026-05-11T00:14:00:   code: 'EADDRINUSE',
2026-05-11T00:14:00:   errno: -4091,
2026-05-11T00:14:00:   syscall: 'listen',
2026-05-11T00:14:00:   address: '::',
2026-05-11T00:14:00:   port: 5001
2026-05-11T00:14:00: }
2026-05-11T00:14:00: 
2026-05-11T00:14:00: Node.js v24.13.1
2026-05-11T00:14:02: node:events:486
2026-05-11T00:14:02:       throw er; // Unhandled 'error' event
2026-05-11T00:14:02:       ^
2026-05-11T00:14:02: 
2026-05-11T00:14:02: Error: listen EADDRINUSE: address already in use :::5001
2026-05-11T00:14:02:     at Server.setupListenHandle [as _listen2] (node:net:1940:16)
2026-05-11T00:14:02:     at listenInCluster (node:net:1997:12)
2026-05-11T00:14:02:     at Server.listen (node:net:2102:7)
2026-05-11T00:14:02:     at app.listen (C:\Users\Anmol\OneDrive\Desktop\B\coding-portal\judge\node_modules\express\lib\application.js:635:24)
2026-05-11T00:14:02:     at <anonymous> (C:\Users\Anmol\OneDrive\Desktop\B\coding-portal\judge\src\index.ts:216:5)
2026-05-11T00:14:02:     at ModuleJob.run (node:internal/modules/esm/module_job:430:25)
2026-05-11T00:14:02:     at process.processTicksAndRejections (node:internal/process/task_queues:103:5)
2026-05-11T00:14:02:     at async onImport.tracePromise.__proto__ (node:internal/modules/esm/loader:661:26)
2026-05-11T00:14:02:     at async asyncRunEntryPointWithESMLoader (node:internal/modules/run_main:101:5)
2026-05-11T00:14:02: Emitted 'error' event on Server instance at:
2026-05-11T00:14:02:     at emitErrorNT (node:net:1976:8)
2026-05-11T00:14:02:     at process.processTicksAndRejections (node:internal/process/task_queues:89:21) {
2026-05-11T00:14:02:   code: 'EADDRINUSE',
2026-05-11T00:14:02:   errno: -4091,
2026-05-11T00:14:02:   syscall: 'listen',
2026-05-11T00:14:02:   address: '::',
2026-05-11T00:14:02:   port: 5001
2026-05-11T00:14:02: }
2026-05-11T00:14:02: 
2026-05-11T00:14:02: Node.js v24.13.1
2026-05-11T00:14:04: node:events:486
2026-05-11T00:14:04:       throw er; // Unhandled 'error' event
2026-05-11T00:14:04:       ^
2026-05-11T00:14:04: 
2026-05-11T00:14:04: Error: listen EADDRINUSE: address already in use :::5001
2026-05-11T00:14:04:     at Server.setupListenHandle [as _listen2] (node:net:1940:16)
2026-05-11T00:14:04:     at listenInCluster (node:net:1997:12)
2026-05-11T00:14:04:     at Server.listen (node:net:2102:7)
2026-05-11T00:14:04:     at app.listen (C:\Users\Anmol\OneDrive\Desktop\B\coding-portal\judge\node_modules\express\lib\application.js:635:24)
2026-05-11T00:14:04:     at <anonymous> (C:\Users\Anmol\OneDrive\Desktop\B\coding-portal\judge\src\index.ts:216:5)
2026-05-11T00:14:04:     at ModuleJob.run (node:internal/modules/esm/module_job:430:25)
2026-05-11T00:14:04:     at process.processTicksAndRejections (node:internal/process/task_queues:103:5)
2026-05-11T00:14:04:     at async onImport.tracePromise.__proto__ (node:internal/modules/esm/loader:661:26)
2026-05-11T00:14:04:     at async asyncRunEntryPointWithESMLoader (node:internal/modules/run_main:101:5)
2026-05-11T00:14:04: Emitted 'error' event on Server instance at:
2026-05-11T00:14:04:     at emitErrorNT (node:net:1976:8)
2026-05-11T00:14:04:     at process.processTicksAndRejections (node:internal/process/task_queues:89:21) {
2026-05-11T00:14:04:   code: 'EADDRINUSE',
2026-05-11T00:14:04:   errno: -4091,
2026-05-11T00:14:04:   syscall: 'listen',
2026-05-11T00:14:04:   address: '::',
2026-05-11T00:14:04:   port: 5001
2026-05-11T00:14:04: }
2026-05-11T00:14:04: 
2026-05-11T00:14:04: Node.js v24.13.1
2026-05-11T00:14:05: node:events:486
2026-05-11T00:14:05:       throw er; // Unhandled 'error' event
2026-05-11T00:14:05:       ^
2026-05-11T00:14:05: 
2026-05-11T00:14:05: Error: listen EADDRINUSE: address already in use :::5001
2026-05-11T00:14:05:     at Server.setupListenHandle [as _listen2] (node:net:1940:16)
2026-05-11T00:14:05:     at listenInCluster (node:net:1997:12)
2026-05-11T00:14:05:     at Server.listen (node:net:2102:7)
2026-05-11T00:14:05:     at app.listen (C:\Users\Anmol\OneDrive\Desktop\B\coding-portal\judge\node_modules\express\lib\application.js:635:24)
2026-05-11T00:14:05:     at <anonymous> (C:\Users\Anmol\OneDrive\Desktop\B\coding-portal\judge\src\index.ts:216:5)
2026-05-11T00:14:05:     at ModuleJob.run (node:internal/modules/esm/module_job:430:25)
2026-05-11T00:14:05:     at process.processTicksAndRejections (node:internal/process/task_queues:103:5)
2026-05-11T00:14:05:     at async onImport.tracePromise.__proto__ (node:internal/modules/esm/loader:661:26)
2026-05-11T00:14:05:     at async asyncRunEntryPointWithESMLoader (node:internal/modules/run_main:101:5)
2026-05-11T00:14:05: Emitted 'error' event on Server instance at:
2026-05-11T00:14:05:     at emitErrorNT (node:net:1976:8)
2026-05-11T00:14:05:     at process.processTicksAndRejections (node:internal/process/task_queues:89:21) {
2026-05-11T00:14:05:   code: 'EADDRINUSE',
2026-05-11T00:14:05:   errno: -4091,
2026-05-11T00:14:05:   syscall: 'listen',
2026-05-11T00:14:05:   address: '::',
2026-05-11T00:14:05:   port: 5001
2026-05-11T00:14:05: }
2026-05-11T00:14:05: 
2026-05-11T00:14:05: Node.js v24.13.1
2026-05-11T00:14:07: node:events:486
2026-05-11T00:14:07:       throw er; // Unhandled 'error' event
2026-05-11T00:14:07:       ^
2026-05-11T00:14:07: 
2026-05-11T00:14:07: Error: listen EADDRINUSE: address already in use :::5001
2026-05-11T00:14:07:     at Server.setupListenHandle [as _listen2] (node:net:1940:16)
2026-05-11T00:14:07:     at listenInCluster (node:net:1997:12)
2026-05-11T00:14:07:     at Server.listen (node:net:2102:7)
2026-05-11T00:14:07:     at app.listen (C:\Users\Anmol\OneDrive\Desktop\B\coding-portal\judge\node_modules\express\lib\application.js:635:24)
2026-05-11T00:14:07:     at <anonymous> (C:\Users\Anmol\OneDrive\Desktop\B\coding-portal\judge\src\index.ts:216:5)
2026-05-11T00:14:07:     at ModuleJob.run (node:internal/modules/esm/module_job:430:25)
2026-05-11T00:14:07:     at process.processTicksAndRejections (node:internal/process/task_queues:103:5)
2026-05-11T00:14:07:     at async onImport.tracePromise.__proto__ (node:internal/modules/esm/loader:661:26)
2026-05-11T00:14:07:     at async asyncRunEntryPointWithESMLoader (node:internal/modules/run_main:101:5)
2026-05-11T00:14:07: Emitted 'error' event on Server instance at:
2026-05-11T00:14:07:     at emitErrorNT (node:net:1976:8)
2026-05-11T00:14:07:     at process.processTicksAndRejections (node:internal/process/task_queues:89:21) {
2026-05-11T00:14:07:   code: 'EADDRINUSE',
2026-05-11T00:14:07:   errno: -4091,
2026-05-11T00:14:07:   syscall: 'listen',
2026-05-11T00:14:07:   address: '::',
2026-05-11T00:14:07:   port: 5001
2026-05-11T00:14:07: }
2026-05-11T00:14:07: 
2026-05-11T00:14:07: Node.js v24.13.1
2026-05-11T00:14:09: node:events:486
2026-05-11T00:14:09:       throw er; // Unhandled 'error' event
2026-05-11T00:14:09:       ^
2026-05-11T00:14:09: 
2026-05-11T00:14:09: Error: listen EADDRINUSE: address already in use :::5001
2026-05-11T00:14:09:     at Server.setupListenHandle [as _listen2] (node:net:1940:16)
2026-05-11T00:14:09:     at listenInCluster (node:net:1997:12)
2026-05-11T00:14:09:     at Server.listen (node:net:2102:7)
2026-05-11T00:14:09:     at app.listen (C:\Users\Anmol\OneDrive\Desktop\B\coding-portal\judge\node_modules\express\lib\application.js:635:24)
2026-05-11T00:14:09:     at <anonymous> (C:\Users\Anmol\OneDrive\Desktop\B\coding-portal\judge\src\index.ts:216:5)
2026-05-11T00:14:09:     at ModuleJob.run (node:internal/modules/esm/module_job:430:25)
2026-05-11T00:14:09:     at process.processTicksAndRejections (node:internal/process/task_queues:103:5)
2026-05-11T00:14:09:     at async onImport.tracePromise.__proto__ (node:internal/modules/esm/loader:661:26)
2026-05-11T00:14:09:     at async asyncRunEntryPointWithESMLoader (node:internal/modules/run_main:101:5)
2026-05-11T00:14:09: Emitted 'error' event on Server instance at:
2026-05-11T00:14:09:     at emitErrorNT (node:net:1976:8)
2026-05-11T00:14:09:     at process.processTicksAndRejections (node:internal/process/task_queues:89:21) {
2026-05-11T00:14:09:   code: 'EADDRINUSE',
2026-05-11T00:14:09:   errno: -4091,
2026-05-11T00:14:09:   syscall: 'listen',
2026-05-11T00:14:09:   address: '::',
2026-05-11T00:14:09:   port: 5001
2026-05-11T00:14:09: }
2026-05-11T00:14:09: 
2026-05-11T00:14:09: Node.js v24.13.1
2026-05-11T00:14:10: node:events:486
2026-05-11T00:14:10:       throw er; // Unhandled 'error' event
2026-05-11T00:14:10:       ^
2026-05-11T00:14:10: 
2026-05-11T00:14:10: Error: listen EADDRINUSE: address already in use :::5001
2026-05-11T00:14:10:     at Server.setupListenHandle [as _listen2] (node:net:1940:16)
2026-05-11T00:14:10:     at listenInCluster (node:net:1997:12)
2026-05-11T00:14:10:     at Server.listen (node:net:2102:7)
2026-05-11T00:14:10:     at app.listen (C:\Users\Anmol\OneDrive\Desktop\B\coding-portal\judge\node_modules\express\lib\application.js:635:24)
2026-05-11T00:14:10:     at <anonymous> (C:\Users\Anmol\OneDrive\Desktop\B\coding-portal\judge\src\index.ts:216:5)
2026-05-11T00:14:10:     at ModuleJob.run (node:internal/modules/esm/module_job:430:25)
2026-05-11T00:14:10:     at process.processTicksAndRejections (node:internal/process/task_queues:103:5)
2026-05-11T00:14:10:     at async onImport.tracePromise.__proto__ (node:internal/modules/esm/loader:661:26)
2026-05-11T00:14:10:     at async asyncRunEntryPointWithESMLoader (node:internal/modules/run_main:101:5)
2026-05-11T00:14:10: Emitted 'error' event on Server instance at:
2026-05-11T00:14:10:     at emitErrorNT (node:net:1976:8)
2026-05-11T00:14:10:     at process.processTicksAndRejections (node:internal/process/task_queues:89:21) {
2026-05-11T00:14:10:   code: 'EADDRINUSE',
2026-05-11T00:14:10:   errno: -4091,
2026-05-11T00:14:10:   syscall: 'listen',
2026-05-11T00:14:10:   address: '::',
2026-05-11T00:14:10:   port: 5001
2026-05-11T00:14:10: }
2026-05-11T00:14:10: 
2026-05-11T00:14:10: Node.js v24.13.1
2026-05-11T00:14:12: node:events:486
2026-05-11T00:14:12:       throw er; // Unhandled 'error' event
2026-05-11T00:14:12:       ^
2026-05-11T00:14:12: 
2026-05-11T00:14:12: Error: listen EADDRINUSE: address already in use :::5001
2026-05-11T00:14:12:     at Server.setupListenHandle [as _listen2] (node:net:1940:16)
2026-05-11T00:14:12:     at listenInCluster (node:net:1997:12)
2026-05-11T00:14:12:     at Server.listen (node:net:2102:7)
2026-05-11T00:14:12:     at app.listen (C:\Users\Anmol\OneDrive\Desktop\B\coding-portal\judge\node_modules\express\lib\application.js:635:24)
2026-05-11T00:14:12:     at <anonymous> (C:\Users\Anmol\OneDrive\Desktop\B\coding-portal\judge\src\index.ts:216:5)
2026-05-11T00:14:12:     at ModuleJob.run (node:internal/modules/esm/module_job:430:25)
2026-05-11T00:14:12:     at process.processTicksAndRejections (node:internal/process/task_queues:103:5)
2026-05-11T00:14:12:     at async onImport.tracePromise.__proto__ (node:internal/modules/esm/loader:661:26)
2026-05-11T00:14:12:     at async asyncRunEntryPointWithESMLoader (node:internal/modules/run_main:101:5)
2026-05-11T00:14:12: Emitted 'error' event on Server instance at:
2026-05-11T00:14:12:     at emitErrorNT (node:net:1976:8)
2026-05-11T00:14:12:     at process.processTicksAndRejections (node:internal/process/task_queues:89:21) {
2026-05-11T00:14:12:   code: 'EADDRINUSE',
2026-05-11T00:14:12:   errno: -4091,
2026-05-11T00:14:12:   syscall: 'listen',
2026-05-11T00:14:12:   address: '::',
2026-05-11T00:14:12:   port: 5001
2026-05-11T00:14:12: }
2026-05-11T00:14:12: 
2026-05-11T00:14:12: Node.js v24.13.1
2026-05-11T00:14:14: node:events:486
2026-05-11T00:14:14:       throw er; // Unhandled 'error' event
2026-05-11T00:14:14:       ^
2026-05-11T00:14:14: 
2026-05-11T00:14:14: Error: listen EADDRINUSE: address already in use :::5001
2026-05-11T00:14:14:     at Server.setupListenHandle [as _listen2] (node:net:1940:16)
2026-05-11T00:14:14:     at listenInCluster (node:net:1997:12)
2026-05-11T00:14:14:     at Server.listen (node:net:2102:7)
2026-05-11T00:14:14:     at app.listen (C:\Users\Anmol\OneDrive\Desktop\B\coding-portal\judge\node_modules\express\lib\application.js:635:24)
2026-05-11T00:14:14:     at <anonymous> (C:\Users\Anmol\OneDrive\Desktop\B\coding-portal\judge\src\index.ts:216:5)
2026-05-11T00:14:14:     at ModuleJob.run (node:internal/modules/esm/module_job:430:25)
2026-05-11T00:14:14:     at process.processTicksAndRejections (node:internal/process/task_queues:103:5)
2026-05-11T00:14:14:     at async onImport.tracePromise.__proto__ (node:internal/modules/esm/loader:661:26)
2026-05-11T00:14:14:     at async asyncRunEntryPointWithESMLoader (node:internal/modules/run_main:101:5)
2026-05-11T00:14:14: Emitted 'error' event on Server instance at:
2026-05-11T00:14:14:     at emitErrorNT (node:net:1976:8)
2026-05-11T00:14:14:     at process.processTicksAndRejections (node:internal/process/task_queues:89:21) {
2026-05-11T00:14:14:   code: 'EADDRINUSE',
2026-05-11T00:14:14:   errno: -4091,
2026-05-11T00:14:14:   syscall: 'listen',
2026-05-11T00:14:14:   address: '::',
2026-05-11T00:14:14:   port: 5001
2026-05-11T00:14:14: }
2026-05-11T00:14:14: 
2026-05-11T00:14:14: Node.js v24.13.1
2026-05-11T00:14:16: node:events:486
2026-05-11T00:14:16:       throw er; // Unhandled 'error' event
2026-05-11T00:14:16:       ^
2026-05-11T00:14:16: 
2026-05-11T00:14:16: Error: listen EADDRINUSE: address already in use :::5001
2026-05-11T00:14:16:     at Server.setupListenHandle [as _listen2] (node:net:1940:16)
2026-05-11T00:14:16:     at listenInCluster (node:net:1997:12)
2026-05-11T00:14:16:     at Server.listen (node:net:2102:7)
2026-05-11T00:14:16:     at app.listen (C:\Users\Anmol\OneDrive\Desktop\B\coding-portal\judge\node_modules\express\lib\application.js:635:24)
2026-05-11T00:14:16:     at <anonymous> (C:\Users\Anmol\OneDrive\Desktop\B\coding-portal\judge\src\index.ts:216:5)
2026-05-11T00:14:16:     at ModuleJob.run (node:internal/modules/esm/module_job:430:25)
2026-05-11T00:14:16:     at process.processTicksAndRejections (node:internal/process/task_queues:103:5)
2026-05-11T00:14:16:     at async onImport.tracePromise.__proto__ (node:internal/modules/esm/loader:661:26)
2026-05-11T00:14:16:     at async asyncRunEntryPointWithESMLoader (node:internal/modules/run_main:101:5)
2026-05-11T00:14:16: Emitted 'error' event on Server instance at:
2026-05-11T00:14:16:     at emitErrorNT (node:net:1976:8)
2026-05-11T00:14:16:     at process.processTicksAndRejections (node:internal/process/task_queues:89:21) {
2026-05-11T00:14:16:   code: 'EADDRINUSE',
2026-05-11T00:14:16:   errno: -4091,
2026-05-11T00:14:16:   syscall: 'listen',
2026-05-11T00:14:16:   address: '::',
2026-05-11T00:14:16:   port: 5001
2026-05-11T00:14:16: }
2026-05-11T00:14:16: 
2026-05-11T00:14:16: Node.js v24.13.1
2026-05-11T00:14:17: node:events:486
2026-05-11T00:14:17:       throw er; // Unhandled 'error' event
2026-05-11T00:14:17:       ^
2026-05-11T00:14:17: 
2026-05-11T00:14:17: Error: listen EADDRINUSE: address already in use :::5001
2026-05-11T00:14:17:     at Server.setupListenHandle [as _listen2] (node:net:1940:16)
2026-05-11T00:14:17:     at listenInCluster (node:net:1997:12)
2026-05-11T00:14:17:     at Server.listen (node:net:2102:7)
2026-05-11T00:14:17:     at app.listen (C:\Users\Anmol\OneDrive\Desktop\B\coding-portal\judge\node_modules\express\lib\application.js:635:24)
2026-05-11T00:14:17:     at <anonymous> (C:\Users\Anmol\OneDrive\Desktop\B\coding-portal\judge\src\index.ts:216:5)
2026-05-11T00:14:17:     at ModuleJob.run (node:internal/modules/esm/module_job:430:25)
2026-05-11T00:14:17:     at process.processTicksAndRejections (node:internal/process/task_queues:103:5)
2026-05-11T00:14:17:     at async onImport.tracePromise.__proto__ (node:internal/modules/esm/loader:661:26)
2026-05-11T00:14:17:     at async asyncRunEntryPointWithESMLoader (node:internal/modules/run_main:101:5)
2026-05-11T00:14:17: Emitted 'error' event on Server instance at:
2026-05-11T00:14:17:     at emitErrorNT (node:net:1976:8)
2026-05-11T00:14:17:     at process.processTicksAndRejections (node:internal/process/task_queues:89:21) {
2026-05-11T00:14:17:   code: 'EADDRINUSE',
2026-05-11T00:14:17:   errno: -4091,
2026-05-11T00:14:17:   syscall: 'listen',
2026-05-11T00:14:17:   address: '::',
2026-05-11T00:14:17:   port: 5001
2026-05-11T00:14:17: }
2026-05-11T00:14:17: 
2026-05-11T00:14:17: Node.js v24.13.1
2026-05-11T00:14:19: node:events:486
2026-05-11T00:14:19:       throw er; // Unhandled 'error' event
2026-05-11T00:14:19:       ^
2026-05-11T00:14:19: 
2026-05-11T00:14:19: Error: listen EADDRINUSE: address already in use :::5001
2026-05-11T00:14:19:     at Server.setupListenHandle [as _listen2] (node:net:1940:16)
2026-05-11T00:14:19:     at listenInCluster (node:net:1997:12)
2026-05-11T00:14:19:     at Server.listen (node:net:2102:7)
2026-05-11T00:14:19:     at app.listen (C:\Users\Anmol\OneDrive\Desktop\B\coding-portal\judge\node_modules\express\lib\application.js:635:24)
2026-05-11T00:14:19:     at <anonymous> (C:\Users\Anmol\OneDrive\Desktop\B\coding-portal\judge\src\index.ts:216:5)
2026-05-11T00:14:19:     at ModuleJob.run (node:internal/modules/esm/module_job:430:25)
2026-05-11T00:14:19:     at process.processTicksAndRejections (node:internal/process/task_queues:103:5)
2026-05-11T00:14:19:     at async onImport.tracePromise.__proto__ (node:internal/modules/esm/loader:661:26)
2026-05-11T00:14:19:     at async asyncRunEntryPointWithESMLoader (node:internal/modules/run_main:101:5)
2026-05-11T00:14:19: Emitted 'error' event on Server instance at:
2026-05-11T00:14:19:     at emitErrorNT (node:net:1976:8)
2026-05-11T00:14:19:     at process.processTicksAndRejections (node:internal/process/task_queues:89:21) {
2026-05-11T00:14:19:   code: 'EADDRINUSE',
2026-05-11T00:14:19:   errno: -4091,
2026-05-11T00:14:19:   syscall: 'listen',
2026-05-11T00:14:19:   address: '::',
2026-05-11T00:14:19:   port: 5001
2026-05-11T00:14:19: }
2026-05-11T00:14:19: 
2026-05-11T00:14:19: Node.js v24.13.1
2026-05-11T00:14:20: node:events:486
2026-05-11T00:14:20:       throw er; // Unhandled 'error' event
2026-05-11T00:14:20:       ^
2026-05-11T00:14:20: 
2026-05-11T00:14:20: Error: listen EADDRINUSE: address already in use :::5001
2026-05-11T00:14:20:     at Server.setupListenHandle [as _listen2] (node:net:1940:16)
2026-05-11T00:14:20:     at listenInCluster (node:net:1997:12)
2026-05-11T00:14:20:     at Server.listen (node:net:2102:7)
2026-05-11T00:14:20:     at app.listen (C:\Users\Anmol\OneDrive\Desktop\B\coding-portal\judge\node_modules\express\lib\application.js:635:24)
2026-05-11T00:14:20:     at <anonymous> (C:\Users\Anmol\OneDrive\Desktop\B\coding-portal\judge\src\index.ts:216:5)
2026-05-11T00:14:20:     at ModuleJob.run (node:internal/modules/esm/module_job:430:25)
2026-05-11T00:14:20:     at process.processTicksAndRejections (node:internal/process/task_queues:103:5)
2026-05-11T00:14:20:     at async onImport.tracePromise.__proto__ (node:internal/modules/esm/loader:661:26)
2026-05-11T00:14:20:     at async asyncRunEntryPointWithESMLoader (node:internal/modules/run_main:101:5)
2026-05-11T00:14:20: Emitted 'error' event on Server instance at:
2026-05-11T00:14:20:     at emitErrorNT (node:net:1976:8)
2026-05-11T00:14:20:     at process.processTicksAndRejections (node:internal/process/task_queues:89:21) {
2026-05-11T00:14:20:   code: 'EADDRINUSE',
2026-05-11T00:14:20:   errno: -4091,
2026-05-11T00:14:20:   syscall: 'listen',
2026-05-11T00:14:20:   address: '::',
2026-05-11T00:14:20:   port: 5001
2026-05-11T00:14:20: }
2026-05-11T00:14:20: 
2026-05-11T00:14:20: Node.js v24.13.1
2026-05-11T00:14:22: node:events:486
2026-05-11T00:14:22:       throw er; // Unhandled 'error' event
2026-05-11T00:14:22:       ^
2026-05-11T00:14:22: 
2026-05-11T00:14:22: Error: listen EADDRINUSE: address already in use :::5001
2026-05-11T00:14:22:     at Server.setupListenHandle [as _listen2] (node:net:1940:16)
2026-05-11T00:14:22:     at listenInCluster (node:net:1997:12)
2026-05-11T00:14:22:     at Server.listen (node:net:2102:7)
2026-05-11T00:14:22:     at app.listen (C:\Users\Anmol\OneDrive\Desktop\B\coding-portal\judge\node_modules\express\lib\application.js:635:24)
2026-05-11T00:14:22:     at <anonymous> (C:\Users\Anmol\OneDrive\Desktop\B\coding-portal\judge\src\index.ts:216:5)
2026-05-11T00:14:22:     at ModuleJob.run (node:internal/modules/esm/module_job:430:25)
2026-05-11T00:14:22:     at process.processTicksAndRejections (node:internal/process/task_queues:103:5)
2026-05-11T00:14:22:     at async onImport.tracePromise.__proto__ (node:internal/modules/esm/loader:661:26)
2026-05-11T00:14:22:     at async asyncRunEntryPointWithESMLoader (node:internal/modules/run_main:101:5)
2026-05-11T00:14:22: Emitted 'error' event on Server instance at:
2026-05-11T00:14:22:     at emitErrorNT (node:net:1976:8)
2026-05-11T00:14:22:     at process.processTicksAndRejections (node:internal/process/task_queues:89:21) {
2026-05-11T00:14:22:   code: 'EADDRINUSE',
2026-05-11T00:14:22:   errno: -4091,
2026-05-11T00:14:22:   syscall: 'listen',
2026-05-11T00:14:22:   address: '::',
2026-05-11T00:14:22:   port: 5001
2026-05-11T00:14:22: }
2026-05-11T00:14:22: 
2026-05-11T00:14:22: Node.js v24.13.1
2026-05-11T00:14:24: node:events:486
2026-05-11T00:14:24:       throw er; // Unhandled 'error' event
2026-05-11T00:14:24:       ^
2026-05-11T00:14:24: 
2026-05-11T00:14:24: Error: listen EADDRINUSE: address already in use :::5001
2026-05-11T00:14:24:     at Server.setupListenHandle [as _listen2] (node:net:1940:16)
2026-05-11T00:14:24:     at listenInCluster (node:net:1997:12)
2026-05-11T00:14:24:     at Server.listen (node:net:2102:7)
2026-05-11T00:14:24:     at app.listen (C:\Users\Anmol\OneDrive\Desktop\B\coding-portal\judge\node_modules\express\lib\application.js:635:24)
2026-05-11T00:14:24:     at <anonymous> (C:\Users\Anmol\OneDrive\Desktop\B\coding-portal\judge\src\index.ts:216:5)
2026-05-11T00:14:24:     at ModuleJob.run (node:internal/modules/esm/module_job:430:25)
2026-05-11T00:14:24:     at process.processTicksAndRejections (node:internal/process/task_queues:103:5)
2026-05-11T00:14:24:     at async onImport.tracePromise.__proto__ (node:internal/modules/esm/loader:661:26)
2026-05-11T00:14:24:     at async asyncRunEntryPointWithESMLoader (node:internal/modules/run_main:101:5)
2026-05-11T00:14:24: Emitted 'error' event on Server instance at:
2026-05-11T00:14:24:     at emitErrorNT (node:net:1976:8)
2026-05-11T00:14:24:     at process.processTicksAndRejections (node:internal/process/task_queues:89:21) {
2026-05-11T00:14:24:   code: 'EADDRINUSE',
2026-05-11T00:14:24:   errno: -4091,
2026-05-11T00:14:24:   syscall: 'listen',
2026-05-11T00:14:24:   address: '::',
2026-05-11T00:14:24:   port: 5001
2026-05-11T00:14:24: }
2026-05-11T00:14:24: 
2026-05-11T00:14:24: Node.js v24.13.1
2026-05-11T00:14:26: node:events:486
2026-05-11T00:14:26:       throw er; // Unhandled 'error' event
2026-05-11T00:14:26:       ^
2026-05-11T00:14:26: 
2026-05-11T00:14:26: Error: listen EADDRINUSE: address already in use :::5001
2026-05-11T00:14:26:     at Server.setupListenHandle [as _listen2] (node:net:1940:16)
2026-05-11T00:14:26:     at listenInCluster (node:net:1997:12)
2026-05-11T00:14:26:     at Server.listen (node:net:2102:7)
2026-05-11T00:14:26:     at app.listen (C:\Users\Anmol\OneDrive\Desktop\B\coding-portal\judge\node_modules\express\lib\application.js:635:24)
2026-05-11T00:14:26:     at <anonymous> (C:\Users\Anmol\OneDrive\Desktop\B\coding-portal\judge\src\index.ts:216:5)
2026-05-11T00:14:26:     at ModuleJob.run (node:internal/modules/esm/module_job:430:25)
2026-05-11T00:14:26:     at process.processTicksAndRejections (node:internal/process/task_queues:103:5)
2026-05-11T00:14:26:     at async onImport.tracePromise.__proto__ (node:internal/modules/esm/loader:661:26)
2026-05-11T00:14:26:     at async asyncRunEntryPointWithESMLoader (node:internal/modules/run_main:101:5)
2026-05-11T00:14:26: Emitted 'error' event on Server instance at:
2026-05-11T00:14:26:     at emitErrorNT (node:net:1976:8)
2026-05-11T00:14:26:     at process.processTicksAndRejections (node:internal/process/task_queues:89:21) {
2026-05-11T00:14:26:   code: 'EADDRINUSE',
2026-05-11T00:14:26:   errno: -4091,
2026-05-11T00:14:26:   syscall: 'listen',
2026-05-11T00:14:26:   address: '::',
2026-05-11T00:14:26:   port: 5001
2026-05-11T00:14:26: }
2026-05-11T00:14:26: 
2026-05-11T00:14:26: Node.js v24.13.1
2026-05-11T00:14:27: node:events:486
2026-05-11T00:14:27:       throw er; // Unhandled 'error' event
2026-05-11T00:14:27:       ^
2026-05-11T00:14:27: 
2026-05-11T00:14:27: Error: listen EADDRINUSE: address already in use :::5001
2026-05-11T00:14:27:     at Server.setupListenHandle [as _listen2] (node:net:1940:16)
2026-05-11T00:14:27:     at listenInCluster (node:net:1997:12)
2026-05-11T00:14:27:     at Server.listen (node:net:2102:7)
2026-05-11T00:14:27:     at app.listen (C:\Users\Anmol\OneDrive\Desktop\B\coding-portal\judge\node_modules\express\lib\application.js:635:24)
2026-05-11T00:14:27:     at <anonymous> (C:\Users\Anmol\OneDrive\Desktop\B\coding-portal\judge\src\index.ts:216:5)
2026-05-11T00:14:27:     at ModuleJob.run (node:internal/modules/esm/module_job:430:25)
2026-05-11T00:14:27:     at process.processTicksAndRejections (node:internal/process/task_queues:103:5)
2026-05-11T00:14:27:     at async onImport.tracePromise.__proto__ (node:internal/modules/esm/loader:661:26)
2026-05-11T00:14:27:     at async asyncRunEntryPointWithESMLoader (node:internal/modules/run_main:101:5)
2026-05-11T00:14:27: Emitted 'error' event on Server instance at:
2026-05-11T00:14:27:     at emitErrorNT (node:net:1976:8)
2026-05-11T00:14:27:     at process.processTicksAndRejections (node:internal/process/task_queues:89:21) {
2026-05-11T00:14:27:   code: 'EADDRINUSE',
2026-05-11T00:14:27:   errno: -4091,
2026-05-11T00:14:27:   syscall: 'listen',
2026-05-11T00:14:27:   address: '::',
2026-05-11T00:14:27:   port: 5001
2026-05-11T00:14:27: }
2026-05-11T00:14:27: 
2026-05-11T00:14:27: Node.js v24.13.1
2026-05-11T00:14:29: node:events:486
2026-05-11T00:14:29:       throw er; // Unhandled 'error' event
2026-05-11T00:14:29:       ^
2026-05-11T00:14:29: 
2026-05-11T00:14:29: Error: listen EADDRINUSE: address already in use :::5001
2026-05-11T00:14:29:     at Server.setupListenHandle [as _listen2] (node:net:1940:16)
2026-05-11T00:14:29:     at listenInCluster (node:net:1997:12)
2026-05-11T00:14:29:     at Server.listen (node:net:2102:7)
2026-05-11T00:14:29:     at app.listen (C:\Users\Anmol\OneDrive\Desktop\B\coding-portal\judge\node_modules\express\lib\application.js:635:24)
2026-05-11T00:14:29:     at <anonymous> (C:\Users\Anmol\OneDrive\Desktop\B\coding-portal\judge\src\index.ts:216:5)
2026-05-11T00:14:29:     at ModuleJob.run (node:internal/modules/esm/module_job:430:25)
2026-05-11T00:14:29:     at process.processTicksAndRejections (node:internal/process/task_queues:103:5)
2026-05-11T00:14:29:     at async onImport.tracePromise.__proto__ (node:internal/modules/esm/loader:661:26)
2026-05-11T00:14:29:     at async asyncRunEntryPointWithESMLoader (node:internal/modules/run_main:101:5)
2026-05-11T00:14:29: Emitted 'error' event on Server instance at:
2026-05-11T00:14:29:     at emitErrorNT (node:net:1976:8)
2026-05-11T00:14:29:     at process.processTicksAndRejections (node:internal/process/task_queues:89:21) {
2026-05-11T00:14:29:   code: 'EADDRINUSE',
2026-05-11T00:14:29:   errno: -4091,
2026-05-11T00:14:29:   syscall: 'listen',
2026-05-11T00:14:29:   address: '::',
2026-05-11T00:14:29:   port: 5001
2026-05-11T00:14:29: }
2026-05-11T00:14:29: 
2026-05-11T00:14:29: Node.js v24.13.1
2026-05-11T00:14:31: node:events:486
2026-05-11T00:14:31:       throw er; // Unhandled 'error' event
2026-05-11T00:14:31:       ^
2026-05-11T00:14:31: 
2026-05-11T00:14:31: Error: listen EADDRINUSE: address already in use :::5001
2026-05-11T00:14:31:     at Server.setupListenHandle [as _listen2] (node:net:1940:16)
2026-05-11T00:14:31:     at listenInCluster (node:net:1997:12)
2026-05-11T00:14:31:     at Server.listen (node:net:2102:7)
2026-05-11T00:14:31:     at app.listen (C:\Users\Anmol\OneDrive\Desktop\B\coding-portal\judge\node_modules\express\lib\application.js:635:24)
2026-05-11T00:14:31:     at <anonymous> (C:\Users\Anmol\OneDrive\Desktop\B\coding-portal\judge\src\index.ts:216:5)
2026-05-11T00:14:31:     at ModuleJob.run (node:internal/modules/esm/module_job:430:25)
2026-05-11T00:14:31:     at process.processTicksAndRejections (node:internal/process/task_queues:103:5)
2026-05-11T00:14:31:     at async onImport.tracePromise.__proto__ (node:internal/modules/esm/loader:661:26)
2026-05-11T00:14:31:     at async asyncRunEntryPointWithESMLoader (node:internal/modules/run_main:101:5)
2026-05-11T00:14:31: Emitted 'error' event on Server instance at:
2026-05-11T00:14:31:     at emitErrorNT (node:net:1976:8)
2026-05-11T00:14:31:     at process.processTicksAndRejections (node:internal/process/task_queues:89:21) {
2026-05-11T00:14:31:   code: 'EADDRINUSE',
2026-05-11T00:14:31:   errno: -4091,
2026-05-11T00:14:31:   syscall: 'listen',
2026-05-11T00:14:31:   address: '::',
2026-05-11T00:14:31:   port: 5001
2026-05-11T00:14:31: }
2026-05-11T00:14:31: 
2026-05-11T00:14:31: Node.js v24.13.1
2026-05-11T00:14:32: node:events:486
2026-05-11T00:14:32:       throw er; // Unhandled 'error' event
2026-05-11T00:14:32:       ^
2026-05-11T00:14:32: 
2026-05-11T00:14:32: Error: listen EADDRINUSE: address already in use :::5001
2026-05-11T00:14:32:     at Server.setupListenHandle [as _listen2] (node:net:1940:16)
2026-05-11T00:14:32:     at listenInCluster (node:net:1997:12)
2026-05-11T00:14:32:     at Server.listen (node:net:2102:7)
2026-05-11T00:14:32:     at app.listen (C:\Users\Anmol\OneDrive\Desktop\B\coding-portal\judge\node_modules\express\lib\application.js:635:24)
2026-05-11T00:14:32:     at <anonymous> (C:\Users\Anmol\OneDrive\Desktop\B\coding-portal\judge\src\index.ts:216:5)
2026-05-11T00:14:32:     at ModuleJob.run (node:internal/modules/esm/module_job:430:25)
2026-05-11T00:14:32:     at process.processTicksAndRejections (node:internal/process/task_queues:103:5)
2026-05-11T00:14:32:     at async onImport.tracePromise.__proto__ (node:internal/modules/esm/loader:661:26)
2026-05-11T00:14:32:     at async asyncRunEntryPointWithESMLoader (node:internal/modules/run_main:101:5)
2026-05-11T00:14:32: Emitted 'error' event on Server instance at:
2026-05-11T00:14:32:     at emitErrorNT (node:net:1976:8)
2026-05-11T00:14:32:     at process.processTicksAndRejections (node:internal/process/task_queues:89:21) {
2026-05-11T00:14:32:   code: 'EADDRINUSE',
2026-05-11T00:14:32:   errno: -4091,
2026-05-11T00:14:32:   syscall: 'listen',
2026-05-11T00:14:32:   address: '::',
2026-05-11T00:14:32:   port: 5001
2026-05-11T00:14:32: }
2026-05-11T00:14:32: 
2026-05-11T00:14:32: Node.js v24.13.1
2026-05-11T00:14:34: node:events:486
2026-05-11T00:14:34:       throw er; // Unhandled 'error' event
2026-05-11T00:14:34:       ^
2026-05-11T00:14:34: 
2026-05-11T00:14:34: Error: listen EADDRINUSE: address already in use :::5001
2026-05-11T00:14:34:     at Server.setupListenHandle [as _listen2] (node:net:1940:16)
2026-05-11T00:14:34:     at listenInCluster (node:net:1997:12)
2026-05-11T00:14:34:     at Server.listen (node:net:2102:7)
2026-05-11T00:14:34:     at app.listen (C:\Users\Anmol\OneDrive\Desktop\B\coding-portal\judge\node_modules\express\lib\application.js:635:24)
2026-05-11T00:14:34:     at <anonymous> (C:\Users\Anmol\OneDrive\Desktop\B\coding-portal\judge\src\index.ts:216:5)
2026-05-11T00:14:34:     at ModuleJob.run (node:internal/modules/esm/module_job:430:25)
2026-05-11T00:14:34:     at process.processTicksAndRejections (node:internal/process/task_queues:103:5)
2026-05-11T00:14:34:     at async onImport.tracePromise.__proto__ (node:internal/modules/esm/loader:661:26)
2026-05-11T00:14:34:     at async asyncRunEntryPointWithESMLoader (node:internal/modules/run_main:101:5)
2026-05-11T00:14:34: Emitted 'error' event on Server instance at:
2026-05-11T00:14:34:     at emitErrorNT (node:net:1976:8)
2026-05-11T00:14:34:     at process.processTicksAndRejections (node:internal/process/task_queues:89:21) {
2026-05-11T00:14:34:   code: 'EADDRINUSE',
2026-05-11T00:14:34:   errno: -4091,
2026-05-11T00:14:34:   syscall: 'listen',
2026-05-11T00:14:34:   address: '::',
2026-05-11T00:14:34:   port: 5001
2026-05-11T00:14:34: }
2026-05-11T00:14:34: 
2026-05-11T00:14:34: Node.js v24.13.1
2026-05-11T00:14:36: node:events:486
2026-05-11T00:14:36:       throw er; // Unhandled 'error' event
2026-05-11T00:14:36:       ^
2026-05-11T00:14:36: 
2026-05-11T00:14:36: Error: listen EADDRINUSE: address already in use :::5001
2026-05-11T00:14:36:     at Server.setupListenHandle [as _listen2] (node:net:1940:16)
2026-05-11T00:14:36:     at listenInCluster (node:net:1997:12)
2026-05-11T00:14:36:     at Server.listen (node:net:2102:7)
2026-05-11T00:14:36:     at app.listen (C:\Users\Anmol\OneDrive\Desktop\B\coding-portal\judge\node_modules\express\lib\application.js:635:24)
2026-05-11T00:14:36:     at <anonymous> (C:\Users\Anmol\OneDrive\Desktop\B\coding-portal\judge\src\index.ts:216:5)
2026-05-11T00:14:36:     at ModuleJob.run (node:internal/modules/esm/module_job:430:25)
2026-05-11T00:14:36:     at process.processTicksAndRejections (node:internal/process/task_queues:103:5)
2026-05-11T00:14:36:     at async onImport.tracePromise.__proto__ (node:internal/modules/esm/loader:661:26)
2026-05-11T00:14:36:     at async asyncRunEntryPointWithESMLoader (node:internal/modules/run_main:101:5)
2026-05-11T00:14:36: Emitted 'error' event on Server instance at:
2026-05-11T00:14:36:     at emitErrorNT (node:net:1976:8)
2026-05-11T00:14:36:     at process.processTicksAndRejections (node:internal/process/task_queues:89:21) {
2026-05-11T00:14:36:   code: 'EADDRINUSE',
2026-05-11T00:14:36:   errno: -4091,
2026-05-11T00:14:36:   syscall: 'listen',
2026-05-11T00:14:36:   address: '::',
2026-05-11T00:14:36:   port: 5001
2026-05-11T00:14:36: }
2026-05-11T00:14:36: 
2026-05-11T00:14:36: Node.js v24.13.1
2026-05-11T00:14:38: node:events:486
2026-05-11T00:14:38:       throw er; // Unhandled 'error' event
2026-05-11T00:14:38:       ^
2026-05-11T00:14:38: 
2026-05-11T00:14:38: Error: listen EADDRINUSE: address already in use :::5001
2026-05-11T00:14:38:     at Server.setupListenHandle [as _listen2] (node:net:1940:16)
2026-05-11T00:14:38:     at listenInCluster (node:net:1997:12)
2026-05-11T00:14:38:     at Server.listen (node:net:2102:7)
2026-05-11T00:14:38:     at app.listen (C:\Users\Anmol\OneDrive\Desktop\B\coding-portal\judge\node_modules\express\lib\application.js:635:24)
2026-05-11T00:14:38:     at <anonymous> (C:\Users\Anmol\OneDrive\Desktop\B\coding-portal\judge\src\index.ts:216:5)
2026-05-11T00:14:38:     at ModuleJob.run (node:internal/modules/esm/module_job:430:25)
2026-05-11T00:14:38:     at process.processTicksAndRejections (node:internal/process/task_queues:103:5)
2026-05-11T00:14:38:     at async onImport.tracePromise.__proto__ (node:internal/modules/esm/loader:661:26)
2026-05-11T00:14:38:     at async asyncRunEntryPointWithESMLoader (node:internal/modules/run_main:101:5)
2026-05-11T00:14:38: Emitted 'error' event on Server instance at:
2026-05-11T00:14:38:     at emitErrorNT (node:net:1976:8)
2026-05-11T00:14:38:     at process.processTicksAndRejections (node:internal/process/task_queues:89:21) {
2026-05-11T00:14:38:   code: 'EADDRINUSE',
2026-05-11T00:14:38:   errno: -4091,
2026-05-11T00:14:38:   syscall: 'listen',
2026-05-11T00:14:38:   address: '::',
2026-05-11T00:14:38:   port: 5001
2026-05-11T00:14:38: }
2026-05-11T00:14:38: 
2026-05-11T00:14:38: Node.js v24.13.1
2026-05-11T00:14:39: node:events:486
2026-05-11T00:14:39:       throw er; // Unhandled 'error' event
2026-05-11T00:14:39:       ^
2026-05-11T00:14:39: 
2026-05-11T00:14:39: Error: listen EADDRINUSE: address already in use :::5001
2026-05-11T00:14:39:     at Server.setupListenHandle [as _listen2] (node:net:1940:16)
2026-05-11T00:14:39:     at listenInCluster (node:net:1997:12)
2026-05-11T00:14:39:     at Server.listen (node:net:2102:7)
2026-05-11T00:14:39:     at app.listen (C:\Users\Anmol\OneDrive\Desktop\B\coding-portal\judge\node_modules\express\lib\application.js:635:24)
2026-05-11T00:14:39:     at <anonymous> (C:\Users\Anmol\OneDrive\Desktop\B\coding-portal\judge\src\index.ts:216:5)
2026-05-11T00:14:39:     at ModuleJob.run (node:internal/modules/esm/module_job:430:25)
2026-05-11T00:14:39:     at process.processTicksAndRejections (node:internal/process/task_queues:103:5)
2026-05-11T00:14:39:     at async onImport.tracePromise.__proto__ (node:internal/modules/esm/loader:661:26)
2026-05-11T00:14:39:     at async asyncRunEntryPointWithESMLoader (node:internal/modules/run_main:101:5)
2026-05-11T00:14:39: Emitted 'error' event on Server instance at:
2026-05-11T00:14:39:     at emitErrorNT (node:net:1976:8)
2026-05-11T00:14:39:     at process.processTicksAndRejections (node:internal/process/task_queues:89:21) {
2026-05-11T00:14:39:   code: 'EADDRINUSE',
2026-05-11T00:14:39:   errno: -4091,
2026-05-11T00:14:39:   syscall: 'listen',
2026-05-11T00:14:39:   address: '::',
2026-05-11T00:14:39:   port: 5001
2026-05-11T00:14:39: }
2026-05-11T00:14:39: 
2026-05-11T00:14:39: Node.js v24.13.1
2026-05-11T00:14:41: node:events:486
2026-05-11T00:14:41:       throw er; // Unhandled 'error' event
2026-05-11T00:14:41:       ^
2026-05-11T00:14:41: 
2026-05-11T00:14:41: Error: listen EADDRINUSE: address already in use :::5001
2026-05-11T00:14:41:     at Server.setupListenHandle [as _listen2] (node:net:1940:16)
2026-05-11T00:14:41:     at listenInCluster (node:net:1997:12)
2026-05-11T00:14:41:     at Server.listen (node:net:2102:7)
2026-05-11T00:14:41:     at app.listen (C:\Users\Anmol\OneDrive\Desktop\B\coding-portal\judge\node_modules\express\lib\application.js:635:24)
2026-05-11T00:14:41:     at <anonymous> (C:\Users\Anmol\OneDrive\Desktop\B\coding-portal\judge\src\index.ts:216:5)
2026-05-11T00:14:41:     at ModuleJob.run (node:internal/modules/esm/module_job:430:25)
2026-05-11T00:14:41:     at process.processTicksAndRejections (node:internal/process/task_queues:103:5)
2026-05-11T00:14:41:     at async onImport.tracePromise.__proto__ (node:internal/modules/esm/loader:661:26)
2026-05-11T00:14:41:     at async asyncRunEntryPointWithESMLoader (node:internal/modules/run_main:101:5)
2026-05-11T00:14:41: Emitted 'error' event on Server instance at:
2026-05-11T00:14:41:     at emitErrorNT (node:net:1976:8)
2026-05-11T00:14:41:     at process.processTicksAndRejections (node:internal/process/task_queues:89:21) {
2026-05-11T00:14:41:   code: 'EADDRINUSE',
2026-05-11T00:14:41:   errno: -4091,
2026-05-11T00:14:41:   syscall: 'listen',
2026-05-11T00:14:41:   address: '::',
2026-05-11T00:14:41:   port: 5001
2026-05-11T00:14:41: }
2026-05-11T00:14:41: 
2026-05-11T00:14:41: Node.js v24.13.1
2026-05-11T00:14:43: node:events:486
2026-05-11T00:14:43:       throw er; // Unhandled 'error' event
2026-05-11T00:14:43:       ^
2026-05-11T00:14:43: 
2026-05-11T00:14:43: Error: listen EADDRINUSE: address already in use :::5001
2026-05-11T00:14:43:     at Server.setupListenHandle [as _listen2] (node:net:1940:16)
2026-05-11T00:14:43:     at listenInCluster (node:net:1997:12)
2026-05-11T00:14:43:     at Server.listen (node:net:2102:7)
2026-05-11T00:14:43:     at app.listen (C:\Users\Anmol\OneDrive\Desktop\B\coding-portal\judge\node_modules\express\lib\application.js:635:24)
2026-05-11T00:14:43:     at <anonymous> (C:\Users\Anmol\OneDrive\Desktop\B\coding-portal\judge\src\index.ts:216:5)
2026-05-11T00:14:43:     at ModuleJob.run (node:internal/modules/esm/module_job:430:25)
2026-05-11T00:14:43:     at process.processTicksAndRejections (node:internal/process/task_queues:103:5)
2026-05-11T00:14:43:     at async onImport.tracePromise.__proto__ (node:internal/modules/esm/loader:661:26)
2026-05-11T00:14:43:     at async asyncRunEntryPointWithESMLoader (node:internal/modules/run_main:101:5)
2026-05-11T00:14:43: Emitted 'error' event on Server instance at:
2026-05-11T00:14:43:     at emitErrorNT (node:net:1976:8)
2026-05-11T00:14:43:     at process.processTicksAndRejections (node:internal/process/task_queues:89:21) {
2026-05-11T00:14:43:   code: 'EADDRINUSE',
2026-05-11T00:14:43:   errno: -4091,
2026-05-11T00:14:43:   syscall: 'listen',
2026-05-11T00:14:43:   address: '::',
2026-05-11T00:14:43:   port: 5001
2026-05-11T00:14:43: }
2026-05-11T00:14:43: 
2026-05-11T00:14:43: Node.js v24.13.1
2026-05-11T00:14:44: node:events:486
2026-05-11T00:14:44:       throw er; // Unhandled 'error' event
2026-05-11T00:14:44:       ^
2026-05-11T00:14:44: 
2026-05-11T00:14:44: Error: listen EADDRINUSE: address already in use :::5001
2026-05-11T00:14:44:     at Server.setupListenHandle [as _listen2] (node:net:1940:16)
2026-05-11T00:14:44:     at listenInCluster (node:net:1997:12)
2026-05-11T00:14:44:     at Server.listen (node:net:2102:7)
2026-05-11T00:14:44:     at app.listen (C:\Users\Anmol\OneDrive\Desktop\B\coding-portal\judge\node_modules\express\lib\application.js:635:24)
2026-05-11T00:14:44:     at <anonymous> (C:\Users\Anmol\OneDrive\Desktop\B\coding-portal\judge\src\index.ts:216:5)
2026-05-11T00:14:44:     at ModuleJob.run (node:internal/modules/esm/module_job:430:25)
2026-05-11T00:14:44:     at process.processTicksAndRejections (node:internal/process/task_queues:103:5)
2026-05-11T00:14:44:     at async onImport.tracePromise.__proto__ (node:internal/modules/esm/loader:661:26)
2026-05-11T00:14:44:     at async asyncRunEntryPointWithESMLoader (node:internal/modules/run_main:101:5)
2026-05-11T00:14:44: Emitted 'error' event on Server instance at:
2026-05-11T00:14:44:     at emitErrorNT (node:net:1976:8)
2026-05-11T00:14:44:     at process.processTicksAndRejections (node:internal/process/task_queues:89:21) {
2026-05-11T00:14:44:   code: 'EADDRINUSE',
2026-05-11T00:14:44:   errno: -4091,
2026-05-11T00:14:44:   syscall: 'listen',
2026-05-11T00:14:44:   address: '::',
2026-05-11T00:14:44:   port: 5001
2026-05-11T00:14:44: }
2026-05-11T00:14:44: 
2026-05-11T00:14:44: Node.js v24.13.1
2026-05-11T00:14:46: node:events:486
2026-05-11T00:14:46:       throw er; // Unhandled 'error' event
2026-05-11T00:14:46:       ^
2026-05-11T00:14:46: 
2026-05-11T00:14:46: Error: listen EADDRINUSE: address already in use :::5001
2026-05-11T00:14:46:     at Server.setupListenHandle [as _listen2] (node:net:1940:16)
2026-05-11T00:14:46:     at listenInCluster (node:net:1997:12)
2026-05-11T00:14:46:     at Server.listen (node:net:2102:7)
2026-05-11T00:14:46:     at app.listen (C:\Users\Anmol\OneDrive\Desktop\B\coding-portal\judge\node_modules\express\lib\application.js:635:24)
2026-05-11T00:14:46:     at <anonymous> (C:\Users\Anmol\OneDrive\Desktop\B\coding-portal\judge\src\index.ts:216:5)
2026-05-11T00:14:46:     at ModuleJob.run (node:internal/modules/esm/module_job:430:25)
2026-05-11T00:14:46:     at process.processTicksAndRejections (node:internal/process/task_queues:103:5)
2026-05-11T00:14:46:     at async onImport.tracePromise.__proto__ (node:internal/modules/esm/loader:661:26)
2026-05-11T00:14:46:     at async asyncRunEntryPointWithESMLoader (node:internal/modules/run_main:101:5)
2026-05-11T00:14:46: Emitted 'error' event on Server instance at:
2026-05-11T00:14:46:     at emitErrorNT (node:net:1976:8)
2026-05-11T00:14:46:     at process.processTicksAndRejections (node:internal/process/task_queues:89:21) {
2026-05-11T00:14:46:   code: 'EADDRINUSE',
2026-05-11T00:14:46:   errno: -4091,
2026-05-11T00:14:46:   syscall: 'listen',
2026-05-11T00:14:46:   address: '::',
2026-05-11T00:14:46:   port: 5001
2026-05-11T00:14:46: }
2026-05-11T00:14:46: 
2026-05-11T00:14:46: Node.js v24.13.1
2026-05-11T00:14:48: node:events:486
2026-05-11T00:14:48:       throw er; // Unhandled 'error' event
2026-05-11T00:14:48:       ^
2026-05-11T00:14:48: 
2026-05-11T00:14:48: Error: listen EADDRINUSE: address already in use :::5001
2026-05-11T00:14:48:     at Server.setupListenHandle [as _listen2] (node:net:1940:16)
2026-05-11T00:14:48:     at listenInCluster (node:net:1997:12)
2026-05-11T00:14:48:     at Server.listen (node:net:2102:7)
2026-05-11T00:14:48:     at app.listen (C:\Users\Anmol\OneDrive\Desktop\B\coding-portal\judge\node_modules\express\lib\application.js:635:24)
2026-05-11T00:14:48:     at <anonymous> (C:\Users\Anmol\OneDrive\Desktop\B\coding-portal\judge\src\index.ts:216:5)
2026-05-11T00:14:48:     at ModuleJob.run (node:internal/modules/esm/module_job:430:25)
2026-05-11T00:14:48:     at process.processTicksAndRejections (node:internal/process/task_queues:103:5)
2026-05-11T00:14:48:     at async onImport.tracePromise.__proto__ (node:internal/modules/esm/loader:661:26)
2026-05-11T00:14:48:     at async asyncRunEntryPointWithESMLoader (node:internal/modules/run_main:101:5)
2026-05-11T00:14:48: Emitted 'error' event on Server instance at:
2026-05-11T00:14:48:     at emitErrorNT (node:net:1976:8)
2026-05-11T00:14:48:     at process.processTicksAndRejections (node:internal/process/task_queues:89:21) {
2026-05-11T00:14:48:   code: 'EADDRINUSE',
2026-05-11T00:14:48:   errno: -4091,
2026-05-11T00:14:48:   syscall: 'listen',
2026-05-11T00:14:48:   address: '::',
2026-05-11T00:14:48:   port: 5001
2026-05-11T00:14:48: }
2026-05-11T00:14:48: 
2026-05-11T00:14:48: Node.js v24.13.1
2026-05-11T00:14:49: node:events:486
2026-05-11T00:14:49:       throw er; // Unhandled 'error' event
2026-05-11T00:14:49:       ^
2026-05-11T00:14:49: 
2026-05-11T00:14:49: Error: listen EADDRINUSE: address already in use :::5001
2026-05-11T00:14:49:     at Server.setupListenHandle [as _listen2] (node:net:1940:16)
2026-05-11T00:14:49:     at listenInCluster (node:net:1997:12)
2026-05-11T00:14:49:     at Server.listen (node:net:2102:7)
2026-05-11T00:14:49:     at app.listen (C:\Users\Anmol\OneDrive\Desktop\B\coding-portal\judge\node_modules\express\lib\application.js:635:24)
2026-05-11T00:14:49:     at <anonymous> (C:\Users\Anmol\OneDrive\Desktop\B\coding-portal\judge\src\index.ts:216:5)
2026-05-11T00:14:49:     at ModuleJob.run (node:internal/modules/esm/module_job:430:25)
2026-05-11T00:14:49:     at process.processTicksAndRejections (node:internal/process/task_queues:103:5)
2026-05-11T00:14:49:     at async onImport.tracePromise.__proto__ (node:internal/modules/esm/loader:661:26)
2026-05-11T00:14:49:     at async asyncRunEntryPointWithESMLoader (node:internal/modules/run_main:101:5)
2026-05-11T00:14:49: Emitted 'error' event on Server instance at:
2026-05-11T00:14:49:     at emitErrorNT (node:net:1976:8)
2026-05-11T00:14:49:     at process.processTicksAndRejections (node:internal/process/task_queues:89:21) {
2026-05-11T00:14:49:   code: 'EADDRINUSE',
2026-05-11T00:14:49:   errno: -4091,
2026-05-11T00:14:49:   syscall: 'listen',
2026-05-11T00:14:49:   address: '::',
2026-05-11T00:14:49:   port: 5001
2026-05-11T00:14:49: }
2026-05-11T00:14:49: 
2026-05-11T00:14:49: Node.js v24.13.1
2026-05-11T00:14:51: node:events:486
2026-05-11T00:14:51:       throw er; // Unhandled 'error' event
2026-05-11T00:14:51:       ^
2026-05-11T00:14:51: 
2026-05-11T00:14:51: Error: listen EADDRINUSE: address already in use :::5001
2026-05-11T00:14:51:     at Server.setupListenHandle [as _listen2] (node:net:1940:16)
2026-05-11T00:14:51:     at listenInCluster (node:net:1997:12)
2026-05-11T00:14:51:     at Server.listen (node:net:2102:7)
2026-05-11T00:14:51:     at app.listen (C:\Users\Anmol\OneDrive\Desktop\B\coding-portal\judge\node_modules\express\lib\application.js:635:24)
2026-05-11T00:14:51:     at <anonymous> (C:\Users\Anmol\OneDrive\Desktop\B\coding-portal\judge\src\index.ts:216:5)
2026-05-11T00:14:51:     at ModuleJob.run (node:internal/modules/esm/module_job:430:25)
2026-05-11T00:14:51:     at process.processTicksAndRejections (node:internal/process/task_queues:103:5)
2026-05-11T00:14:51:     at async onImport.tracePromise.__proto__ (node:internal/modules/esm/loader:661:26)
2026-05-11T00:14:51:     at async asyncRunEntryPointWithESMLoader (node:internal/modules/run_main:101:5)
2026-05-11T00:14:51: Emitted 'error' event on Server instance at:
2026-05-11T00:14:51:     at emitErrorNT (node:net:1976:8)
2026-05-11T00:14:51:     at process.processTicksAndRejections (node:internal/process/task_queues:89:21) {
2026-05-11T00:14:51:   code: 'EADDRINUSE',
2026-05-11T00:14:51:   errno: -4091,
2026-05-11T00:14:51:   syscall: 'listen',
2026-05-11T00:14:51:   address: '::',
2026-05-11T00:14:51:   port: 5001
2026-05-11T00:14:51: }
2026-05-11T00:14:51: 
2026-05-11T00:14:51: Node.js v24.13.1
2026-05-11T00:14:53: node:events:486
2026-05-11T00:14:53:       throw er; // Unhandled 'error' event
2026-05-11T00:14:53:       ^
2026-05-11T00:14:53: 
2026-05-11T00:14:53: Error: listen EADDRINUSE: address already in use :::5001
2026-05-11T00:14:53:     at Server.setupListenHandle [as _listen2] (node:net:1940:16)
2026-05-11T00:14:53:     at listenInCluster (node:net:1997:12)
2026-05-11T00:14:53:     at Server.listen (node:net:2102:7)
2026-05-11T00:14:53:     at app.listen (C:\Users\Anmol\OneDrive\Desktop\B\coding-portal\judge\node_modules\express\lib\application.js:635:24)
2026-05-11T00:14:53:     at <anonymous> (C:\Users\Anmol\OneDrive\Desktop\B\coding-portal\judge\src\index.ts:216:5)
2026-05-11T00:14:53:     at ModuleJob.run (node:internal/modules/esm/module_job:430:25)
2026-05-11T00:14:53:     at process.processTicksAndRejections (node:internal/process/task_queues:103:5)
2026-05-11T00:14:53:     at async onImport.tracePromise.__proto__ (node:internal/modules/esm/loader:661:26)
2026-05-11T00:14:53:     at async asyncRunEntryPointWithESMLoader (node:internal/modules/run_main:101:5)
2026-05-11T00:14:53: Emitted 'error' event on Server instance at:
2026-05-11T00:14:53:     at emitErrorNT (node:net:1976:8)
2026-05-11T00:14:53:     at process.processTicksAndRejections (node:internal/process/task_queues:89:21) {
2026-05-11T00:14:53:   code: 'EADDRINUSE',
2026-05-11T00:14:53:   errno: -4091,
2026-05-11T00:14:53:   syscall: 'listen',
2026-05-11T00:14:53:   address: '::',
2026-05-11T00:14:53:   port: 5001
2026-05-11T00:14:53: }
2026-05-11T00:14:53: 
2026-05-11T00:14:53: Node.js v24.13.1
2026-05-11T00:14:55: node:events:486
2026-05-11T00:14:55:       throw er; // Unhandled 'error' event
2026-05-11T00:14:55:       ^
2026-05-11T00:14:55: 
2026-05-11T00:14:55: Error: listen EADDRINUSE: address already in use :::5001
2026-05-11T00:14:55:     at Server.setupListenHandle [as _listen2] (node:net:1940:16)
2026-05-11T00:14:55:     at listenInCluster (node:net:1997:12)
2026-05-11T00:14:55:     at Server.listen (node:net:2102:7)
2026-05-11T00:14:55:     at app.listen (C:\Users\Anmol\OneDrive\Desktop\B\coding-portal\judge\node_modules\express\lib\application.js:635:24)
2026-05-11T00:14:55:     at <anonymous> (C:\Users\Anmol\OneDrive\Desktop\B\coding-portal\judge\src\index.ts:216:5)
2026-05-11T00:14:55:     at ModuleJob.run (node:internal/modules/esm/module_job:430:25)
2026-05-11T00:14:55:     at process.processTicksAndRejections (node:internal/process/task_queues:103:5)
2026-05-11T00:14:55:     at async onImport.tracePromise.__proto__ (node:internal/modules/esm/loader:661:26)
2026-05-11T00:14:55:     at async asyncRunEntryPointWithESMLoader (node:internal/modules/run_main:101:5)
2026-05-11T00:14:55: Emitted 'error' event on Server instance at:
2026-05-11T00:14:55:     at emitErrorNT (node:net:1976:8)
2026-05-11T00:14:55:     at process.processTicksAndRejections (node:internal/process/task_queues:89:21) {
2026-05-11T00:14:55:   code: 'EADDRINUSE',
2026-05-11T00:14:55:   errno: -4091,
2026-05-11T00:14:55:   syscall: 'listen',
2026-05-11T00:14:55:   address: '::',
2026-05-11T00:14:55:   port: 5001
2026-05-11T00:14:55: }
2026-05-11T00:14:55: 
2026-05-11T00:14:55: Node.js v24.13.1
2026-05-11T00:14:56: node:events:486
2026-05-11T00:14:56:       throw er; // Unhandled 'error' event
2026-05-11T00:14:56:       ^
2026-05-11T00:14:56: 
2026-05-11T00:14:56: Error: listen EADDRINUSE: address already in use :::5001
2026-05-11T00:14:56:     at Server.setupListenHandle [as _listen2] (node:net:1940:16)
2026-05-11T00:14:56:     at listenInCluster (node:net:1997:12)
2026-05-11T00:14:56:     at Server.listen (node:net:2102:7)
2026-05-11T00:14:56:     at app.listen (C:\Users\Anmol\OneDrive\Desktop\B\coding-portal\judge\node_modules\express\lib\application.js:635:24)
2026-05-11T00:14:56:     at <anonymous> (C:\Users\Anmol\OneDrive\Desktop\B\coding-portal\judge\src\index.ts:216:5)
2026-05-11T00:14:56:     at ModuleJob.run (node:internal/modules/esm/module_job:430:25)
2026-05-11T00:14:56:     at process.processTicksAndRejections (node:internal/process/task_queues:103:5)
2026-05-11T00:14:56:     at async onImport.tracePromise.__proto__ (node:internal/modules/esm/loader:661:26)
2026-05-11T00:14:56:     at async asyncRunEntryPointWithESMLoader (node:internal/modules/run_main:101:5)
2026-05-11T00:14:56: Emitted 'error' event on Server instance at:
2026-05-11T00:14:56:     at emitErrorNT (node:net:1976:8)
2026-05-11T00:14:56:     at process.processTicksAndRejections (node:internal/process/task_queues:89:21) {
2026-05-11T00:14:56:   code: 'EADDRINUSE',
2026-05-11T00:14:56:   errno: -4091,
2026-05-11T00:14:56:   syscall: 'listen',
2026-05-11T00:14:56:   address: '::',
2026-05-11T00:14:56:   port: 5001
2026-05-11T00:14:56: }
2026-05-11T00:14:56: 
2026-05-11T00:14:56: Node.js v24.13.1
2026-05-11T00:14:58: node:events:486
2026-05-11T00:14:58:       throw er; // Unhandled 'error' event
2026-05-11T00:14:58:       ^
2026-05-11T00:14:58: 
2026-05-11T00:14:58: Error: listen EADDRINUSE: address already in use :::5001
2026-05-11T00:14:58:     at Server.setupListenHandle [as _listen2] (node:net:1940:16)
2026-05-11T00:14:58:     at listenInCluster (node:net:1997:12)
2026-05-11T00:14:58:     at Server.listen (node:net:2102:7)
2026-05-11T00:14:58:     at app.listen (C:\Users\Anmol\OneDrive\Desktop\B\coding-portal\judge\node_modules\express\lib\application.js:635:24)
2026-05-11T00:14:58:     at <anonymous> (C:\Users\Anmol\OneDrive\Desktop\B\coding-portal\judge\src\index.ts:216:5)
2026-05-11T00:14:58:     at ModuleJob.run (node:internal/modules/esm/module_job:430:25)
2026-05-11T00:14:58:     at process.processTicksAndRejections (node:internal/process/task_queues:103:5)
2026-05-11T00:14:58:     at async onImport.tracePromise.__proto__ (node:internal/modules/esm/loader:661:26)
2026-05-11T00:14:58:     at async asyncRunEntryPointWithESMLoader (node:internal/modules/run_main:101:5)
2026-05-11T00:14:58: Emitted 'error' event on Server instance at:
2026-05-11T00:14:58:     at emitErrorNT (node:net:1976:8)
2026-05-11T00:14:58:     at process.processTicksAndRejections (node:internal/process/task_queues:89:21) {
2026-05-11T00:14:58:   code: 'EADDRINUSE',
2026-05-11T00:14:58:   errno: -4091,
2026-05-11T00:14:58:   syscall: 'listen',
2026-05-11T00:14:58:   address: '::',
2026-05-11T00:14:58:   port: 5001
2026-05-11T00:14:58: }
2026-05-11T00:14:58: 
2026-05-11T00:14:58: Node.js v24.13.1
2026-05-11T00:15:00: node:events:486
2026-05-11T00:15:00:       throw er; // Unhandled 'error' event
2026-05-11T00:15:00:       ^
2026-05-11T00:15:00: 
2026-05-11T00:15:00: Error: listen EADDRINUSE: address already in use :::5001
2026-05-11T00:15:00:     at Server.setupListenHandle [as _listen2] (node:net:1940:16)
2026-05-11T00:15:00:     at listenInCluster (node:net:1997:12)
2026-05-11T00:15:00:     at Server.listen (node:net:2102:7)
2026-05-11T00:15:00:     at app.listen (C:\Users\Anmol\OneDrive\Desktop\B\coding-portal\judge\node_modules\express\lib\application.js:635:24)
2026-05-11T00:15:00:     at <anonymous> (C:\Users\Anmol\OneDrive\Desktop\B\coding-portal\judge\src\index.ts:216:5)
2026-05-11T00:15:00:     at ModuleJob.run (node:internal/modules/esm/module_job:430:25)
2026-05-11T00:15:00:     at process.processTicksAndRejections (node:internal/process/task_queues:103:5)
2026-05-11T00:15:00:     at async onImport.tracePromise.__proto__ (node:internal/modules/esm/loader:661:26)
2026-05-11T00:15:00:     at async asyncRunEntryPointWithESMLoader (node:internal/modules/run_main:101:5)
2026-05-11T00:15:00: Emitted 'error' event on Server instance at:
2026-05-11T00:15:00:     at emitErrorNT (node:net:1976:8)
2026-05-11T00:15:00:     at process.processTicksAndRejections (node:internal/process/task_queues:89:21) {
2026-05-11T00:15:00:   code: 'EADDRINUSE',
2026-05-11T00:15:00:   errno: -4091,
2026-05-11T00:15:00:   syscall: 'listen',
2026-05-11T00:15:00:   address: '::',
2026-05-11T00:15:00:   port: 5001
2026-05-11T00:15:00: }
2026-05-11T00:15:00: 
2026-05-11T00:15:00: Node.js v24.13.1
2026-05-11T00:15:02: node:events:486
2026-05-11T00:15:02:       throw er; // Unhandled 'error' event
2026-05-11T00:15:02:       ^
2026-05-11T00:15:02: 
2026-05-11T00:15:02: Error: listen EADDRINUSE: address already in use :::5001
2026-05-11T00:15:02:     at Server.setupListenHandle [as _listen2] (node:net:1940:16)
2026-05-11T00:15:02:     at listenInCluster (node:net:1997:12)
2026-05-11T00:15:02:     at Server.listen (node:net:2102:7)
2026-05-11T00:15:02:     at app.listen (C:\Users\Anmol\OneDrive\Desktop\B\coding-portal\judge\node_modules\express\lib\application.js:635:24)
2026-05-11T00:15:02:     at <anonymous> (C:\Users\Anmol\OneDrive\Desktop\B\coding-portal\judge\src\index.ts:216:5)
2026-05-11T00:15:02:     at ModuleJob.run (node:internal/modules/esm/module_job:430:25)
2026-05-11T00:15:02:     at process.processTicksAndRejections (node:internal/process/task_queues:103:5)
2026-05-11T00:15:02:     at async onImport.tracePromise.__proto__ (node:internal/modules/esm/loader:661:26)
2026-05-11T00:15:02:     at async asyncRunEntryPointWithESMLoader (node:internal/modules/run_main:101:5)
2026-05-11T00:15:02: Emitted 'error' event on Server instance at:
2026-05-11T00:15:02:     at emitErrorNT (node:net:1976:8)
2026-05-11T00:15:02:     at process.processTicksAndRejections (node:internal/process/task_queues:89:21) {
2026-05-11T00:15:02:   code: 'EADDRINUSE',
2026-05-11T00:15:02:   errno: -4091,
2026-05-11T00:15:02:   syscall: 'listen',
2026-05-11T00:15:02:   address: '::',
2026-05-11T00:15:02:   port: 5001
2026-05-11T00:15:02: }
2026-05-11T00:15:02: 
2026-05-11T00:15:02: Node.js v24.13.1
2026-05-11T00:15:03: node:events:486
2026-05-11T00:15:03:       throw er; // Unhandled 'error' event
2026-05-11T00:15:03:       ^
2026-05-11T00:15:03: 
2026-05-11T00:15:03: Error: listen EADDRINUSE: address already in use :::5001
2026-05-11T00:15:03:     at Server.setupListenHandle [as _listen2] (node:net:1940:16)
2026-05-11T00:15:03:     at listenInCluster (node:net:1997:12)
2026-05-11T00:15:03:     at Server.listen (node:net:2102:7)
2026-05-11T00:15:03:     at app.listen (C:\Users\Anmol\OneDrive\Desktop\B\coding-portal\judge\node_modules\express\lib\application.js:635:24)
2026-05-11T00:15:03:     at <anonymous> (C:\Users\Anmol\OneDrive\Desktop\B\coding-portal\judge\src\index.ts:216:5)
2026-05-11T00:15:03:     at ModuleJob.run (node:internal/modules/esm/module_job:430:25)
2026-05-11T00:15:03:     at process.processTicksAndRejections (node:internal/process/task_queues:103:5)
2026-05-11T00:15:03:     at async onImport.tracePromise.__proto__ (node:internal/modules/esm/loader:661:26)
2026-05-11T00:15:03:     at async asyncRunEntryPointWithESMLoader (node:internal/modules/run_main:101:5)
2026-05-11T00:15:03: Emitted 'error' event on Server instance at:
2026-05-11T00:15:03:     at emitErrorNT (node:net:1976:8)
2026-05-11T00:15:03:     at process.processTicksAndRejections (node:internal/process/task_queues:89:21) {
2026-05-11T00:15:03:   code: 'EADDRINUSE',
2026-05-11T00:15:03:   errno: -4091,
2026-05-11T00:15:03:   syscall: 'listen',
2026-05-11T00:15:03:   address: '::',
2026-05-11T00:15:03:   port: 5001
2026-05-11T00:15:03: }
2026-05-11T00:15:03: 
2026-05-11T00:15:03: Node.js v24.13.1
2026-05-11T00:15:05: node:events:486
2026-05-11T00:15:05:       throw er; // Unhandled 'error' event
2026-05-11T00:15:05:       ^
2026-05-11T00:15:05: 
2026-05-11T00:15:05: Error: listen EADDRINUSE: address already in use :::5001
2026-05-11T00:15:05:     at Server.setupListenHandle [as _listen2] (node:net:1940:16)
2026-05-11T00:15:05:     at listenInCluster (node:net:1997:12)
2026-05-11T00:15:05:     at Server.listen (node:net:2102:7)
2026-05-11T00:15:05:     at app.listen (C:\Users\Anmol\OneDrive\Desktop\B\coding-portal\judge\node_modules\express\lib\application.js:635:24)
2026-05-11T00:15:05:     at <anonymous> (C:\Users\Anmol\OneDrive\Desktop\B\coding-portal\judge\src\index.ts:216:5)
2026-05-11T00:15:05:     at ModuleJob.run (node:internal/modules/esm/module_job:430:25)
2026-05-11T00:15:05:     at process.processTicksAndRejections (node:internal/process/task_queues:103:5)
2026-05-11T00:15:05:     at async onImport.tracePromise.__proto__ (node:internal/modules/esm/loader:661:26)
2026-05-11T00:15:05:     at async asyncRunEntryPointWithESMLoader (node:internal/modules/run_main:101:5)
2026-05-11T00:15:05: Emitted 'error' event on Server instance at:
2026-05-11T00:15:05:     at emitErrorNT (node:net:1976:8)
2026-05-11T00:15:05:     at process.processTicksAndRejections (node:internal/process/task_queues:89:21) {
2026-05-11T00:15:05:   code: 'EADDRINUSE',
2026-05-11T00:15:05:   errno: -4091,
2026-05-11T00:15:05:   syscall: 'listen',
2026-05-11T00:15:05:   address: '::',
2026-05-11T00:15:05:   port: 5001
2026-05-11T00:15:05: }
2026-05-11T00:15:05: 
2026-05-11T00:15:05: Node.js v24.13.1
2026-05-11T00:15:07: node:events:486
2026-05-11T00:15:07:       throw er; // Unhandled 'error' event
2026-05-11T00:15:07:       ^
2026-05-11T00:15:07: 
2026-05-11T00:15:07: Error: listen EADDRINUSE: address already in use :::5001
2026-05-11T00:15:07:     at Server.setupListenHandle [as _listen2] (node:net:1940:16)
2026-05-11T00:15:07:     at listenInCluster (node:net:1997:12)
2026-05-11T00:15:07:     at Server.listen (node:net:2102:7)
2026-05-11T00:15:07:     at app.listen (C:\Users\Anmol\OneDrive\Desktop\B\coding-portal\judge\node_modules\express\lib\application.js:635:24)
2026-05-11T00:15:07:     at <anonymous> (C:\Users\Anmol\OneDrive\Desktop\B\coding-portal\judge\src\index.ts:216:5)
2026-05-11T00:15:07:     at ModuleJob.run (node:internal/modules/esm/module_job:430:25)
2026-05-11T00:15:07:     at process.processTicksAndRejections (node:internal/process/task_queues:103:5)
2026-05-11T00:15:07:     at async onImport.tracePromise.__proto__ (node:internal/modules/esm/loader:661:26)
2026-05-11T00:15:07:     at async asyncRunEntryPointWithESMLoader (node:internal/modules/run_main:101:5)
2026-05-11T00:15:07: Emitted 'error' event on Server instance at:
2026-05-11T00:15:07:     at emitErrorNT (node:net:1976:8)
2026-05-11T00:15:07:     at process.processTicksAndRejections (node:internal/process/task_queues:89:21) {
2026-05-11T00:15:07:   code: 'EADDRINUSE',
2026-05-11T00:15:07:   errno: -4091,
2026-05-11T00:15:07:   syscall: 'listen',
2026-05-11T00:15:07:   address: '::',
2026-05-11T00:15:07:   port: 5001
2026-05-11T00:15:07: }
2026-05-11T00:15:07: 
2026-05-11T00:15:07: Node.js v24.13.1
2026-05-11T00:15:08: node:events:486
2026-05-11T00:15:08:       throw er; // Unhandled 'error' event
2026-05-11T00:15:08:       ^
2026-05-11T00:15:08: 
2026-05-11T00:15:08: Error: listen EADDRINUSE: address already in use :::5001
2026-05-11T00:15:08:     at Server.setupListenHandle [as _listen2] (node:net:1940:16)
2026-05-11T00:15:08:     at listenInCluster (node:net:1997:12)
2026-05-11T00:15:08:     at Server.listen (node:net:2102:7)
2026-05-11T00:15:08:     at app.listen (C:\Users\Anmol\OneDrive\Desktop\B\coding-portal\judge\node_modules\express\lib\application.js:635:24)
2026-05-11T00:15:08:     at <anonymous> (C:\Users\Anmol\OneDrive\Desktop\B\coding-portal\judge\src\index.ts:216:5)
2026-05-11T00:15:08:     at ModuleJob.run (node:internal/modules/esm/module_job:430:25)
2026-05-11T00:15:08:     at process.processTicksAndRejections (node:internal/process/task_queues:103:5)
2026-05-11T00:15:08:     at async onImport.tracePromise.__proto__ (node:internal/modules/esm/loader:661:26)
2026-05-11T00:15:08:     at async asyncRunEntryPointWithESMLoader (node:internal/modules/run_main:101:5)
2026-05-11T00:15:08: Emitted 'error' event on Server instance at:
2026-05-11T00:15:08:     at emitErrorNT (node:net:1976:8)
2026-05-11T00:15:08:     at process.processTicksAndRejections (node:internal/process/task_queues:89:21) {
2026-05-11T00:15:08:   code: 'EADDRINUSE',
2026-05-11T00:15:08:   errno: -4091,
2026-05-11T00:15:08:   syscall: 'listen',
2026-05-11T00:15:08:   address: '::',
2026-05-11T00:15:08:   port: 5001
2026-05-11T00:15:08: }
2026-05-11T00:15:08: 
2026-05-11T00:15:08: Node.js v24.13.1
2026-05-11T00:15:10: node:events:486
2026-05-11T00:15:10:       throw er; // Unhandled 'error' event
2026-05-11T00:15:10:       ^
2026-05-11T00:15:10: 
2026-05-11T00:15:10: Error: listen EADDRINUSE: address already in use :::5001
2026-05-11T00:15:10:     at Server.setupListenHandle [as _listen2] (node:net:1940:16)
2026-05-11T00:15:10:     at listenInCluster (node:net:1997:12)
2026-05-11T00:15:10:     at Server.listen (node:net:2102:7)
2026-05-11T00:15:10:     at app.listen (C:\Users\Anmol\OneDrive\Desktop\B\coding-portal\judge\node_modules\express\lib\application.js:635:24)
2026-05-11T00:15:10:     at <anonymous> (C:\Users\Anmol\OneDrive\Desktop\B\coding-portal\judge\src\index.ts:216:5)
2026-05-11T00:15:10:     at ModuleJob.run (node:internal/modules/esm/module_job:430:25)
2026-05-11T00:15:10:     at process.processTicksAndRejections (node:internal/process/task_queues:103:5)
2026-05-11T00:15:10:     at async onImport.tracePromise.__proto__ (node:internal/modules/esm/loader:661:26)
2026-05-11T00:15:10:     at async asyncRunEntryPointWithESMLoader (node:internal/modules/run_main:101:5)
2026-05-11T00:15:10: Emitted 'error' event on Server instance at:
2026-05-11T00:15:10:     at emitErrorNT (node:net:1976:8)
2026-05-11T00:15:10:     at process.processTicksAndRejections (node:internal/process/task_queues:89:21) {
2026-05-11T00:15:10:   code: 'EADDRINUSE',
2026-05-11T00:15:10:   errno: -4091,
2026-05-11T00:15:10:   syscall: 'listen',
2026-05-11T00:15:10:   address: '::',
2026-05-11T00:15:10:   port: 5001
2026-05-11T00:15:10: }
2026-05-11T00:15:10: 
2026-05-11T00:15:10: Node.js v24.13.1
2026-05-11T00:15:12: node:events:486
2026-05-11T00:15:12:       throw er; // Unhandled 'error' event
2026-05-11T00:15:12:       ^
2026-05-11T00:15:12: 
2026-05-11T00:15:12: Error: listen EADDRINUSE: address already in use :::5001
2026-05-11T00:15:12:     at Server.setupListenHandle [as _listen2] (node:net:1940:16)
2026-05-11T00:15:12:     at listenInCluster (node:net:1997:12)
2026-05-11T00:15:12:     at Server.listen (node:net:2102:7)
2026-05-11T00:15:12:     at app.listen (C:\Users\Anmol\OneDrive\Desktop\B\coding-portal\judge\node_modules\express\lib\application.js:635:24)
2026-05-11T00:15:12:     at <anonymous> (C:\Users\Anmol\OneDrive\Desktop\B\coding-portal\judge\src\index.ts:216:5)
2026-05-11T00:15:12:     at ModuleJob.run (node:internal/modules/esm/module_job:430:25)
2026-05-11T00:15:12:     at process.processTicksAndRejections (node:internal/process/task_queues:103:5)
2026-05-11T00:15:12:     at async onImport.tracePromise.__proto__ (node:internal/modules/esm/loader:661:26)
2026-05-11T00:15:12:     at async asyncRunEntryPointWithESMLoader (node:internal/modules/run_main:101:5)
2026-05-11T00:15:12: Emitted 'error' event on Server instance at:
2026-05-11T00:15:12:     at emitErrorNT (node:net:1976:8)
2026-05-11T00:15:12:     at process.processTicksAndRejections (node:internal/process/task_queues:89:21) {
2026-05-11T00:15:12:   code: 'EADDRINUSE',
2026-05-11T00:15:12:   errno: -4091,
2026-05-11T00:15:12:   syscall: 'listen',
2026-05-11T00:15:12:   address: '::',
2026-05-11T00:15:12:   port: 5001
2026-05-11T00:15:12: }
2026-05-11T00:15:12: 
2026-05-11T00:15:12: Node.js v24.13.1
2026-05-11T00:15:13: node:events:486
2026-05-11T00:15:13:       throw er; // Unhandled 'error' event
2026-05-11T00:15:13:       ^
2026-05-11T00:15:13: 
2026-05-11T00:15:13: Error: listen EADDRINUSE: address already in use :::5001
2026-05-11T00:15:13:     at Server.setupListenHandle [as _listen2] (node:net:1940:16)
2026-05-11T00:15:13:     at listenInCluster (node:net:1997:12)
2026-05-11T00:15:13:     at Server.listen (node:net:2102:7)
2026-05-11T00:15:13:     at app.listen (C:\Users\Anmol\OneDrive\Desktop\B\coding-portal\judge\node_modules\express\lib\application.js:635:24)
2026-05-11T00:15:13:     at <anonymous> (C:\Users\Anmol\OneDrive\Desktop\B\coding-portal\judge\src\index.ts:216:5)
2026-05-11T00:15:13:     at ModuleJob.run (node:internal/modules/esm/module_job:430:25)
2026-05-11T00:15:13:     at process.processTicksAndRejections (node:internal/process/task_queues:103:5)
2026-05-11T00:15:13:     at async onImport.tracePromise.__proto__ (node:internal/modules/esm/loader:661:26)
2026-05-11T00:15:13:     at async asyncRunEntryPointWithESMLoader (node:internal/modules/run_main:101:5)
2026-05-11T00:15:13: Emitted 'error' event on Server instance at:
2026-05-11T00:15:13:     at emitErrorNT (node:net:1976:8)
2026-05-11T00:15:13:     at process.processTicksAndRejections (node:internal/process/task_queues:89:21) {
2026-05-11T00:15:13:   code: 'EADDRINUSE',
2026-05-11T00:15:13:   errno: -4091,
2026-05-11T00:15:13:   syscall: 'listen',
2026-05-11T00:15:13:   address: '::',
2026-05-11T00:15:13:   port: 5001
2026-05-11T00:15:13: }
2026-05-11T00:15:13: 
2026-05-11T00:15:13: Node.js v24.13.1
2026-05-11T00:15:15: node:events:486
2026-05-11T00:15:15:       throw er; // Unhandled 'error' event
2026-05-11T00:15:15:       ^
2026-05-11T00:15:15: 
2026-05-11T00:15:15: Error: listen EADDRINUSE: address already in use :::5001
2026-05-11T00:15:15:     at Server.setupListenHandle [as _listen2] (node:net:1940:16)
2026-05-11T00:15:15:     at listenInCluster (node:net:1997:12)
2026-05-11T00:15:15:     at Server.listen (node:net:2102:7)
2026-05-11T00:15:15:     at app.listen (C:\Users\Anmol\OneDrive\Desktop\B\coding-portal\judge\node_modules\express\lib\application.js:635:24)
2026-05-11T00:15:15:     at <anonymous> (C:\Users\Anmol\OneDrive\Desktop\B\coding-portal\judge\src\index.ts:216:5)
2026-05-11T00:15:15:     at ModuleJob.run (node:internal/modules/esm/module_job:430:25)
2026-05-11T00:15:15:     at process.processTicksAndRejections (node:internal/process/task_queues:103:5)
2026-05-11T00:15:15:     at async onImport.tracePromise.__proto__ (node:internal/modules/esm/loader:661:26)
2026-05-11T00:15:15:     at async asyncRunEntryPointWithESMLoader (node:internal/modules/run_main:101:5)
2026-05-11T00:15:15: Emitted 'error' event on Server instance at:
2026-05-11T00:15:15:     at emitErrorNT (node:net:1976:8)
2026-05-11T00:15:15:     at process.processTicksAndRejections (node:internal/process/task_queues:89:21) {
2026-05-11T00:15:15:   code: 'EADDRINUSE',
2026-05-11T00:15:15:   errno: -4091,
2026-05-11T00:15:15:   syscall: 'listen',
2026-05-11T00:15:15:   address: '::',
2026-05-11T00:15:15:   port: 5001
2026-05-11T00:15:15: }
2026-05-11T00:15:15: 
2026-05-11T00:15:15: Node.js v24.13.1
2026-05-11T00:15:19: node:events:486
2026-05-11T00:15:19:       throw er; // Unhandled 'error' event
2026-05-11T00:15:19:       ^
2026-05-11T00:15:19: 
2026-05-11T00:15:19: Error: listen EADDRINUSE: address already in use :::5001
2026-05-11T00:15:19:     at Server.setupListenHandle [as _listen2] (node:net:1940:16)
2026-05-11T00:15:19:     at listenInCluster (node:net:1997:12)
2026-05-11T00:15:19:     at Server.listen (node:net:2102:7)
2026-05-11T00:15:19:     at app.listen (C:\Users\Anmol\OneDrive\Desktop\B\coding-portal\judge\node_modules\express\lib\application.js:635:24)
2026-05-11T00:15:19:     at <anonymous> (C:\Users\Anmol\OneDrive\Desktop\B\coding-portal\judge\src\index.ts:216:5)
2026-05-11T00:15:19:     at ModuleJob.run (node:internal/modules/esm/module_job:430:25)
2026-05-11T00:15:19:     at process.processTicksAndRejections (node:internal/process/task_queues:103:5)
2026-05-11T00:15:19:     at async onImport.tracePromise.__proto__ (node:internal/modules/esm/loader:661:26)
2026-05-11T00:15:19:     at async asyncRunEntryPointWithESMLoader (node:internal/modules/run_main:101:5)
2026-05-11T00:15:19: Emitted 'error' event on Server instance at:
2026-05-11T00:15:19:     at emitErrorNT (node:net:1976:8)
2026-05-11T00:15:19:     at process.processTicksAndRejections (node:internal/process/task_queues:89:21) {
2026-05-11T00:15:19:   code: 'EADDRINUSE',
2026-05-11T00:15:19:   errno: -4091,
2026-05-11T00:15:19:   syscall: 'listen',
2026-05-11T00:15:19:   address: '::',
2026-05-11T00:15:19:   port: 5001
2026-05-11T00:15:19: }
2026-05-11T00:15:19: 
2026-05-11T00:15:19: Node.js v24.13.1
2026-05-11T00:15:21: node:events:486
2026-05-11T00:15:21:       throw er; // Unhandled 'error' event
2026-05-11T00:15:21:       ^
2026-05-11T00:15:21: 
2026-05-11T00:15:21: Error: listen EADDRINUSE: address already in use :::5001
2026-05-11T00:15:21:     at Server.setupListenHandle [as _listen2] (node:net:1940:16)
2026-05-11T00:15:21:     at listenInCluster (node:net:1997:12)
2026-05-11T00:15:21:     at Server.listen (node:net:2102:7)
2026-05-11T00:15:21:     at app.listen (C:\Users\Anmol\OneDrive\Desktop\B\coding-portal\judge\node_modules\express\lib\application.js:635:24)
2026-05-11T00:15:21:     at <anonymous> (C:\Users\Anmol\OneDrive\Desktop\B\coding-portal\judge\src\index.ts:216:5)
2026-05-11T00:15:21:     at ModuleJob.run (node:internal/modules/esm/module_job:430:25)
2026-05-11T00:15:21:     at process.processTicksAndRejections (node:internal/process/task_queues:103:5)
2026-05-11T00:15:21:     at async onImport.tracePromise.__proto__ (node:internal/modules/esm/loader:661:26)
2026-05-11T00:15:21:     at async asyncRunEntryPointWithESMLoader (node:internal/modules/run_main:101:5)
2026-05-11T00:15:21: Emitted 'error' event on Server instance at:
2026-05-11T00:15:21:     at emitErrorNT (node:net:1976:8)
2026-05-11T00:15:21:     at process.processTicksAndRejections (node:internal/process/task_queues:89:21) {
2026-05-11T00:15:21:   code: 'EADDRINUSE',
2026-05-11T00:15:21:   errno: -4091,
2026-05-11T00:15:21:   syscall: 'listen',
2026-05-11T00:15:21:   address: '::',
2026-05-11T00:15:21:   port: 5001
2026-05-11T00:15:21: }
2026-05-11T00:15:21: 
2026-05-11T00:15:21: Node.js v24.13.1
2026-05-11T00:15:22: node:events:486
2026-05-11T00:15:22:       throw er; // Unhandled 'error' event
2026-05-11T00:15:22:       ^
2026-05-11T00:15:22: 
2026-05-11T00:15:22: Error: listen EADDRINUSE: address already in use :::5001
2026-05-11T00:15:22:     at Server.setupListenHandle [as _listen2] (node:net:1940:16)
2026-05-11T00:15:22:     at listenInCluster (node:net:1997:12)
2026-05-11T00:15:22:     at Server.listen (node:net:2102:7)
2026-05-11T00:15:22:     at app.listen (C:\Users\Anmol\OneDrive\Desktop\B\coding-portal\judge\node_modules\express\lib\application.js:635:24)
2026-05-11T00:15:22:     at <anonymous> (C:\Users\Anmol\OneDrive\Desktop\B\coding-portal\judge\src\index.ts:216:5)
2026-05-11T00:15:22:     at ModuleJob.run (node:internal/modules/esm/module_job:430:25)
2026-05-11T00:15:22:     at process.processTicksAndRejections (node:internal/process/task_queues:103:5)
2026-05-11T00:15:22:     at async onImport.tracePromise.__proto__ (node:internal/modules/esm/loader:661:26)
2026-05-11T00:15:22:     at async asyncRunEntryPointWithESMLoader (node:internal/modules/run_main:101:5)
2026-05-11T00:15:22: Emitted 'error' event on Server instance at:
2026-05-11T00:15:22:     at emitErrorNT (node:net:1976:8)
2026-05-11T00:15:22:     at process.processTicksAndRejections (node:internal/process/task_queues:89:21) {
2026-05-11T00:15:22:   code: 'EADDRINUSE',
2026-05-11T00:15:22:   errno: -4091,
2026-05-11T00:15:22:   syscall: 'listen',
2026-05-11T00:15:22:   address: '::',
2026-05-11T00:15:22:   port: 5001
2026-05-11T00:15:22: }
2026-05-11T00:15:22: 
2026-05-11T00:15:22: Node.js v24.13.1
2026-05-11T00:15:24: node:events:486
2026-05-11T00:15:24:       throw er; // Unhandled 'error' event
2026-05-11T00:15:24:       ^
2026-05-11T00:15:24: 
2026-05-11T00:15:24: Error: listen EADDRINUSE: address already in use :::5001
2026-05-11T00:15:24:     at Server.setupListenHandle [as _listen2] (node:net:1940:16)
2026-05-11T00:15:24:     at listenInCluster (node:net:1997:12)
2026-05-11T00:15:24:     at Server.listen (node:net:2102:7)
2026-05-11T00:15:24:     at app.listen (C:\Users\Anmol\OneDrive\Desktop\B\coding-portal\judge\node_modules\express\lib\application.js:635:24)
2026-05-11T00:15:24:     at <anonymous> (C:\Users\Anmol\OneDrive\Desktop\B\coding-portal\judge\src\index.ts:216:5)
2026-05-11T00:15:24:     at ModuleJob.run (node:internal/modules/esm/module_job:430:25)
2026-05-11T00:15:24:     at process.processTicksAndRejections (node:internal/process/task_queues:103:5)
2026-05-11T00:15:24:     at async onImport.tracePromise.__proto__ (node:internal/modules/esm/loader:661:26)
2026-05-11T00:15:24:     at async asyncRunEntryPointWithESMLoader (node:internal/modules/run_main:101:5)
2026-05-11T00:15:24: Emitted 'error' event on Server instance at:
2026-05-11T00:15:24:     at emitErrorNT (node:net:1976:8)
2026-05-11T00:15:24:     at process.processTicksAndRejections (node:internal/process/task_queues:89:21) {
2026-05-11T00:15:24:   code: 'EADDRINUSE',
2026-05-11T00:15:24:   errno: -4091,
2026-05-11T00:15:24:   syscall: 'listen',
2026-05-11T00:15:24:   address: '::',
2026-05-11T00:15:24:   port: 5001
2026-05-11T00:15:24: }
2026-05-11T00:15:24: 
2026-05-11T00:15:24: Node.js v24.13.1
2026-05-11T00:15:33: node:events:486
2026-05-11T00:15:33:       throw er; // Unhandled 'error' event
2026-05-11T00:15:33:       ^
2026-05-11T00:15:33: 
2026-05-11T00:15:33: Error: listen EADDRINUSE: address already in use :::5001
2026-05-11T00:15:33:     at Server.setupListenHandle [as _listen2] (node:net:1940:16)
2026-05-11T00:15:33:     at listenInCluster (node:net:1997:12)
2026-05-11T00:15:33:     at Server.listen (node:net:2102:7)
2026-05-11T00:15:33:     at app.listen (C:\Users\Anmol\OneDrive\Desktop\B\coding-portal\judge\node_modules\express\lib\application.js:635:24)
2026-05-11T00:15:33:     at <anonymous> (C:\Users\Anmol\OneDrive\Desktop\B\coding-portal\judge\src\index.ts:216:5)
2026-05-11T00:15:33:     at ModuleJob.run (node:internal/modules/esm/module_job:430:25)
2026-05-11T00:15:33:     at process.processTicksAndRejections (node:internal/process/task_queues:103:5)
2026-05-11T00:15:33:     at async onImport.tracePromise.__proto__ (node:internal/modules/esm/loader:661:26)
2026-05-11T00:15:33:     at async asyncRunEntryPointWithESMLoader (node:internal/modules/run_main:101:5)
2026-05-11T00:15:33: Emitted 'error' event on Server instance at:
2026-05-11T00:15:33:     at emitErrorNT (node:net:1976:8)
2026-05-11T00:15:33:     at process.processTicksAndRejections (node:internal/process/task_queues:89:21) {
2026-05-11T00:15:33:   code: 'EADDRINUSE',
2026-05-11T00:15:33:   errno: -4091,
2026-05-11T00:15:33:   syscall: 'listen',
2026-05-11T00:15:33:   address: '::',
2026-05-11T00:15:33:   port: 5001
2026-05-11T00:15:33: }
2026-05-11T00:15:33: 
2026-05-11T00:15:33: Node.js v24.13.1
2026-05-11T00:15:35: node:events:486
2026-05-11T00:15:35:       throw er; // Unhandled 'error' event
2026-05-11T00:15:35:       ^
2026-05-11T00:15:35: 
2026-05-11T00:15:35: Error: listen EADDRINUSE: address already in use :::5001
2026-05-11T00:15:35:     at Server.setupListenHandle [as _listen2] (node:net:1940:16)
2026-05-11T00:15:35:     at listenInCluster (node:net:1997:12)
2026-05-11T00:15:35:     at Server.listen (node:net:2102:7)
2026-05-11T00:15:35:     at app.listen (C:\Users\Anmol\OneDrive\Desktop\B\coding-portal\judge\node_modules\express\lib\application.js:635:24)
2026-05-11T00:15:35:     at <anonymous> (C:\Users\Anmol\OneDrive\Desktop\B\coding-portal\judge\src\index.ts:216:5)
2026-05-11T00:15:35:     at ModuleJob.run (node:internal/modules/esm/module_job:430:25)
2026-05-11T00:15:35:     at process.processTicksAndRejections (node:internal/process/task_queues:103:5)
2026-05-11T00:15:35:     at async onImport.tracePromise.__proto__ (node:internal/modules/esm/loader:661:26)
2026-05-11T00:15:35:     at async asyncRunEntryPointWithESMLoader (node:internal/modules/run_main:101:5)
2026-05-11T00:15:35: Emitted 'error' event on Server instance at:
2026-05-11T00:15:35:     at emitErrorNT (node:net:1976:8)
2026-05-11T00:15:35:     at process.processTicksAndRejections (node:internal/process/task_queues:89:21) {
2026-05-11T00:15:35:   code: 'EADDRINUSE',
2026-05-11T00:15:35:   errno: -4091,
2026-05-11T00:15:35:   syscall: 'listen',
2026-05-11T00:15:35:   address: '::',
2026-05-11T00:15:35:   port: 5001
2026-05-11T00:15:35: }
2026-05-11T00:15:35: 
2026-05-11T00:15:35: Node.js v24.13.1
2026-05-11T00:15:37: node:events:486
2026-05-11T00:15:37:       throw er; // Unhandled 'error' event
2026-05-11T00:15:37:       ^
2026-05-11T00:15:37: 
2026-05-11T00:15:37: Error: listen EADDRINUSE: address already in use :::5001
2026-05-11T00:15:37:     at Server.setupListenHandle [as _listen2] (node:net:1940:16)
2026-05-11T00:15:37:     at listenInCluster (node:net:1997:12)
2026-05-11T00:15:37:     at Server.listen (node:net:2102:7)
2026-05-11T00:15:37:     at app.listen (C:\Users\Anmol\OneDrive\Desktop\B\coding-portal\judge\node_modules\express\lib\application.js:635:24)
2026-05-11T00:15:37:     at <anonymous> (C:\Users\Anmol\OneDrive\Desktop\B\coding-portal\judge\src\index.ts:216:5)
2026-05-11T00:15:37:     at ModuleJob.run (node:internal/modules/esm/module_job:430:25)
2026-05-11T00:15:37:     at process.processTicksAndRejections (node:internal/process/task_queues:103:5)
2026-05-11T00:15:37:     at async onImport.tracePromise.__proto__ (node:internal/modules/esm/loader:661:26)
2026-05-11T00:15:37:     at async asyncRunEntryPointWithESMLoader (node:internal/modules/run_main:101:5)
2026-05-11T00:15:37: Emitted 'error' event on Server instance at:
2026-05-11T00:15:37:     at emitErrorNT (node:net:1976:8)
2026-05-11T00:15:37:     at process.processTicksAndRejections (node:internal/process/task_queues:89:21) {
2026-05-11T00:15:37:   code: 'EADDRINUSE',
2026-05-11T00:15:37:   errno: -4091,
2026-05-11T00:15:37:   syscall: 'listen',
2026-05-11T00:15:37:   address: '::',
2026-05-11T00:15:37:   port: 5001
2026-05-11T00:15:37: }
2026-05-11T00:15:37: 
2026-05-11T00:15:37: Node.js v24.13.1
2026-05-11T00:15:40: node:events:486
2026-05-11T00:15:40:       throw er; // Unhandled 'error' event
2026-05-11T00:15:40:       ^
2026-05-11T00:15:40: 
2026-05-11T00:15:40: Error: listen EADDRINUSE: address already in use :::5001
2026-05-11T00:15:40:     at Server.setupListenHandle [as _listen2] (node:net:1940:16)
2026-05-11T00:15:40:     at listenInCluster (node:net:1997:12)
2026-05-11T00:15:40:     at Server.listen (node:net:2102:7)
2026-05-11T00:15:40:     at app.listen (C:\Users\Anmol\OneDrive\Desktop\B\coding-portal\judge\node_modules\express\lib\application.js:635:24)
2026-05-11T00:15:40:     at <anonymous> (C:\Users\Anmol\OneDrive\Desktop\B\coding-portal\judge\src\index.ts:216:5)
2026-05-11T00:15:40:     at ModuleJob.run (node:internal/modules/esm/module_job:430:25)
2026-05-11T00:15:40:     at process.processTicksAndRejections (node:internal/process/task_queues:103:5)
2026-05-11T00:15:40:     at async onImport.tracePromise.__proto__ (node:internal/modules/esm/loader:661:26)
2026-05-11T00:15:40:     at async asyncRunEntryPointWithESMLoader (node:internal/modules/run_main:101:5)
2026-05-11T00:15:40: Emitted 'error' event on Server instance at:
2026-05-11T00:15:40:     at emitErrorNT (node:net:1976:8)
2026-05-11T00:15:40:     at process.processTicksAndRejections (node:internal/process/task_queues:89:21) {
2026-05-11T00:15:40:   code: 'EADDRINUSE',
2026-05-11T00:15:40:   errno: -4091,
2026-05-11T00:15:40:   syscall: 'listen',
2026-05-11T00:15:40:   address: '::',
2026-05-11T00:15:40:   port: 5001
2026-05-11T00:15:40: }
2026-05-11T00:15:40: 
2026-05-11T00:15:40: Node.js v24.13.1
2026-05-11T00:15:41: node:events:486
2026-05-11T00:15:41:       throw er; // Unhandled 'error' event
2026-05-11T00:15:41:       ^
2026-05-11T00:15:41: 
2026-05-11T00:15:41: Error: listen EADDRINUSE: address already in use :::5001
2026-05-11T00:15:41:     at Server.setupListenHandle [as _listen2] (node:net:1940:16)
2026-05-11T00:15:41:     at listenInCluster (node:net:1997:12)
2026-05-11T00:15:41:     at Server.listen (node:net:2102:7)
2026-05-11T00:15:41:     at app.listen (C:\Users\Anmol\OneDrive\Desktop\B\coding-portal\judge\node_modules\express\lib\application.js:635:24)
2026-05-11T00:15:41:     at <anonymous> (C:\Users\Anmol\OneDrive\Desktop\B\coding-portal\judge\src\index.ts:216:5)
2026-05-11T00:15:41:     at ModuleJob.run (node:internal/modules/esm/module_job:430:25)
2026-05-11T00:15:41:     at process.processTicksAndRejections (node:internal/process/task_queues:103:5)
2026-05-11T00:15:41:     at async onImport.tracePromise.__proto__ (node:internal/modules/esm/loader:661:26)
2026-05-11T00:15:41:     at async asyncRunEntryPointWithESMLoader (node:internal/modules/run_main:101:5)
2026-05-11T00:15:41: Emitted 'error' event on Server instance at:
2026-05-11T00:15:41:     at emitErrorNT (node:net:1976:8)
2026-05-11T00:15:41:     at process.processTicksAndRejections (node:internal/process/task_queues:89:21) {
2026-05-11T00:15:41:   code: 'EADDRINUSE',
2026-05-11T00:15:41:   errno: -4091,
2026-05-11T00:15:41:   syscall: 'listen',
2026-05-11T00:15:41:   address: '::',
2026-05-11T00:15:41:   port: 5001
2026-05-11T00:15:41: }
2026-05-11T00:15:41: 
2026-05-11T00:15:41: Node.js v24.13.1
2026-05-11T00:15:44: node:events:486
2026-05-11T00:15:44:       throw er; // Unhandled 'error' event
2026-05-11T00:15:44:       ^
2026-05-11T00:15:44: 
2026-05-11T00:15:44: Error: listen EADDRINUSE: address already in use :::5001
2026-05-11T00:15:44:     at Server.setupListenHandle [as _listen2] (node:net:1940:16)
2026-05-11T00:15:44:     at listenInCluster (node:net:1997:12)
2026-05-11T00:15:44:     at Server.listen (node:net:2102:7)
2026-05-11T00:15:44:     at app.listen (C:\Users\Anmol\OneDrive\Desktop\B\coding-portal\judge\node_modules\express\lib\application.js:635:24)
2026-05-11T00:15:44:     at <anonymous> (C:\Users\Anmol\OneDrive\Desktop\B\coding-portal\judge\src\index.ts:216:5)
2026-05-11T00:15:44:     at ModuleJob.run (node:internal/modules/esm/module_job:430:25)
2026-05-11T00:15:44:     at process.processTicksAndRejections (node:internal/process/task_queues:103:5)
2026-05-11T00:15:44:     at async onImport.tracePromise.__proto__ (node:internal/modules/esm/loader:661:26)
2026-05-11T00:15:44:     at async asyncRunEntryPointWithESMLoader (node:internal/modules/run_main:101:5)
2026-05-11T00:15:44: Emitted 'error' event on Server instance at:
2026-05-11T00:15:44:     at emitErrorNT (node:net:1976:8)
2026-05-11T00:15:44:     at process.processTicksAndRejections (node:internal/process/task_queues:89:21) {
2026-05-11T00:15:44:   code: 'EADDRINUSE',
2026-05-11T00:15:44:   errno: -4091,
2026-05-11T00:15:44:   syscall: 'listen',
2026-05-11T00:15:44:   address: '::',
2026-05-11T00:15:44:   port: 5001
2026-05-11T00:15:44: }
2026-05-11T00:15:44: 
2026-05-11T00:15:44: Node.js v24.13.1
2026-05-11T00:15:48: node:events:486
2026-05-11T00:15:48:       throw er; // Unhandled 'error' event
2026-05-11T00:15:48:       ^
2026-05-11T00:15:48: 
2026-05-11T00:15:48: Error: listen EADDRINUSE: address already in use :::5001
2026-05-11T00:15:48:     at Server.setupListenHandle [as _listen2] (node:net:1940:16)
2026-05-11T00:15:48:     at listenInCluster (node:net:1997:12)
2026-05-11T00:15:48:     at Server.listen (node:net:2102:7)
2026-05-11T00:15:48:     at app.listen (C:\Users\Anmol\OneDrive\Desktop\B\coding-portal\judge\node_modules\express\lib\application.js:635:24)
2026-05-11T00:15:48:     at <anonymous> (C:\Users\Anmol\OneDrive\Desktop\B\coding-portal\judge\src\index.ts:216:5)
2026-05-11T00:15:48:     at ModuleJob.run (node:internal/modules/esm/module_job:430:25)
2026-05-11T00:15:48:     at process.processTicksAndRejections (node:internal/process/task_queues:103:5)
2026-05-11T00:15:48:     at async onImport.tracePromise.__proto__ (node:internal/modules/esm/loader:661:26)
2026-05-11T00:15:48:     at async asyncRunEntryPointWithESMLoader (node:internal/modules/run_main:101:5)
2026-05-11T00:15:48: Emitted 'error' event on Server instance at:
2026-05-11T00:15:48:     at emitErrorNT (node:net:1976:8)
2026-05-11T00:15:48:     at process.processTicksAndRejections (node:internal/process/task_queues:89:21) {
2026-05-11T00:15:48:   code: 'EADDRINUSE',
2026-05-11T00:15:48:   errno: -4091,
2026-05-11T00:15:48:   syscall: 'listen',
2026-05-11T00:15:48:   address: '::',
2026-05-11T00:15:48:   port: 5001
2026-05-11T00:15:48: }
2026-05-11T00:15:48: 
2026-05-11T00:15:48: Node.js v24.13.1
2026-05-11T00:15:50: node:events:486
2026-05-11T00:15:50:       throw er; // Unhandled 'error' event
2026-05-11T00:15:50:       ^
2026-05-11T00:15:50: 
2026-05-11T00:15:50: Error: listen EADDRINUSE: address already in use :::5001
2026-05-11T00:15:50:     at Server.setupListenHandle [as _listen2] (node:net:1940:16)
2026-05-11T00:15:50:     at listenInCluster (node:net:1997:12)
2026-05-11T00:15:50:     at Server.listen (node:net:2102:7)
2026-05-11T00:15:50:     at app.listen (C:\Users\Anmol\OneDrive\Desktop\B\coding-portal\judge\node_modules\express\lib\application.js:635:24)
2026-05-11T00:15:50:     at <anonymous> (C:\Users\Anmol\OneDrive\Desktop\B\coding-portal\judge\src\index.ts:216:5)
2026-05-11T00:15:50:     at ModuleJob.run (node:internal/modules/esm/module_job:430:25)
2026-05-11T00:15:50:     at process.processTicksAndRejections (node:internal/process/task_queues:103:5)
2026-05-11T00:15:50:     at async onImport.tracePromise.__proto__ (node:internal/modules/esm/loader:661:26)
2026-05-11T00:15:50:     at async asyncRunEntryPointWithESMLoader (node:internal/modules/run_main:101:5)
2026-05-11T00:15:50: Emitted 'error' event on Server instance at:
2026-05-11T00:15:50:     at emitErrorNT (node:net:1976:8)
2026-05-11T00:15:50:     at process.processTicksAndRejections (node:internal/process/task_queues:89:21) {
2026-05-11T00:15:50:   code: 'EADDRINUSE',
2026-05-11T00:15:50:   errno: -4091,
2026-05-11T00:15:50:   syscall: 'listen',
2026-05-11T00:15:50:   address: '::',
2026-05-11T00:15:50:   port: 5001
2026-05-11T00:15:50: }
2026-05-11T00:15:50: 
2026-05-11T00:15:50: Node.js v24.13.1
2026-05-11T00:15:53: node:events:486
2026-05-11T00:15:53:       throw er; // Unhandled 'error' event
2026-05-11T00:15:53:       ^
2026-05-11T00:15:53: 
2026-05-11T00:15:53: Error: listen EADDRINUSE: address already in use :::5001
2026-05-11T00:15:53:     at Server.setupListenHandle [as _listen2] (node:net:1940:16)
2026-05-11T00:15:53:     at listenInCluster (node:net:1997:12)
2026-05-11T00:15:53:     at Server.listen (node:net:2102:7)
2026-05-11T00:15:53:     at app.listen (C:\Users\Anmol\OneDrive\Desktop\B\coding-portal\judge\node_modules\express\lib\application.js:635:24)
2026-05-11T00:15:53:     at <anonymous> (C:\Users\Anmol\OneDrive\Desktop\B\coding-portal\judge\src\index.ts:216:5)
2026-05-11T00:15:53:     at ModuleJob.run (node:internal/modules/esm/module_job:430:25)
2026-05-11T00:15:53:     at process.processTicksAndRejections (node:internal/process/task_queues:103:5)
2026-05-11T00:15:53:     at async onImport.tracePromise.__proto__ (node:internal/modules/esm/loader:661:26)
2026-05-11T00:15:53:     at async asyncRunEntryPointWithESMLoader (node:internal/modules/run_main:101:5)
2026-05-11T00:15:53: Emitted 'error' event on Server instance at:
2026-05-11T00:15:53:     at emitErrorNT (node:net:1976:8)
2026-05-11T00:15:53:     at process.processTicksAndRejections (node:internal/process/task_queues:89:21) {
2026-05-11T00:15:53:   code: 'EADDRINUSE',
2026-05-11T00:15:53:   errno: -4091,
2026-05-11T00:15:53:   syscall: 'listen',
2026-05-11T00:15:53:   address: '::',
2026-05-11T00:15:53:   port: 5001
2026-05-11T00:15:53: }
2026-05-11T00:15:53: 
2026-05-11T00:15:53: Node.js v24.13.1
2026-05-11T00:15:57: node:events:486
2026-05-11T00:15:57:       throw er; // Unhandled 'error' event
2026-05-11T00:15:57:       ^
2026-05-11T00:15:57: 
2026-05-11T00:15:57: Error: listen EADDRINUSE: address already in use :::5001
2026-05-11T00:15:57:     at Server.setupListenHandle [as _listen2] (node:net:1940:16)
2026-05-11T00:15:57:     at listenInCluster (node:net:1997:12)
2026-05-11T00:15:57:     at Server.listen (node:net:2102:7)
2026-05-11T00:15:57:     at app.listen (C:\Users\Anmol\OneDrive\Desktop\B\coding-portal\judge\node_modules\express\lib\application.js:635:24)
2026-05-11T00:15:57:     at <anonymous> (C:\Users\Anmol\OneDrive\Desktop\B\coding-portal\judge\src\index.ts:216:5)
2026-05-11T00:15:57:     at ModuleJob.run (node:internal/modules/esm/module_job:430:25)
2026-05-11T00:15:57:     at process.processTicksAndRejections (node:internal/process/task_queues:103:5)
2026-05-11T00:15:57:     at async onImport.tracePromise.__proto__ (node:internal/modules/esm/loader:661:26)
2026-05-11T00:15:57:     at async asyncRunEntryPointWithESMLoader (node:internal/modules/run_main:101:5)
2026-05-11T00:15:57: Emitted 'error' event on Server instance at:
2026-05-11T00:15:57:     at emitErrorNT (node:net:1976:8)
2026-05-11T00:15:57:     at process.processTicksAndRejections (node:internal/process/task_queues:89:21) {
2026-05-11T00:15:57:   code: 'EADDRINUSE',
2026-05-11T00:15:57:   errno: -4091,
2026-05-11T00:15:57:   syscall: 'listen',
2026-05-11T00:15:57:   address: '::',
2026-05-11T00:15:57:   port: 5001
2026-05-11T00:15:57: }
2026-05-11T00:15:57: 
2026-05-11T00:15:57: Node.js v24.13.1
2026-05-11T00:15:59: node:events:486
2026-05-11T00:15:59:       throw er; // Unhandled 'error' event
2026-05-11T00:15:59:       ^
2026-05-11T00:15:59: 
2026-05-11T00:15:59: Error: listen EADDRINUSE: address already in use :::5001
2026-05-11T00:15:59:     at Server.setupListenHandle [as _listen2] (node:net:1940:16)
2026-05-11T00:15:59:     at listenInCluster (node:net:1997:12)
2026-05-11T00:15:59:     at Server.listen (node:net:2102:7)
2026-05-11T00:15:59:     at app.listen (C:\Users\Anmol\OneDrive\Desktop\B\coding-portal\judge\node_modules\express\lib\application.js:635:24)
2026-05-11T00:15:59:     at <anonymous> (C:\Users\Anmol\OneDrive\Desktop\B\coding-portal\judge\src\index.ts:216:5)
2026-05-11T00:15:59:     at ModuleJob.run (node:internal/modules/esm/module_job:430:25)
2026-05-11T00:15:59:     at process.processTicksAndRejections (node:internal/process/task_queues:103:5)
2026-05-11T00:15:59:     at async onImport.tracePromise.__proto__ (node:internal/modules/esm/loader:661:26)
2026-05-11T00:15:59:     at async asyncRunEntryPointWithESMLoader (node:internal/modules/run_main:101:5)
2026-05-11T00:15:59: Emitted 'error' event on Server instance at:
2026-05-11T00:15:59:     at emitErrorNT (node:net:1976:8)
2026-05-11T00:15:59:     at process.processTicksAndRejections (node:internal/process/task_queues:89:21) {
2026-05-11T00:15:59:   code: 'EADDRINUSE',
2026-05-11T00:15:59:   errno: -4091,
2026-05-11T00:15:59:   syscall: 'listen',
2026-05-11T00:15:59:   address: '::',
2026-05-11T00:15:59:   port: 5001
2026-05-11T00:15:59: }
2026-05-11T00:15:59: 
2026-05-11T00:15:59: Node.js v24.13.1
2026-05-11T00:16:02: node:events:486
2026-05-11T00:16:02:       throw er; // Unhandled 'error' event
2026-05-11T00:16:02:       ^
2026-05-11T00:16:02: 
2026-05-11T00:16:02: Error: listen EADDRINUSE: address already in use :::5001
2026-05-11T00:16:02:     at Server.setupListenHandle [as _listen2] (node:net:1940:16)
2026-05-11T00:16:02:     at listenInCluster (node:net:1997:12)
2026-05-11T00:16:02:     at Server.listen (node:net:2102:7)
2026-05-11T00:16:02:     at app.listen (C:\Users\Anmol\OneDrive\Desktop\B\coding-portal\judge\node_modules\express\lib\application.js:635:24)
2026-05-11T00:16:02:     at <anonymous> (C:\Users\Anmol\OneDrive\Desktop\B\coding-portal\judge\src\index.ts:216:5)
2026-05-11T00:16:02:     at ModuleJob.run (node:internal/modules/esm/module_job:430:25)
2026-05-11T00:16:02:     at process.processTicksAndRejections (node:internal/process/task_queues:103:5)
2026-05-11T00:16:02:     at async onImport.tracePromise.__proto__ (node:internal/modules/esm/loader:661:26)
2026-05-11T00:16:02:     at async asyncRunEntryPointWithESMLoader (node:internal/modules/run_main:101:5)
2026-05-11T00:16:02: Emitted 'error' event on Server instance at:
2026-05-11T00:16:02:     at emitErrorNT (node:net:1976:8)
2026-05-11T00:16:02:     at process.processTicksAndRejections (node:internal/process/task_queues:89:21) {
2026-05-11T00:16:02:   code: 'EADDRINUSE',
2026-05-11T00:16:02:   errno: -4091,
2026-05-11T00:16:02:   syscall: 'listen',
2026-05-11T00:16:02:   address: '::',
2026-05-11T00:16:02:   port: 5001
2026-05-11T00:16:02: }
2026-05-11T00:16:02: 
2026-05-11T00:16:02: Node.js v24.13.1
2026-05-11T00:16:03: node:events:486
2026-05-11T00:16:03:       throw er; // Unhandled 'error' event
2026-05-11T00:16:03:       ^
2026-05-11T00:16:03: 
2026-05-11T00:16:03: Error: listen EADDRINUSE: address already in use :::5001
2026-05-11T00:16:03:     at Server.setupListenHandle [as _listen2] (node:net:1940:16)
2026-05-11T00:16:03:     at listenInCluster (node:net:1997:12)
2026-05-11T00:16:03:     at Server.listen (node:net:2102:7)
2026-05-11T00:16:03:     at app.listen (C:\Users\Anmol\OneDrive\Desktop\B\coding-portal\judge\node_modules\express\lib\application.js:635:24)
2026-05-11T00:16:03:     at <anonymous> (C:\Users\Anmol\OneDrive\Desktop\B\coding-portal\judge\src\index.ts:216:5)
2026-05-11T00:16:03:     at ModuleJob.run (node:internal/modules/esm/module_job:430:25)
2026-05-11T00:16:03:     at process.processTicksAndRejections (node:internal/process/task_queues:103:5)
2026-05-11T00:16:03:     at async onImport.tracePromise.__proto__ (node:internal/modules/esm/loader:661:26)
2026-05-11T00:16:03:     at async asyncRunEntryPointWithESMLoader (node:internal/modules/run_main:101:5)
2026-05-11T00:16:03: Emitted 'error' event on Server instance at:
2026-05-11T00:16:03:     at emitErrorNT (node:net:1976:8)
2026-05-11T00:16:03:     at process.processTicksAndRejections (node:internal/process/task_queues:89:21) {
2026-05-11T00:16:03:   code: 'EADDRINUSE',
2026-05-11T00:16:03:   errno: -4091,
2026-05-11T00:16:03:   syscall: 'listen',
2026-05-11T00:16:03:   address: '::',
2026-05-11T00:16:03:   port: 5001
2026-05-11T00:16:03: }
2026-05-11T00:16:03: 
2026-05-11T00:16:03: Node.js v24.13.1
2026-05-11T00:16:05: node:events:486
2026-05-11T00:16:05:       throw er; // Unhandled 'error' event
2026-05-11T00:16:05:       ^
2026-05-11T00:16:05: 
2026-05-11T00:16:05: Error: listen EADDRINUSE: address already in use :::5001
2026-05-11T00:16:05:     at Server.setupListenHandle [as _listen2] (node:net:1940:16)
2026-05-11T00:16:05:     at listenInCluster (node:net:1997:12)
2026-05-11T00:16:05:     at Server.listen (node:net:2102:7)
2026-05-11T00:16:05:     at app.listen (C:\Users\Anmol\OneDrive\Desktop\B\coding-portal\judge\node_modules\express\lib\application.js:635:24)
2026-05-11T00:16:05:     at <anonymous> (C:\Users\Anmol\OneDrive\Desktop\B\coding-portal\judge\src\index.ts:216:5)
2026-05-11T00:16:05:     at ModuleJob.run (node:internal/modules/esm/module_job:430:25)
2026-05-11T00:16:05:     at process.processTicksAndRejections (node:internal/process/task_queues:103:5)
2026-05-11T00:16:05:     at async onImport.tracePromise.__proto__ (node:internal/modules/esm/loader:661:26)
2026-05-11T00:16:05:     at async asyncRunEntryPointWithESMLoader (node:internal/modules/run_main:101:5)
2026-05-11T00:16:05: Emitted 'error' event on Server instance at:
2026-05-11T00:16:05:     at emitErrorNT (node:net:1976:8)
2026-05-11T00:16:05:     at process.processTicksAndRejections (node:internal/process/task_queues:89:21) {
2026-05-11T00:16:05:   code: 'EADDRINUSE',
2026-05-11T00:16:05:   errno: -4091,
2026-05-11T00:16:05:   syscall: 'listen',
2026-05-11T00:16:05:   address: '::',
2026-05-11T00:16:05:   port: 5001
2026-05-11T00:16:05: }
2026-05-11T00:16:05: 
2026-05-11T00:16:05: Node.js v24.13.1
2026-05-11T00:16:08: node:events:486
2026-05-11T00:16:08:       throw er; // Unhandled 'error' event
2026-05-11T00:16:08:       ^
2026-05-11T00:16:08: 
2026-05-11T00:16:08: Error: listen EADDRINUSE: address already in use :::5001
2026-05-11T00:16:08:     at Server.setupListenHandle [as _listen2] (node:net:1940:16)
2026-05-11T00:16:08:     at listenInCluster (node:net:1997:12)
2026-05-11T00:16:08:     at Server.listen (node:net:2102:7)
2026-05-11T00:16:08:     at app.listen (C:\Users\Anmol\OneDrive\Desktop\B\coding-portal\judge\node_modules\express\lib\application.js:635:24)
2026-05-11T00:16:08:     at <anonymous> (C:\Users\Anmol\OneDrive\Desktop\B\coding-portal\judge\src\index.ts:216:5)
2026-05-11T00:16:08:     at ModuleJob.run (node:internal/modules/esm/module_job:430:25)
2026-05-11T00:16:08:     at process.processTicksAndRejections (node:internal/process/task_queues:103:5)
2026-05-11T00:16:08:     at async onImport.tracePromise.__proto__ (node:internal/modules/esm/loader:661:26)
2026-05-11T00:16:08:     at async asyncRunEntryPointWithESMLoader (node:internal/modules/run_main:101:5)
2026-05-11T00:16:08: Emitted 'error' event on Server instance at:
2026-05-11T00:16:08:     at emitErrorNT (node:net:1976:8)
2026-05-11T00:16:08:     at process.processTicksAndRejections (node:internal/process/task_queues:89:21) {
2026-05-11T00:16:08:   code: 'EADDRINUSE',
2026-05-11T00:16:08:   errno: -4091,
2026-05-11T00:16:08:   syscall: 'listen',
2026-05-11T00:16:08:   address: '::',
2026-05-11T00:16:08:   port: 5001
2026-05-11T00:16:08: }
2026-05-11T00:16:08: 
2026-05-11T00:16:08: Node.js v24.13.1
2026-05-11T00:16:10: node:events:486
2026-05-11T00:16:10:       throw er; // Unhandled 'error' event
2026-05-11T00:16:10:       ^
2026-05-11T00:16:10: 
2026-05-11T00:16:10: Error: listen EADDRINUSE: address already in use :::5001
2026-05-11T00:16:10:     at Server.setupListenHandle [as _listen2] (node:net:1940:16)
2026-05-11T00:16:10:     at listenInCluster (node:net:1997:12)
2026-05-11T00:16:10:     at Server.listen (node:net:2102:7)
2026-05-11T00:16:10:     at app.listen (C:\Users\Anmol\OneDrive\Desktop\B\coding-portal\judge\node_modules\express\lib\application.js:635:24)
2026-05-11T00:16:10:     at <anonymous> (C:\Users\Anmol\OneDrive\Desktop\B\coding-portal\judge\src\index.ts:216:5)
2026-05-11T00:16:10:     at ModuleJob.run (node:internal/modules/esm/module_job:430:25)
2026-05-11T00:16:10:     at process.processTicksAndRejections (node:internal/process/task_queues:103:5)
2026-05-11T00:16:10:     at async onImport.tracePromise.__proto__ (node:internal/modules/esm/loader:661:26)
2026-05-11T00:16:10:     at async asyncRunEntryPointWithESMLoader (node:internal/modules/run_main:101:5)
2026-05-11T00:16:10: Emitted 'error' event on Server instance at:
2026-05-11T00:16:10:     at emitErrorNT (node:net:1976:8)
2026-05-11T00:16:10:     at process.processTicksAndRejections (node:internal/process/task_queues:89:21) {
2026-05-11T00:16:10:   code: 'EADDRINUSE',
2026-05-11T00:16:10:   errno: -4091,
2026-05-11T00:16:10:   syscall: 'listen',
2026-05-11T00:16:10:   address: '::',
2026-05-11T00:16:10:   port: 5001
2026-05-11T00:16:10: }
2026-05-11T00:16:10: 
2026-05-11T00:16:10: Node.js v24.13.1
2026-05-11T00:16:12: node:events:486
2026-05-11T00:16:12:       throw er; // Unhandled 'error' event
2026-05-11T00:16:12:       ^
2026-05-11T00:16:12: 
2026-05-11T00:16:12: Error: listen EADDRINUSE: address already in use :::5001
2026-05-11T00:16:12:     at Server.setupListenHandle [as _listen2] (node:net:1940:16)
2026-05-11T00:16:12:     at listenInCluster (node:net:1997:12)
2026-05-11T00:16:12:     at Server.listen (node:net:2102:7)
2026-05-11T00:16:12:     at app.listen (C:\Users\Anmol\OneDrive\Desktop\B\coding-portal\judge\node_modules\express\lib\application.js:635:24)
2026-05-11T00:16:12:     at <anonymous> (C:\Users\Anmol\OneDrive\Desktop\B\coding-portal\judge\src\index.ts:216:5)
2026-05-11T00:16:12:     at ModuleJob.run (node:internal/modules/esm/module_job:430:25)
2026-05-11T00:16:12:     at process.processTicksAndRejections (node:internal/process/task_queues:103:5)
2026-05-11T00:16:12:     at async onImport.tracePromise.__proto__ (node:internal/modules/esm/loader:661:26)
2026-05-11T00:16:12:     at async asyncRunEntryPointWithESMLoader (node:internal/modules/run_main:101:5)
2026-05-11T00:16:12: Emitted 'error' event on Server instance at:
2026-05-11T00:16:12:     at emitErrorNT (node:net:1976:8)
2026-05-11T00:16:12:     at process.processTicksAndRejections (node:internal/process/task_queues:89:21) {
2026-05-11T00:16:12:   code: 'EADDRINUSE',
2026-05-11T00:16:12:   errno: -4091,
2026-05-11T00:16:12:   syscall: 'listen',
2026-05-11T00:16:12:   address: '::',
2026-05-11T00:16:12:   port: 5001
2026-05-11T00:16:12: }
2026-05-11T00:16:12: 
2026-05-11T00:16:12: Node.js v24.13.1
2026-05-11T00:16:15: node:events:486
2026-05-11T00:16:15:       throw er; // Unhandled 'error' event
2026-05-11T00:16:15:       ^
2026-05-11T00:16:15: 
2026-05-11T00:16:15: Error: listen EADDRINUSE: address already in use :::5001
2026-05-11T00:16:15:     at Server.setupListenHandle [as _listen2] (node:net:1940:16)
2026-05-11T00:16:15:     at listenInCluster (node:net:1997:12)
2026-05-11T00:16:15:     at Server.listen (node:net:2102:7)
2026-05-11T00:16:15:     at app.listen (C:\Users\Anmol\OneDrive\Desktop\B\coding-portal\judge\node_modules\express\lib\application.js:635:24)
2026-05-11T00:16:15:     at <anonymous> (C:\Users\Anmol\OneDrive\Desktop\B\coding-portal\judge\src\index.ts:216:5)
2026-05-11T00:16:15:     at ModuleJob.run (node:internal/modules/esm/module_job:430:25)
2026-05-11T00:16:15:     at process.processTicksAndRejections (node:internal/process/task_queues:103:5)
2026-05-11T00:16:15:     at async onImport.tracePromise.__proto__ (node:internal/modules/esm/loader:661:26)
2026-05-11T00:16:15:     at async asyncRunEntryPointWithESMLoader (node:internal/modules/run_main:101:5)
2026-05-11T00:16:15: Emitted 'error' event on Server instance at:
2026-05-11T00:16:15:     at emitErrorNT (node:net:1976:8)
2026-05-11T00:16:15:     at process.processTicksAndRejections (node:internal/process/task_queues:89:21) {
2026-05-11T00:16:15:   code: 'EADDRINUSE',
2026-05-11T00:16:15:   errno: -4091,
2026-05-11T00:16:15:   syscall: 'listen',
2026-05-11T00:16:15:   address: '::',
2026-05-11T00:16:15:   port: 5001
2026-05-11T00:16:15: }
2026-05-11T00:16:15: 
2026-05-11T00:16:15: Node.js v24.13.1
2026-05-11T00:16:17: node:events:486
2026-05-11T00:16:17:       throw er; // Unhandled 'error' event
2026-05-11T00:16:17:       ^
2026-05-11T00:16:17: 
2026-05-11T00:16:17: Error: listen EADDRINUSE: address already in use :::5001
2026-05-11T00:16:17:     at Server.setupListenHandle [as _listen2] (node:net:1940:16)
2026-05-11T00:16:17:     at listenInCluster (node:net:1997:12)
2026-05-11T00:16:17:     at Server.listen (node:net:2102:7)
2026-05-11T00:16:17:     at app.listen (C:\Users\Anmol\OneDrive\Desktop\B\coding-portal\judge\node_modules\express\lib\application.js:635:24)
2026-05-11T00:16:17:     at <anonymous> (C:\Users\Anmol\OneDrive\Desktop\B\coding-portal\judge\src\index.ts:216:5)
2026-05-11T00:16:17:     at ModuleJob.run (node:internal/modules/esm/module_job:430:25)
2026-05-11T00:16:17:     at process.processTicksAndRejections (node:internal/process/task_queues:103:5)
2026-05-11T00:16:17:     at async onImport.tracePromise.__proto__ (node:internal/modules/esm/loader:661:26)
2026-05-11T00:16:17:     at async asyncRunEntryPointWithESMLoader (node:internal/modules/run_main:101:5)
2026-05-11T00:16:17: Emitted 'error' event on Server instance at:
2026-05-11T00:16:17:     at emitErrorNT (node:net:1976:8)
2026-05-11T00:16:17:     at process.processTicksAndRejections (node:internal/process/task_queues:89:21) {
2026-05-11T00:16:17:   code: 'EADDRINUSE',
2026-05-11T00:16:17:   errno: -4091,
2026-05-11T00:16:17:   syscall: 'listen',
2026-05-11T00:16:17:   address: '::',
2026-05-11T00:16:17:   port: 5001
2026-05-11T00:16:17: }
2026-05-11T00:16:17: 
2026-05-11T00:16:17: Node.js v24.13.1
2026-05-11T00:16:20: node:events:486
2026-05-11T00:16:20:       throw er; // Unhandled 'error' event
2026-05-11T00:16:20:       ^
2026-05-11T00:16:20: 
2026-05-11T00:16:20: Error: listen EADDRINUSE: address already in use :::5001
2026-05-11T00:16:20:     at Server.setupListenHandle [as _listen2] (node:net:1940:16)
2026-05-11T00:16:20:     at listenInCluster (node:net:1997:12)
2026-05-11T00:16:20:     at Server.listen (node:net:2102:7)
2026-05-11T00:16:20:     at app.listen (C:\Users\Anmol\OneDrive\Desktop\B\coding-portal\judge\node_modules\express\lib\application.js:635:24)
2026-05-11T00:16:20:     at <anonymous> (C:\Users\Anmol\OneDrive\Desktop\B\coding-portal\judge\src\index.ts:216:5)
2026-05-11T00:16:20:     at ModuleJob.run (node:internal/modules/esm/module_job:430:25)
2026-05-11T00:16:20:     at process.processTicksAndRejections (node:internal/process/task_queues:103:5)
2026-05-11T00:16:20:     at async onImport.tracePromise.__proto__ (node:internal/modules/esm/loader:661:26)
2026-05-11T00:16:20:     at async asyncRunEntryPointWithESMLoader (node:internal/modules/run_main:101:5)
2026-05-11T00:16:20: Emitted 'error' event on Server instance at:
2026-05-11T00:16:20:     at emitErrorNT (node:net:1976:8)
2026-05-11T00:16:20:     at process.processTicksAndRejections (node:internal/process/task_queues:89:21) {
2026-05-11T00:16:20:   code: 'EADDRINUSE',
2026-05-11T00:16:20:   errno: -4091,
2026-05-11T00:16:20:   syscall: 'listen',
2026-05-11T00:16:20:   address: '::',
2026-05-11T00:16:20:   port: 5001
2026-05-11T00:16:20: }
2026-05-11T00:16:20: 
2026-05-11T00:16:20: Node.js v24.13.1
2026-05-11T00:16:22: node:events:486
2026-05-11T00:16:22:       throw er; // Unhandled 'error' event
2026-05-11T00:16:22:       ^
2026-05-11T00:16:22: 
2026-05-11T00:16:22: Error: listen EADDRINUSE: address already in use :::5001
2026-05-11T00:16:22:     at Server.setupListenHandle [as _listen2] (node:net:1940:16)
2026-05-11T00:16:22:     at listenInCluster (node:net:1997:12)
2026-05-11T00:16:22:     at Server.listen (node:net:2102:7)
2026-05-11T00:16:22:     at app.listen (C:\Users\Anmol\OneDrive\Desktop\B\coding-portal\judge\node_modules\express\lib\application.js:635:24)
2026-05-11T00:16:22:     at <anonymous> (C:\Users\Anmol\OneDrive\Desktop\B\coding-portal\judge\src\index.ts:216:5)
2026-05-11T00:16:22:     at ModuleJob.run (node:internal/modules/esm/module_job:430:25)
2026-05-11T00:16:22:     at process.processTicksAndRejections (node:internal/process/task_queues:103:5)
2026-05-11T00:16:22:     at async onImport.tracePromise.__proto__ (node:internal/modules/esm/loader:661:26)
2026-05-11T00:16:22:     at async asyncRunEntryPointWithESMLoader (node:internal/modules/run_main:101:5)
2026-05-11T00:16:22: Emitted 'error' event on Server instance at:
2026-05-11T00:16:22:     at emitErrorNT (node:net:1976:8)
2026-05-11T00:16:22:     at process.processTicksAndRejections (node:internal/process/task_queues:89:21) {
2026-05-11T00:16:22:   code: 'EADDRINUSE',
2026-05-11T00:16:22:   errno: -4091,
2026-05-11T00:16:22:   syscall: 'listen',
2026-05-11T00:16:22:   address: '::',
2026-05-11T00:16:22:   port: 5001
2026-05-11T00:16:22: }
2026-05-11T00:16:22: 
2026-05-11T00:16:22: Node.js v24.13.1
2026-05-11T00:16:24: node:events:486
2026-05-11T00:16:24:       throw er; // Unhandled 'error' event
2026-05-11T00:16:24:       ^
2026-05-11T00:16:24: 
2026-05-11T00:16:24: Error: listen EADDRINUSE: address already in use :::5001
2026-05-11T00:16:24:     at Server.setupListenHandle [as _listen2] (node:net:1940:16)
2026-05-11T00:16:24:     at listenInCluster (node:net:1997:12)
2026-05-11T00:16:24:     at Server.listen (node:net:2102:7)
2026-05-11T00:16:24:     at app.listen (C:\Users\Anmol\OneDrive\Desktop\B\coding-portal\judge\node_modules\express\lib\application.js:635:24)
2026-05-11T00:16:24:     at <anonymous> (C:\Users\Anmol\OneDrive\Desktop\B\coding-portal\judge\src\index.ts:216:5)
2026-05-11T00:16:24:     at ModuleJob.run (node:internal/modules/esm/module_job:430:25)
2026-05-11T00:16:24:     at process.processTicksAndRejections (node:internal/process/task_queues:103:5)
2026-05-11T00:16:24:     at async onImport.tracePromise.__proto__ (node:internal/modules/esm/loader:661:26)
2026-05-11T00:16:24:     at async asyncRunEntryPointWithESMLoader (node:internal/modules/run_main:101:5)
2026-05-11T00:16:24: Emitted 'error' event on Server instance at:
2026-05-11T00:16:24:     at emitErrorNT (node:net:1976:8)
2026-05-11T00:16:24:     at process.processTicksAndRejections (node:internal/process/task_queues:89:21) {
2026-05-11T00:16:24:   code: 'EADDRINUSE',
2026-05-11T00:16:24:   errno: -4091,
2026-05-11T00:16:24:   syscall: 'listen',
2026-05-11T00:16:24:   address: '::',
2026-05-11T00:16:24:   port: 5001
2026-05-11T00:16:24: }
2026-05-11T00:16:24: 
2026-05-11T00:16:24: Node.js v24.13.1
2026-05-11T00:16:26: node:events:486
2026-05-11T00:16:26:       throw er; // Unhandled 'error' event
2026-05-11T00:16:26:       ^
2026-05-11T00:16:26: 
2026-05-11T00:16:26: Error: listen EADDRINUSE: address already in use :::5001
2026-05-11T00:16:26:     at Server.setupListenHandle [as _listen2] (node:net:1940:16)
2026-05-11T00:16:26:     at listenInCluster (node:net:1997:12)
2026-05-11T00:16:26:     at Server.listen (node:net:2102:7)
2026-05-11T00:16:26:     at app.listen (C:\Users\Anmol\OneDrive\Desktop\B\coding-portal\judge\node_modules\express\lib\application.js:635:24)
2026-05-11T00:16:26:     at <anonymous> (C:\Users\Anmol\OneDrive\Desktop\B\coding-portal\judge\src\index.ts:216:5)
2026-05-11T00:16:26:     at ModuleJob.run (node:internal/modules/esm/module_job:430:25)
2026-05-11T00:16:26:     at process.processTicksAndRejections (node:internal/process/task_queues:103:5)
2026-05-11T00:16:26:     at async onImport.tracePromise.__proto__ (node:internal/modules/esm/loader:661:26)
2026-05-11T00:16:26:     at async asyncRunEntryPointWithESMLoader (node:internal/modules/run_main:101:5)
2026-05-11T00:16:26: Emitted 'error' event on Server instance at:
2026-05-11T00:16:26:     at emitErrorNT (node:net:1976:8)
2026-05-11T00:16:26:     at process.processTicksAndRejections (node:internal/process/task_queues:89:21) {
2026-05-11T00:16:26:   code: 'EADDRINUSE',
2026-05-11T00:16:26:   errno: -4091,
2026-05-11T00:16:26:   syscall: 'listen',
2026-05-11T00:16:26:   address: '::',
2026-05-11T00:16:26:   port: 5001
2026-05-11T00:16:26: }
2026-05-11T00:16:26: 
2026-05-11T00:16:26: Node.js v24.13.1
2026-05-11T00:16:28: node:events:486
2026-05-11T00:16:28:       throw er; // Unhandled 'error' event
2026-05-11T00:16:28:       ^
2026-05-11T00:16:28: 
2026-05-11T00:16:28: Error: listen EADDRINUSE: address already in use :::5001
2026-05-11T00:16:28:     at Server.setupListenHandle [as _listen2] (node:net:1940:16)
2026-05-11T00:16:28:     at listenInCluster (node:net:1997:12)
2026-05-11T00:16:28:     at Server.listen (node:net:2102:7)
2026-05-11T00:16:28:     at app.listen (C:\Users\Anmol\OneDrive\Desktop\B\coding-portal\judge\node_modules\express\lib\application.js:635:24)
2026-05-11T00:16:28:     at <anonymous> (C:\Users\Anmol\OneDrive\Desktop\B\coding-portal\judge\src\index.ts:216:5)
2026-05-11T00:16:28:     at ModuleJob.run (node:internal/modules/esm/module_job:430:25)
2026-05-11T00:16:28:     at process.processTicksAndRejections (node:internal/process/task_queues:103:5)
2026-05-11T00:16:28:     at async onImport.tracePromise.__proto__ (node:internal/modules/esm/loader:661:26)
2026-05-11T00:16:28:     at async asyncRunEntryPointWithESMLoader (node:internal/modules/run_main:101:5)
2026-05-11T00:16:28: Emitted 'error' event on Server instance at:
2026-05-11T00:16:28:     at emitErrorNT (node:net:1976:8)
2026-05-11T00:16:28:     at process.processTicksAndRejections (node:internal/process/task_queues:89:21) {
2026-05-11T00:16:28:   code: 'EADDRINUSE',
2026-05-11T00:16:28:   errno: -4091,
2026-05-11T00:16:28:   syscall: 'listen',
2026-05-11T00:16:28:   address: '::',
2026-05-11T00:16:28:   port: 5001
2026-05-11T00:16:28: }
2026-05-11T00:16:28: 
2026-05-11T00:16:28: Node.js v24.13.1
2026-05-11T00:16:30: node:events:486
2026-05-11T00:16:30:       throw er; // Unhandled 'error' event
2026-05-11T00:16:30:       ^
2026-05-11T00:16:30: 
2026-05-11T00:16:30: Error: listen EADDRINUSE: address already in use :::5001
2026-05-11T00:16:30:     at Server.setupListenHandle [as _listen2] (node:net:1940:16)
2026-05-11T00:16:30:     at listenInCluster (node:net:1997:12)
2026-05-11T00:16:30:     at Server.listen (node:net:2102:7)
2026-05-11T00:16:30:     at app.listen (C:\Users\Anmol\OneDrive\Desktop\B\coding-portal\judge\node_modules\express\lib\application.js:635:24)
2026-05-11T00:16:30:     at <anonymous> (C:\Users\Anmol\OneDrive\Desktop\B\coding-portal\judge\src\index.ts:216:5)
2026-05-11T00:16:30:     at ModuleJob.run (node:internal/modules/esm/module_job:430:25)
2026-05-11T00:16:30:     at process.processTicksAndRejections (node:internal/process/task_queues:103:5)
2026-05-11T00:16:30:     at async onImport.tracePromise.__proto__ (node:internal/modules/esm/loader:661:26)
2026-05-11T00:16:30:     at async asyncRunEntryPointWithESMLoader (node:internal/modules/run_main:101:5)
2026-05-11T00:16:30: Emitted 'error' event on Server instance at:
2026-05-11T00:16:30:     at emitErrorNT (node:net:1976:8)
2026-05-11T00:16:30:     at process.processTicksAndRejections (node:internal/process/task_queues:89:21) {
2026-05-11T00:16:30:   code: 'EADDRINUSE',
2026-05-11T00:16:30:   errno: -4091,
2026-05-11T00:16:30:   syscall: 'listen',
2026-05-11T00:16:30:   address: '::',
2026-05-11T00:16:30:   port: 5001
2026-05-11T00:16:30: }
2026-05-11T00:16:30: 
2026-05-11T00:16:30: Node.js v24.13.1
2026-05-11T00:16:32: node:events:486
2026-05-11T00:16:32:       throw er; // Unhandled 'error' event
2026-05-11T00:16:32:       ^
2026-05-11T00:16:32: 
2026-05-11T00:16:32: Error: listen EADDRINUSE: address already in use :::5001
2026-05-11T00:16:32:     at Server.setupListenHandle [as _listen2] (node:net:1940:16)
2026-05-11T00:16:32:     at listenInCluster (node:net:1997:12)
2026-05-11T00:16:32:     at Server.listen (node:net:2102:7)
2026-05-11T00:16:32:     at app.listen (C:\Users\Anmol\OneDrive\Desktop\B\coding-portal\judge\node_modules\express\lib\application.js:635:24)
2026-05-11T00:16:32:     at <anonymous> (C:\Users\Anmol\OneDrive\Desktop\B\coding-portal\judge\src\index.ts:216:5)
2026-05-11T00:16:32:     at ModuleJob.run (node:internal/modules/esm/module_job:430:25)
2026-05-11T00:16:32:     at process.processTicksAndRejections (node:internal/process/task_queues:103:5)
2026-05-11T00:16:32:     at async onImport.tracePromise.__proto__ (node:internal/modules/esm/loader:661:26)
2026-05-11T00:16:32:     at async asyncRunEntryPointWithESMLoader (node:internal/modules/run_main:101:5)
2026-05-11T00:16:32: Emitted 'error' event on Server instance at:
2026-05-11T00:16:32:     at emitErrorNT (node:net:1976:8)
2026-05-11T00:16:32:     at process.processTicksAndRejections (node:internal/process/task_queues:89:21) {
2026-05-11T00:16:32:   code: 'EADDRINUSE',
2026-05-11T00:16:32:   errno: -4091,
2026-05-11T00:16:32:   syscall: 'listen',
2026-05-11T00:16:32:   address: '::',
2026-05-11T00:16:32:   port: 5001
2026-05-11T00:16:32: }
2026-05-11T00:16:32: 
2026-05-11T00:16:32: Node.js v24.13.1
2026-05-11T00:16:34: node:events:486
2026-05-11T00:16:34:       throw er; // Unhandled 'error' event
2026-05-11T00:16:34:       ^
2026-05-11T00:16:34: 
2026-05-11T00:16:34: Error: listen EADDRINUSE: address already in use :::5001
2026-05-11T00:16:34:     at Server.setupListenHandle [as _listen2] (node:net:1940:16)
2026-05-11T00:16:34:     at listenInCluster (node:net:1997:12)
2026-05-11T00:16:34:     at Server.listen (node:net:2102:7)
2026-05-11T00:16:34:     at app.listen (C:\Users\Anmol\OneDrive\Desktop\B\coding-portal\judge\node_modules\express\lib\application.js:635:24)
2026-05-11T00:16:34:     at <anonymous> (C:\Users\Anmol\OneDrive\Desktop\B\coding-portal\judge\src\index.ts:216:5)
2026-05-11T00:16:34:     at ModuleJob.run (node:internal/modules/esm/module_job:430:25)
2026-05-11T00:16:34:     at process.processTicksAndRejections (node:internal/process/task_queues:103:5)
2026-05-11T00:16:34:     at async onImport.tracePromise.__proto__ (node:internal/modules/esm/loader:661:26)
2026-05-11T00:16:34:     at async asyncRunEntryPointWithESMLoader (node:internal/modules/run_main:101:5)
2026-05-11T00:16:34: Emitted 'error' event on Server instance at:
2026-05-11T00:16:34:     at emitErrorNT (node:net:1976:8)
2026-05-11T00:16:34:     at process.processTicksAndRejections (node:internal/process/task_queues:89:21) {
2026-05-11T00:16:34:   code: 'EADDRINUSE',
2026-05-11T00:16:34:   errno: -4091,
2026-05-11T00:16:34:   syscall: 'listen',
2026-05-11T00:16:34:   address: '::',
2026-05-11T00:16:34:   port: 5001
2026-05-11T00:16:34: }
2026-05-11T00:16:34: 
2026-05-11T00:16:34: Node.js v24.13.1
2026-05-11T00:16:36: node:events:486
2026-05-11T00:16:36:       throw er; // Unhandled 'error' event
2026-05-11T00:16:36:       ^
2026-05-11T00:16:36: 
2026-05-11T00:16:36: Error: listen EADDRINUSE: address already in use :::5001
2026-05-11T00:16:36:     at Server.setupListenHandle [as _listen2] (node:net:1940:16)
2026-05-11T00:16:36:     at listenInCluster (node:net:1997:12)
2026-05-11T00:16:36:     at Server.listen (node:net:2102:7)
2026-05-11T00:16:36:     at app.listen (C:\Users\Anmol\OneDrive\Desktop\B\coding-portal\judge\node_modules\express\lib\application.js:635:24)
2026-05-11T00:16:36:     at <anonymous> (C:\Users\Anmol\OneDrive\Desktop\B\coding-portal\judge\src\index.ts:216:5)
2026-05-11T00:16:36:     at ModuleJob.run (node:internal/modules/esm/module_job:430:25)
2026-05-11T00:16:36:     at process.processTicksAndRejections (node:internal/process/task_queues:103:5)
2026-05-11T00:16:36:     at async onImport.tracePromise.__proto__ (node:internal/modules/esm/loader:661:26)
2026-05-11T00:16:36:     at async asyncRunEntryPointWithESMLoader (node:internal/modules/run_main:101:5)
2026-05-11T00:16:36: Emitted 'error' event on Server instance at:
2026-05-11T00:16:36:     at emitErrorNT (node:net:1976:8)
2026-05-11T00:16:36:     at process.processTicksAndRejections (node:internal/process/task_queues:89:21) {
2026-05-11T00:16:36:   code: 'EADDRINUSE',
2026-05-11T00:16:36:   errno: -4091,
2026-05-11T00:16:36:   syscall: 'listen',
2026-05-11T00:16:36:   address: '::',
2026-05-11T00:16:36:   port: 5001
2026-05-11T00:16:36: }
2026-05-11T00:16:36: 
2026-05-11T00:16:36: Node.js v24.13.1
2026-05-11T00:16:39: node:events:486
2026-05-11T00:16:39:       throw er; // Unhandled 'error' event
2026-05-11T00:16:39:       ^
2026-05-11T00:16:39: 
2026-05-11T00:16:39: Error: listen EADDRINUSE: address already in use :::5001
2026-05-11T00:16:39:     at Server.setupListenHandle [as _listen2] (node:net:1940:16)
2026-05-11T00:16:39:     at listenInCluster (node:net:1997:12)
2026-05-11T00:16:39:     at Server.listen (node:net:2102:7)
2026-05-11T00:16:39:     at app.listen (C:\Users\Anmol\OneDrive\Desktop\B\coding-portal\judge\node_modules\express\lib\application.js:635:24)
2026-05-11T00:16:39:     at <anonymous> (C:\Users\Anmol\OneDrive\Desktop\B\coding-portal\judge\src\index.ts:216:5)
2026-05-11T00:16:39:     at ModuleJob.run (node:internal/modules/esm/module_job:430:25)
2026-05-11T00:16:39:     at process.processTicksAndRejections (node:internal/process/task_queues:103:5)
2026-05-11T00:16:39:     at async onImport.tracePromise.__proto__ (node:internal/modules/esm/loader:661:26)
2026-05-11T00:16:39:     at async asyncRunEntryPointWithESMLoader (node:internal/modules/run_main:101:5)
2026-05-11T00:16:39: Emitted 'error' event on Server instance at:
2026-05-11T00:16:39:     at emitErrorNT (node:net:1976:8)
2026-05-11T00:16:39:     at process.processTicksAndRejections (node:internal/process/task_queues:89:21) {
2026-05-11T00:16:39:   code: 'EADDRINUSE',
2026-05-11T00:16:39:   errno: -4091,
2026-05-11T00:16:39:   syscall: 'listen',
2026-05-11T00:16:39:   address: '::',
2026-05-11T00:16:39:   port: 5001
2026-05-11T00:16:39: }
2026-05-11T00:16:39: 
2026-05-11T00:16:39: Node.js v24.13.1
2026-05-11T00:16:42: node:events:486
2026-05-11T00:16:42:       throw er; // Unhandled 'error' event
2026-05-11T00:16:42:       ^
2026-05-11T00:16:42: 
2026-05-11T00:16:42: Error: listen EADDRINUSE: address already in use :::5001
2026-05-11T00:16:42:     at Server.setupListenHandle [as _listen2] (node:net:1940:16)
2026-05-11T00:16:42:     at listenInCluster (node:net:1997:12)
2026-05-11T00:16:42:     at Server.listen (node:net:2102:7)
2026-05-11T00:16:42:     at app.listen (C:\Users\Anmol\OneDrive\Desktop\B\coding-portal\judge\node_modules\express\lib\application.js:635:24)
2026-05-11T00:16:42:     at <anonymous> (C:\Users\Anmol\OneDrive\Desktop\B\coding-portal\judge\src\index.ts:216:5)
2026-05-11T00:16:42:     at ModuleJob.run (node:internal/modules/esm/module_job:430:25)
2026-05-11T00:16:42:     at process.processTicksAndRejections (node:internal/process/task_queues:103:5)
2026-05-11T00:16:42:     at async onImport.tracePromise.__proto__ (node:internal/modules/esm/loader:661:26)
2026-05-11T00:16:42:     at async asyncRunEntryPointWithESMLoader (node:internal/modules/run_main:101:5)
2026-05-11T00:16:42: Emitted 'error' event on Server instance at:
2026-05-11T00:16:42:     at emitErrorNT (node:net:1976:8)
2026-05-11T00:16:42:     at process.processTicksAndRejections (node:internal/process/task_queues:89:21) {
2026-05-11T00:16:42:   code: 'EADDRINUSE',
2026-05-11T00:16:42:   errno: -4091,
2026-05-11T00:16:42:   syscall: 'listen',
2026-05-11T00:16:42:   address: '::',
2026-05-11T00:16:42:   port: 5001
2026-05-11T00:16:42: }
2026-05-11T00:16:42: 
2026-05-11T00:16:42: Node.js v24.13.1
2026-05-11T00:16:45: node:events:486
2026-05-11T00:16:45:       throw er; // Unhandled 'error' event
2026-05-11T00:16:45:       ^
2026-05-11T00:16:45: 
2026-05-11T00:16:45: Error: listen EADDRINUSE: address already in use :::5001
2026-05-11T00:16:45:     at Server.setupListenHandle [as _listen2] (node:net:1940:16)
2026-05-11T00:16:45:     at listenInCluster (node:net:1997:12)
2026-05-11T00:16:45:     at Server.listen (node:net:2102:7)
2026-05-11T00:16:45:     at app.listen (C:\Users\Anmol\OneDrive\Desktop\B\coding-portal\judge\node_modules\express\lib\application.js:635:24)
2026-05-11T00:16:45:     at <anonymous> (C:\Users\Anmol\OneDrive\Desktop\B\coding-portal\judge\src\index.ts:216:5)
2026-05-11T00:16:45:     at ModuleJob.run (node:internal/modules/esm/module_job:430:25)
2026-05-11T00:16:45:     at process.processTicksAndRejections (node:internal/process/task_queues:103:5)
2026-05-11T00:16:45:     at async onImport.tracePromise.__proto__ (node:internal/modules/esm/loader:661:26)
2026-05-11T00:16:45:     at async asyncRunEntryPointWithESMLoader (node:internal/modules/run_main:101:5)
2026-05-11T00:16:45: Emitted 'error' event on Server instance at:
2026-05-11T00:16:45:     at emitErrorNT (node:net:1976:8)
2026-05-11T00:16:45:     at process.processTicksAndRejections (node:internal/process/task_queues:89:21) {
2026-05-11T00:16:45:   code: 'EADDRINUSE',
2026-05-11T00:16:45:   errno: -4091,
2026-05-11T00:16:45:   syscall: 'listen',
2026-05-11T00:16:45:   address: '::',
2026-05-11T00:16:45:   port: 5001
2026-05-11T00:16:45: }
2026-05-11T00:16:45: 
2026-05-11T00:16:45: Node.js v24.13.1
2026-05-11T00:16:47: node:events:486
2026-05-11T00:16:47:       throw er; // Unhandled 'error' event
2026-05-11T00:16:47:       ^
2026-05-11T00:16:47: 
2026-05-11T00:16:47: Error: listen EADDRINUSE: address already in use :::5001
2026-05-11T00:16:47:     at Server.setupListenHandle [as _listen2] (node:net:1940:16)
2026-05-11T00:16:47:     at listenInCluster (node:net:1997:12)
2026-05-11T00:16:47:     at Server.listen (node:net:2102:7)
2026-05-11T00:16:47:     at app.listen (C:\Users\Anmol\OneDrive\Desktop\B\coding-portal\judge\node_modules\express\lib\application.js:635:24)
2026-05-11T00:16:47:     at <anonymous> (C:\Users\Anmol\OneDrive\Desktop\B\coding-portal\judge\src\index.ts:216:5)
2026-05-11T00:16:47:     at ModuleJob.run (node:internal/modules/esm/module_job:430:25)
2026-05-11T00:16:47:     at process.processTicksAndRejections (node:internal/process/task_queues:103:5)
2026-05-11T00:16:47:     at async onImport.tracePromise.__proto__ (node:internal/modules/esm/loader:661:26)
2026-05-11T00:16:47:     at async asyncRunEntryPointWithESMLoader (node:internal/modules/run_main:101:5)
2026-05-11T00:16:47: Emitted 'error' event on Server instance at:
2026-05-11T00:16:47:     at emitErrorNT (node:net:1976:8)
2026-05-11T00:16:47:     at process.processTicksAndRejections (node:internal/process/task_queues:89:21) {
2026-05-11T00:16:47:   code: 'EADDRINUSE',
2026-05-11T00:16:47:   errno: -4091,
2026-05-11T00:16:47:   syscall: 'listen',
2026-05-11T00:16:47:   address: '::',
2026-05-11T00:16:47:   port: 5001
2026-05-11T00:16:47: }
2026-05-11T00:16:47: 
2026-05-11T00:16:47: Node.js v24.13.1
2026-05-11T00:16:49: node:events:486
2026-05-11T00:16:49:       throw er; // Unhandled 'error' event
2026-05-11T00:16:49:       ^
2026-05-11T00:16:49: 
2026-05-11T00:16:49: Error: listen EADDRINUSE: address already in use :::5001
2026-05-11T00:16:49:     at Server.setupListenHandle [as _listen2] (node:net:1940:16)
2026-05-11T00:16:49:     at listenInCluster (node:net:1997:12)
2026-05-11T00:16:49:     at Server.listen (node:net:2102:7)
2026-05-11T00:16:49:     at app.listen (C:\Users\Anmol\OneDrive\Desktop\B\coding-portal\judge\node_modules\express\lib\application.js:635:24)
2026-05-11T00:16:49:     at <anonymous> (C:\Users\Anmol\OneDrive\Desktop\B\coding-portal\judge\src\index.ts:216:5)
2026-05-11T00:16:49:     at ModuleJob.run (node:internal/modules/esm/module_job:430:25)
2026-05-11T00:16:49:     at process.processTicksAndRejections (node:internal/process/task_queues:103:5)
2026-05-11T00:16:49:     at async onImport.tracePromise.__proto__ (node:internal/modules/esm/loader:661:26)
2026-05-11T00:16:49:     at async asyncRunEntryPointWithESMLoader (node:internal/modules/run_main:101:5)
2026-05-11T00:16:49: Emitted 'error' event on Server instance at:
2026-05-11T00:16:49:     at emitErrorNT (node:net:1976:8)
2026-05-11T00:16:49:     at process.processTicksAndRejections (node:internal/process/task_queues:89:21) {
2026-05-11T00:16:49:   code: 'EADDRINUSE',
2026-05-11T00:16:49:   errno: -4091,
2026-05-11T00:16:49:   syscall: 'listen',
2026-05-11T00:16:49:   address: '::',
2026-05-11T00:16:49:   port: 5001
2026-05-11T00:16:49: }
2026-05-11T00:16:49: 
2026-05-11T00:16:49: Node.js v24.13.1
2026-05-11T00:16:51: node:events:486
2026-05-11T00:16:51:       throw er; // Unhandled 'error' event
2026-05-11T00:16:51:       ^
2026-05-11T00:16:51: 
2026-05-11T00:16:51: Error: listen EADDRINUSE: address already in use :::5001
2026-05-11T00:16:51:     at Server.setupListenHandle [as _listen2] (node:net:1940:16)
2026-05-11T00:16:51:     at listenInCluster (node:net:1997:12)
2026-05-11T00:16:51:     at Server.listen (node:net:2102:7)
2026-05-11T00:16:51:     at app.listen (C:\Users\Anmol\OneDrive\Desktop\B\coding-portal\judge\node_modules\express\lib\application.js:635:24)
2026-05-11T00:16:51:     at <anonymous> (C:\Users\Anmol\OneDrive\Desktop\B\coding-portal\judge\src\index.ts:216:5)
2026-05-11T00:16:51:     at ModuleJob.run (node:internal/modules/esm/module_job:430:25)
2026-05-11T00:16:51:     at process.processTicksAndRejections (node:internal/process/task_queues:103:5)
2026-05-11T00:16:51:     at async onImport.tracePromise.__proto__ (node:internal/modules/esm/loader:661:26)
2026-05-11T00:16:51:     at async asyncRunEntryPointWithESMLoader (node:internal/modules/run_main:101:5)
2026-05-11T00:16:51: Emitted 'error' event on Server instance at:
2026-05-11T00:16:51:     at emitErrorNT (node:net:1976:8)
2026-05-11T00:16:51:     at process.processTicksAndRejections (node:internal/process/task_queues:89:21) {
2026-05-11T00:16:51:   code: 'EADDRINUSE',
2026-05-11T00:16:51:   errno: -4091,
2026-05-11T00:16:51:   syscall: 'listen',
2026-05-11T00:16:51:   address: '::',
2026-05-11T00:16:51:   port: 5001
2026-05-11T00:16:51: }
2026-05-11T00:16:51: 
2026-05-11T00:16:51: Node.js v24.13.1
2026-05-11T00:16:54: node:events:486
2026-05-11T00:16:54:       throw er; // Unhandled 'error' event
2026-05-11T00:16:54:       ^
2026-05-11T00:16:54: 
2026-05-11T00:16:54: Error: listen EADDRINUSE: address already in use :::5001
2026-05-11T00:16:54:     at Server.setupListenHandle [as _listen2] (node:net:1940:16)
2026-05-11T00:16:54:     at listenInCluster (node:net:1997:12)
2026-05-11T00:16:54:     at Server.listen (node:net:2102:7)
2026-05-11T00:16:54:     at app.listen (C:\Users\Anmol\OneDrive\Desktop\B\coding-portal\judge\node_modules\express\lib\application.js:635:24)
2026-05-11T00:16:54:     at <anonymous> (C:\Users\Anmol\OneDrive\Desktop\B\coding-portal\judge\src\index.ts:216:5)
2026-05-11T00:16:54:     at ModuleJob.run (node:internal/modules/esm/module_job:430:25)
2026-05-11T00:16:54:     at process.processTicksAndRejections (node:internal/process/task_queues:103:5)
2026-05-11T00:16:54:     at async onImport.tracePromise.__proto__ (node:internal/modules/esm/loader:661:26)
2026-05-11T00:16:54:     at async asyncRunEntryPointWithESMLoader (node:internal/modules/run_main:101:5)
2026-05-11T00:16:54: Emitted 'error' event on Server instance at:
2026-05-11T00:16:54:     at emitErrorNT (node:net:1976:8)
2026-05-11T00:16:54:     at process.processTicksAndRejections (node:internal/process/task_queues:89:21) {
2026-05-11T00:16:54:   code: 'EADDRINUSE',
2026-05-11T00:16:54:   errno: -4091,
2026-05-11T00:16:54:   syscall: 'listen',
2026-05-11T00:16:54:   address: '::',
2026-05-11T00:16:54:   port: 5001
2026-05-11T00:16:54: }
2026-05-11T00:16:54: 
2026-05-11T00:16:54: Node.js v24.13.1
2026-05-11T00:16:55: node:events:486
2026-05-11T00:16:55:       throw er; // Unhandled 'error' event
2026-05-11T00:16:55:       ^
2026-05-11T00:16:55: 
2026-05-11T00:16:55: Error: listen EADDRINUSE: address already in use :::5001
2026-05-11T00:16:55:     at Server.setupListenHandle [as _listen2] (node:net:1940:16)
2026-05-11T00:16:55:     at listenInCluster (node:net:1997:12)
2026-05-11T00:16:55:     at Server.listen (node:net:2102:7)
2026-05-11T00:16:55:     at app.listen (C:\Users\Anmol\OneDrive\Desktop\B\coding-portal\judge\node_modules\express\lib\application.js:635:24)
2026-05-11T00:16:55:     at <anonymous> (C:\Users\Anmol\OneDrive\Desktop\B\coding-portal\judge\src\index.ts:216:5)
2026-05-11T00:16:55:     at ModuleJob.run (node:internal/modules/esm/module_job:430:25)
2026-05-11T00:16:55:     at process.processTicksAndRejections (node:internal/process/task_queues:103:5)
2026-05-11T00:16:55:     at async onImport.tracePromise.__proto__ (node:internal/modules/esm/loader:661:26)
2026-05-11T00:16:55:     at async asyncRunEntryPointWithESMLoader (node:internal/modules/run_main:101:5)
2026-05-11T00:16:55: Emitted 'error' event on Server instance at:
2026-05-11T00:16:55:     at emitErrorNT (node:net:1976:8)
2026-05-11T00:16:55:     at process.processTicksAndRejections (node:internal/process/task_queues:89:21) {
2026-05-11T00:16:55:   code: 'EADDRINUSE',
2026-05-11T00:16:55:   errno: -4091,
2026-05-11T00:16:55:   syscall: 'listen',
2026-05-11T00:16:55:   address: '::',
2026-05-11T00:16:55:   port: 5001
2026-05-11T00:16:55: }
2026-05-11T00:16:55: 
2026-05-11T00:16:55: Node.js v24.13.1
2026-05-11T00:16:57: node:events:486
2026-05-11T00:16:57:       throw er; // Unhandled 'error' event
2026-05-11T00:16:57:       ^
2026-05-11T00:16:57: 
2026-05-11T00:16:57: Error: listen EADDRINUSE: address already in use :::5001
2026-05-11T00:16:57:     at Server.setupListenHandle [as _listen2] (node:net:1940:16)
2026-05-11T00:16:57:     at listenInCluster (node:net:1997:12)
2026-05-11T00:16:57:     at Server.listen (node:net:2102:7)
2026-05-11T00:16:57:     at app.listen (C:\Users\Anmol\OneDrive\Desktop\B\coding-portal\judge\node_modules\express\lib\application.js:635:24)
2026-05-11T00:16:57:     at <anonymous> (C:\Users\Anmol\OneDrive\Desktop\B\coding-portal\judge\src\index.ts:216:5)
2026-05-11T00:16:57:     at ModuleJob.run (node:internal/modules/esm/module_job:430:25)
2026-05-11T00:16:57:     at process.processTicksAndRejections (node:internal/process/task_queues:103:5)
2026-05-11T00:16:57:     at async onImport.tracePromise.__proto__ (node:internal/modules/esm/loader:661:26)
2026-05-11T00:16:57:     at async asyncRunEntryPointWithESMLoader (node:internal/modules/run_main:101:5)
2026-05-11T00:16:57: Emitted 'error' event on Server instance at:
2026-05-11T00:16:57:     at emitErrorNT (node:net:1976:8)
2026-05-11T00:16:57:     at process.processTicksAndRejections (node:internal/process/task_queues:89:21) {
2026-05-11T00:16:57:   code: 'EADDRINUSE',
2026-05-11T00:16:57:   errno: -4091,
2026-05-11T00:16:57:   syscall: 'listen',
2026-05-11T00:16:57:   address: '::',
2026-05-11T00:16:57:   port: 5001
2026-05-11T00:16:57: }
2026-05-11T00:16:57: 
2026-05-11T00:16:57: Node.js v24.13.1
2026-05-11T00:16:59: node:events:486
2026-05-11T00:16:59:       throw er; // Unhandled 'error' event
2026-05-11T00:16:59:       ^
2026-05-11T00:16:59: 
2026-05-11T00:16:59: Error: listen EADDRINUSE: address already in use :::5001
2026-05-11T00:16:59:     at Server.setupListenHandle [as _listen2] (node:net:1940:16)
2026-05-11T00:16:59:     at listenInCluster (node:net:1997:12)
2026-05-11T00:16:59:     at Server.listen (node:net:2102:7)
2026-05-11T00:16:59:     at app.listen (C:\Users\Anmol\OneDrive\Desktop\B\coding-portal\judge\node_modules\express\lib\application.js:635:24)
2026-05-11T00:16:59:     at <anonymous> (C:\Users\Anmol\OneDrive\Desktop\B\coding-portal\judge\src\index.ts:216:5)
2026-05-11T00:16:59:     at ModuleJob.run (node:internal/modules/esm/module_job:430:25)
2026-05-11T00:16:59:     at process.processTicksAndRejections (node:internal/process/task_queues:103:5)
2026-05-11T00:16:59:     at async onImport.tracePromise.__proto__ (node:internal/modules/esm/loader:661:26)
2026-05-11T00:16:59:     at async asyncRunEntryPointWithESMLoader (node:internal/modules/run_main:101:5)
2026-05-11T00:16:59: Emitted 'error' event on Server instance at:
2026-05-11T00:16:59:     at emitErrorNT (node:net:1976:8)
2026-05-11T00:16:59:     at process.processTicksAndRejections (node:internal/process/task_queues:89:21) {
2026-05-11T00:16:59:   code: 'EADDRINUSE',
2026-05-11T00:16:59:   errno: -4091,
2026-05-11T00:16:59:   syscall: 'listen',
2026-05-11T00:16:59:   address: '::',
2026-05-11T00:16:59:   port: 5001
2026-05-11T00:16:59: }
2026-05-11T00:16:59: 
2026-05-11T00:16:59: Node.js v24.13.1
2026-05-11T00:17:01: node:events:486
2026-05-11T00:17:01:       throw er; // Unhandled 'error' event
2026-05-11T00:17:01:       ^
2026-05-11T00:17:01: 
2026-05-11T00:17:01: Error: listen EADDRINUSE: address already in use :::5001
2026-05-11T00:17:01:     at Server.setupListenHandle [as _listen2] (node:net:1940:16)
2026-05-11T00:17:01:     at listenInCluster (node:net:1997:12)
2026-05-11T00:17:01:     at Server.listen (node:net:2102:7)
2026-05-11T00:17:01:     at app.listen (C:\Users\Anmol\OneDrive\Desktop\B\coding-portal\judge\node_modules\express\lib\application.js:635:24)
2026-05-11T00:17:01:     at <anonymous> (C:\Users\Anmol\OneDrive\Desktop\B\coding-portal\judge\src\index.ts:216:5)
2026-05-11T00:17:01:     at ModuleJob.run (node:internal/modules/esm/module_job:430:25)
2026-05-11T00:17:01:     at process.processTicksAndRejections (node:internal/process/task_queues:103:5)
2026-05-11T00:17:01:     at async onImport.tracePromise.__proto__ (node:internal/modules/esm/loader:661:26)
2026-05-11T00:17:01:     at async asyncRunEntryPointWithESMLoader (node:internal/modules/run_main:101:5)
2026-05-11T00:17:01: Emitted 'error' event on Server instance at:
2026-05-11T00:17:01:     at emitErrorNT (node:net:1976:8)
2026-05-11T00:17:01:     at process.processTicksAndRejections (node:internal/process/task_queues:89:21) {
2026-05-11T00:17:01:   code: 'EADDRINUSE',
2026-05-11T00:17:01:   errno: -4091,
2026-05-11T00:17:01:   syscall: 'listen',
2026-05-11T00:17:01:   address: '::',
2026-05-11T00:17:01:   port: 5001
2026-05-11T00:17:01: }
2026-05-11T00:17:01: 
2026-05-11T00:17:01: Node.js v24.13.1
2026-05-11T00:17:03: node:events:486
2026-05-11T00:17:03:       throw er; // Unhandled 'error' event
2026-05-11T00:17:03:       ^
2026-05-11T00:17:03: 
2026-05-11T00:17:03: Error: listen EADDRINUSE: address already in use :::5001
2026-05-11T00:17:03:     at Server.setupListenHandle [as _listen2] (node:net:1940:16)
2026-05-11T00:17:03:     at listenInCluster (node:net:1997:12)
2026-05-11T00:17:03:     at Server.listen (node:net:2102:7)
2026-05-11T00:17:03:     at app.listen (C:\Users\Anmol\OneDrive\Desktop\B\coding-portal\judge\node_modules\express\lib\application.js:635:24)
2026-05-11T00:17:03:     at <anonymous> (C:\Users\Anmol\OneDrive\Desktop\B\coding-portal\judge\src\index.ts:216:5)
2026-05-11T00:17:03:     at ModuleJob.run (node:internal/modules/esm/module_job:430:25)
2026-05-11T00:17:03:     at process.processTicksAndRejections (node:internal/process/task_queues:103:5)
2026-05-11T00:17:03:     at async onImport.tracePromise.__proto__ (node:internal/modules/esm/loader:661:26)
2026-05-11T00:17:03:     at async asyncRunEntryPointWithESMLoader (node:internal/modules/run_main:101:5)
2026-05-11T00:17:03: Emitted 'error' event on Server instance at:
2026-05-11T00:17:03:     at emitErrorNT (node:net:1976:8)
2026-05-11T00:17:03:     at process.processTicksAndRejections (node:internal/process/task_queues:89:21) {
2026-05-11T00:17:03:   code: 'EADDRINUSE',
2026-05-11T00:17:03:   errno: -4091,
2026-05-11T00:17:03:   syscall: 'listen',
2026-05-11T00:17:03:   address: '::',
2026-05-11T00:17:03:   port: 5001
2026-05-11T00:17:03: }
2026-05-11T00:17:03: 
2026-05-11T00:17:03: Node.js v24.13.1
2026-05-11T00:17:05: node:events:486
2026-05-11T00:17:05:       throw er; // Unhandled 'error' event
2026-05-11T00:17:05:       ^
2026-05-11T00:17:05: 
2026-05-11T00:17:05: Error: listen EADDRINUSE: address already in use :::5001
2026-05-11T00:17:05:     at Server.setupListenHandle [as _listen2] (node:net:1940:16)
2026-05-11T00:17:05:     at listenInCluster (node:net:1997:12)
2026-05-11T00:17:05:     at Server.listen (node:net:2102:7)
2026-05-11T00:17:05:     at app.listen (C:\Users\Anmol\OneDrive\Desktop\B\coding-portal\judge\node_modules\express\lib\application.js:635:24)
2026-05-11T00:17:05:     at <anonymous> (C:\Users\Anmol\OneDrive\Desktop\B\coding-portal\judge\src\index.ts:216:5)
2026-05-11T00:17:05:     at ModuleJob.run (node:internal/modules/esm/module_job:430:25)
2026-05-11T00:17:05:     at process.processTicksAndRejections (node:internal/process/task_queues:103:5)
2026-05-11T00:17:05:     at async onImport.tracePromise.__proto__ (node:internal/modules/esm/loader:661:26)
2026-05-11T00:17:05:     at async asyncRunEntryPointWithESMLoader (node:internal/modules/run_main:101:5)
2026-05-11T00:17:05: Emitted 'error' event on Server instance at:
2026-05-11T00:17:05:     at emitErrorNT (node:net:1976:8)
2026-05-11T00:17:05:     at process.processTicksAndRejections (node:internal/process/task_queues:89:21) {
2026-05-11T00:17:05:   code: 'EADDRINUSE',
2026-05-11T00:17:05:   errno: -4091,
2026-05-11T00:17:05:   syscall: 'listen',
2026-05-11T00:17:05:   address: '::',
2026-05-11T00:17:05:   port: 5001
2026-05-11T00:17:05: }
2026-05-11T00:17:05: 
2026-05-11T00:17:05: Node.js v24.13.1
2026-05-11T00:17:07: node:events:486
2026-05-11T00:17:07:       throw er; // Unhandled 'error' event
2026-05-11T00:17:07:       ^
2026-05-11T00:17:07: 
2026-05-11T00:17:07: Error: listen EADDRINUSE: address already in use :::5001
2026-05-11T00:17:07:     at Server.setupListenHandle [as _listen2] (node:net:1940:16)
2026-05-11T00:17:07:     at listenInCluster (node:net:1997:12)
2026-05-11T00:17:07:     at Server.listen (node:net:2102:7)
2026-05-11T00:17:07:     at app.listen (C:\Users\Anmol\OneDrive\Desktop\B\coding-portal\judge\node_modules\express\lib\application.js:635:24)
2026-05-11T00:17:07:     at <anonymous> (C:\Users\Anmol\OneDrive\Desktop\B\coding-portal\judge\src\index.ts:216:5)
2026-05-11T00:17:07:     at ModuleJob.run (node:internal/modules/esm/module_job:430:25)
2026-05-11T00:17:07:     at process.processTicksAndRejections (node:internal/process/task_queues:103:5)
2026-05-11T00:17:07:     at async onImport.tracePromise.__proto__ (node:internal/modules/esm/loader:661:26)
2026-05-11T00:17:07:     at async asyncRunEntryPointWithESMLoader (node:internal/modules/run_main:101:5)
2026-05-11T00:17:07: Emitted 'error' event on Server instance at:
2026-05-11T00:17:07:     at emitErrorNT (node:net:1976:8)
2026-05-11T00:17:07:     at process.processTicksAndRejections (node:internal/process/task_queues:89:21) {
2026-05-11T00:17:07:   code: 'EADDRINUSE',
2026-05-11T00:17:07:   errno: -4091,
2026-05-11T00:17:07:   syscall: 'listen',
2026-05-11T00:17:07:   address: '::',
2026-05-11T00:17:07:   port: 5001
2026-05-11T00:17:07: }
2026-05-11T00:17:07: 
2026-05-11T00:17:07: Node.js v24.13.1
2026-05-11T00:17:09: node:events:486
2026-05-11T00:17:09:       throw er; // Unhandled 'error' event
2026-05-11T00:17:09:       ^
2026-05-11T00:17:09: 
2026-05-11T00:17:09: Error: listen EADDRINUSE: address already in use :::5001
2026-05-11T00:17:09:     at Server.setupListenHandle [as _listen2] (node:net:1940:16)
2026-05-11T00:17:09:     at listenInCluster (node:net:1997:12)
2026-05-11T00:17:09:     at Server.listen (node:net:2102:7)
2026-05-11T00:17:09:     at app.listen (C:\Users\Anmol\OneDrive\Desktop\B\coding-portal\judge\node_modules\express\lib\application.js:635:24)
2026-05-11T00:17:09:     at <anonymous> (C:\Users\Anmol\OneDrive\Desktop\B\coding-portal\judge\src\index.ts:216:5)
2026-05-11T00:17:09:     at ModuleJob.run (node:internal/modules/esm/module_job:430:25)
2026-05-11T00:17:09:     at process.processTicksAndRejections (node:internal/process/task_queues:103:5)
2026-05-11T00:17:09:     at async onImport.tracePromise.__proto__ (node:internal/modules/esm/loader:661:26)
2026-05-11T00:17:09:     at async asyncRunEntryPointWithESMLoader (node:internal/modules/run_main:101:5)
2026-05-11T00:17:09: Emitted 'error' event on Server instance at:
2026-05-11T00:17:09:     at emitErrorNT (node:net:1976:8)
2026-05-11T00:17:09:     at process.processTicksAndRejections (node:internal/process/task_queues:89:21) {
2026-05-11T00:17:09:   code: 'EADDRINUSE',
2026-05-11T00:17:09:   errno: -4091,
2026-05-11T00:17:09:   syscall: 'listen',
2026-05-11T00:17:09:   address: '::',
2026-05-11T00:17:09:   port: 5001
2026-05-11T00:17:09: }
2026-05-11T00:17:09: 
2026-05-11T00:17:09: Node.js v24.13.1
2026-05-11T00:17:11: node:events:486
2026-05-11T00:17:11:       throw er; // Unhandled 'error' event
2026-05-11T00:17:11:       ^
2026-05-11T00:17:11: 
2026-05-11T00:17:11: Error: listen EADDRINUSE: address already in use :::5001
2026-05-11T00:17:11:     at Server.setupListenHandle [as _listen2] (node:net:1940:16)
2026-05-11T00:17:11:     at listenInCluster (node:net:1997:12)
2026-05-11T00:17:11:     at Server.listen (node:net:2102:7)
2026-05-11T00:17:11:     at app.listen (C:\Users\Anmol\OneDrive\Desktop\B\coding-portal\judge\node_modules\express\lib\application.js:635:24)
2026-05-11T00:17:11:     at <anonymous> (C:\Users\Anmol\OneDrive\Desktop\B\coding-portal\judge\src\index.ts:216:5)
2026-05-11T00:17:11:     at ModuleJob.run (node:internal/modules/esm/module_job:430:25)
2026-05-11T00:17:11:     at process.processTicksAndRejections (node:internal/process/task_queues:103:5)
2026-05-11T00:17:11:     at async onImport.tracePromise.__proto__ (node:internal/modules/esm/loader:661:26)
2026-05-11T00:17:11:     at async asyncRunEntryPointWithESMLoader (node:internal/modules/run_main:101:5)
2026-05-11T00:17:11: Emitted 'error' event on Server instance at:
2026-05-11T00:17:11:     at emitErrorNT (node:net:1976:8)
2026-05-11T00:17:11:     at process.processTicksAndRejections (node:internal/process/task_queues:89:21) {
2026-05-11T00:17:11:   code: 'EADDRINUSE',
2026-05-11T00:17:11:   errno: -4091,
2026-05-11T00:17:11:   syscall: 'listen',
2026-05-11T00:17:11:   address: '::',
2026-05-11T00:17:11:   port: 5001
2026-05-11T00:17:11: }
2026-05-11T00:17:11: 
2026-05-11T00:17:11: Node.js v24.13.1
2026-05-11T00:17:14: node:events:486
2026-05-11T00:17:14:       throw er; // Unhandled 'error' event
2026-05-11T00:17:14:       ^
2026-05-11T00:17:14: 
2026-05-11T00:17:14: Error: listen EADDRINUSE: address already in use :::5001
2026-05-11T00:17:14:     at Server.setupListenHandle [as _listen2] (node:net:1940:16)
2026-05-11T00:17:14:     at listenInCluster (node:net:1997:12)
2026-05-11T00:17:14:     at Server.listen (node:net:2102:7)
2026-05-11T00:17:14:     at app.listen (C:\Users\Anmol\OneDrive\Desktop\B\coding-portal\judge\node_modules\express\lib\application.js:635:24)
2026-05-11T00:17:14:     at <anonymous> (C:\Users\Anmol\OneDrive\Desktop\B\coding-portal\judge\src\index.ts:216:5)
2026-05-11T00:17:14:     at ModuleJob.run (node:internal/modules/esm/module_job:430:25)
2026-05-11T00:17:14:     at process.processTicksAndRejections (node:internal/process/task_queues:103:5)
2026-05-11T00:17:14:     at async onImport.tracePromise.__proto__ (node:internal/modules/esm/loader:661:26)
2026-05-11T00:17:14:     at async asyncRunEntryPointWithESMLoader (node:internal/modules/run_main:101:5)
2026-05-11T00:17:14: Emitted 'error' event on Server instance at:
2026-05-11T00:17:14:     at emitErrorNT (node:net:1976:8)
2026-05-11T00:17:14:     at process.processTicksAndRejections (node:internal/process/task_queues:89:21) {
2026-05-11T00:17:14:   code: 'EADDRINUSE',
2026-05-11T00:17:14:   errno: -4091,
2026-05-11T00:17:14:   syscall: 'listen',
2026-05-11T00:17:14:   address: '::',
2026-05-11T00:17:14:   port: 5001
2026-05-11T00:17:14: }
2026-05-11T00:17:14: 
2026-05-11T00:17:14: Node.js v24.13.1
2026-05-11T00:17:15: node:events:486
2026-05-11T00:17:15:       throw er; // Unhandled 'error' event
2026-05-11T00:17:15:       ^
2026-05-11T00:17:15: 
2026-05-11T00:17:15: Error: listen EADDRINUSE: address already in use :::5001
2026-05-11T00:17:15:     at Server.setupListenHandle [as _listen2] (node:net:1940:16)
2026-05-11T00:17:15:     at listenInCluster (node:net:1997:12)
2026-05-11T00:17:15:     at Server.listen (node:net:2102:7)
2026-05-11T00:17:15:     at app.listen (C:\Users\Anmol\OneDrive\Desktop\B\coding-portal\judge\node_modules\express\lib\application.js:635:24)
2026-05-11T00:17:15:     at <anonymous> (C:\Users\Anmol\OneDrive\Desktop\B\coding-portal\judge\src\index.ts:216:5)
2026-05-11T00:17:15:     at ModuleJob.run (node:internal/modules/esm/module_job:430:25)
2026-05-11T00:17:15:     at process.processTicksAndRejections (node:internal/process/task_queues:103:5)
2026-05-11T00:17:15:     at async onImport.tracePromise.__proto__ (node:internal/modules/esm/loader:661:26)
2026-05-11T00:17:15:     at async asyncRunEntryPointWithESMLoader (node:internal/modules/run_main:101:5)
2026-05-11T00:17:15: Emitted 'error' event on Server instance at:
2026-05-11T00:17:15:     at emitErrorNT (node:net:1976:8)
2026-05-11T00:17:15:     at process.processTicksAndRejections (node:internal/process/task_queues:89:21) {
2026-05-11T00:17:15:   code: 'EADDRINUSE',
2026-05-11T00:17:15:   errno: -4091,
2026-05-11T00:17:15:   syscall: 'listen',
2026-05-11T00:17:15:   address: '::',
2026-05-11T00:17:15:   port: 5001
2026-05-11T00:17:15: }
2026-05-11T00:17:15: 
2026-05-11T00:17:15: Node.js v24.13.1
2026-05-11T00:17:17: node:events:486
2026-05-11T00:17:17:       throw er; // Unhandled 'error' event
2026-05-11T00:17:17:       ^
2026-05-11T00:17:17: 
2026-05-11T00:17:17: Error: listen EADDRINUSE: address already in use :::5001
2026-05-11T00:17:17:     at Server.setupListenHandle [as _listen2] (node:net:1940:16)
2026-05-11T00:17:17:     at listenInCluster (node:net:1997:12)
2026-05-11T00:17:17:     at Server.listen (node:net:2102:7)
2026-05-11T00:17:17:     at app.listen (C:\Users\Anmol\OneDrive\Desktop\B\coding-portal\judge\node_modules\express\lib\application.js:635:24)
2026-05-11T00:17:17:     at <anonymous> (C:\Users\Anmol\OneDrive\Desktop\B\coding-portal\judge\src\index.ts:216:5)
2026-05-11T00:17:17:     at ModuleJob.run (node:internal/modules/esm/module_job:430:25)
2026-05-11T00:17:17:     at process.processTicksAndRejections (node:internal/process/task_queues:103:5)
2026-05-11T00:17:17:     at async onImport.tracePromise.__proto__ (node:internal/modules/esm/loader:661:26)
2026-05-11T00:17:17:     at async asyncRunEntryPointWithESMLoader (node:internal/modules/run_main:101:5)
2026-05-11T00:17:17: Emitted 'error' event on Server instance at:
2026-05-11T00:17:17:     at emitErrorNT (node:net:1976:8)
2026-05-11T00:17:17:     at process.processTicksAndRejections (node:internal/process/task_queues:89:21) {
2026-05-11T00:17:17:   code: 'EADDRINUSE',
2026-05-11T00:17:17:   errno: -4091,
2026-05-11T00:17:17:   syscall: 'listen',
2026-05-11T00:17:17:   address: '::',
2026-05-11T00:17:17:   port: 5001
2026-05-11T00:17:17: }
2026-05-11T00:17:17: 
2026-05-11T00:17:17: Node.js v24.13.1
2026-05-11T00:17:19: node:events:486
2026-05-11T00:17:19:       throw er; // Unhandled 'error' event
2026-05-11T00:17:19:       ^
2026-05-11T00:17:19: 
2026-05-11T00:17:19: Error: listen EADDRINUSE: address already in use :::5001
2026-05-11T00:17:19:     at Server.setupListenHandle [as _listen2] (node:net:1940:16)
2026-05-11T00:17:19:     at listenInCluster (node:net:1997:12)
2026-05-11T00:17:19:     at Server.listen (node:net:2102:7)
2026-05-11T00:17:19:     at app.listen (C:\Users\Anmol\OneDrive\Desktop\B\coding-portal\judge\node_modules\express\lib\application.js:635:24)
2026-05-11T00:17:19:     at <anonymous> (C:\Users\Anmol\OneDrive\Desktop\B\coding-portal\judge\src\index.ts:216:5)
2026-05-11T00:17:19:     at ModuleJob.run (node:internal/modules/esm/module_job:430:25)
2026-05-11T00:17:19:     at process.processTicksAndRejections (node:internal/process/task_queues:103:5)
2026-05-11T00:17:19:     at async onImport.tracePromise.__proto__ (node:internal/modules/esm/loader:661:26)
2026-05-11T00:17:19:     at async asyncRunEntryPointWithESMLoader (node:internal/modules/run_main:101:5)
2026-05-11T00:17:19: Emitted 'error' event on Server instance at:
2026-05-11T00:17:19:     at emitErrorNT (node:net:1976:8)
2026-05-11T00:17:19:     at process.processTicksAndRejections (node:internal/process/task_queues:89:21) {
2026-05-11T00:17:19:   code: 'EADDRINUSE',
2026-05-11T00:17:19:   errno: -4091,
2026-05-11T00:17:19:   syscall: 'listen',
2026-05-11T00:17:19:   address: '::',
2026-05-11T00:17:19:   port: 5001
2026-05-11T00:17:19: }
2026-05-11T00:17:19: 
2026-05-11T00:17:19: Node.js v24.13.1
2026-05-11T00:17:22: node:events:486
2026-05-11T00:17:22:       throw er; // Unhandled 'error' event
2026-05-11T00:17:22:       ^
2026-05-11T00:17:22: 
2026-05-11T00:17:22: Error: listen EADDRINUSE: address already in use :::5001
2026-05-11T00:17:22:     at Server.setupListenHandle [as _listen2] (node:net:1940:16)
2026-05-11T00:17:22:     at listenInCluster (node:net:1997:12)
2026-05-11T00:17:22:     at Server.listen (node:net:2102:7)
2026-05-11T00:17:22:     at app.listen (C:\Users\Anmol\OneDrive\Desktop\B\coding-portal\judge\node_modules\express\lib\application.js:635:24)
2026-05-11T00:17:22:     at <anonymous> (C:\Users\Anmol\OneDrive\Desktop\B\coding-portal\judge\src\index.ts:216:5)
2026-05-11T00:17:22:     at ModuleJob.run (node:internal/modules/esm/module_job:430:25)
2026-05-11T00:17:22:     at process.processTicksAndRejections (node:internal/process/task_queues:103:5)
2026-05-11T00:17:22:     at async onImport.tracePromise.__proto__ (node:internal/modules/esm/loader:661:26)
2026-05-11T00:17:22:     at async asyncRunEntryPointWithESMLoader (node:internal/modules/run_main:101:5)
2026-05-11T00:17:22: Emitted 'error' event on Server instance at:
2026-05-11T00:17:22:     at emitErrorNT (node:net:1976:8)
2026-05-11T00:17:22:     at process.processTicksAndRejections (node:internal/process/task_queues:89:21) {
2026-05-11T00:17:22:   code: 'EADDRINUSE',
2026-05-11T00:17:22:   errno: -4091,
2026-05-11T00:17:22:   syscall: 'listen',
2026-05-11T00:17:22:   address: '::',
2026-05-11T00:17:22:   port: 5001
2026-05-11T00:17:22: }
2026-05-11T00:17:22: 
2026-05-11T00:17:22: Node.js v24.13.1
2026-05-11T00:17:24: node:events:486
2026-05-11T00:17:24:       throw er; // Unhandled 'error' event
2026-05-11T00:17:24:       ^
2026-05-11T00:17:24: 
2026-05-11T00:17:24: Error: listen EADDRINUSE: address already in use :::5001
2026-05-11T00:17:24:     at Server.setupListenHandle [as _listen2] (node:net:1940:16)
2026-05-11T00:17:24:     at listenInCluster (node:net:1997:12)
2026-05-11T00:17:24:     at Server.listen (node:net:2102:7)
2026-05-11T00:17:24:     at app.listen (C:\Users\Anmol\OneDrive\Desktop\B\coding-portal\judge\node_modules\express\lib\application.js:635:24)
2026-05-11T00:17:24:     at <anonymous> (C:\Users\Anmol\OneDrive\Desktop\B\coding-portal\judge\src\index.ts:216:5)
2026-05-11T00:17:24:     at ModuleJob.run (node:internal/modules/esm/module_job:430:25)
2026-05-11T00:17:24:     at process.processTicksAndRejections (node:internal/process/task_queues:103:5)
2026-05-11T00:17:24:     at async onImport.tracePromise.__proto__ (node:internal/modules/esm/loader:661:26)
2026-05-11T00:17:24:     at async asyncRunEntryPointWithESMLoader (node:internal/modules/run_main:101:5)
2026-05-11T00:17:24: Emitted 'error' event on Server instance at:
2026-05-11T00:17:24:     at emitErrorNT (node:net:1976:8)
2026-05-11T00:17:24:     at process.processTicksAndRejections (node:internal/process/task_queues:89:21) {
2026-05-11T00:17:24:   code: 'EADDRINUSE',
2026-05-11T00:17:24:   errno: -4091,
2026-05-11T00:17:24:   syscall: 'listen',
2026-05-11T00:17:24:   address: '::',
2026-05-11T00:17:24:   port: 5001
2026-05-11T00:17:24: }
2026-05-11T00:17:24: 
2026-05-11T00:17:24: Node.js v24.13.1
2026-05-11T00:17:26: node:events:486
2026-05-11T00:17:26:       throw er; // Unhandled 'error' event
2026-05-11T00:17:26:       ^
2026-05-11T00:17:26: 
2026-05-11T00:17:26: Error: listen EADDRINUSE: address already in use :::5001
2026-05-11T00:17:26:     at Server.setupListenHandle [as _listen2] (node:net:1940:16)
2026-05-11T00:17:26:     at listenInCluster (node:net:1997:12)
2026-05-11T00:17:26:     at Server.listen (node:net:2102:7)
2026-05-11T00:17:26:     at app.listen (C:\Users\Anmol\OneDrive\Desktop\B\coding-portal\judge\node_modules\express\lib\application.js:635:24)
2026-05-11T00:17:26:     at <anonymous> (C:\Users\Anmol\OneDrive\Desktop\B\coding-portal\judge\src\index.ts:216:5)
2026-05-11T00:17:26:     at ModuleJob.run (node:internal/modules/esm/module_job:430:25)
2026-05-11T00:17:26:     at process.processTicksAndRejections (node:internal/process/task_queues:103:5)
2026-05-11T00:17:26:     at async onImport.tracePromise.__proto__ (node:internal/modules/esm/loader:661:26)
2026-05-11T00:17:26:     at async asyncRunEntryPointWithESMLoader (node:internal/modules/run_main:101:5)
2026-05-11T00:17:26: Emitted 'error' event on Server instance at:
2026-05-11T00:17:26:     at emitErrorNT (node:net:1976:8)
2026-05-11T00:17:26:     at process.processTicksAndRejections (node:internal/process/task_queues:89:21) {
2026-05-11T00:17:26:   code: 'EADDRINUSE',
2026-05-11T00:17:26:   errno: -4091,
2026-05-11T00:17:26:   syscall: 'listen',
2026-05-11T00:17:26:   address: '::',
2026-05-11T00:17:26:   port: 5001
2026-05-11T00:17:26: }
2026-05-11T00:17:26: 
2026-05-11T00:17:26: Node.js v24.13.1
2026-05-11T00:17:28: node:events:486
2026-05-11T00:17:28:       throw er; // Unhandled 'error' event
2026-05-11T00:17:28:       ^
2026-05-11T00:17:28: 
2026-05-11T00:17:28: Error: listen EADDRINUSE: address already in use :::5001
2026-05-11T00:17:28:     at Server.setupListenHandle [as _listen2] (node:net:1940:16)
2026-05-11T00:17:28:     at listenInCluster (node:net:1997:12)
2026-05-11T00:17:28:     at Server.listen (node:net:2102:7)
2026-05-11T00:17:28:     at app.listen (C:\Users\Anmol\OneDrive\Desktop\B\coding-portal\judge\node_modules\express\lib\application.js:635:24)
2026-05-11T00:17:28:     at <anonymous> (C:\Users\Anmol\OneDrive\Desktop\B\coding-portal\judge\src\index.ts:216:5)
2026-05-11T00:17:28:     at ModuleJob.run (node:internal/modules/esm/module_job:430:25)
2026-05-11T00:17:28:     at process.processTicksAndRejections (node:internal/process/task_queues:103:5)
2026-05-11T00:17:28:     at async onImport.tracePromise.__proto__ (node:internal/modules/esm/loader:661:26)
2026-05-11T00:17:28:     at async asyncRunEntryPointWithESMLoader (node:internal/modules/run_main:101:5)
2026-05-11T00:17:28: Emitted 'error' event on Server instance at:
2026-05-11T00:17:28:     at emitErrorNT (node:net:1976:8)
2026-05-11T00:17:28:     at process.processTicksAndRejections (node:internal/process/task_queues:89:21) {
2026-05-11T00:17:28:   code: 'EADDRINUSE',
2026-05-11T00:17:28:   errno: -4091,
2026-05-11T00:17:28:   syscall: 'listen',
2026-05-11T00:17:28:   address: '::',
2026-05-11T00:17:28:   port: 5001
2026-05-11T00:17:28: }
2026-05-11T00:17:28: 
2026-05-11T00:17:28: Node.js v24.13.1
2026-05-11T00:17:30: node:events:486
2026-05-11T00:17:30:       throw er; // Unhandled 'error' event
2026-05-11T00:17:30:       ^
2026-05-11T00:17:30: 
2026-05-11T00:17:30: Error: listen EADDRINUSE: address already in use :::5001
2026-05-11T00:17:30:     at Server.setupListenHandle [as _listen2] (node:net:1940:16)
2026-05-11T00:17:30:     at listenInCluster (node:net:1997:12)
2026-05-11T00:17:30:     at Server.listen (node:net:2102:7)
2026-05-11T00:17:30:     at app.listen (C:\Users\Anmol\OneDrive\Desktop\B\coding-portal\judge\node_modules\express\lib\application.js:635:24)
2026-05-11T00:17:30:     at <anonymous> (C:\Users\Anmol\OneDrive\Desktop\B\coding-portal\judge\src\index.ts:216:5)
2026-05-11T00:17:30:     at ModuleJob.run (node:internal/modules/esm/module_job:430:25)
2026-05-11T00:17:30:     at process.processTicksAndRejections (node:internal/process/task_queues:103:5)
2026-05-11T00:17:30:     at async onImport.tracePromise.__proto__ (node:internal/modules/esm/loader:661:26)
2026-05-11T00:17:30:     at async asyncRunEntryPointWithESMLoader (node:internal/modules/run_main:101:5)
2026-05-11T00:17:30: Emitted 'error' event on Server instance at:
2026-05-11T00:17:30:     at emitErrorNT (node:net:1976:8)
2026-05-11T00:17:30:     at process.processTicksAndRejections (node:internal/process/task_queues:89:21) {
2026-05-11T00:17:30:   code: 'EADDRINUSE',
2026-05-11T00:17:30:   errno: -4091,
2026-05-11T00:17:30:   syscall: 'listen',
2026-05-11T00:17:30:   address: '::',
2026-05-11T00:17:30:   port: 5001
2026-05-11T00:17:30: }
2026-05-11T00:17:30: 
2026-05-11T00:17:30: Node.js v24.13.1
2026-05-11T00:17:32: node:events:486
2026-05-11T00:17:32:       throw er; // Unhandled 'error' event
2026-05-11T00:17:32:       ^
2026-05-11T00:17:32: 
2026-05-11T00:17:32: Error: listen EADDRINUSE: address already in use :::5001
2026-05-11T00:17:32:     at Server.setupListenHandle [as _listen2] (node:net:1940:16)
2026-05-11T00:17:32:     at listenInCluster (node:net:1997:12)
2026-05-11T00:17:32:     at Server.listen (node:net:2102:7)
2026-05-11T00:17:32:     at app.listen (C:\Users\Anmol\OneDrive\Desktop\B\coding-portal\judge\node_modules\express\lib\application.js:635:24)
2026-05-11T00:17:32:     at <anonymous> (C:\Users\Anmol\OneDrive\Desktop\B\coding-portal\judge\src\index.ts:216:5)
2026-05-11T00:17:32:     at ModuleJob.run (node:internal/modules/esm/module_job:430:25)
2026-05-11T00:17:32:     at process.processTicksAndRejections (node:internal/process/task_queues:103:5)
2026-05-11T00:17:32:     at async onImport.tracePromise.__proto__ (node:internal/modules/esm/loader:661:26)
2026-05-11T00:17:32:     at async asyncRunEntryPointWithESMLoader (node:internal/modules/run_main:101:5)
2026-05-11T00:17:32: Emitted 'error' event on Server instance at:
2026-05-11T00:17:32:     at emitErrorNT (node:net:1976:8)
2026-05-11T00:17:32:     at process.processTicksAndRejections (node:internal/process/task_queues:89:21) {
2026-05-11T00:17:32:   code: 'EADDRINUSE',
2026-05-11T00:17:32:   errno: -4091,
2026-05-11T00:17:32:   syscall: 'listen',
2026-05-11T00:17:32:   address: '::',
2026-05-11T00:17:32:   port: 5001
2026-05-11T00:17:32: }
2026-05-11T00:17:32: 
2026-05-11T00:17:32: Node.js v24.13.1
2026-05-11T00:17:35: node:events:486
2026-05-11T00:17:35:       throw er; // Unhandled 'error' event
2026-05-11T00:17:35:       ^
2026-05-11T00:17:35: 
2026-05-11T00:17:35: Error: listen EADDRINUSE: address already in use :::5001
2026-05-11T00:17:35:     at Server.setupListenHandle [as _listen2] (node:net:1940:16)
2026-05-11T00:17:35:     at listenInCluster (node:net:1997:12)
2026-05-11T00:17:35:     at Server.listen (node:net:2102:7)
2026-05-11T00:17:35:     at app.listen (C:\Users\Anmol\OneDrive\Desktop\B\coding-portal\judge\node_modules\express\lib\application.js:635:24)
2026-05-11T00:17:35:     at <anonymous> (C:\Users\Anmol\OneDrive\Desktop\B\coding-portal\judge\src\index.ts:216:5)
2026-05-11T00:17:35:     at ModuleJob.run (node:internal/modules/esm/module_job:430:25)
2026-05-11T00:17:35:     at process.processTicksAndRejections (node:internal/process/task_queues:103:5)
2026-05-11T00:17:35:     at async onImport.tracePromise.__proto__ (node:internal/modules/esm/loader:661:26)
2026-05-11T00:17:35:     at async asyncRunEntryPointWithESMLoader (node:internal/modules/run_main:101:5)
2026-05-11T00:17:35: Emitted 'error' event on Server instance at:
2026-05-11T00:17:35:     at emitErrorNT (node:net:1976:8)
2026-05-11T00:17:35:     at process.processTicksAndRejections (node:internal/process/task_queues:89:21) {
2026-05-11T00:17:35:   code: 'EADDRINUSE',
2026-05-11T00:17:35:   errno: -4091,
2026-05-11T00:17:35:   syscall: 'listen',
2026-05-11T00:17:35:   address: '::',
2026-05-11T00:17:35:   port: 5001
2026-05-11T00:17:35: }
2026-05-11T00:17:35: 
2026-05-11T00:17:35: Node.js v24.13.1
2026-05-11T00:17:37: node:events:486
2026-05-11T00:17:37:       throw er; // Unhandled 'error' event
2026-05-11T00:17:37:       ^
2026-05-11T00:17:37: 
2026-05-11T00:17:37: Error: listen EADDRINUSE: address already in use :::5001
2026-05-11T00:17:37:     at Server.setupListenHandle [as _listen2] (node:net:1940:16)
2026-05-11T00:17:37:     at listenInCluster (node:net:1997:12)
2026-05-11T00:17:37:     at Server.listen (node:net:2102:7)
2026-05-11T00:17:37:     at app.listen (C:\Users\Anmol\OneDrive\Desktop\B\coding-portal\judge\node_modules\express\lib\application.js:635:24)
2026-05-11T00:17:37:     at <anonymous> (C:\Users\Anmol\OneDrive\Desktop\B\coding-portal\judge\src\index.ts:216:5)
2026-05-11T00:17:37:     at ModuleJob.run (node:internal/modules/esm/module_job:430:25)
2026-05-11T00:17:37:     at process.processTicksAndRejections (node:internal/process/task_queues:103:5)
2026-05-11T00:17:37:     at async onImport.tracePromise.__proto__ (node:internal/modules/esm/loader:661:26)
2026-05-11T00:17:37:     at async asyncRunEntryPointWithESMLoader (node:internal/modules/run_main:101:5)
2026-05-11T00:17:37: Emitted 'error' event on Server instance at:
2026-05-11T00:17:37:     at emitErrorNT (node:net:1976:8)
2026-05-11T00:17:37:     at process.processTicksAndRejections (node:internal/process/task_queues:89:21) {
2026-05-11T00:17:37:   code: 'EADDRINUSE',
2026-05-11T00:17:37:   errno: -4091,
2026-05-11T00:17:37:   syscall: 'listen',
2026-05-11T00:17:37:   address: '::',
2026-05-11T00:17:37:   port: 5001
2026-05-11T00:17:37: }
2026-05-11T00:17:37: 
2026-05-11T00:17:37: Node.js v24.13.1
2026-05-11T00:17:39: node:events:486
2026-05-11T00:17:39:       throw er; // Unhandled 'error' event
2026-05-11T00:17:39:       ^
2026-05-11T00:17:39: 
2026-05-11T00:17:39: Error: listen EADDRINUSE: address already in use :::5001
2026-05-11T00:17:39:     at Server.setupListenHandle [as _listen2] (node:net:1940:16)
2026-05-11T00:17:39:     at listenInCluster (node:net:1997:12)
2026-05-11T00:17:39:     at Server.listen (node:net:2102:7)
2026-05-11T00:17:39:     at app.listen (C:\Users\Anmol\OneDrive\Desktop\B\coding-portal\judge\node_modules\express\lib\application.js:635:24)
2026-05-11T00:17:39:     at <anonymous> (C:\Users\Anmol\OneDrive\Desktop\B\coding-portal\judge\src\index.ts:216:5)
2026-05-11T00:17:39:     at ModuleJob.run (node:internal/modules/esm/module_job:430:25)
2026-05-11T00:17:39:     at process.processTicksAndRejections (node:internal/process/task_queues:103:5)
2026-05-11T00:17:39:     at async onImport.tracePromise.__proto__ (node:internal/modules/esm/loader:661:26)
2026-05-11T00:17:39:     at async asyncRunEntryPointWithESMLoader (node:internal/modules/run_main:101:5)
2026-05-11T00:17:39: Emitted 'error' event on Server instance at:
2026-05-11T00:17:39:     at emitErrorNT (node:net:1976:8)
2026-05-11T00:17:39:     at process.processTicksAndRejections (node:internal/process/task_queues:89:21) {
2026-05-11T00:17:39:   code: 'EADDRINUSE',
2026-05-11T00:17:39:   errno: -4091,
2026-05-11T00:17:39:   syscall: 'listen',
2026-05-11T00:17:39:   address: '::',
2026-05-11T00:17:39:   port: 5001
2026-05-11T00:17:39: }
2026-05-11T00:17:39: 
2026-05-11T00:17:39: Node.js v24.13.1
2026-05-11T00:17:41: node:events:486
2026-05-11T00:17:41:       throw er; // Unhandled 'error' event
2026-05-11T00:17:41:       ^
2026-05-11T00:17:41: 
2026-05-11T00:17:41: Error: listen EADDRINUSE: address already in use :::5001
2026-05-11T00:17:41:     at Server.setupListenHandle [as _listen2] (node:net:1940:16)
2026-05-11T00:17:41:     at listenInCluster (node:net:1997:12)
2026-05-11T00:17:41:     at Server.listen (node:net:2102:7)
2026-05-11T00:17:41:     at app.listen (C:\Users\Anmol\OneDrive\Desktop\B\coding-portal\judge\node_modules\express\lib\application.js:635:24)
2026-05-11T00:17:41:     at <anonymous> (C:\Users\Anmol\OneDrive\Desktop\B\coding-portal\judge\src\index.ts:216:5)
2026-05-11T00:17:41:     at ModuleJob.run (node:internal/modules/esm/module_job:430:25)
2026-05-11T00:17:41:     at process.processTicksAndRejections (node:internal/process/task_queues:103:5)
2026-05-11T00:17:41:     at async onImport.tracePromise.__proto__ (node:internal/modules/esm/loader:661:26)
2026-05-11T00:17:41:     at async asyncRunEntryPointWithESMLoader (node:internal/modules/run_main:101:5)
2026-05-11T00:17:41: Emitted 'error' event on Server instance at:
2026-05-11T00:17:41:     at emitErrorNT (node:net:1976:8)
2026-05-11T00:17:41:     at process.processTicksAndRejections (node:internal/process/task_queues:89:21) {
2026-05-11T00:17:41:   code: 'EADDRINUSE',
2026-05-11T00:17:41:   errno: -4091,
2026-05-11T00:17:41:   syscall: 'listen',
2026-05-11T00:17:41:   address: '::',
2026-05-11T00:17:41:   port: 5001
2026-05-11T00:17:41: }
2026-05-11T00:17:41: 
2026-05-11T00:17:41: Node.js v24.13.1
2026-05-11T00:17:43: node:events:486
2026-05-11T00:17:43:       throw er; // Unhandled 'error' event
2026-05-11T00:17:43:       ^
2026-05-11T00:17:43: 
2026-05-11T00:17:43: Error: listen EADDRINUSE: address already in use :::5001
2026-05-11T00:17:43:     at Server.setupListenHandle [as _listen2] (node:net:1940:16)
2026-05-11T00:17:43:     at listenInCluster (node:net:1997:12)
2026-05-11T00:17:43:     at Server.listen (node:net:2102:7)
2026-05-11T00:17:43:     at app.listen (C:\Users\Anmol\OneDrive\Desktop\B\coding-portal\judge\node_modules\express\lib\application.js:635:24)
2026-05-11T00:17:43:     at <anonymous> (C:\Users\Anmol\OneDrive\Desktop\B\coding-portal\judge\src\index.ts:216:5)
2026-05-11T00:17:43:     at ModuleJob.run (node:internal/modules/esm/module_job:430:25)
2026-05-11T00:17:43:     at process.processTicksAndRejections (node:internal/process/task_queues:103:5)
2026-05-11T00:17:43:     at async onImport.tracePromise.__proto__ (node:internal/modules/esm/loader:661:26)
2026-05-11T00:17:43:     at async asyncRunEntryPointWithESMLoader (node:internal/modules/run_main:101:5)
2026-05-11T00:17:43: Emitted 'error' event on Server instance at:
2026-05-11T00:17:43:     at emitErrorNT (node:net:1976:8)
2026-05-11T00:17:43:     at process.processTicksAndRejections (node:internal/process/task_queues:89:21) {
2026-05-11T00:17:43:   code: 'EADDRINUSE',
2026-05-11T00:17:43:   errno: -4091,
2026-05-11T00:17:43:   syscall: 'listen',
2026-05-11T00:17:43:   address: '::',
2026-05-11T00:17:43:   port: 5001
2026-05-11T00:17:43: }
2026-05-11T00:17:43: 
2026-05-11T00:17:43: Node.js v24.13.1
2026-05-11T00:17:45: node:events:486
2026-05-11T00:17:45:       throw er; // Unhandled 'error' event
2026-05-11T00:17:45:       ^
2026-05-11T00:17:45: 
2026-05-11T00:17:45: Error: listen EADDRINUSE: address already in use :::5001
2026-05-11T00:17:45:     at Server.setupListenHandle [as _listen2] (node:net:1940:16)
2026-05-11T00:17:45:     at listenInCluster (node:net:1997:12)
2026-05-11T00:17:45:     at Server.listen (node:net:2102:7)
2026-05-11T00:17:45:     at app.listen (C:\Users\Anmol\OneDrive\Desktop\B\coding-portal\judge\node_modules\express\lib\application.js:635:24)
2026-05-11T00:17:45:     at <anonymous> (C:\Users\Anmol\OneDrive\Desktop\B\coding-portal\judge\src\index.ts:216:5)
2026-05-11T00:17:45:     at ModuleJob.run (node:internal/modules/esm/module_job:430:25)
2026-05-11T00:17:45:     at process.processTicksAndRejections (node:internal/process/task_queues:103:5)
2026-05-11T00:17:45:     at async onImport.tracePromise.__proto__ (node:internal/modules/esm/loader:661:26)
2026-05-11T00:17:45:     at async asyncRunEntryPointWithESMLoader (node:internal/modules/run_main:101:5)
2026-05-11T00:17:45: Emitted 'error' event on Server instance at:
2026-05-11T00:17:45:     at emitErrorNT (node:net:1976:8)
2026-05-11T00:17:45:     at process.processTicksAndRejections (node:internal/process/task_queues:89:21) {
2026-05-11T00:17:45:   code: 'EADDRINUSE',
2026-05-11T00:17:45:   errno: -4091,
2026-05-11T00:17:45:   syscall: 'listen',
2026-05-11T00:17:45:   address: '::',
2026-05-11T00:17:45:   port: 5001
2026-05-11T00:17:45: }
2026-05-11T00:17:45: 
2026-05-11T00:17:45: Node.js v24.13.1
2026-05-11T00:17:55: node:events:486
2026-05-11T00:17:55:       throw er; // Unhandled 'error' event
2026-05-11T00:17:55:       ^
2026-05-11T00:17:55: 
2026-05-11T00:17:55: Error: listen EADDRINUSE: address already in use :::5001
2026-05-11T00:17:55:     at Server.setupListenHandle [as _listen2] (node:net:1940:16)
2026-05-11T00:17:55:     at listenInCluster (node:net:1997:12)
2026-05-11T00:17:55:     at Server.listen (node:net:2102:7)
2026-05-11T00:17:55:     at app.listen (C:\Users\Anmol\OneDrive\Desktop\B\coding-portal\judge\node_modules\express\lib\application.js:635:24)
2026-05-11T00:17:55:     at <anonymous> (C:\Users\Anmol\OneDrive\Desktop\B\coding-portal\judge\src\index.ts:216:5)
2026-05-11T00:17:55:     at ModuleJob.run (node:internal/modules/esm/module_job:430:25)
2026-05-11T00:17:55:     at process.processTicksAndRejections (node:internal/process/task_queues:103:5)
2026-05-11T00:17:55:     at async onImport.tracePromise.__proto__ (node:internal/modules/esm/loader:661:26)
2026-05-11T00:17:55:     at async asyncRunEntryPointWithESMLoader (node:internal/modules/run_main:101:5)
2026-05-11T00:17:55: Emitted 'error' event on Server instance at:
2026-05-11T00:17:55:     at emitErrorNT (node:net:1976:8)
2026-05-11T00:17:55:     at process.processTicksAndRejections (node:internal/process/task_queues:89:21) {
2026-05-11T00:17:55:   code: 'EADDRINUSE',
2026-05-11T00:17:55:   errno: -4091,
2026-05-11T00:17:55:   syscall: 'listen',
2026-05-11T00:17:55:   address: '::',
2026-05-11T00:17:55:   port: 5001
2026-05-11T00:17:55: }
2026-05-11T00:17:55: 
2026-05-11T00:17:55: Node.js v24.13.1
2026-05-11T00:17:56: node:events:486
2026-05-11T00:17:56:       throw er; // Unhandled 'error' event
2026-05-11T00:17:56:       ^
2026-05-11T00:17:56: 
2026-05-11T00:17:56: Error: listen EADDRINUSE: address already in use :::5001
2026-05-11T00:17:56:     at Server.setupListenHandle [as _listen2] (node:net:1940:16)
2026-05-11T00:17:56:     at listenInCluster (node:net:1997:12)
2026-05-11T00:17:56:     at Server.listen (node:net:2102:7)
2026-05-11T00:17:56:     at app.listen (C:\Users\Anmol\OneDrive\Desktop\B\coding-portal\judge\node_modules\express\lib\application.js:635:24)
2026-05-11T00:17:56:     at <anonymous> (C:\Users\Anmol\OneDrive\Desktop\B\coding-portal\judge\src\index.ts:216:5)
2026-05-11T00:17:56:     at ModuleJob.run (node:internal/modules/esm/module_job:430:25)
2026-05-11T00:17:56:     at process.processTicksAndRejections (node:internal/process/task_queues:103:5)
2026-05-11T00:17:56:     at async onImport.tracePromise.__proto__ (node:internal/modules/esm/loader:661:26)
2026-05-11T00:17:56:     at async asyncRunEntryPointWithESMLoader (node:internal/modules/run_main:101:5)
2026-05-11T00:17:56: Emitted 'error' event on Server instance at:
2026-05-11T00:17:56:     at emitErrorNT (node:net:1976:8)
2026-05-11T00:17:56:     at process.processTicksAndRejections (node:internal/process/task_queues:89:21) {
2026-05-11T00:17:56:   code: 'EADDRINUSE',
2026-05-11T00:17:56:   errno: -4091,
2026-05-11T00:17:56:   syscall: 'listen',
2026-05-11T00:17:56:   address: '::',
2026-05-11T00:17:56:   port: 5001
2026-05-11T00:17:56: }
2026-05-11T00:17:56: 
2026-05-11T00:17:56: Node.js v24.13.1
2026-05-11T00:17:58: node:events:486
2026-05-11T00:17:58:       throw er; // Unhandled 'error' event
2026-05-11T00:17:58:       ^
2026-05-11T00:17:58: 
2026-05-11T00:17:58: Error: listen EADDRINUSE: address already in use :::5001
2026-05-11T00:17:58:     at Server.setupListenHandle [as _listen2] (node:net:1940:16)
2026-05-11T00:17:58:     at listenInCluster (node:net:1997:12)
2026-05-11T00:17:58:     at Server.listen (node:net:2102:7)
2026-05-11T00:17:58:     at app.listen (C:\Users\Anmol\OneDrive\Desktop\B\coding-portal\judge\node_modules\express\lib\application.js:635:24)
2026-05-11T00:17:58:     at <anonymous> (C:\Users\Anmol\OneDrive\Desktop\B\coding-portal\judge\src\index.ts:216:5)
2026-05-11T00:17:58:     at ModuleJob.run (node:internal/modules/esm/module_job:430:25)
2026-05-11T00:17:58:     at process.processTicksAndRejections (node:internal/process/task_queues:103:5)
2026-05-11T00:17:58:     at async onImport.tracePromise.__proto__ (node:internal/modules/esm/loader:661:26)
2026-05-11T00:17:58:     at async asyncRunEntryPointWithESMLoader (node:internal/modules/run_main:101:5)
2026-05-11T00:17:58: Emitted 'error' event on Server instance at:
2026-05-11T00:17:58:     at emitErrorNT (node:net:1976:8)
2026-05-11T00:17:58:     at process.processTicksAndRejections (node:internal/process/task_queues:89:21) {
2026-05-11T00:17:58:   code: 'EADDRINUSE',
2026-05-11T00:17:58:   errno: -4091,
2026-05-11T00:17:58:   syscall: 'listen',
2026-05-11T00:17:58:   address: '::',
2026-05-11T00:17:58:   port: 5001
2026-05-11T00:17:58: }
2026-05-11T00:17:58: 
2026-05-11T00:17:58: Node.js v24.13.1
2026-05-11T00:18:00: node:events:486
2026-05-11T00:18:00:       throw er; // Unhandled 'error' event
2026-05-11T00:18:00:       ^
2026-05-11T00:18:00: 
2026-05-11T00:18:00: Error: listen EADDRINUSE: address already in use :::5001
2026-05-11T00:18:00:     at Server.setupListenHandle [as _listen2] (node:net:1940:16)
2026-05-11T00:18:00:     at listenInCluster (node:net:1997:12)
2026-05-11T00:18:00:     at Server.listen (node:net:2102:7)
2026-05-11T00:18:00:     at app.listen (C:\Users\Anmol\OneDrive\Desktop\B\coding-portal\judge\node_modules\express\lib\application.js:635:24)
2026-05-11T00:18:00:     at <anonymous> (C:\Users\Anmol\OneDrive\Desktop\B\coding-portal\judge\src\index.ts:216:5)
2026-05-11T00:18:00:     at ModuleJob.run (node:internal/modules/esm/module_job:430:25)
2026-05-11T00:18:00:     at process.processTicksAndRejections (node:internal/process/task_queues:103:5)
2026-05-11T00:18:00:     at async onImport.tracePromise.__proto__ (node:internal/modules/esm/loader:661:26)
2026-05-11T00:18:00:     at async asyncRunEntryPointWithESMLoader (node:internal/modules/run_main:101:5)
2026-05-11T00:18:00: Emitted 'error' event on Server instance at:
2026-05-11T00:18:00:     at emitErrorNT (node:net:1976:8)
2026-05-11T00:18:00:     at process.processTicksAndRejections (node:internal/process/task_queues:89:21) {
2026-05-11T00:18:00:   code: 'EADDRINUSE',
2026-05-11T00:18:00:   errno: -4091,
2026-05-11T00:18:00:   syscall: 'listen',
2026-05-11T00:18:00:   address: '::',
2026-05-11T00:18:00:   port: 5001
2026-05-11T00:18:00: }
2026-05-11T00:18:00: 
2026-05-11T00:18:00: Node.js v24.13.1
2026-05-11T00:18:02: node:events:486
2026-05-11T00:18:02:       throw er; // Unhandled 'error' event
2026-05-11T00:18:02:       ^
2026-05-11T00:18:02: 
2026-05-11T00:18:02: Error: listen EADDRINUSE: address already in use :::5001
2026-05-11T00:18:02:     at Server.setupListenHandle [as _listen2] (node:net:1940:16)
2026-05-11T00:18:02:     at listenInCluster (node:net:1997:12)
2026-05-11T00:18:02:     at Server.listen (node:net:2102:7)
2026-05-11T00:18:02:     at app.listen (C:\Users\Anmol\OneDrive\Desktop\B\coding-portal\judge\node_modules\express\lib\application.js:635:24)
2026-05-11T00:18:02:     at <anonymous> (C:\Users\Anmol\OneDrive\Desktop\B\coding-portal\judge\src\index.ts:216:5)
2026-05-11T00:18:02:     at ModuleJob.run (node:internal/modules/esm/module_job:430:25)
2026-05-11T00:18:02:     at process.processTicksAndRejections (node:internal/process/task_queues:103:5)
2026-05-11T00:18:02:     at async onImport.tracePromise.__proto__ (node:internal/modules/esm/loader:661:26)
2026-05-11T00:18:02:     at async asyncRunEntryPointWithESMLoader (node:internal/modules/run_main:101:5)
2026-05-11T00:18:02: Emitted 'error' event on Server instance at:
2026-05-11T00:18:02:     at emitErrorNT (node:net:1976:8)
2026-05-11T00:18:02:     at process.processTicksAndRejections (node:internal/process/task_queues:89:21) {
2026-05-11T00:18:02:   code: 'EADDRINUSE',
2026-05-11T00:18:02:   errno: -4091,
2026-05-11T00:18:02:   syscall: 'listen',
2026-05-11T00:18:02:   address: '::',
2026-05-11T00:18:02:   port: 5001
2026-05-11T00:18:02: }
2026-05-11T00:18:02: 
2026-05-11T00:18:02: Node.js v24.13.1
2026-05-11T00:18:06: node:events:486
2026-05-11T00:18:06:       throw er; // Unhandled 'error' event
2026-05-11T00:18:06:       ^
2026-05-11T00:18:06: 
2026-05-11T00:18:06: Error: listen EADDRINUSE: address already in use :::5001
2026-05-11T00:18:06:     at Server.setupListenHandle [as _listen2] (node:net:1940:16)
2026-05-11T00:18:06:     at listenInCluster (node:net:1997:12)
2026-05-11T00:18:06:     at Server.listen (node:net:2102:7)
2026-05-11T00:18:06:     at app.listen (C:\Users\Anmol\OneDrive\Desktop\B\coding-portal\judge\node_modules\express\lib\application.js:635:24)
2026-05-11T00:18:06:     at <anonymous> (C:\Users\Anmol\OneDrive\Desktop\B\coding-portal\judge\src\index.ts:216:5)
2026-05-11T00:18:06:     at ModuleJob.run (node:internal/modules/esm/module_job:430:25)
2026-05-11T00:18:06:     at process.processTicksAndRejections (node:internal/process/task_queues:103:5)
2026-05-11T00:18:06:     at async onImport.tracePromise.__proto__ (node:internal/modules/esm/loader:661:26)
2026-05-11T00:18:06:     at async asyncRunEntryPointWithESMLoader (node:internal/modules/run_main:101:5)
2026-05-11T00:18:06: Emitted 'error' event on Server instance at:
2026-05-11T00:18:06:     at emitErrorNT (node:net:1976:8)
2026-05-11T00:18:06:     at process.processTicksAndRejections (node:internal/process/task_queues:89:21) {
2026-05-11T00:18:06:   code: 'EADDRINUSE',
2026-05-11T00:18:06:   errno: -4091,
2026-05-11T00:18:06:   syscall: 'listen',
2026-05-11T00:18:06:   address: '::',
2026-05-11T00:18:06:   port: 5001
2026-05-11T00:18:06: }
2026-05-11T00:18:06: 
2026-05-11T00:18:06: Node.js v24.13.1
2026-05-11T00:18:07: node:events:486
2026-05-11T00:18:07:       throw er; // Unhandled 'error' event
2026-05-11T00:18:07:       ^
2026-05-11T00:18:07: 
2026-05-11T00:18:07: Error: listen EADDRINUSE: address already in use :::5001
2026-05-11T00:18:07:     at Server.setupListenHandle [as _listen2] (node:net:1940:16)
2026-05-11T00:18:07:     at listenInCluster (node:net:1997:12)
2026-05-11T00:18:07:     at Server.listen (node:net:2102:7)
2026-05-11T00:18:07:     at app.listen (C:\Users\Anmol\OneDrive\Desktop\B\coding-portal\judge\node_modules\express\lib\application.js:635:24)
2026-05-11T00:18:07:     at <anonymous> (C:\Users\Anmol\OneDrive\Desktop\B\coding-portal\judge\src\index.ts:216:5)
2026-05-11T00:18:07:     at ModuleJob.run (node:internal/modules/esm/module_job:430:25)
2026-05-11T00:18:07:     at process.processTicksAndRejections (node:internal/process/task_queues:103:5)
2026-05-11T00:18:07:     at async onImport.tracePromise.__proto__ (node:internal/modules/esm/loader:661:26)
2026-05-11T00:18:07:     at async asyncRunEntryPointWithESMLoader (node:internal/modules/run_main:101:5)
2026-05-11T00:18:07: Emitted 'error' event on Server instance at:
2026-05-11T00:18:07:     at emitErrorNT (node:net:1976:8)
2026-05-11T00:18:07:     at process.processTicksAndRejections (node:internal/process/task_queues:89:21) {
2026-05-11T00:18:07:   code: 'EADDRINUSE',
2026-05-11T00:18:07:   errno: -4091,
2026-05-11T00:18:07:   syscall: 'listen',
2026-05-11T00:18:07:   address: '::',
2026-05-11T00:18:07:   port: 5001
2026-05-11T00:18:07: }
2026-05-11T00:18:07: 
2026-05-11T00:18:07: Node.js v24.13.1
2026-05-11T00:18:10: node:events:486
2026-05-11T00:18:10:       throw er; // Unhandled 'error' event
2026-05-11T00:18:10:       ^
2026-05-11T00:18:10: 
2026-05-11T00:18:10: Error: listen EADDRINUSE: address already in use :::5001
2026-05-11T00:18:10:     at Server.setupListenHandle [as _listen2] (node:net:1940:16)
2026-05-11T00:18:10:     at listenInCluster (node:net:1997:12)
2026-05-11T00:18:10:     at Server.listen (node:net:2102:7)
2026-05-11T00:18:10:     at app.listen (C:\Users\Anmol\OneDrive\Desktop\B\coding-portal\judge\node_modules\express\lib\application.js:635:24)
2026-05-11T00:18:10:     at <anonymous> (C:\Users\Anmol\OneDrive\Desktop\B\coding-portal\judge\src\index.ts:216:5)
2026-05-11T00:18:10:     at ModuleJob.run (node:internal/modules/esm/module_job:430:25)
2026-05-11T00:18:10:     at process.processTicksAndRejections (node:internal/process/task_queues:103:5)
2026-05-11T00:18:10:     at async onImport.tracePromise.__proto__ (node:internal/modules/esm/loader:661:26)
2026-05-11T00:18:10:     at async asyncRunEntryPointWithESMLoader (node:internal/modules/run_main:101:5)
2026-05-11T00:18:10: Emitted 'error' event on Server instance at:
2026-05-11T00:18:10:     at emitErrorNT (node:net:1976:8)
2026-05-11T00:18:10:     at process.processTicksAndRejections (node:internal/process/task_queues:89:21) {
2026-05-11T00:18:10:   code: 'EADDRINUSE',
2026-05-11T00:18:10:   errno: -4091,
2026-05-11T00:18:10:   syscall: 'listen',
2026-05-11T00:18:10:   address: '::',
2026-05-11T00:18:10:   port: 5001
2026-05-11T00:18:10: }
2026-05-11T00:18:10: 
2026-05-11T00:18:10: Node.js v24.13.1
2026-05-11T00:18:11: node:events:486
2026-05-11T00:18:11:       throw er; // Unhandled 'error' event
2026-05-11T00:18:11:       ^
2026-05-11T00:18:11: 
2026-05-11T00:18:11: Error: listen EADDRINUSE: address already in use :::5001
2026-05-11T00:18:11:     at Server.setupListenHandle [as _listen2] (node:net:1940:16)
2026-05-11T00:18:11:     at listenInCluster (node:net:1997:12)
2026-05-11T00:18:11:     at Server.listen (node:net:2102:7)
2026-05-11T00:18:11:     at app.listen (C:\Users\Anmol\OneDrive\Desktop\B\coding-portal\judge\node_modules\express\lib\application.js:635:24)
2026-05-11T00:18:11:     at <anonymous> (C:\Users\Anmol\OneDrive\Desktop\B\coding-portal\judge\src\index.ts:216:5)
2026-05-11T00:18:11:     at ModuleJob.run (node:internal/modules/esm/module_job:430:25)
2026-05-11T00:18:11:     at process.processTicksAndRejections (node:internal/process/task_queues:103:5)
2026-05-11T00:18:11:     at async onImport.tracePromise.__proto__ (node:internal/modules/esm/loader:661:26)
2026-05-11T00:18:11:     at async asyncRunEntryPointWithESMLoader (node:internal/modules/run_main:101:5)
2026-05-11T00:18:11: Emitted 'error' event on Server instance at:
2026-05-11T00:18:11:     at emitErrorNT (node:net:1976:8)
2026-05-11T00:18:11:     at process.processTicksAndRejections (node:internal/process/task_queues:89:21) {
2026-05-11T00:18:11:   code: 'EADDRINUSE',
2026-05-11T00:18:11:   errno: -4091,
2026-05-11T00:18:11:   syscall: 'listen',
2026-05-11T00:18:11:   address: '::',
2026-05-11T00:18:11:   port: 5001
2026-05-11T00:18:11: }
2026-05-11T00:18:11: 
2026-05-11T00:18:11: Node.js v24.13.1
2026-05-11T00:18:13: node:events:486
2026-05-11T00:18:13:       throw er; // Unhandled 'error' event
2026-05-11T00:18:13:       ^
2026-05-11T00:18:13: 
2026-05-11T00:18:13: Error: listen EADDRINUSE: address already in use :::5001
2026-05-11T00:18:13:     at Server.setupListenHandle [as _listen2] (node:net:1940:16)
2026-05-11T00:18:13:     at listenInCluster (node:net:1997:12)
2026-05-11T00:18:13:     at Server.listen (node:net:2102:7)
2026-05-11T00:18:13:     at app.listen (C:\Users\Anmol\OneDrive\Desktop\B\coding-portal\judge\node_modules\express\lib\application.js:635:24)
2026-05-11T00:18:13:     at <anonymous> (C:\Users\Anmol\OneDrive\Desktop\B\coding-portal\judge\src\index.ts:216:5)
2026-05-11T00:18:13:     at ModuleJob.run (node:internal/modules/esm/module_job:430:25)
2026-05-11T00:18:13:     at process.processTicksAndRejections (node:internal/process/task_queues:103:5)
2026-05-11T00:18:13:     at async onImport.tracePromise.__proto__ (node:internal/modules/esm/loader:661:26)
2026-05-11T00:18:13:     at async asyncRunEntryPointWithESMLoader (node:internal/modules/run_main:101:5)
2026-05-11T00:18:13: Emitted 'error' event on Server instance at:
2026-05-11T00:18:13:     at emitErrorNT (node:net:1976:8)
2026-05-11T00:18:13:     at process.processTicksAndRejections (node:internal/process/task_queues:89:21) {
2026-05-11T00:18:13:   code: 'EADDRINUSE',
2026-05-11T00:18:13:   errno: -4091,
2026-05-11T00:18:13:   syscall: 'listen',
2026-05-11T00:18:13:   address: '::',
2026-05-11T00:18:13:   port: 5001
2026-05-11T00:18:13: }
2026-05-11T00:18:13: 
2026-05-11T00:18:13: Node.js v24.13.1
2026-05-11T00:18:15: node:events:486
2026-05-11T00:18:15:       throw er; // Unhandled 'error' event
2026-05-11T00:18:15:       ^
2026-05-11T00:18:15: 
2026-05-11T00:18:15: Error: listen EADDRINUSE: address already in use :::5001
2026-05-11T00:18:15:     at Server.setupListenHandle [as _listen2] (node:net:1940:16)
2026-05-11T00:18:15:     at listenInCluster (node:net:1997:12)
2026-05-11T00:18:15:     at Server.listen (node:net:2102:7)
2026-05-11T00:18:15:     at app.listen (C:\Users\Anmol\OneDrive\Desktop\B\coding-portal\judge\node_modules\express\lib\application.js:635:24)
2026-05-11T00:18:15:     at <anonymous> (C:\Users\Anmol\OneDrive\Desktop\B\coding-portal\judge\src\index.ts:216:5)
2026-05-11T00:18:15:     at ModuleJob.run (node:internal/modules/esm/module_job:430:25)
2026-05-11T00:18:15:     at process.processTicksAndRejections (node:internal/process/task_queues:103:5)
2026-05-11T00:18:15:     at async onImport.tracePromise.__proto__ (node:internal/modules/esm/loader:661:26)
2026-05-11T00:18:15:     at async asyncRunEntryPointWithESMLoader (node:internal/modules/run_main:101:5)
2026-05-11T00:18:15: Emitted 'error' event on Server instance at:
2026-05-11T00:18:15:     at emitErrorNT (node:net:1976:8)
2026-05-11T00:18:15:     at process.processTicksAndRejections (node:internal/process/task_queues:89:21) {
2026-05-11T00:18:15:   code: 'EADDRINUSE',
2026-05-11T00:18:15:   errno: -4091,
2026-05-11T00:18:15:   syscall: 'listen',
2026-05-11T00:18:15:   address: '::',
2026-05-11T00:18:15:   port: 5001
2026-05-11T00:18:15: }
2026-05-11T00:18:15: 
2026-05-11T00:18:15: Node.js v24.13.1
2026-05-11T00:18:17: node:events:486
2026-05-11T00:18:17:       throw er; // Unhandled 'error' event
2026-05-11T00:18:17:       ^
2026-05-11T00:18:17: 
2026-05-11T00:18:17: Error: listen EADDRINUSE: address already in use :::5001
2026-05-11T00:18:17:     at Server.setupListenHandle [as _listen2] (node:net:1940:16)
2026-05-11T00:18:17:     at listenInCluster (node:net:1997:12)
2026-05-11T00:18:17:     at Server.listen (node:net:2102:7)
2026-05-11T00:18:17:     at app.listen (C:\Users\Anmol\OneDrive\Desktop\B\coding-portal\judge\node_modules\express\lib\application.js:635:24)
2026-05-11T00:18:17:     at <anonymous> (C:\Users\Anmol\OneDrive\Desktop\B\coding-portal\judge\src\index.ts:216:5)
2026-05-11T00:18:17:     at ModuleJob.run (node:internal/modules/esm/module_job:430:25)
2026-05-11T00:18:17:     at process.processTicksAndRejections (node:internal/process/task_queues:103:5)
2026-05-11T00:18:17:     at async onImport.tracePromise.__proto__ (node:internal/modules/esm/loader:661:26)
2026-05-11T00:18:17:     at async asyncRunEntryPointWithESMLoader (node:internal/modules/run_main:101:5)
2026-05-11T00:18:17: Emitted 'error' event on Server instance at:
2026-05-11T00:18:17:     at emitErrorNT (node:net:1976:8)
2026-05-11T00:18:17:     at process.processTicksAndRejections (node:internal/process/task_queues:89:21) {
2026-05-11T00:18:17:   code: 'EADDRINUSE',
2026-05-11T00:18:17:   errno: -4091,
2026-05-11T00:18:17:   syscall: 'listen',
2026-05-11T00:18:17:   address: '::',
2026-05-11T00:18:17:   port: 5001
2026-05-11T00:18:17: }
2026-05-11T00:18:17: 
2026-05-11T00:18:17: Node.js v24.13.1
2026-05-11T00:18:19: node:events:486
2026-05-11T00:18:19:       throw er; // Unhandled 'error' event
2026-05-11T00:18:19:       ^
2026-05-11T00:18:19: 
2026-05-11T00:18:19: Error: listen EADDRINUSE: address already in use :::5001
2026-05-11T00:18:19:     at Server.setupListenHandle [as _listen2] (node:net:1940:16)
2026-05-11T00:18:19:     at listenInCluster (node:net:1997:12)
2026-05-11T00:18:19:     at Server.listen (node:net:2102:7)
2026-05-11T00:18:19:     at app.listen (C:\Users\Anmol\OneDrive\Desktop\B\coding-portal\judge\node_modules\express\lib\application.js:635:24)
2026-05-11T00:18:19:     at <anonymous> (C:\Users\Anmol\OneDrive\Desktop\B\coding-portal\judge\src\index.ts:216:5)
2026-05-11T00:18:19:     at ModuleJob.run (node:internal/modules/esm/module_job:430:25)
2026-05-11T00:18:19:     at process.processTicksAndRejections (node:internal/process/task_queues:103:5)
2026-05-11T00:18:19:     at async onImport.tracePromise.__proto__ (node:internal/modules/esm/loader:661:26)
2026-05-11T00:18:19:     at async asyncRunEntryPointWithESMLoader (node:internal/modules/run_main:101:5)
2026-05-11T00:18:19: Emitted 'error' event on Server instance at:
2026-05-11T00:18:19:     at emitErrorNT (node:net:1976:8)
2026-05-11T00:18:19:     at process.processTicksAndRejections (node:internal/process/task_queues:89:21) {
2026-05-11T00:18:19:   code: 'EADDRINUSE',
2026-05-11T00:18:19:   errno: -4091,
2026-05-11T00:18:19:   syscall: 'listen',
2026-05-11T00:18:19:   address: '::',
2026-05-11T00:18:19:   port: 5001
2026-05-11T00:18:19: }
2026-05-11T00:18:19: 
2026-05-11T00:18:19: Node.js v24.13.1
2026-05-11T00:18:21: node:events:486
2026-05-11T00:18:21:       throw er; // Unhandled 'error' event
2026-05-11T00:18:21:       ^
2026-05-11T00:18:21: 
2026-05-11T00:18:21: Error: listen EADDRINUSE: address already in use :::5001
2026-05-11T00:18:21:     at Server.setupListenHandle [as _listen2] (node:net:1940:16)
2026-05-11T00:18:21:     at listenInCluster (node:net:1997:12)
2026-05-11T00:18:21:     at Server.listen (node:net:2102:7)
2026-05-11T00:18:21:     at app.listen (C:\Users\Anmol\OneDrive\Desktop\B\coding-portal\judge\node_modules\express\lib\application.js:635:24)
2026-05-11T00:18:21:     at <anonymous> (C:\Users\Anmol\OneDrive\Desktop\B\coding-portal\judge\src\index.ts:216:5)
2026-05-11T00:18:21:     at ModuleJob.run (node:internal/modules/esm/module_job:430:25)
2026-05-11T00:18:21:     at process.processTicksAndRejections (node:internal/process/task_queues:103:5)
2026-05-11T00:18:21:     at async onImport.tracePromise.__proto__ (node:internal/modules/esm/loader:661:26)
2026-05-11T00:18:21:     at async asyncRunEntryPointWithESMLoader (node:internal/modules/run_main:101:5)
2026-05-11T00:18:21: Emitted 'error' event on Server instance at:
2026-05-11T00:18:21:     at emitErrorNT (node:net:1976:8)
2026-05-11T00:18:21:     at process.processTicksAndRejections (node:internal/process/task_queues:89:21) {
2026-05-11T00:18:21:   code: 'EADDRINUSE',
2026-05-11T00:18:21:   errno: -4091,
2026-05-11T00:18:21:   syscall: 'listen',
2026-05-11T00:18:21:   address: '::',
2026-05-11T00:18:21:   port: 5001
2026-05-11T00:18:21: }
2026-05-11T00:18:21: 
2026-05-11T00:18:21: Node.js v24.13.1
2026-05-11T00:18:23: node:events:486
2026-05-11T00:18:23:       throw er; // Unhandled 'error' event
2026-05-11T00:18:23:       ^
2026-05-11T00:18:23: 
2026-05-11T00:18:23: Error: listen EADDRINUSE: address already in use :::5001
2026-05-11T00:18:23:     at Server.setupListenHandle [as _listen2] (node:net:1940:16)
2026-05-11T00:18:23:     at listenInCluster (node:net:1997:12)
2026-05-11T00:18:23:     at Server.listen (node:net:2102:7)
2026-05-11T00:18:23:     at app.listen (C:\Users\Anmol\OneDrive\Desktop\B\coding-portal\judge\node_modules\express\lib\application.js:635:24)
2026-05-11T00:18:23:     at <anonymous> (C:\Users\Anmol\OneDrive\Desktop\B\coding-portal\judge\src\index.ts:216:5)
2026-05-11T00:18:23:     at ModuleJob.run (node:internal/modules/esm/module_job:430:25)
2026-05-11T00:18:23:     at process.processTicksAndRejections (node:internal/process/task_queues:103:5)
2026-05-11T00:18:23:     at async onImport.tracePromise.__proto__ (node:internal/modules/esm/loader:661:26)
2026-05-11T00:18:23:     at async asyncRunEntryPointWithESMLoader (node:internal/modules/run_main:101:5)
2026-05-11T00:18:23: Emitted 'error' event on Server instance at:
2026-05-11T00:18:23:     at emitErrorNT (node:net:1976:8)
2026-05-11T00:18:23:     at process.processTicksAndRejections (node:internal/process/task_queues:89:21) {
2026-05-11T00:18:23:   code: 'EADDRINUSE',
2026-05-11T00:18:23:   errno: -4091,
2026-05-11T00:18:23:   syscall: 'listen',
2026-05-11T00:18:23:   address: '::',
2026-05-11T00:18:23:   port: 5001
2026-05-11T00:18:23: }
2026-05-11T00:18:23: 
2026-05-11T00:18:23: Node.js v24.13.1
2026-05-11T00:18:25: node:events:486
2026-05-11T00:18:25:       throw er; // Unhandled 'error' event
2026-05-11T00:18:25:       ^
2026-05-11T00:18:25: 
2026-05-11T00:18:25: Error: listen EADDRINUSE: address already in use :::5001
2026-05-11T00:18:25:     at Server.setupListenHandle [as _listen2] (node:net:1940:16)
2026-05-11T00:18:25:     at listenInCluster (node:net:1997:12)
2026-05-11T00:18:25:     at Server.listen (node:net:2102:7)
2026-05-11T00:18:25:     at app.listen (C:\Users\Anmol\OneDrive\Desktop\B\coding-portal\judge\node_modules\express\lib\application.js:635:24)
2026-05-11T00:18:25:     at <anonymous> (C:\Users\Anmol\OneDrive\Desktop\B\coding-portal\judge\src\index.ts:216:5)
2026-05-11T00:18:25:     at ModuleJob.run (node:internal/modules/esm/module_job:430:25)
2026-05-11T00:18:25:     at process.processTicksAndRejections (node:internal/process/task_queues:103:5)
2026-05-11T00:18:25:     at async onImport.tracePromise.__proto__ (node:internal/modules/esm/loader:661:26)
2026-05-11T00:18:25:     at async asyncRunEntryPointWithESMLoader (node:internal/modules/run_main:101:5)
2026-05-11T00:18:25: Emitted 'error' event on Server instance at:
2026-05-11T00:18:25:     at emitErrorNT (node:net:1976:8)
2026-05-11T00:18:25:     at process.processTicksAndRejections (node:internal/process/task_queues:89:21) {
2026-05-11T00:18:25:   code: 'EADDRINUSE',
2026-05-11T00:18:25:   errno: -4091,
2026-05-11T00:18:25:   syscall: 'listen',
2026-05-11T00:18:25:   address: '::',
2026-05-11T00:18:25:   port: 5001
2026-05-11T00:18:25: }
2026-05-11T00:18:25: 
2026-05-11T00:18:25: Node.js v24.13.1
2026-05-11T00:18:27: node:events:486
2026-05-11T00:18:27:       throw er; // Unhandled 'error' event
2026-05-11T00:18:27:       ^
2026-05-11T00:18:27: 
2026-05-11T00:18:27: Error: listen EADDRINUSE: address already in use :::5001
2026-05-11T00:18:27:     at Server.setupListenHandle [as _listen2] (node:net:1940:16)
2026-05-11T00:18:27:     at listenInCluster (node:net:1997:12)
2026-05-11T00:18:27:     at Server.listen (node:net:2102:7)
2026-05-11T00:18:27:     at app.listen (C:\Users\Anmol\OneDrive\Desktop\B\coding-portal\judge\node_modules\express\lib\application.js:635:24)
2026-05-11T00:18:27:     at <anonymous> (C:\Users\Anmol\OneDrive\Desktop\B\coding-portal\judge\src\index.ts:216:5)
2026-05-11T00:18:27:     at ModuleJob.run (node:internal/modules/esm/module_job:430:25)
2026-05-11T00:18:27:     at process.processTicksAndRejections (node:internal/process/task_queues:103:5)
2026-05-11T00:18:27:     at async onImport.tracePromise.__proto__ (node:internal/modules/esm/loader:661:26)
2026-05-11T00:18:27:     at async asyncRunEntryPointWithESMLoader (node:internal/modules/run_main:101:5)
2026-05-11T00:18:27: Emitted 'error' event on Server instance at:
2026-05-11T00:18:27:     at emitErrorNT (node:net:1976:8)
2026-05-11T00:18:27:     at process.processTicksAndRejections (node:internal/process/task_queues:89:21) {
2026-05-11T00:18:27:   code: 'EADDRINUSE',
2026-05-11T00:18:27:   errno: -4091,
2026-05-11T00:18:27:   syscall: 'listen',
2026-05-11T00:18:27:   address: '::',
2026-05-11T00:18:27:   port: 5001
2026-05-11T00:18:27: }
2026-05-11T00:18:27: 
2026-05-11T00:18:27: Node.js v24.13.1
2026-05-11T00:18:29: node:events:486
2026-05-11T00:18:29:       throw er; // Unhandled 'error' event
2026-05-11T00:18:29:       ^
2026-05-11T00:18:29: 
2026-05-11T00:18:29: Error: listen EADDRINUSE: address already in use :::5001
2026-05-11T00:18:29:     at Server.setupListenHandle [as _listen2] (node:net:1940:16)
2026-05-11T00:18:29:     at listenInCluster (node:net:1997:12)
2026-05-11T00:18:29:     at Server.listen (node:net:2102:7)
2026-05-11T00:18:29:     at app.listen (C:\Users\Anmol\OneDrive\Desktop\B\coding-portal\judge\node_modules\express\lib\application.js:635:24)
2026-05-11T00:18:29:     at <anonymous> (C:\Users\Anmol\OneDrive\Desktop\B\coding-portal\judge\src\index.ts:216:5)
2026-05-11T00:18:29:     at ModuleJob.run (node:internal/modules/esm/module_job:430:25)
2026-05-11T00:18:29:     at process.processTicksAndRejections (node:internal/process/task_queues:103:5)
2026-05-11T00:18:29:     at async onImport.tracePromise.__proto__ (node:internal/modules/esm/loader:661:26)
2026-05-11T00:18:29:     at async asyncRunEntryPointWithESMLoader (node:internal/modules/run_main:101:5)
2026-05-11T00:18:29: Emitted 'error' event on Server instance at:
2026-05-11T00:18:29:     at emitErrorNT (node:net:1976:8)
2026-05-11T00:18:29:     at process.processTicksAndRejections (node:internal/process/task_queues:89:21) {
2026-05-11T00:18:29:   code: 'EADDRINUSE',
2026-05-11T00:18:29:   errno: -4091,
2026-05-11T00:18:29:   syscall: 'listen',
2026-05-11T00:18:29:   address: '::',
2026-05-11T00:18:29:   port: 5001
2026-05-11T00:18:29: }
2026-05-11T00:18:29: 
2026-05-11T00:18:29: Node.js v24.13.1
2026-05-11T00:18:31: node:events:486
2026-05-11T00:18:31:       throw er; // Unhandled 'error' event
2026-05-11T00:18:31:       ^
2026-05-11T00:18:31: 
2026-05-11T00:18:31: Error: listen EADDRINUSE: address already in use :::5001
2026-05-11T00:18:31:     at Server.setupListenHandle [as _listen2] (node:net:1940:16)
2026-05-11T00:18:31:     at listenInCluster (node:net:1997:12)
2026-05-11T00:18:31:     at Server.listen (node:net:2102:7)
2026-05-11T00:18:31:     at app.listen (C:\Users\Anmol\OneDrive\Desktop\B\coding-portal\judge\node_modules\express\lib\application.js:635:24)
2026-05-11T00:18:31:     at <anonymous> (C:\Users\Anmol\OneDrive\Desktop\B\coding-portal\judge\src\index.ts:216:5)
2026-05-11T00:18:31:     at ModuleJob.run (node:internal/modules/esm/module_job:430:25)
2026-05-11T00:18:31:     at process.processTicksAndRejections (node:internal/process/task_queues:103:5)
2026-05-11T00:18:31:     at async onImport.tracePromise.__proto__ (node:internal/modules/esm/loader:661:26)
2026-05-11T00:18:31:     at async asyncRunEntryPointWithESMLoader (node:internal/modules/run_main:101:5)
2026-05-11T00:18:31: Emitted 'error' event on Server instance at:
2026-05-11T00:18:31:     at emitErrorNT (node:net:1976:8)
2026-05-11T00:18:31:     at process.processTicksAndRejections (node:internal/process/task_queues:89:21) {
2026-05-11T00:18:31:   code: 'EADDRINUSE',
2026-05-11T00:18:31:   errno: -4091,
2026-05-11T00:18:31:   syscall: 'listen',
2026-05-11T00:18:31:   address: '::',
2026-05-11T00:18:31:   port: 5001
2026-05-11T00:18:31: }
2026-05-11T00:18:31: 
2026-05-11T00:18:31: Node.js v24.13.1
2026-05-11T00:18:33: node:events:486
2026-05-11T00:18:33:       throw er; // Unhandled 'error' event
2026-05-11T00:18:33:       ^
2026-05-11T00:18:33: 
2026-05-11T00:18:33: Error: listen EADDRINUSE: address already in use :::5001
2026-05-11T00:18:33:     at Server.setupListenHandle [as _listen2] (node:net:1940:16)
2026-05-11T00:18:33:     at listenInCluster (node:net:1997:12)
2026-05-11T00:18:33:     at Server.listen (node:net:2102:7)
2026-05-11T00:18:33:     at app.listen (C:\Users\Anmol\OneDrive\Desktop\B\coding-portal\judge\node_modules\express\lib\application.js:635:24)
2026-05-11T00:18:33:     at <anonymous> (C:\Users\Anmol\OneDrive\Desktop\B\coding-portal\judge\src\index.ts:216:5)
2026-05-11T00:18:33:     at ModuleJob.run (node:internal/modules/esm/module_job:430:25)
2026-05-11T00:18:33:     at process.processTicksAndRejections (node:internal/process/task_queues:103:5)
2026-05-11T00:18:33:     at async onImport.tracePromise.__proto__ (node:internal/modules/esm/loader:661:26)
2026-05-11T00:18:33:     at async asyncRunEntryPointWithESMLoader (node:internal/modules/run_main:101:5)
2026-05-11T00:18:33: Emitted 'error' event on Server instance at:
2026-05-11T00:18:33:     at emitErrorNT (node:net:1976:8)
2026-05-11T00:18:33:     at process.processTicksAndRejections (node:internal/process/task_queues:89:21) {
2026-05-11T00:18:33:   code: 'EADDRINUSE',
2026-05-11T00:18:33:   errno: -4091,
2026-05-11T00:18:33:   syscall: 'listen',
2026-05-11T00:18:33:   address: '::',
2026-05-11T00:18:33:   port: 5001
2026-05-11T00:18:33: }
2026-05-11T00:18:33: 
2026-05-11T00:18:33: Node.js v24.13.1
2026-05-11T00:18:36: node:events:486
2026-05-11T00:18:36:       throw er; // Unhandled 'error' event
2026-05-11T00:18:36:       ^
2026-05-11T00:18:36: 
2026-05-11T00:18:36: Error: listen EADDRINUSE: address already in use :::5001
2026-05-11T00:18:36:     at Server.setupListenHandle [as _listen2] (node:net:1940:16)
2026-05-11T00:18:36:     at listenInCluster (node:net:1997:12)
2026-05-11T00:18:36:     at Server.listen (node:net:2102:7)
2026-05-11T00:18:36:     at app.listen (C:\Users\Anmol\OneDrive\Desktop\B\coding-portal\judge\node_modules\express\lib\application.js:635:24)
2026-05-11T00:18:36:     at <anonymous> (C:\Users\Anmol\OneDrive\Desktop\B\coding-portal\judge\src\index.ts:216:5)
2026-05-11T00:18:36:     at ModuleJob.run (node:internal/modules/esm/module_job:430:25)
2026-05-11T00:18:36:     at process.processTicksAndRejections (node:internal/process/task_queues:103:5)
2026-05-11T00:18:36:     at async onImport.tracePromise.__proto__ (node:internal/modules/esm/loader:661:26)
2026-05-11T00:18:36:     at async asyncRunEntryPointWithESMLoader (node:internal/modules/run_main:101:5)
2026-05-11T00:18:36: Emitted 'error' event on Server instance at:
2026-05-11T00:18:36:     at emitErrorNT (node:net:1976:8)
2026-05-11T00:18:36:     at process.processTicksAndRejections (node:internal/process/task_queues:89:21) {
2026-05-11T00:18:36:   code: 'EADDRINUSE',
2026-05-11T00:18:36:   errno: -4091,
2026-05-11T00:18:36:   syscall: 'listen',
2026-05-11T00:18:36:   address: '::',
2026-05-11T00:18:36:   port: 5001
2026-05-11T00:18:36: }
2026-05-11T00:18:36: 
2026-05-11T00:18:36: Node.js v24.13.1
2026-05-11T00:18:43: node:events:486
2026-05-11T00:18:43:       throw er; // Unhandled 'error' event
2026-05-11T00:18:43:       ^
2026-05-11T00:18:43: 
2026-05-11T00:18:43: Error: listen EADDRINUSE: address already in use :::5001
2026-05-11T00:18:43:     at Server.setupListenHandle [as _listen2] (node:net:1940:16)
2026-05-11T00:18:43:     at listenInCluster (node:net:1997:12)
2026-05-11T00:18:43:     at Server.listen (node:net:2102:7)
2026-05-11T00:18:43:     at app.listen (C:\Users\Anmol\OneDrive\Desktop\B\coding-portal\judge\node_modules\express\lib\application.js:635:24)
2026-05-11T00:18:43:     at <anonymous> (C:\Users\Anmol\OneDrive\Desktop\B\coding-portal\judge\src\index.ts:216:5)
2026-05-11T00:18:43:     at ModuleJob.run (node:internal/modules/esm/module_job:430:25)
2026-05-11T00:18:43:     at process.processTicksAndRejections (node:internal/process/task_queues:103:5)
2026-05-11T00:18:43:     at async onImport.tracePromise.__proto__ (node:internal/modules/esm/loader:661:26)
2026-05-11T00:18:43:     at async asyncRunEntryPointWithESMLoader (node:internal/modules/run_main:101:5)
2026-05-11T00:18:43: Emitted 'error' event on Server instance at:
2026-05-11T00:18:43:     at emitErrorNT (node:net:1976:8)
2026-05-11T00:18:43:     at process.processTicksAndRejections (node:internal/process/task_queues:89:21) {
2026-05-11T00:18:43:   code: 'EADDRINUSE',
2026-05-11T00:18:43:   errno: -4091,
2026-05-11T00:18:43:   syscall: 'listen',
2026-05-11T00:18:43:   address: '::',
2026-05-11T00:18:43:   port: 5001
2026-05-11T00:18:43: }
2026-05-11T00:18:43: 
2026-05-11T00:18:43: Node.js v24.13.1
2026-05-11T00:18:45: node:events:486
2026-05-11T00:18:45:       throw er; // Unhandled 'error' event
2026-05-11T00:18:45:       ^
2026-05-11T00:18:45: 
2026-05-11T00:18:45: Error: listen EADDRINUSE: address already in use :::5001
2026-05-11T00:18:45:     at Server.setupListenHandle [as _listen2] (node:net:1940:16)
2026-05-11T00:18:45:     at listenInCluster (node:net:1997:12)
2026-05-11T00:18:45:     at Server.listen (node:net:2102:7)
2026-05-11T00:18:45:     at app.listen (C:\Users\Anmol\OneDrive\Desktop\B\coding-portal\judge\node_modules\express\lib\application.js:635:24)
2026-05-11T00:18:45:     at <anonymous> (C:\Users\Anmol\OneDrive\Desktop\B\coding-portal\judge\src\index.ts:216:5)
2026-05-11T00:18:45:     at ModuleJob.run (node:internal/modules/esm/module_job:430:25)
2026-05-11T00:18:45:     at process.processTicksAndRejections (node:internal/process/task_queues:103:5)
2026-05-11T00:18:45:     at async onImport.tracePromise.__proto__ (node:internal/modules/esm/loader:661:26)
2026-05-11T00:18:45:     at async asyncRunEntryPointWithESMLoader (node:internal/modules/run_main:101:5)
2026-05-11T00:18:45: Emitted 'error' event on Server instance at:
2026-05-11T00:18:45:     at emitErrorNT (node:net:1976:8)
2026-05-11T00:18:45:     at process.processTicksAndRejections (node:internal/process/task_queues:89:21) {
2026-05-11T00:18:45:   code: 'EADDRINUSE',
2026-05-11T00:18:45:   errno: -4091,
2026-05-11T00:18:45:   syscall: 'listen',
2026-05-11T00:18:45:   address: '::',
2026-05-11T00:18:45:   port: 5001
2026-05-11T00:18:45: }
2026-05-11T00:18:45: 
2026-05-11T00:18:45: Node.js v24.13.1
2026-05-11T00:18:47: node:events:486
2026-05-11T00:18:47:       throw er; // Unhandled 'error' event
2026-05-11T00:18:47:       ^
2026-05-11T00:18:47: 
2026-05-11T00:18:47: Error: listen EADDRINUSE: address already in use :::5001
2026-05-11T00:18:47:     at Server.setupListenHandle [as _listen2] (node:net:1940:16)
2026-05-11T00:18:47:     at listenInCluster (node:net:1997:12)
2026-05-11T00:18:47:     at Server.listen (node:net:2102:7)
2026-05-11T00:18:47:     at app.listen (C:\Users\Anmol\OneDrive\Desktop\B\coding-portal\judge\node_modules\express\lib\application.js:635:24)
2026-05-11T00:18:47:     at <anonymous> (C:\Users\Anmol\OneDrive\Desktop\B\coding-portal\judge\src\index.ts:216:5)
2026-05-11T00:18:47:     at ModuleJob.run (node:internal/modules/esm/module_job:430:25)
2026-05-11T00:18:47:     at process.processTicksAndRejections (node:internal/process/task_queues:103:5)
2026-05-11T00:18:47:     at async onImport.tracePromise.__proto__ (node:internal/modules/esm/loader:661:26)
2026-05-11T00:18:47:     at async asyncRunEntryPointWithESMLoader (node:internal/modules/run_main:101:5)
2026-05-11T00:18:47: Emitted 'error' event on Server instance at:
2026-05-11T00:18:47:     at emitErrorNT (node:net:1976:8)
2026-05-11T00:18:47:     at process.processTicksAndRejections (node:internal/process/task_queues:89:21) {
2026-05-11T00:18:47:   code: 'EADDRINUSE',
2026-05-11T00:18:47:   errno: -4091,
2026-05-11T00:18:47:   syscall: 'listen',
2026-05-11T00:18:47:   address: '::',
2026-05-11T00:18:47:   port: 5001
2026-05-11T00:18:47: }
2026-05-11T00:18:47: 
2026-05-11T00:18:47: Node.js v24.13.1
2026-05-11T00:18:49: node:events:486
2026-05-11T00:18:49:       throw er; // Unhandled 'error' event
2026-05-11T00:18:49:       ^
2026-05-11T00:18:49: 
2026-05-11T00:18:49: Error: listen EADDRINUSE: address already in use :::5001
2026-05-11T00:18:49:     at Server.setupListenHandle [as _listen2] (node:net:1940:16)
2026-05-11T00:18:49:     at listenInCluster (node:net:1997:12)
2026-05-11T00:18:49:     at Server.listen (node:net:2102:7)
2026-05-11T00:18:49:     at app.listen (C:\Users\Anmol\OneDrive\Desktop\B\coding-portal\judge\node_modules\express\lib\application.js:635:24)
2026-05-11T00:18:49:     at <anonymous> (C:\Users\Anmol\OneDrive\Desktop\B\coding-portal\judge\src\index.ts:216:5)
2026-05-11T00:18:49:     at ModuleJob.run (node:internal/modules/esm/module_job:430:25)
2026-05-11T00:18:49:     at process.processTicksAndRejections (node:internal/process/task_queues:103:5)
2026-05-11T00:18:49:     at async onImport.tracePromise.__proto__ (node:internal/modules/esm/loader:661:26)
2026-05-11T00:18:49:     at async asyncRunEntryPointWithESMLoader (node:internal/modules/run_main:101:5)
2026-05-11T00:18:49: Emitted 'error' event on Server instance at:
2026-05-11T00:18:49:     at emitErrorNT (node:net:1976:8)
2026-05-11T00:18:49:     at process.processTicksAndRejections (node:internal/process/task_queues:89:21) {
2026-05-11T00:18:49:   code: 'EADDRINUSE',
2026-05-11T00:18:49:   errno: -4091,
2026-05-11T00:18:49:   syscall: 'listen',
2026-05-11T00:18:49:   address: '::',
2026-05-11T00:18:49:   port: 5001
2026-05-11T00:18:49: }
2026-05-11T00:18:49: 
2026-05-11T00:18:49: Node.js v24.13.1
2026-05-11T00:18:52: node:events:486
2026-05-11T00:18:52:       throw er; // Unhandled 'error' event
2026-05-11T00:18:52:       ^
2026-05-11T00:18:52: 
2026-05-11T00:18:52: Error: listen EADDRINUSE: address already in use :::5001
2026-05-11T00:18:52:     at Server.setupListenHandle [as _listen2] (node:net:1940:16)
2026-05-11T00:18:52:     at listenInCluster (node:net:1997:12)
2026-05-11T00:18:52:     at Server.listen (node:net:2102:7)
2026-05-11T00:18:52:     at app.listen (C:\Users\Anmol\OneDrive\Desktop\B\coding-portal\judge\node_modules\express\lib\application.js:635:24)
2026-05-11T00:18:52:     at <anonymous> (C:\Users\Anmol\OneDrive\Desktop\B\coding-portal\judge\src\index.ts:216:5)
2026-05-11T00:18:52:     at ModuleJob.run (node:internal/modules/esm/module_job:430:25)
2026-05-11T00:18:52:     at process.processTicksAndRejections (node:internal/process/task_queues:103:5)
2026-05-11T00:18:52:     at async onImport.tracePromise.__proto__ (node:internal/modules/esm/loader:661:26)
2026-05-11T00:18:52:     at async asyncRunEntryPointWithESMLoader (node:internal/modules/run_main:101:5)
2026-05-11T00:18:52: Emitted 'error' event on Server instance at:
2026-05-11T00:18:52:     at emitErrorNT (node:net:1976:8)
2026-05-11T00:18:52:     at process.processTicksAndRejections (node:internal/process/task_queues:89:21) {
2026-05-11T00:18:52:   code: 'EADDRINUSE',
2026-05-11T00:18:52:   errno: -4091,
2026-05-11T00:18:52:   syscall: 'listen',
2026-05-11T00:18:52:   address: '::',
2026-05-11T00:18:52:   port: 5001
2026-05-11T00:18:52: }
2026-05-11T00:18:52: 
2026-05-11T00:18:52: Node.js v24.13.1
2026-05-11T00:18:54: node:events:486
2026-05-11T00:18:54:       throw er; // Unhandled 'error' event
2026-05-11T00:18:54:       ^
2026-05-11T00:18:54: 
2026-05-11T00:18:54: Error: listen EADDRINUSE: address already in use :::5001
2026-05-11T00:18:54:     at Server.setupListenHandle [as _listen2] (node:net:1940:16)
2026-05-11T00:18:54:     at listenInCluster (node:net:1997:12)
2026-05-11T00:18:54:     at Server.listen (node:net:2102:7)
2026-05-11T00:18:54:     at app.listen (C:\Users\Anmol\OneDrive\Desktop\B\coding-portal\judge\node_modules\express\lib\application.js:635:24)
2026-05-11T00:18:54:     at <anonymous> (C:\Users\Anmol\OneDrive\Desktop\B\coding-portal\judge\src\index.ts:216:5)
2026-05-11T00:18:54:     at ModuleJob.run (node:internal/modules/esm/module_job:430:25)
2026-05-11T00:18:54:     at process.processTicksAndRejections (node:internal/process/task_queues:103:5)
2026-05-11T00:18:54:     at async onImport.tracePromise.__proto__ (node:internal/modules/esm/loader:661:26)
2026-05-11T00:18:54:     at async asyncRunEntryPointWithESMLoader (node:internal/modules/run_main:101:5)
2026-05-11T00:18:54: Emitted 'error' event on Server instance at:
2026-05-11T00:18:54:     at emitErrorNT (node:net:1976:8)
2026-05-11T00:18:54:     at process.processTicksAndRejections (node:internal/process/task_queues:89:21) {
2026-05-11T00:18:54:   code: 'EADDRINUSE',
2026-05-11T00:18:54:   errno: -4091,
2026-05-11T00:18:54:   syscall: 'listen',
2026-05-11T00:18:54:   address: '::',
2026-05-11T00:18:54:   port: 5001
2026-05-11T00:18:54: }
2026-05-11T00:18:54: 
2026-05-11T00:18:54: Node.js v24.13.1
2026-05-11T00:18:56: node:events:486
2026-05-11T00:18:56:       throw er; // Unhandled 'error' event
2026-05-11T00:18:56:       ^
2026-05-11T00:18:56: 
2026-05-11T00:18:56: Error: listen EADDRINUSE: address already in use :::5001
2026-05-11T00:18:56:     at Server.setupListenHandle [as _listen2] (node:net:1940:16)
2026-05-11T00:18:56:     at listenInCluster (node:net:1997:12)
2026-05-11T00:18:56:     at Server.listen (node:net:2102:7)
2026-05-11T00:18:56:     at app.listen (C:\Users\Anmol\OneDrive\Desktop\B\coding-portal\judge\node_modules\express\lib\application.js:635:24)
2026-05-11T00:18:56:     at <anonymous> (C:\Users\Anmol\OneDrive\Desktop\B\coding-portal\judge\src\index.ts:216:5)
2026-05-11T00:18:56:     at ModuleJob.run (node:internal/modules/esm/module_job:430:25)
2026-05-11T00:18:56:     at process.processTicksAndRejections (node:internal/process/task_queues:103:5)
2026-05-11T00:18:56:     at async onImport.tracePromise.__proto__ (node:internal/modules/esm/loader:661:26)
2026-05-11T00:18:56:     at async asyncRunEntryPointWithESMLoader (node:internal/modules/run_main:101:5)
2026-05-11T00:18:56: Emitted 'error' event on Server instance at:
2026-05-11T00:18:56:     at emitErrorNT (node:net:1976:8)
2026-05-11T00:18:56:     at process.processTicksAndRejections (node:internal/process/task_queues:89:21) {
2026-05-11T00:18:56:   code: 'EADDRINUSE',
2026-05-11T00:18:56:   errno: -4091,
2026-05-11T00:18:56:   syscall: 'listen',
2026-05-11T00:18:56:   address: '::',
2026-05-11T00:18:56:   port: 5001
2026-05-11T00:18:56: }
2026-05-11T00:18:56: 
2026-05-11T00:18:56: Node.js v24.13.1
2026-05-11T00:18:59: node:events:486
2026-05-11T00:18:59:       throw er; // Unhandled 'error' event
2026-05-11T00:18:59:       ^
2026-05-11T00:18:59: 
2026-05-11T00:18:59: Error: listen EADDRINUSE: address already in use :::5001
2026-05-11T00:18:59:     at Server.setupListenHandle [as _listen2] (node:net:1940:16)
2026-05-11T00:18:59:     at listenInCluster (node:net:1997:12)
2026-05-11T00:18:59:     at Server.listen (node:net:2102:7)
2026-05-11T00:18:59:     at app.listen (C:\Users\Anmol\OneDrive\Desktop\B\coding-portal\judge\node_modules\express\lib\application.js:635:24)
2026-05-11T00:18:59:     at <anonymous> (C:\Users\Anmol\OneDrive\Desktop\B\coding-portal\judge\src\index.ts:216:5)
2026-05-11T00:18:59:     at ModuleJob.run (node:internal/modules/esm/module_job:430:25)
2026-05-11T00:18:59:     at process.processTicksAndRejections (node:internal/process/task_queues:103:5)
2026-05-11T00:18:59:     at async onImport.tracePromise.__proto__ (node:internal/modules/esm/loader:661:26)
2026-05-11T00:18:59:     at async asyncRunEntryPointWithESMLoader (node:internal/modules/run_main:101:5)
2026-05-11T00:18:59: Emitted 'error' event on Server instance at:
2026-05-11T00:18:59:     at emitErrorNT (node:net:1976:8)
2026-05-11T00:18:59:     at process.processTicksAndRejections (node:internal/process/task_queues:89:21) {
2026-05-11T00:18:59:   code: 'EADDRINUSE',
2026-05-11T00:18:59:   errno: -4091,
2026-05-11T00:18:59:   syscall: 'listen',
2026-05-11T00:18:59:   address: '::',
2026-05-11T00:18:59:   port: 5001
2026-05-11T00:18:59: }
2026-05-11T00:18:59: 
2026-05-11T00:18:59: Node.js v24.13.1
2026-05-11T00:19:01: node:events:486
2026-05-11T00:19:01:       throw er; // Unhandled 'error' event
2026-05-11T00:19:01:       ^
2026-05-11T00:19:01: 
2026-05-11T00:19:01: Error: listen EADDRINUSE: address already in use :::5001
2026-05-11T00:19:01:     at Server.setupListenHandle [as _listen2] (node:net:1940:16)
2026-05-11T00:19:01:     at listenInCluster (node:net:1997:12)
2026-05-11T00:19:01:     at Server.listen (node:net:2102:7)
2026-05-11T00:19:01:     at app.listen (C:\Users\Anmol\OneDrive\Desktop\B\coding-portal\judge\node_modules\express\lib\application.js:635:24)
2026-05-11T00:19:01:     at <anonymous> (C:\Users\Anmol\OneDrive\Desktop\B\coding-portal\judge\src\index.ts:216:5)
2026-05-11T00:19:01:     at ModuleJob.run (node:internal/modules/esm/module_job:430:25)
2026-05-11T00:19:01:     at process.processTicksAndRejections (node:internal/process/task_queues:103:5)
2026-05-11T00:19:01:     at async onImport.tracePromise.__proto__ (node:internal/modules/esm/loader:661:26)
2026-05-11T00:19:01:     at async asyncRunEntryPointWithESMLoader (node:internal/modules/run_main:101:5)
2026-05-11T00:19:01: Emitted 'error' event on Server instance at:
2026-05-11T00:19:01:     at emitErrorNT (node:net:1976:8)
2026-05-11T00:19:01:     at process.processTicksAndRejections (node:internal/process/task_queues:89:21) {
2026-05-11T00:19:01:   code: 'EADDRINUSE',
2026-05-11T00:19:01:   errno: -4091,
2026-05-11T00:19:01:   syscall: 'listen',
2026-05-11T00:19:01:   address: '::',
2026-05-11T00:19:01:   port: 5001
2026-05-11T00:19:01: }
2026-05-11T00:19:01: 
2026-05-11T00:19:01: Node.js v24.13.1
2026-05-11T00:19:02: node:events:486
2026-05-11T00:19:02:       throw er; // Unhandled 'error' event
2026-05-11T00:19:02:       ^
2026-05-11T00:19:02: 
2026-05-11T00:19:02: Error: listen EADDRINUSE: address already in use :::5001
2026-05-11T00:19:02:     at Server.setupListenHandle [as _listen2] (node:net:1940:16)
2026-05-11T00:19:02:     at listenInCluster (node:net:1997:12)
2026-05-11T00:19:02:     at Server.listen (node:net:2102:7)
2026-05-11T00:19:02:     at app.listen (C:\Users\Anmol\OneDrive\Desktop\B\coding-portal\judge\node_modules\express\lib\application.js:635:24)
2026-05-11T00:19:02:     at <anonymous> (C:\Users\Anmol\OneDrive\Desktop\B\coding-portal\judge\src\index.ts:216:5)
2026-05-11T00:19:02:     at ModuleJob.run (node:internal/modules/esm/module_job:430:25)
2026-05-11T00:19:02:     at process.processTicksAndRejections (node:internal/process/task_queues:103:5)
2026-05-11T00:19:02:     at async onImport.tracePromise.__proto__ (node:internal/modules/esm/loader:661:26)
2026-05-11T00:19:02:     at async asyncRunEntryPointWithESMLoader (node:internal/modules/run_main:101:5)
2026-05-11T00:19:02: Emitted 'error' event on Server instance at:
2026-05-11T00:19:02:     at emitErrorNT (node:net:1976:8)
2026-05-11T00:19:02:     at process.processTicksAndRejections (node:internal/process/task_queues:89:21) {
2026-05-11T00:19:02:   code: 'EADDRINUSE',
2026-05-11T00:19:02:   errno: -4091,
2026-05-11T00:19:02:   syscall: 'listen',
2026-05-11T00:19:02:   address: '::',
2026-05-11T00:19:02:   port: 5001
2026-05-11T00:19:02: }
2026-05-11T00:19:02: 
2026-05-11T00:19:02: Node.js v24.13.1
2026-05-11T00:19:06: node:events:486
2026-05-11T00:19:06:       throw er; // Unhandled 'error' event
2026-05-11T00:19:06:       ^
2026-05-11T00:19:06: 
2026-05-11T00:19:06: Error: listen EADDRINUSE: address already in use :::5001
2026-05-11T00:19:06:     at Server.setupListenHandle [as _listen2] (node:net:1940:16)
2026-05-11T00:19:06:     at listenInCluster (node:net:1997:12)
2026-05-11T00:19:06:     at Server.listen (node:net:2102:7)
2026-05-11T00:19:06:     at app.listen (C:\Users\Anmol\OneDrive\Desktop\B\coding-portal\judge\node_modules\express\lib\application.js:635:24)
2026-05-11T00:19:06:     at <anonymous> (C:\Users\Anmol\OneDrive\Desktop\B\coding-portal\judge\src\index.ts:216:5)
2026-05-11T00:19:06:     at ModuleJob.run (node:internal/modules/esm/module_job:430:25)
2026-05-11T00:19:06:     at process.processTicksAndRejections (node:internal/process/task_queues:103:5)
2026-05-11T00:19:06:     at async onImport.tracePromise.__proto__ (node:internal/modules/esm/loader:661:26)
2026-05-11T00:19:06:     at async asyncRunEntryPointWithESMLoader (node:internal/modules/run_main:101:5)
2026-05-11T00:19:06: Emitted 'error' event on Server instance at:
2026-05-11T00:19:06:     at emitErrorNT (node:net:1976:8)
2026-05-11T00:19:06:     at process.processTicksAndRejections (node:internal/process/task_queues:89:21) {
2026-05-11T00:19:06:   code: 'EADDRINUSE',
2026-05-11T00:19:06:   errno: -4091,
2026-05-11T00:19:06:   syscall: 'listen',
2026-05-11T00:19:06:   address: '::',
2026-05-11T00:19:06:   port: 5001
2026-05-11T00:19:06: }
2026-05-11T00:19:06: 
2026-05-11T00:19:06: Node.js v24.13.1
2026-05-11T00:19:09: node:events:486
2026-05-11T00:19:09:       throw er; // Unhandled 'error' event
2026-05-11T00:19:09:       ^
2026-05-11T00:19:09: 
2026-05-11T00:19:09: Error: listen EADDRINUSE: address already in use :::5001
2026-05-11T00:19:09:     at Server.setupListenHandle [as _listen2] (node:net:1940:16)
2026-05-11T00:19:09:     at listenInCluster (node:net:1997:12)
2026-05-11T00:19:09:     at Server.listen (node:net:2102:7)
2026-05-11T00:19:09:     at app.listen (C:\Users\Anmol\OneDrive\Desktop\B\coding-portal\judge\node_modules\express\lib\application.js:635:24)
2026-05-11T00:19:09:     at <anonymous> (C:\Users\Anmol\OneDrive\Desktop\B\coding-portal\judge\src\index.ts:216:5)
2026-05-11T00:19:09:     at ModuleJob.run (node:internal/modules/esm/module_job:430:25)
2026-05-11T00:19:09:     at process.processTicksAndRejections (node:internal/process/task_queues:103:5)
2026-05-11T00:19:09:     at async onImport.tracePromise.__proto__ (node:internal/modules/esm/loader:661:26)
2026-05-11T00:19:09:     at async asyncRunEntryPointWithESMLoader (node:internal/modules/run_main:101:5)
2026-05-11T00:19:09: Emitted 'error' event on Server instance at:
2026-05-11T00:19:09:     at emitErrorNT (node:net:1976:8)
2026-05-11T00:19:09:     at process.processTicksAndRejections (node:internal/process/task_queues:89:21) {
2026-05-11T00:19:09:   code: 'EADDRINUSE',
2026-05-11T00:19:09:   errno: -4091,
2026-05-11T00:19:09:   syscall: 'listen',
2026-05-11T00:19:09:   address: '::',
2026-05-11T00:19:09:   port: 5001
2026-05-11T00:19:09: }
2026-05-11T00:19:09: 
2026-05-11T00:19:09: Node.js v24.13.1
2026-05-11T00:19:12: node:events:486
2026-05-11T00:19:12:       throw er; // Unhandled 'error' event
2026-05-11T00:19:12:       ^
2026-05-11T00:19:12: 
2026-05-11T00:19:12: Error: listen EADDRINUSE: address already in use :::5001
2026-05-11T00:19:12:     at Server.setupListenHandle [as _listen2] (node:net:1940:16)
2026-05-11T00:19:12:     at listenInCluster (node:net:1997:12)
2026-05-11T00:19:12:     at Server.listen (node:net:2102:7)
2026-05-11T00:19:12:     at app.listen (C:\Users\Anmol\OneDrive\Desktop\B\coding-portal\judge\node_modules\express\lib\application.js:635:24)
2026-05-11T00:19:12:     at <anonymous> (C:\Users\Anmol\OneDrive\Desktop\B\coding-portal\judge\src\index.ts:216:5)
2026-05-11T00:19:12:     at ModuleJob.run (node:internal/modules/esm/module_job:430:25)
2026-05-11T00:19:12:     at process.processTicksAndRejections (node:internal/process/task_queues:103:5)
2026-05-11T00:19:12:     at async onImport.tracePromise.__proto__ (node:internal/modules/esm/loader:661:26)
2026-05-11T00:19:12:     at async asyncRunEntryPointWithESMLoader (node:internal/modules/run_main:101:5)
2026-05-11T00:19:12: Emitted 'error' event on Server instance at:
2026-05-11T00:19:12:     at emitErrorNT (node:net:1976:8)
2026-05-11T00:19:12:     at process.processTicksAndRejections (node:internal/process/task_queues:89:21) {
2026-05-11T00:19:12:   code: 'EADDRINUSE',
2026-05-11T00:19:12:   errno: -4091,
2026-05-11T00:19:12:   syscall: 'listen',
2026-05-11T00:19:12:   address: '::',
2026-05-11T00:19:12:   port: 5001
2026-05-11T00:19:12: }
2026-05-11T00:19:12: 
2026-05-11T00:19:12: Node.js v24.13.1
2026-05-11T00:19:13: node:events:486
2026-05-11T00:19:13:       throw er; // Unhandled 'error' event
2026-05-11T00:19:13:       ^
2026-05-11T00:19:13: 
2026-05-11T00:19:13: Error: listen EADDRINUSE: address already in use :::5001
2026-05-11T00:19:13:     at Server.setupListenHandle [as _listen2] (node:net:1940:16)
2026-05-11T00:19:13:     at listenInCluster (node:net:1997:12)
2026-05-11T00:19:13:     at Server.listen (node:net:2102:7)
2026-05-11T00:19:13:     at app.listen (C:\Users\Anmol\OneDrive\Desktop\B\coding-portal\judge\node_modules\express\lib\application.js:635:24)
2026-05-11T00:19:13:     at <anonymous> (C:\Users\Anmol\OneDrive\Desktop\B\coding-portal\judge\src\index.ts:216:5)
2026-05-11T00:19:13:     at ModuleJob.run (node:internal/modules/esm/module_job:430:25)
2026-05-11T00:19:13:     at process.processTicksAndRejections (node:internal/process/task_queues:103:5)
2026-05-11T00:19:13:     at async onImport.tracePromise.__proto__ (node:internal/modules/esm/loader:661:26)
2026-05-11T00:19:13:     at async asyncRunEntryPointWithESMLoader (node:internal/modules/run_main:101:5)
2026-05-11T00:19:13: Emitted 'error' event on Server instance at:
2026-05-11T00:19:13:     at emitErrorNT (node:net:1976:8)
2026-05-11T00:19:13:     at process.processTicksAndRejections (node:internal/process/task_queues:89:21) {
2026-05-11T00:19:13:   code: 'EADDRINUSE',
2026-05-11T00:19:13:   errno: -4091,
2026-05-11T00:19:13:   syscall: 'listen',
2026-05-11T00:19:13:   address: '::',
2026-05-11T00:19:13:   port: 5001
2026-05-11T00:19:13: }
2026-05-11T00:19:13: 
2026-05-11T00:19:13: Node.js v24.13.1
2026-05-11T00:19:15: node:events:486
2026-05-11T00:19:15:       throw er; // Unhandled 'error' event
2026-05-11T00:19:15:       ^
2026-05-11T00:19:15: 
2026-05-11T00:19:15: Error: listen EADDRINUSE: address already in use :::5001
2026-05-11T00:19:15:     at Server.setupListenHandle [as _listen2] (node:net:1940:16)
2026-05-11T00:19:15:     at listenInCluster (node:net:1997:12)
2026-05-11T00:19:15:     at Server.listen (node:net:2102:7)
2026-05-11T00:19:15:     at app.listen (C:\Users\Anmol\OneDrive\Desktop\B\coding-portal\judge\node_modules\express\lib\application.js:635:24)
2026-05-11T00:19:15:     at <anonymous> (C:\Users\Anmol\OneDrive\Desktop\B\coding-portal\judge\src\index.ts:216:5)
2026-05-11T00:19:15:     at ModuleJob.run (node:internal/modules/esm/module_job:430:25)
2026-05-11T00:19:15:     at process.processTicksAndRejections (node:internal/process/task_queues:103:5)
2026-05-11T00:19:15:     at async onImport.tracePromise.__proto__ (node:internal/modules/esm/loader:661:26)
2026-05-11T00:19:15:     at async asyncRunEntryPointWithESMLoader (node:internal/modules/run_main:101:5)
2026-05-11T00:19:15: Emitted 'error' event on Server instance at:
2026-05-11T00:19:15:     at emitErrorNT (node:net:1976:8)
2026-05-11T00:19:15:     at process.processTicksAndRejections (node:internal/process/task_queues:89:21) {
2026-05-11T00:19:15:   code: 'EADDRINUSE',
2026-05-11T00:19:15:   errno: -4091,
2026-05-11T00:19:15:   syscall: 'listen',
2026-05-11T00:19:15:   address: '::',
2026-05-11T00:19:15:   port: 5001
2026-05-11T00:19:15: }
2026-05-11T00:19:15: 
2026-05-11T00:19:15: Node.js v24.13.1
2026-05-11T00:19:17: node:events:486
2026-05-11T00:19:17:       throw er; // Unhandled 'error' event
2026-05-11T00:19:17:       ^
2026-05-11T00:19:17: 
2026-05-11T00:19:17: Error: listen EADDRINUSE: address already in use :::5001
2026-05-11T00:19:17:     at Server.setupListenHandle [as _listen2] (node:net:1940:16)
2026-05-11T00:19:17:     at listenInCluster (node:net:1997:12)
2026-05-11T00:19:17:     at Server.listen (node:net:2102:7)
2026-05-11T00:19:17:     at app.listen (C:\Users\Anmol\OneDrive\Desktop\B\coding-portal\judge\node_modules\express\lib\application.js:635:24)
2026-05-11T00:19:17:     at <anonymous> (C:\Users\Anmol\OneDrive\Desktop\B\coding-portal\judge\src\index.ts:216:5)
2026-05-11T00:19:17:     at ModuleJob.run (node:internal/modules/esm/module_job:430:25)
2026-05-11T00:19:17:     at process.processTicksAndRejections (node:internal/process/task_queues:103:5)
2026-05-11T00:19:17:     at async onImport.tracePromise.__proto__ (node:internal/modules/esm/loader:661:26)
2026-05-11T00:19:17:     at async asyncRunEntryPointWithESMLoader (node:internal/modules/run_main:101:5)
2026-05-11T00:19:17: Emitted 'error' event on Server instance at:
2026-05-11T00:19:17:     at emitErrorNT (node:net:1976:8)
2026-05-11T00:19:17:     at process.processTicksAndRejections (node:internal/process/task_queues:89:21) {
2026-05-11T00:19:17:   code: 'EADDRINUSE',
2026-05-11T00:19:17:   errno: -4091,
2026-05-11T00:19:17:   syscall: 'listen',
2026-05-11T00:19:17:   address: '::',
2026-05-11T00:19:17:   port: 5001
2026-05-11T00:19:17: }
2026-05-11T00:19:17: 
2026-05-11T00:19:17: Node.js v24.13.1
2026-05-11T00:19:19: node:events:486
2026-05-11T00:19:19:       throw er; // Unhandled 'error' event
2026-05-11T00:19:19:       ^
2026-05-11T00:19:19: 
2026-05-11T00:19:19: Error: listen EADDRINUSE: address already in use :::5001
2026-05-11T00:19:19:     at Server.setupListenHandle [as _listen2] (node:net:1940:16)
2026-05-11T00:19:19:     at listenInCluster (node:net:1997:12)
2026-05-11T00:19:19:     at Server.listen (node:net:2102:7)
2026-05-11T00:19:19:     at app.listen (C:\Users\Anmol\OneDrive\Desktop\B\coding-portal\judge\node_modules\express\lib\application.js:635:24)
2026-05-11T00:19:19:     at <anonymous> (C:\Users\Anmol\OneDrive\Desktop\B\coding-portal\judge\src\index.ts:216:5)
2026-05-11T00:19:19:     at ModuleJob.run (node:internal/modules/esm/module_job:430:25)
2026-05-11T00:19:19:     at process.processTicksAndRejections (node:internal/process/task_queues:103:5)
2026-05-11T00:19:19:     at async onImport.tracePromise.__proto__ (node:internal/modules/esm/loader:661:26)
2026-05-11T00:19:19:     at async asyncRunEntryPointWithESMLoader (node:internal/modules/run_main:101:5)
2026-05-11T00:19:19: Emitted 'error' event on Server instance at:
2026-05-11T00:19:19:     at emitErrorNT (node:net:1976:8)
2026-05-11T00:19:19:     at process.processTicksAndRejections (node:internal/process/task_queues:89:21) {
2026-05-11T00:19:19:   code: 'EADDRINUSE',
2026-05-11T00:19:19:   errno: -4091,
2026-05-11T00:19:19:   syscall: 'listen',
2026-05-11T00:19:19:   address: '::',
2026-05-11T00:19:19:   port: 5001
2026-05-11T00:19:19: }
2026-05-11T00:19:19: 
2026-05-11T00:19:19: Node.js v24.13.1
2026-05-11T00:19:21: node:events:486
2026-05-11T00:19:21:       throw er; // Unhandled 'error' event
2026-05-11T00:19:21:       ^
2026-05-11T00:19:21: 
2026-05-11T00:19:21: Error: listen EADDRINUSE: address already in use :::5001
2026-05-11T00:19:21:     at Server.setupListenHandle [as _listen2] (node:net:1940:16)
2026-05-11T00:19:21:     at listenInCluster (node:net:1997:12)
2026-05-11T00:19:21:     at Server.listen (node:net:2102:7)
2026-05-11T00:19:21:     at app.listen (C:\Users\Anmol\OneDrive\Desktop\B\coding-portal\judge\node_modules\express\lib\application.js:635:24)
2026-05-11T00:19:21:     at <anonymous> (C:\Users\Anmol\OneDrive\Desktop\B\coding-portal\judge\src\index.ts:216:5)
2026-05-11T00:19:21:     at ModuleJob.run (node:internal/modules/esm/module_job:430:25)
2026-05-11T00:19:21:     at process.processTicksAndRejections (node:internal/process/task_queues:103:5)
2026-05-11T00:19:21:     at async onImport.tracePromise.__proto__ (node:internal/modules/esm/loader:661:26)
2026-05-11T00:19:21:     at async asyncRunEntryPointWithESMLoader (node:internal/modules/run_main:101:5)
2026-05-11T00:19:21: Emitted 'error' event on Server instance at:
2026-05-11T00:19:21:     at emitErrorNT (node:net:1976:8)
2026-05-11T00:19:21:     at process.processTicksAndRejections (node:internal/process/task_queues:89:21) {
2026-05-11T00:19:21:   code: 'EADDRINUSE',
2026-05-11T00:19:21:   errno: -4091,
2026-05-11T00:19:21:   syscall: 'listen',
2026-05-11T00:19:21:   address: '::',
2026-05-11T00:19:21:   port: 5001
2026-05-11T00:19:21: }
2026-05-11T00:19:21: 
2026-05-11T00:19:21: Node.js v24.13.1
2026-05-11T00:19:23: node:events:486
2026-05-11T00:19:23:       throw er; // Unhandled 'error' event
2026-05-11T00:19:23:       ^
2026-05-11T00:19:23: 
2026-05-11T00:19:23: Error: listen EADDRINUSE: address already in use :::5001
2026-05-11T00:19:23:     at Server.setupListenHandle [as _listen2] (node:net:1940:16)
2026-05-11T00:19:23:     at listenInCluster (node:net:1997:12)
2026-05-11T00:19:23:     at Server.listen (node:net:2102:7)
2026-05-11T00:19:23:     at app.listen (C:\Users\Anmol\OneDrive\Desktop\B\coding-portal\judge\node_modules\express\lib\application.js:635:24)
2026-05-11T00:19:23:     at <anonymous> (C:\Users\Anmol\OneDrive\Desktop\B\coding-portal\judge\src\index.ts:216:5)
2026-05-11T00:19:23:     at ModuleJob.run (node:internal/modules/esm/module_job:430:25)
2026-05-11T00:19:23:     at process.processTicksAndRejections (node:internal/process/task_queues:103:5)
2026-05-11T00:19:23:     at async onImport.tracePromise.__proto__ (node:internal/modules/esm/loader:661:26)
2026-05-11T00:19:23:     at async asyncRunEntryPointWithESMLoader (node:internal/modules/run_main:101:5)
2026-05-11T00:19:23: Emitted 'error' event on Server instance at:
2026-05-11T00:19:23:     at emitErrorNT (node:net:1976:8)
2026-05-11T00:19:23:     at process.processTicksAndRejections (node:internal/process/task_queues:89:21) {
2026-05-11T00:19:23:   code: 'EADDRINUSE',
2026-05-11T00:19:23:   errno: -4091,
2026-05-11T00:19:23:   syscall: 'listen',
2026-05-11T00:19:23:   address: '::',
2026-05-11T00:19:23:   port: 5001
2026-05-11T00:19:23: }
2026-05-11T00:19:23: 
2026-05-11T00:19:23: Node.js v24.13.1
2026-05-11T00:19:26: node:events:486
2026-05-11T00:19:26:       throw er; // Unhandled 'error' event
2026-05-11T00:19:26:       ^
2026-05-11T00:19:26: 
2026-05-11T00:19:26: Error: listen EADDRINUSE: address already in use :::5001
2026-05-11T00:19:26:     at Server.setupListenHandle [as _listen2] (node:net:1940:16)
2026-05-11T00:19:26:     at listenInCluster (node:net:1997:12)
2026-05-11T00:19:26:     at Server.listen (node:net:2102:7)
2026-05-11T00:19:26:     at app.listen (C:\Users\Anmol\OneDrive\Desktop\B\coding-portal\judge\node_modules\express\lib\application.js:635:24)
2026-05-11T00:19:26:     at <anonymous> (C:\Users\Anmol\OneDrive\Desktop\B\coding-portal\judge\src\index.ts:216:5)
2026-05-11T00:19:26:     at ModuleJob.run (node:internal/modules/esm/module_job:430:25)
2026-05-11T00:19:26:     at process.processTicksAndRejections (node:internal/process/task_queues:103:5)
2026-05-11T00:19:26:     at async onImport.tracePromise.__proto__ (node:internal/modules/esm/loader:661:26)
2026-05-11T00:19:26:     at async asyncRunEntryPointWithESMLoader (node:internal/modules/run_main:101:5)
2026-05-11T00:19:26: Emitted 'error' event on Server instance at:
2026-05-11T00:19:26:     at emitErrorNT (node:net:1976:8)
2026-05-11T00:19:26:     at process.processTicksAndRejections (node:internal/process/task_queues:89:21) {
2026-05-11T00:19:26:   code: 'EADDRINUSE',
2026-05-11T00:19:26:   errno: -4091,
2026-05-11T00:19:26:   syscall: 'listen',
2026-05-11T00:19:26:   address: '::',
2026-05-11T00:19:26:   port: 5001
2026-05-11T00:19:26: }
2026-05-11T00:19:26: 
2026-05-11T00:19:26: Node.js v24.13.1
2026-05-11T00:19:28: node:events:486
2026-05-11T00:19:28:       throw er; // Unhandled 'error' event
2026-05-11T00:19:28:       ^
2026-05-11T00:19:28: 
2026-05-11T00:19:28: Error: listen EADDRINUSE: address already in use :::5001
2026-05-11T00:19:28:     at Server.setupListenHandle [as _listen2] (node:net:1940:16)
2026-05-11T00:19:28:     at listenInCluster (node:net:1997:12)
2026-05-11T00:19:28:     at Server.listen (node:net:2102:7)
2026-05-11T00:19:28:     at app.listen (C:\Users\Anmol\OneDrive\Desktop\B\coding-portal\judge\node_modules\express\lib\application.js:635:24)
2026-05-11T00:19:28:     at <anonymous> (C:\Users\Anmol\OneDrive\Desktop\B\coding-portal\judge\src\index.ts:216:5)
2026-05-11T00:19:28:     at ModuleJob.run (node:internal/modules/esm/module_job:430:25)
2026-05-11T00:19:28:     at process.processTicksAndRejections (node:internal/process/task_queues:103:5)
2026-05-11T00:19:28:     at async onImport.tracePromise.__proto__ (node:internal/modules/esm/loader:661:26)
2026-05-11T00:19:28:     at async asyncRunEntryPointWithESMLoader (node:internal/modules/run_main:101:5)
2026-05-11T00:19:28: Emitted 'error' event on Server instance at:
2026-05-11T00:19:28:     at emitErrorNT (node:net:1976:8)
2026-05-11T00:19:28:     at process.processTicksAndRejections (node:internal/process/task_queues:89:21) {
2026-05-11T00:19:28:   code: 'EADDRINUSE',
2026-05-11T00:19:28:   errno: -4091,
2026-05-11T00:19:28:   syscall: 'listen',
2026-05-11T00:19:28:   address: '::',
2026-05-11T00:19:28:   port: 5001
2026-05-11T00:19:28: }
2026-05-11T00:19:28: 
2026-05-11T00:19:28: Node.js v24.13.1
2026-05-11T00:19:30: node:events:486
2026-05-11T00:19:30:       throw er; // Unhandled 'error' event
2026-05-11T00:19:30:       ^
2026-05-11T00:19:30: 
2026-05-11T00:19:30: Error: listen EADDRINUSE: address already in use :::5001
2026-05-11T00:19:30:     at Server.setupListenHandle [as _listen2] (node:net:1940:16)
2026-05-11T00:19:30:     at listenInCluster (node:net:1997:12)
2026-05-11T00:19:30:     at Server.listen (node:net:2102:7)
2026-05-11T00:19:30:     at app.listen (C:\Users\Anmol\OneDrive\Desktop\B\coding-portal\judge\node_modules\express\lib\application.js:635:24)
2026-05-11T00:19:30:     at <anonymous> (C:\Users\Anmol\OneDrive\Desktop\B\coding-portal\judge\src\index.ts:216:5)
2026-05-11T00:19:30:     at ModuleJob.run (node:internal/modules/esm/module_job:430:25)
2026-05-11T00:19:30:     at process.processTicksAndRejections (node:internal/process/task_queues:103:5)
2026-05-11T00:19:30:     at async onImport.tracePromise.__proto__ (node:internal/modules/esm/loader:661:26)
2026-05-11T00:19:30:     at async asyncRunEntryPointWithESMLoader (node:internal/modules/run_main:101:5)
2026-05-11T00:19:30: Emitted 'error' event on Server instance at:
2026-05-11T00:19:30:     at emitErrorNT (node:net:1976:8)
2026-05-11T00:19:30:     at process.processTicksAndRejections (node:internal/process/task_queues:89:21) {
2026-05-11T00:19:30:   code: 'EADDRINUSE',
2026-05-11T00:19:30:   errno: -4091,
2026-05-11T00:19:30:   syscall: 'listen',
2026-05-11T00:19:30:   address: '::',
2026-05-11T00:19:30:   port: 5001
2026-05-11T00:19:30: }
2026-05-11T00:19:30: 
2026-05-11T00:19:30: Node.js v24.13.1
2026-05-11T00:19:33: node:events:486
2026-05-11T00:19:33:       throw er; // Unhandled 'error' event
2026-05-11T00:19:33:       ^
2026-05-11T00:19:33: 
2026-05-11T00:19:33: Error: listen EADDRINUSE: address already in use :::5001
2026-05-11T00:19:33:     at Server.setupListenHandle [as _listen2] (node:net:1940:16)
2026-05-11T00:19:33:     at listenInCluster (node:net:1997:12)
2026-05-11T00:19:33:     at Server.listen (node:net:2102:7)
2026-05-11T00:19:33:     at app.listen (C:\Users\Anmol\OneDrive\Desktop\B\coding-portal\judge\node_modules\express\lib\application.js:635:24)
2026-05-11T00:19:33:     at <anonymous> (C:\Users\Anmol\OneDrive\Desktop\B\coding-portal\judge\src\index.ts:216:5)
2026-05-11T00:19:33:     at ModuleJob.run (node:internal/modules/esm/module_job:430:25)
2026-05-11T00:19:33:     at process.processTicksAndRejections (node:internal/process/task_queues:103:5)
2026-05-11T00:19:33:     at async onImport.tracePromise.__proto__ (node:internal/modules/esm/loader:661:26)
2026-05-11T00:19:33:     at async asyncRunEntryPointWithESMLoader (node:internal/modules/run_main:101:5)
2026-05-11T00:19:33: Emitted 'error' event on Server instance at:
2026-05-11T00:19:33:     at emitErrorNT (node:net:1976:8)
2026-05-11T00:19:33:     at process.processTicksAndRejections (node:internal/process/task_queues:89:21) {
2026-05-11T00:19:33:   code: 'EADDRINUSE',
2026-05-11T00:19:33:   errno: -4091,
2026-05-11T00:19:33:   syscall: 'listen',
2026-05-11T00:19:33:   address: '::',
2026-05-11T00:19:33:   port: 5001
2026-05-11T00:19:33: }
2026-05-11T00:19:33: 
2026-05-11T00:19:33: Node.js v24.13.1
2026-05-11T00:19:34: node:events:486
2026-05-11T00:19:34:       throw er; // Unhandled 'error' event
2026-05-11T00:19:34:       ^
2026-05-11T00:19:34: 
2026-05-11T00:19:34: Error: listen EADDRINUSE: address already in use :::5001
2026-05-11T00:19:34:     at Server.setupListenHandle [as _listen2] (node:net:1940:16)
2026-05-11T00:19:34:     at listenInCluster (node:net:1997:12)
2026-05-11T00:19:34:     at Server.listen (node:net:2102:7)
2026-05-11T00:19:34:     at app.listen (C:\Users\Anmol\OneDrive\Desktop\B\coding-portal\judge\node_modules\express\lib\application.js:635:24)
2026-05-11T00:19:34:     at <anonymous> (C:\Users\Anmol\OneDrive\Desktop\B\coding-portal\judge\src\index.ts:216:5)
2026-05-11T00:19:34:     at ModuleJob.run (node:internal/modules/esm/module_job:430:25)
2026-05-11T00:19:34:     at process.processTicksAndRejections (node:internal/process/task_queues:103:5)
2026-05-11T00:19:34:     at async onImport.tracePromise.__proto__ (node:internal/modules/esm/loader:661:26)
2026-05-11T00:19:34:     at async asyncRunEntryPointWithESMLoader (node:internal/modules/run_main:101:5)
2026-05-11T00:19:34: Emitted 'error' event on Server instance at:
2026-05-11T00:19:34:     at emitErrorNT (node:net:1976:8)
2026-05-11T00:19:34:     at process.processTicksAndRejections (node:internal/process/task_queues:89:21) {
2026-05-11T00:19:34:   code: 'EADDRINUSE',
2026-05-11T00:19:34:   errno: -4091,
2026-05-11T00:19:34:   syscall: 'listen',
2026-05-11T00:19:34:   address: '::',
2026-05-11T00:19:34:   port: 5001
2026-05-11T00:19:34: }
2026-05-11T00:19:34: 
2026-05-11T00:19:34: Node.js v24.13.1
2026-05-11T00:19:38: node:events:486
2026-05-11T00:19:38:       throw er; // Unhandled 'error' event
2026-05-11T00:19:38:       ^
2026-05-11T00:19:38: 
2026-05-11T00:19:38: Error: listen EADDRINUSE: address already in use :::5001
2026-05-11T00:19:38:     at Server.setupListenHandle [as _listen2] (node:net:1940:16)
2026-05-11T00:19:38:     at listenInCluster (node:net:1997:12)
2026-05-11T00:19:38:     at Server.listen (node:net:2102:7)
2026-05-11T00:19:38:     at app.listen (C:\Users\Anmol\OneDrive\Desktop\B\coding-portal\judge\node_modules\express\lib\application.js:635:24)
2026-05-11T00:19:38:     at <anonymous> (C:\Users\Anmol\OneDrive\Desktop\B\coding-portal\judge\src\index.ts:216:5)
2026-05-11T00:19:38:     at ModuleJob.run (node:internal/modules/esm/module_job:430:25)
2026-05-11T00:19:38:     at process.processTicksAndRejections (node:internal/process/task_queues:103:5)
2026-05-11T00:19:38:     at async onImport.tracePromise.__proto__ (node:internal/modules/esm/loader:661:26)
2026-05-11T00:19:38:     at async asyncRunEntryPointWithESMLoader (node:internal/modules/run_main:101:5)
2026-05-11T00:19:38: Emitted 'error' event on Server instance at:
2026-05-11T00:19:38:     at emitErrorNT (node:net:1976:8)
2026-05-11T00:19:38:     at process.processTicksAndRejections (node:internal/process/task_queues:89:21) {
2026-05-11T00:19:38:   code: 'EADDRINUSE',
2026-05-11T00:19:38:   errno: -4091,
2026-05-11T00:19:38:   syscall: 'listen',
2026-05-11T00:19:38:   address: '::',
2026-05-11T00:19:38:   port: 5001
2026-05-11T00:19:38: }
2026-05-11T00:19:38: 
2026-05-11T00:19:38: Node.js v24.13.1
2026-05-11T00:19:40: node:events:486
2026-05-11T00:19:40:       throw er; // Unhandled 'error' event
2026-05-11T00:19:40:       ^
2026-05-11T00:19:40: 
2026-05-11T00:19:40: Error: listen EADDRINUSE: address already in use :::5001
2026-05-11T00:19:40:     at Server.setupListenHandle [as _listen2] (node:net:1940:16)
2026-05-11T00:19:40:     at listenInCluster (node:net:1997:12)
2026-05-11T00:19:40:     at Server.listen (node:net:2102:7)
2026-05-11T00:19:40:     at app.listen (C:\Users\Anmol\OneDrive\Desktop\B\coding-portal\judge\node_modules\express\lib\application.js:635:24)
2026-05-11T00:19:40:     at <anonymous> (C:\Users\Anmol\OneDrive\Desktop\B\coding-portal\judge\src\index.ts:216:5)
2026-05-11T00:19:40:     at ModuleJob.run (node:internal/modules/esm/module_job:430:25)
2026-05-11T00:19:40:     at process.processTicksAndRejections (node:internal/process/task_queues:103:5)
2026-05-11T00:19:40:     at async onImport.tracePromise.__proto__ (node:internal/modules/esm/loader:661:26)
2026-05-11T00:19:40:     at async asyncRunEntryPointWithESMLoader (node:internal/modules/run_main:101:5)
2026-05-11T00:19:40: Emitted 'error' event on Server instance at:
2026-05-11T00:19:40:     at emitErrorNT (node:net:1976:8)
2026-05-11T00:19:40:     at process.processTicksAndRejections (node:internal/process/task_queues:89:21) {
2026-05-11T00:19:40:   code: 'EADDRINUSE',
2026-05-11T00:19:40:   errno: -4091,
2026-05-11T00:19:40:   syscall: 'listen',
2026-05-11T00:19:40:   address: '::',
2026-05-11T00:19:40:   port: 5001
2026-05-11T00:19:40: }
2026-05-11T00:19:40: 
2026-05-11T00:19:40: Node.js v24.13.1
2026-05-11T00:19:42: node:events:486
2026-05-11T00:19:42:       throw er; // Unhandled 'error' event
2026-05-11T00:19:42:       ^
2026-05-11T00:19:42: 
2026-05-11T00:19:42: Error: listen EADDRINUSE: address already in use :::5001
2026-05-11T00:19:42:     at Server.setupListenHandle [as _listen2] (node:net:1940:16)
2026-05-11T00:19:42:     at listenInCluster (node:net:1997:12)
2026-05-11T00:19:42:     at Server.listen (node:net:2102:7)
2026-05-11T00:19:42:     at app.listen (C:\Users\Anmol\OneDrive\Desktop\B\coding-portal\judge\node_modules\express\lib\application.js:635:24)
2026-05-11T00:19:42:     at <anonymous> (C:\Users\Anmol\OneDrive\Desktop\B\coding-portal\judge\src\index.ts:216:5)
2026-05-11T00:19:42:     at ModuleJob.run (node:internal/modules/esm/module_job:430:25)
2026-05-11T00:19:42:     at process.processTicksAndRejections (node:internal/process/task_queues:103:5)
2026-05-11T00:19:42:     at async onImport.tracePromise.__proto__ (node:internal/modules/esm/loader:661:26)
2026-05-11T00:19:42:     at async asyncRunEntryPointWithESMLoader (node:internal/modules/run_main:101:5)
2026-05-11T00:19:42: Emitted 'error' event on Server instance at:
2026-05-11T00:19:42:     at emitErrorNT (node:net:1976:8)
2026-05-11T00:19:42:     at process.processTicksAndRejections (node:internal/process/task_queues:89:21) {
2026-05-11T00:19:42:   code: 'EADDRINUSE',
2026-05-11T00:19:42:   errno: -4091,
2026-05-11T00:19:42:   syscall: 'listen',
2026-05-11T00:19:42:   address: '::',
2026-05-11T00:19:42:   port: 5001
2026-05-11T00:19:42: }
2026-05-11T00:19:42: 
2026-05-11T00:19:42: Node.js v24.13.1
2026-05-11T00:19:45: node:events:486
2026-05-11T00:19:45:       throw er; // Unhandled 'error' event
2026-05-11T00:19:45:       ^
2026-05-11T00:19:45: 
2026-05-11T00:19:45: Error: listen EADDRINUSE: address already in use :::5001
2026-05-11T00:19:45:     at Server.setupListenHandle [as _listen2] (node:net:1940:16)
2026-05-11T00:19:45:     at listenInCluster (node:net:1997:12)
2026-05-11T00:19:45:     at Server.listen (node:net:2102:7)
2026-05-11T00:19:45:     at app.listen (C:\Users\Anmol\OneDrive\Desktop\B\coding-portal\judge\node_modules\express\lib\application.js:635:24)
2026-05-11T00:19:45:     at <anonymous> (C:\Users\Anmol\OneDrive\Desktop\B\coding-portal\judge\src\index.ts:216:5)
2026-05-11T00:19:45:     at ModuleJob.run (node:internal/modules/esm/module_job:430:25)
2026-05-11T00:19:45:     at process.processTicksAndRejections (node:internal/process/task_queues:103:5)
2026-05-11T00:19:45:     at async onImport.tracePromise.__proto__ (node:internal/modules/esm/loader:661:26)
2026-05-11T00:19:45:     at async asyncRunEntryPointWithESMLoader (node:internal/modules/run_main:101:5)
2026-05-11T00:19:45: Emitted 'error' event on Server instance at:
2026-05-11T00:19:45:     at emitErrorNT (node:net:1976:8)
2026-05-11T00:19:45:     at process.processTicksAndRejections (node:internal/process/task_queues:89:21) {
2026-05-11T00:19:45:   code: 'EADDRINUSE',
2026-05-11T00:19:45:   errno: -4091,
2026-05-11T00:19:45:   syscall: 'listen',
2026-05-11T00:19:45:   address: '::',
2026-05-11T00:19:45:   port: 5001
2026-05-11T00:19:45: }
2026-05-11T00:19:45: 
2026-05-11T00:19:45: Node.js v24.13.1
2026-05-11T00:19:49: node:events:486
2026-05-11T00:19:49:       throw er; // Unhandled 'error' event
2026-05-11T00:19:49:       ^
2026-05-11T00:19:49: 
2026-05-11T00:19:49: Error: listen EADDRINUSE: address already in use :::5001
2026-05-11T00:19:49:     at Server.setupListenHandle [as _listen2] (node:net:1940:16)
2026-05-11T00:19:49:     at listenInCluster (node:net:1997:12)
2026-05-11T00:19:49:     at Server.listen (node:net:2102:7)
2026-05-11T00:19:49:     at app.listen (C:\Users\Anmol\OneDrive\Desktop\B\coding-portal\judge\node_modules\express\lib\application.js:635:24)
2026-05-11T00:19:49:     at <anonymous> (C:\Users\Anmol\OneDrive\Desktop\B\coding-portal\judge\src\index.ts:216:5)
2026-05-11T00:19:49:     at ModuleJob.run (node:internal/modules/esm/module_job:430:25)
2026-05-11T00:19:49:     at process.processTicksAndRejections (node:internal/process/task_queues:103:5)
2026-05-11T00:19:49:     at async onImport.tracePromise.__proto__ (node:internal/modules/esm/loader:661:26)
2026-05-11T00:19:49:     at async asyncRunEntryPointWithESMLoader (node:internal/modules/run_main:101:5)
2026-05-11T00:19:49: Emitted 'error' event on Server instance at:
2026-05-11T00:19:49:     at emitErrorNT (node:net:1976:8)
2026-05-11T00:19:49:     at process.processTicksAndRejections (node:internal/process/task_queues:89:21) {
2026-05-11T00:19:49:   code: 'EADDRINUSE',
2026-05-11T00:19:49:   errno: -4091,
2026-05-11T00:19:49:   syscall: 'listen',
2026-05-11T00:19:49:   address: '::',
2026-05-11T00:19:49:   port: 5001
2026-05-11T00:19:49: }
2026-05-11T00:19:49: 
2026-05-11T00:19:49: Node.js v24.13.1
2026-05-11T00:19:51: node:events:486
2026-05-11T00:19:51:       throw er; // Unhandled 'error' event
2026-05-11T00:19:51:       ^
2026-05-11T00:19:51: 
2026-05-11T00:19:51: Error: listen EADDRINUSE: address already in use :::5001
2026-05-11T00:19:51:     at Server.setupListenHandle [as _listen2] (node:net:1940:16)
2026-05-11T00:19:51:     at listenInCluster (node:net:1997:12)
2026-05-11T00:19:51:     at Server.listen (node:net:2102:7)
2026-05-11T00:19:51:     at app.listen (C:\Users\Anmol\OneDrive\Desktop\B\coding-portal\judge\node_modules\express\lib\application.js:635:24)
2026-05-11T00:19:51:     at <anonymous> (C:\Users\Anmol\OneDrive\Desktop\B\coding-portal\judge\src\index.ts:216:5)
2026-05-11T00:19:51:     at ModuleJob.run (node:internal/modules/esm/module_job:430:25)
2026-05-11T00:19:51:     at process.processTicksAndRejections (node:internal/process/task_queues:103:5)
2026-05-11T00:19:51:     at async onImport.tracePromise.__proto__ (node:internal/modules/esm/loader:661:26)
2026-05-11T00:19:51:     at async asyncRunEntryPointWithESMLoader (node:internal/modules/run_main:101:5)
2026-05-11T00:19:51: Emitted 'error' event on Server instance at:
2026-05-11T00:19:51:     at emitErrorNT (node:net:1976:8)
2026-05-11T00:19:51:     at process.processTicksAndRejections (node:internal/process/task_queues:89:21) {
2026-05-11T00:19:51:   code: 'EADDRINUSE',
2026-05-11T00:19:51:   errno: -4091,
2026-05-11T00:19:51:   syscall: 'listen',
2026-05-11T00:19:51:   address: '::',
2026-05-11T00:19:51:   port: 5001
2026-05-11T00:19:51: }
2026-05-11T00:19:51: 
2026-05-11T00:19:51: Node.js v24.13.1
2026-05-11T00:19:54: node:events:486
2026-05-11T00:19:54:       throw er; // Unhandled 'error' event
2026-05-11T00:19:54:       ^
2026-05-11T00:19:54: 
2026-05-11T00:19:54: Error: listen EADDRINUSE: address already in use :::5001
2026-05-11T00:19:54:     at Server.setupListenHandle [as _listen2] (node:net:1940:16)
2026-05-11T00:19:54:     at listenInCluster (node:net:1997:12)
2026-05-11T00:19:54:     at Server.listen (node:net:2102:7)
2026-05-11T00:19:54:     at app.listen (C:\Users\Anmol\OneDrive\Desktop\B\coding-portal\judge\node_modules\express\lib\application.js:635:24)
2026-05-11T00:19:54:     at <anonymous> (C:\Users\Anmol\OneDrive\Desktop\B\coding-portal\judge\src\index.ts:216:5)
2026-05-11T00:19:54:     at ModuleJob.run (node:internal/modules/esm/module_job:430:25)
2026-05-11T00:19:54:     at process.processTicksAndRejections (node:internal/process/task_queues:103:5)
2026-05-11T00:19:54:     at async onImport.tracePromise.__proto__ (node:internal/modules/esm/loader:661:26)
2026-05-11T00:19:54:     at async asyncRunEntryPointWithESMLoader (node:internal/modules/run_main:101:5)
2026-05-11T00:19:54: Emitted 'error' event on Server instance at:
2026-05-11T00:19:54:     at emitErrorNT (node:net:1976:8)
2026-05-11T00:19:54:     at process.processTicksAndRejections (node:internal/process/task_queues:89:21) {
2026-05-11T00:19:54:   code: 'EADDRINUSE',
2026-05-11T00:19:54:   errno: -4091,
2026-05-11T00:19:54:   syscall: 'listen',
2026-05-11T00:19:54:   address: '::',
2026-05-11T00:19:54:   port: 5001
2026-05-11T00:19:54: }
2026-05-11T00:19:54: 
2026-05-11T00:19:54: Node.js v24.13.1
2026-05-11T00:19:56: node:events:486
2026-05-11T00:19:56:       throw er; // Unhandled 'error' event
2026-05-11T00:19:56:       ^
2026-05-11T00:19:56: 
2026-05-11T00:19:56: Error: listen EADDRINUSE: address already in use :::5001
2026-05-11T00:19:56:     at Server.setupListenHandle [as _listen2] (node:net:1940:16)
2026-05-11T00:19:56:     at listenInCluster (node:net:1997:12)
2026-05-11T00:19:56:     at Server.listen (node:net:2102:7)
2026-05-11T00:19:56:     at app.listen (C:\Users\Anmol\OneDrive\Desktop\B\coding-portal\judge\node_modules\express\lib\application.js:635:24)
2026-05-11T00:19:56:     at <anonymous> (C:\Users\Anmol\OneDrive\Desktop\B\coding-portal\judge\src\index.ts:216:5)
2026-05-11T00:19:56:     at ModuleJob.run (node:internal/modules/esm/module_job:430:25)
2026-05-11T00:19:56:     at process.processTicksAndRejections (node:internal/process/task_queues:103:5)
2026-05-11T00:19:56:     at async onImport.tracePromise.__proto__ (node:internal/modules/esm/loader:661:26)
2026-05-11T00:19:56:     at async asyncRunEntryPointWithESMLoader (node:internal/modules/run_main:101:5)
2026-05-11T00:19:56: Emitted 'error' event on Server instance at:
2026-05-11T00:19:56:     at emitErrorNT (node:net:1976:8)
2026-05-11T00:19:56:     at process.processTicksAndRejections (node:internal/process/task_queues:89:21) {
2026-05-11T00:19:56:   code: 'EADDRINUSE',
2026-05-11T00:19:56:   errno: -4091,
2026-05-11T00:19:56:   syscall: 'listen',
2026-05-11T00:19:56:   address: '::',
2026-05-11T00:19:56:   port: 5001
2026-05-11T00:19:56: }
2026-05-11T00:19:56: 
2026-05-11T00:19:56: Node.js v24.13.1
2026-05-11T00:19:58: node:events:486
2026-05-11T00:19:58:       throw er; // Unhandled 'error' event
2026-05-11T00:19:58:       ^
2026-05-11T00:19:58: 
2026-05-11T00:19:58: Error: listen EADDRINUSE: address already in use :::5001
2026-05-11T00:19:58:     at Server.setupListenHandle [as _listen2] (node:net:1940:16)
2026-05-11T00:19:58:     at listenInCluster (node:net:1997:12)
2026-05-11T00:19:58:     at Server.listen (node:net:2102:7)
2026-05-11T00:19:58:     at app.listen (C:\Users\Anmol\OneDrive\Desktop\B\coding-portal\judge\node_modules\express\lib\application.js:635:24)
2026-05-11T00:19:58:     at <anonymous> (C:\Users\Anmol\OneDrive\Desktop\B\coding-portal\judge\src\index.ts:216:5)
2026-05-11T00:19:58:     at ModuleJob.run (node:internal/modules/esm/module_job:430:25)
2026-05-11T00:19:58:     at process.processTicksAndRejections (node:internal/process/task_queues:103:5)
2026-05-11T00:19:58:     at async onImport.tracePromise.__proto__ (node:internal/modules/esm/loader:661:26)
2026-05-11T00:19:58:     at async asyncRunEntryPointWithESMLoader (node:internal/modules/run_main:101:5)
2026-05-11T00:19:58: Emitted 'error' event on Server instance at:
2026-05-11T00:19:58:     at emitErrorNT (node:net:1976:8)
2026-05-11T00:19:58:     at process.processTicksAndRejections (node:internal/process/task_queues:89:21) {
2026-05-11T00:19:58:   code: 'EADDRINUSE',
2026-05-11T00:19:58:   errno: -4091,
2026-05-11T00:19:58:   syscall: 'listen',
2026-05-11T00:19:58:   address: '::',
2026-05-11T00:19:58:   port: 5001
2026-05-11T00:19:58: }
2026-05-11T00:19:58: 
2026-05-11T00:19:58: Node.js v24.13.1
2026-05-11T00:20:01: node:events:486
2026-05-11T00:20:01:       throw er; // Unhandled 'error' event
2026-05-11T00:20:01:       ^
2026-05-11T00:20:01: 
2026-05-11T00:20:01: Error: listen EADDRINUSE: address already in use :::5001
2026-05-11T00:20:01:     at Server.setupListenHandle [as _listen2] (node:net:1940:16)
2026-05-11T00:20:01:     at listenInCluster (node:net:1997:12)
2026-05-11T00:20:01:     at Server.listen (node:net:2102:7)
2026-05-11T00:20:01:     at app.listen (C:\Users\Anmol\OneDrive\Desktop\B\coding-portal\judge\node_modules\express\lib\application.js:635:24)
2026-05-11T00:20:01:     at <anonymous> (C:\Users\Anmol\OneDrive\Desktop\B\coding-portal\judge\src\index.ts:216:5)
2026-05-11T00:20:01:     at ModuleJob.run (node:internal/modules/esm/module_job:430:25)
2026-05-11T00:20:01:     at process.processTicksAndRejections (node:internal/process/task_queues:103:5)
2026-05-11T00:20:01:     at async onImport.tracePromise.__proto__ (node:internal/modules/esm/loader:661:26)
2026-05-11T00:20:01:     at async asyncRunEntryPointWithESMLoader (node:internal/modules/run_main:101:5)
2026-05-11T00:20:01: Emitted 'error' event on Server instance at:
2026-05-11T00:20:01:     at emitErrorNT (node:net:1976:8)
2026-05-11T00:20:01:     at process.processTicksAndRejections (node:internal/process/task_queues:89:21) {
2026-05-11T00:20:01:   code: 'EADDRINUSE',
2026-05-11T00:20:01:   errno: -4091,
2026-05-11T00:20:01:   syscall: 'listen',
2026-05-11T00:20:01:   address: '::',
2026-05-11T00:20:01:   port: 5001
2026-05-11T00:20:01: }
2026-05-11T00:20:01: 
2026-05-11T00:20:01: Node.js v24.13.1
2026-05-11T00:20:03: node:events:486
2026-05-11T00:20:03:       throw er; // Unhandled 'error' event
2026-05-11T00:20:03:       ^
2026-05-11T00:20:03: 
2026-05-11T00:20:03: Error: listen EADDRINUSE: address already in use :::5001
2026-05-11T00:20:03:     at Server.setupListenHandle [as _listen2] (node:net:1940:16)
2026-05-11T00:20:03:     at listenInCluster (node:net:1997:12)
2026-05-11T00:20:03:     at Server.listen (node:net:2102:7)
2026-05-11T00:20:03:     at app.listen (C:\Users\Anmol\OneDrive\Desktop\B\coding-portal\judge\node_modules\express\lib\application.js:635:24)
2026-05-11T00:20:03:     at <anonymous> (C:\Users\Anmol\OneDrive\Desktop\B\coding-portal\judge\src\index.ts:216:5)
2026-05-11T00:20:03:     at ModuleJob.run (node:internal/modules/esm/module_job:430:25)
2026-05-11T00:20:03:     at process.processTicksAndRejections (node:internal/process/task_queues:103:5)
2026-05-11T00:20:03:     at async onImport.tracePromise.__proto__ (node:internal/modules/esm/loader:661:26)
2026-05-11T00:20:03:     at async asyncRunEntryPointWithESMLoader (node:internal/modules/run_main:101:5)
2026-05-11T00:20:03: Emitted 'error' event on Server instance at:
2026-05-11T00:20:03:     at emitErrorNT (node:net:1976:8)
2026-05-11T00:20:03:     at process.processTicksAndRejections (node:internal/process/task_queues:89:21) {
2026-05-11T00:20:03:   code: 'EADDRINUSE',
2026-05-11T00:20:03:   errno: -4091,
2026-05-11T00:20:03:   syscall: 'listen',
2026-05-11T00:20:03:   address: '::',
2026-05-11T00:20:03:   port: 5001
2026-05-11T00:20:03: }
2026-05-11T00:20:03: 
2026-05-11T00:20:03: Node.js v24.13.1
2026-05-11T00:20:05: node:events:486
2026-05-11T00:20:05:       throw er; // Unhandled 'error' event
2026-05-11T00:20:05:       ^
2026-05-11T00:20:05: 
2026-05-11T00:20:05: Error: listen EADDRINUSE: address already in use :::5001
2026-05-11T00:20:05:     at Server.setupListenHandle [as _listen2] (node:net:1940:16)
2026-05-11T00:20:05:     at listenInCluster (node:net:1997:12)
2026-05-11T00:20:05:     at Server.listen (node:net:2102:7)
2026-05-11T00:20:05:     at app.listen (C:\Users\Anmol\OneDrive\Desktop\B\coding-portal\judge\node_modules\express\lib\application.js:635:24)
2026-05-11T00:20:05:     at <anonymous> (C:\Users\Anmol\OneDrive\Desktop\B\coding-portal\judge\src\index.ts:216:5)
2026-05-11T00:20:05:     at ModuleJob.run (node:internal/modules/esm/module_job:430:25)
2026-05-11T00:20:05:     at process.processTicksAndRejections (node:internal/process/task_queues:103:5)
2026-05-11T00:20:05:     at async onImport.tracePromise.__proto__ (node:internal/modules/esm/loader:661:26)
2026-05-11T00:20:05:     at async asyncRunEntryPointWithESMLoader (node:internal/modules/run_main:101:5)
2026-05-11T00:20:05: Emitted 'error' event on Server instance at:
2026-05-11T00:20:05:     at emitErrorNT (node:net:1976:8)
2026-05-11T00:20:05:     at process.processTicksAndRejections (node:internal/process/task_queues:89:21) {
2026-05-11T00:20:05:   code: 'EADDRINUSE',
2026-05-11T00:20:05:   errno: -4091,
2026-05-11T00:20:05:   syscall: 'listen',
2026-05-11T00:20:05:   address: '::',
2026-05-11T00:20:05:   port: 5001
2026-05-11T00:20:05: }
2026-05-11T00:20:05: 
2026-05-11T00:20:05: Node.js v24.13.1
2026-05-11T00:20:07: node:events:486
2026-05-11T00:20:07:       throw er; // Unhandled 'error' event
2026-05-11T00:20:07:       ^
2026-05-11T00:20:07: 
2026-05-11T00:20:07: Error: listen EADDRINUSE: address already in use :::5001
2026-05-11T00:20:07:     at Server.setupListenHandle [as _listen2] (node:net:1940:16)
2026-05-11T00:20:07:     at listenInCluster (node:net:1997:12)
2026-05-11T00:20:07:     at Server.listen (node:net:2102:7)
2026-05-11T00:20:07:     at app.listen (C:\Users\Anmol\OneDrive\Desktop\B\coding-portal\judge\node_modules\express\lib\application.js:635:24)
2026-05-11T00:20:07:     at <anonymous> (C:\Users\Anmol\OneDrive\Desktop\B\coding-portal\judge\src\index.ts:216:5)
2026-05-11T00:20:07:     at ModuleJob.run (node:internal/modules/esm/module_job:430:25)
2026-05-11T00:20:07:     at process.processTicksAndRejections (node:internal/process/task_queues:103:5)
2026-05-11T00:20:07:     at async onImport.tracePromise.__proto__ (node:internal/modules/esm/loader:661:26)
2026-05-11T00:20:07:     at async asyncRunEntryPointWithESMLoader (node:internal/modules/run_main:101:5)
2026-05-11T00:20:07: Emitted 'error' event on Server instance at:
2026-05-11T00:20:07:     at emitErrorNT (node:net:1976:8)
2026-05-11T00:20:07:     at process.processTicksAndRejections (node:internal/process/task_queues:89:21) {
2026-05-11T00:20:07:   code: 'EADDRINUSE',
2026-05-11T00:20:07:   errno: -4091,
2026-05-11T00:20:07:   syscall: 'listen',
2026-05-11T00:20:07:   address: '::',
2026-05-11T00:20:07:   port: 5001
2026-05-11T00:20:07: }
2026-05-11T00:20:07: 
2026-05-11T00:20:07: Node.js v24.13.1
2026-05-11T00:20:09: node:events:486
2026-05-11T00:20:09:       throw er; // Unhandled 'error' event
2026-05-11T00:20:09:       ^
2026-05-11T00:20:09: 
2026-05-11T00:20:09: Error: listen EADDRINUSE: address already in use :::5001
2026-05-11T00:20:09:     at Server.setupListenHandle [as _listen2] (node:net:1940:16)
2026-05-11T00:20:09:     at listenInCluster (node:net:1997:12)
2026-05-11T00:20:09:     at Server.listen (node:net:2102:7)
2026-05-11T00:20:09:     at app.listen (C:\Users\Anmol\OneDrive\Desktop\B\coding-portal\judge\node_modules\express\lib\application.js:635:24)
2026-05-11T00:20:09:     at <anonymous> (C:\Users\Anmol\OneDrive\Desktop\B\coding-portal\judge\src\index.ts:216:5)
2026-05-11T00:20:09:     at ModuleJob.run (node:internal/modules/esm/module_job:430:25)
2026-05-11T00:20:09:     at process.processTicksAndRejections (node:internal/process/task_queues:103:5)
2026-05-11T00:20:09:     at async onImport.tracePromise.__proto__ (node:internal/modules/esm/loader:661:26)
2026-05-11T00:20:09:     at async asyncRunEntryPointWithESMLoader (node:internal/modules/run_main:101:5)
2026-05-11T00:20:09: Emitted 'error' event on Server instance at:
2026-05-11T00:20:09:     at emitErrorNT (node:net:1976:8)
2026-05-11T00:20:09:     at process.processTicksAndRejections (node:internal/process/task_queues:89:21) {
2026-05-11T00:20:09:   code: 'EADDRINUSE',
2026-05-11T00:20:09:   errno: -4091,
2026-05-11T00:20:09:   syscall: 'listen',
2026-05-11T00:20:09:   address: '::',
2026-05-11T00:20:09:   port: 5001
2026-05-11T00:20:09: }
2026-05-11T00:20:09: 
2026-05-11T00:20:09: Node.js v24.13.1
2026-05-11T00:20:11: node:events:486
2026-05-11T00:20:11:       throw er; // Unhandled 'error' event
2026-05-11T00:20:11:       ^
2026-05-11T00:20:11: 
2026-05-11T00:20:11: Error: listen EADDRINUSE: address already in use :::5001
2026-05-11T00:20:11:     at Server.setupListenHandle [as _listen2] (node:net:1940:16)
2026-05-11T00:20:11:     at listenInCluster (node:net:1997:12)
2026-05-11T00:20:11:     at Server.listen (node:net:2102:7)
2026-05-11T00:20:11:     at app.listen (C:\Users\Anmol\OneDrive\Desktop\B\coding-portal\judge\node_modules\express\lib\application.js:635:24)
2026-05-11T00:20:11:     at <anonymous> (C:\Users\Anmol\OneDrive\Desktop\B\coding-portal\judge\src\index.ts:216:5)
2026-05-11T00:20:11:     at ModuleJob.run (node:internal/modules/esm/module_job:430:25)
2026-05-11T00:20:11:     at process.processTicksAndRejections (node:internal/process/task_queues:103:5)
2026-05-11T00:20:11:     at async onImport.tracePromise.__proto__ (node:internal/modules/esm/loader:661:26)
2026-05-11T00:20:11:     at async asyncRunEntryPointWithESMLoader (node:internal/modules/run_main:101:5)
2026-05-11T00:20:11: Emitted 'error' event on Server instance at:
2026-05-11T00:20:11:     at emitErrorNT (node:net:1976:8)
2026-05-11T00:20:11:     at process.processTicksAndRejections (node:internal/process/task_queues:89:21) {
2026-05-11T00:20:11:   code: 'EADDRINUSE',
2026-05-11T00:20:11:   errno: -4091,
2026-05-11T00:20:11:   syscall: 'listen',
2026-05-11T00:20:11:   address: '::',
2026-05-11T00:20:11:   port: 5001
2026-05-11T00:20:11: }
2026-05-11T00:20:11: 
2026-05-11T00:20:11: Node.js v24.13.1
2026-05-11T00:20:13: node:events:486
2026-05-11T00:20:13:       throw er; // Unhandled 'error' event
2026-05-11T00:20:13:       ^
2026-05-11T00:20:13: 
2026-05-11T00:20:13: Error: listen EADDRINUSE: address already in use :::5001
2026-05-11T00:20:13:     at Server.setupListenHandle [as _listen2] (node:net:1940:16)
2026-05-11T00:20:13:     at listenInCluster (node:net:1997:12)
2026-05-11T00:20:13:     at Server.listen (node:net:2102:7)
2026-05-11T00:20:13:     at app.listen (C:\Users\Anmol\OneDrive\Desktop\B\coding-portal\judge\node_modules\express\lib\application.js:635:24)
2026-05-11T00:20:13:     at <anonymous> (C:\Users\Anmol\OneDrive\Desktop\B\coding-portal\judge\src\index.ts:216:5)
2026-05-11T00:20:13:     at ModuleJob.run (node:internal/modules/esm/module_job:430:25)
2026-05-11T00:20:13:     at process.processTicksAndRejections (node:internal/process/task_queues:103:5)
2026-05-11T00:20:13:     at async onImport.tracePromise.__proto__ (node:internal/modules/esm/loader:661:26)
2026-05-11T00:20:13:     at async asyncRunEntryPointWithESMLoader (node:internal/modules/run_main:101:5)
2026-05-11T00:20:13: Emitted 'error' event on Server instance at:
2026-05-11T00:20:13:     at emitErrorNT (node:net:1976:8)
2026-05-11T00:20:13:     at process.processTicksAndRejections (node:internal/process/task_queues:89:21) {
2026-05-11T00:20:13:   code: 'EADDRINUSE',
2026-05-11T00:20:13:   errno: -4091,
2026-05-11T00:20:13:   syscall: 'listen',
2026-05-11T00:20:13:   address: '::',
2026-05-11T00:20:13:   port: 5001
2026-05-11T00:20:13: }
2026-05-11T00:20:13: 
2026-05-11T00:20:13: Node.js v24.13.1
2026-05-11T00:20:15: node:events:486
2026-05-11T00:20:15:       throw er; // Unhandled 'error' event
2026-05-11T00:20:15:       ^
2026-05-11T00:20:15: 
2026-05-11T00:20:15: Error: listen EADDRINUSE: address already in use :::5001
2026-05-11T00:20:15:     at Server.setupListenHandle [as _listen2] (node:net:1940:16)
2026-05-11T00:20:15:     at listenInCluster (node:net:1997:12)
2026-05-11T00:20:15:     at Server.listen (node:net:2102:7)
2026-05-11T00:20:15:     at app.listen (C:\Users\Anmol\OneDrive\Desktop\B\coding-portal\judge\node_modules\express\lib\application.js:635:24)
2026-05-11T00:20:15:     at <anonymous> (C:\Users\Anmol\OneDrive\Desktop\B\coding-portal\judge\src\index.ts:216:5)
2026-05-11T00:20:15:     at ModuleJob.run (node:internal/modules/esm/module_job:430:25)
2026-05-11T00:20:15:     at process.processTicksAndRejections (node:internal/process/task_queues:103:5)
2026-05-11T00:20:15:     at async onImport.tracePromise.__proto__ (node:internal/modules/esm/loader:661:26)
2026-05-11T00:20:15:     at async asyncRunEntryPointWithESMLoader (node:internal/modules/run_main:101:5)
2026-05-11T00:20:15: Emitted 'error' event on Server instance at:
2026-05-11T00:20:15:     at emitErrorNT (node:net:1976:8)
2026-05-11T00:20:15:     at process.processTicksAndRejections (node:internal/process/task_queues:89:21) {
2026-05-11T00:20:15:   code: 'EADDRINUSE',
2026-05-11T00:20:15:   errno: -4091,
2026-05-11T00:20:15:   syscall: 'listen',
2026-05-11T00:20:15:   address: '::',
2026-05-11T00:20:15:   port: 5001
2026-05-11T00:20:15: }
2026-05-11T00:20:15: 
2026-05-11T00:20:15: Node.js v24.13.1
2026-05-11T00:20:18: node:events:486
2026-05-11T00:20:18:       throw er; // Unhandled 'error' event
2026-05-11T00:20:18:       ^
2026-05-11T00:20:18: 
2026-05-11T00:20:18: Error: listen EADDRINUSE: address already in use :::5001
2026-05-11T00:20:18:     at Server.setupListenHandle [as _listen2] (node:net:1940:16)
2026-05-11T00:20:18:     at listenInCluster (node:net:1997:12)
2026-05-11T00:20:18:     at Server.listen (node:net:2102:7)
2026-05-11T00:20:18:     at app.listen (C:\Users\Anmol\OneDrive\Desktop\B\coding-portal\judge\node_modules\express\lib\application.js:635:24)
2026-05-11T00:20:18:     at <anonymous> (C:\Users\Anmol\OneDrive\Desktop\B\coding-portal\judge\src\index.ts:216:5)
2026-05-11T00:20:18:     at ModuleJob.run (node:internal/modules/esm/module_job:430:25)
2026-05-11T00:20:18:     at process.processTicksAndRejections (node:internal/process/task_queues:103:5)
2026-05-11T00:20:18:     at async onImport.tracePromise.__proto__ (node:internal/modules/esm/loader:661:26)
2026-05-11T00:20:18:     at async asyncRunEntryPointWithESMLoader (node:internal/modules/run_main:101:5)
2026-05-11T00:20:18: Emitted 'error' event on Server instance at:
2026-05-11T00:20:18:     at emitErrorNT (node:net:1976:8)
2026-05-11T00:20:18:     at process.processTicksAndRejections (node:internal/process/task_queues:89:21) {
2026-05-11T00:20:18:   code: 'EADDRINUSE',
2026-05-11T00:20:18:   errno: -4091,
2026-05-11T00:20:18:   syscall: 'listen',
2026-05-11T00:20:18:   address: '::',
2026-05-11T00:20:18:   port: 5001
2026-05-11T00:20:18: }
2026-05-11T00:20:18: 
2026-05-11T00:20:18: Node.js v24.13.1
2026-05-11T00:20:20: node:events:486
2026-05-11T00:20:20:       throw er; // Unhandled 'error' event
2026-05-11T00:20:20:       ^
2026-05-11T00:20:20: 
2026-05-11T00:20:20: Error: listen EADDRINUSE: address already in use :::5001
2026-05-11T00:20:20:     at Server.setupListenHandle [as _listen2] (node:net:1940:16)
2026-05-11T00:20:20:     at listenInCluster (node:net:1997:12)
2026-05-11T00:20:20:     at Server.listen (node:net:2102:7)
2026-05-11T00:20:20:     at app.listen (C:\Users\Anmol\OneDrive\Desktop\B\coding-portal\judge\node_modules\express\lib\application.js:635:24)
2026-05-11T00:20:20:     at <anonymous> (C:\Users\Anmol\OneDrive\Desktop\B\coding-portal\judge\src\index.ts:216:5)
2026-05-11T00:20:20:     at ModuleJob.run (node:internal/modules/esm/module_job:430:25)
2026-05-11T00:20:20:     at process.processTicksAndRejections (node:internal/process/task_queues:103:5)
2026-05-11T00:20:20:     at async onImport.tracePromise.__proto__ (node:internal/modules/esm/loader:661:26)
2026-05-11T00:20:20:     at async asyncRunEntryPointWithESMLoader (node:internal/modules/run_main:101:5)
2026-05-11T00:20:20: Emitted 'error' event on Server instance at:
2026-05-11T00:20:20:     at emitErrorNT (node:net:1976:8)
2026-05-11T00:20:20:     at process.processTicksAndRejections (node:internal/process/task_queues:89:21) {
2026-05-11T00:20:20:   code: 'EADDRINUSE',
2026-05-11T00:20:20:   errno: -4091,
2026-05-11T00:20:20:   syscall: 'listen',
2026-05-11T00:20:20:   address: '::',
2026-05-11T00:20:20:   port: 5001
2026-05-11T00:20:20: }
2026-05-11T00:20:20: 
2026-05-11T00:20:20: Node.js v24.13.1
2026-05-11T00:20:23: node:events:486
2026-05-11T00:20:23:       throw er; // Unhandled 'error' event
2026-05-11T00:20:23:       ^
2026-05-11T00:20:23: 
2026-05-11T00:20:23: Error: listen EADDRINUSE: address already in use :::5001
2026-05-11T00:20:23:     at Server.setupListenHandle [as _listen2] (node:net:1940:16)
2026-05-11T00:20:23:     at listenInCluster (node:net:1997:12)
2026-05-11T00:20:23:     at Server.listen (node:net:2102:7)
2026-05-11T00:20:23:     at app.listen (C:\Users\Anmol\OneDrive\Desktop\B\coding-portal\judge\node_modules\express\lib\application.js:635:24)
2026-05-11T00:20:23:     at <anonymous> (C:\Users\Anmol\OneDrive\Desktop\B\coding-portal\judge\src\index.ts:216:5)
2026-05-11T00:20:23:     at ModuleJob.run (node:internal/modules/esm/module_job:430:25)
2026-05-11T00:20:23:     at process.processTicksAndRejections (node:internal/process/task_queues:103:5)
2026-05-11T00:20:23:     at async onImport.tracePromise.__proto__ (node:internal/modules/esm/loader:661:26)
2026-05-11T00:20:23:     at async asyncRunEntryPointWithESMLoader (node:internal/modules/run_main:101:5)
2026-05-11T00:20:23: Emitted 'error' event on Server instance at:
2026-05-11T00:20:23:     at emitErrorNT (node:net:1976:8)
2026-05-11T00:20:23:     at process.processTicksAndRejections (node:internal/process/task_queues:89:21) {
2026-05-11T00:20:23:   code: 'EADDRINUSE',
2026-05-11T00:20:23:   errno: -4091,
2026-05-11T00:20:23:   syscall: 'listen',
2026-05-11T00:20:23:   address: '::',
2026-05-11T00:20:23:   port: 5001
2026-05-11T00:20:23: }
2026-05-11T00:20:23: 
2026-05-11T00:20:23: Node.js v24.13.1
2026-05-11T00:20:25: node:events:486
2026-05-11T00:20:25:       throw er; // Unhandled 'error' event
2026-05-11T00:20:25:       ^
2026-05-11T00:20:25: 
2026-05-11T00:20:25: Error: listen EADDRINUSE: address already in use :::5001
2026-05-11T00:20:25:     at Server.setupListenHandle [as _listen2] (node:net:1940:16)
2026-05-11T00:20:25:     at listenInCluster (node:net:1997:12)
2026-05-11T00:20:25:     at Server.listen (node:net:2102:7)
2026-05-11T00:20:25:     at app.listen (C:\Users\Anmol\OneDrive\Desktop\B\coding-portal\judge\node_modules\express\lib\application.js:635:24)
2026-05-11T00:20:25:     at <anonymous> (C:\Users\Anmol\OneDrive\Desktop\B\coding-portal\judge\src\index.ts:216:5)
2026-05-11T00:20:25:     at ModuleJob.run (node:internal/modules/esm/module_job:430:25)
2026-05-11T00:20:25:     at process.processTicksAndRejections (node:internal/process/task_queues:103:5)
2026-05-11T00:20:25:     at async onImport.tracePromise.__proto__ (node:internal/modules/esm/loader:661:26)
2026-05-11T00:20:25:     at async asyncRunEntryPointWithESMLoader (node:internal/modules/run_main:101:5)
2026-05-11T00:20:25: Emitted 'error' event on Server instance at:
2026-05-11T00:20:25:     at emitErrorNT (node:net:1976:8)
2026-05-11T00:20:25:     at process.processTicksAndRejections (node:internal/process/task_queues:89:21) {
2026-05-11T00:20:25:   code: 'EADDRINUSE',
2026-05-11T00:20:25:   errno: -4091,
2026-05-11T00:20:25:   syscall: 'listen',
2026-05-11T00:20:25:   address: '::',
2026-05-11T00:20:25:   port: 5001
2026-05-11T00:20:25: }
2026-05-11T00:20:25: 
2026-05-11T00:20:25: Node.js v24.13.1
2026-05-11T00:20:27: node:events:486
2026-05-11T00:20:27:       throw er; // Unhandled 'error' event
2026-05-11T00:20:27:       ^
2026-05-11T00:20:27: 
2026-05-11T00:20:27: Error: listen EADDRINUSE: address already in use :::5001
2026-05-11T00:20:27:     at Server.setupListenHandle [as _listen2] (node:net:1940:16)
2026-05-11T00:20:27:     at listenInCluster (node:net:1997:12)
2026-05-11T00:20:27:     at Server.listen (node:net:2102:7)
2026-05-11T00:20:27:     at app.listen (C:\Users\Anmol\OneDrive\Desktop\B\coding-portal\judge\node_modules\express\lib\application.js:635:24)
2026-05-11T00:20:27:     at <anonymous> (C:\Users\Anmol\OneDrive\Desktop\B\coding-portal\judge\src\index.ts:216:5)
2026-05-11T00:20:27:     at ModuleJob.run (node:internal/modules/esm/module_job:430:25)
2026-05-11T00:20:27:     at process.processTicksAndRejections (node:internal/process/task_queues:103:5)
2026-05-11T00:20:27:     at async onImport.tracePromise.__proto__ (node:internal/modules/esm/loader:661:26)
2026-05-11T00:20:27:     at async asyncRunEntryPointWithESMLoader (node:internal/modules/run_main:101:5)
2026-05-11T00:20:27: Emitted 'error' event on Server instance at:
2026-05-11T00:20:27:     at emitErrorNT (node:net:1976:8)
2026-05-11T00:20:27:     at process.processTicksAndRejections (node:internal/process/task_queues:89:21) {
2026-05-11T00:20:27:   code: 'EADDRINUSE',
2026-05-11T00:20:27:   errno: -4091,
2026-05-11T00:20:27:   syscall: 'listen',
2026-05-11T00:20:27:   address: '::',
2026-05-11T00:20:27:   port: 5001
2026-05-11T00:20:27: }
2026-05-11T00:20:27: 
2026-05-11T00:20:27: Node.js v24.13.1
2026-05-11T00:20:33: node:events:486
2026-05-11T00:20:33:       throw er; // Unhandled 'error' event
2026-05-11T00:20:33:       ^
2026-05-11T00:20:33: 
2026-05-11T00:20:33: Error: listen EADDRINUSE: address already in use :::5001
2026-05-11T00:20:33:     at Server.setupListenHandle [as _listen2] (node:net:1940:16)
2026-05-11T00:20:33:     at listenInCluster (node:net:1997:12)
2026-05-11T00:20:33:     at Server.listen (node:net:2102:7)
2026-05-11T00:20:33:     at app.listen (C:\Users\Anmol\OneDrive\Desktop\B\coding-portal\judge\node_modules\express\lib\application.js:635:24)
2026-05-11T00:20:33:     at <anonymous> (C:\Users\Anmol\OneDrive\Desktop\B\coding-portal\judge\src\index.ts:216:5)
2026-05-11T00:20:33:     at ModuleJob.run (node:internal/modules/esm/module_job:430:25)
2026-05-11T00:20:33:     at process.processTicksAndRejections (node:internal/process/task_queues:103:5)
2026-05-11T00:20:33:     at async onImport.tracePromise.__proto__ (node:internal/modules/esm/loader:661:26)
2026-05-11T00:20:33:     at async asyncRunEntryPointWithESMLoader (node:internal/modules/run_main:101:5)
2026-05-11T00:20:33: Emitted 'error' event on Server instance at:
2026-05-11T00:20:33:     at emitErrorNT (node:net:1976:8)
2026-05-11T00:20:33:     at process.processTicksAndRejections (node:internal/process/task_queues:89:21) {
2026-05-11T00:20:33:   code: 'EADDRINUSE',
2026-05-11T00:20:33:   errno: -4091,
2026-05-11T00:20:33:   syscall: 'listen',
2026-05-11T00:20:33:   address: '::',
2026-05-11T00:20:33:   port: 5001
2026-05-11T00:20:33: }
2026-05-11T00:20:33: 
2026-05-11T00:20:33: Node.js v24.13.1
2026-05-11T00:20:35: node:events:486
2026-05-11T00:20:35:       throw er; // Unhandled 'error' event
2026-05-11T00:20:35:       ^
2026-05-11T00:20:35: 
2026-05-11T00:20:35: Error: listen EADDRINUSE: address already in use :::5001
2026-05-11T00:20:35:     at Server.setupListenHandle [as _listen2] (node:net:1940:16)
2026-05-11T00:20:35:     at listenInCluster (node:net:1997:12)
2026-05-11T00:20:35:     at Server.listen (node:net:2102:7)
2026-05-11T00:20:35:     at app.listen (C:\Users\Anmol\OneDrive\Desktop\B\coding-portal\judge\node_modules\express\lib\application.js:635:24)
2026-05-11T00:20:35:     at <anonymous> (C:\Users\Anmol\OneDrive\Desktop\B\coding-portal\judge\src\index.ts:216:5)
2026-05-11T00:20:35:     at ModuleJob.run (node:internal/modules/esm/module_job:430:25)
2026-05-11T00:20:35:     at process.processTicksAndRejections (node:internal/process/task_queues:103:5)
2026-05-11T00:20:35:     at async onImport.tracePromise.__proto__ (node:internal/modules/esm/loader:661:26)
2026-05-11T00:20:35:     at async asyncRunEntryPointWithESMLoader (node:internal/modules/run_main:101:5)
2026-05-11T00:20:35: Emitted 'error' event on Server instance at:
2026-05-11T00:20:35:     at emitErrorNT (node:net:1976:8)
2026-05-11T00:20:35:     at process.processTicksAndRejections (node:internal/process/task_queues:89:21) {
2026-05-11T00:20:35:   code: 'EADDRINUSE',
2026-05-11T00:20:35:   errno: -4091,
2026-05-11T00:20:35:   syscall: 'listen',
2026-05-11T00:20:35:   address: '::',
2026-05-11T00:20:35:   port: 5001
2026-05-11T00:20:35: }
2026-05-11T00:20:35: 
2026-05-11T00:20:35: Node.js v24.13.1
2026-05-11T00:20:37: node:events:486
2026-05-11T00:20:37:       throw er; // Unhandled 'error' event
2026-05-11T00:20:37:       ^
2026-05-11T00:20:37: 
2026-05-11T00:20:37: Error: listen EADDRINUSE: address already in use :::5001
2026-05-11T00:20:37:     at Server.setupListenHandle [as _listen2] (node:net:1940:16)
2026-05-11T00:20:37:     at listenInCluster (node:net:1997:12)
2026-05-11T00:20:37:     at Server.listen (node:net:2102:7)
2026-05-11T00:20:37:     at app.listen (C:\Users\Anmol\OneDrive\Desktop\B\coding-portal\judge\node_modules\express\lib\application.js:635:24)
2026-05-11T00:20:37:     at <anonymous> (C:\Users\Anmol\OneDrive\Desktop\B\coding-portal\judge\src\index.ts:216:5)
2026-05-11T00:20:37:     at ModuleJob.run (node:internal/modules/esm/module_job:430:25)
2026-05-11T00:20:37:     at process.processTicksAndRejections (node:internal/process/task_queues:103:5)
2026-05-11T00:20:37:     at async onImport.tracePromise.__proto__ (node:internal/modules/esm/loader:661:26)
2026-05-11T00:20:37:     at async asyncRunEntryPointWithESMLoader (node:internal/modules/run_main:101:5)
2026-05-11T00:20:37: Emitted 'error' event on Server instance at:
2026-05-11T00:20:37:     at emitErrorNT (node:net:1976:8)
2026-05-11T00:20:37:     at process.processTicksAndRejections (node:internal/process/task_queues:89:21) {
2026-05-11T00:20:37:   code: 'EADDRINUSE',
2026-05-11T00:20:37:   errno: -4091,
2026-05-11T00:20:37:   syscall: 'listen',
2026-05-11T00:20:37:   address: '::',
2026-05-11T00:20:37:   port: 5001
2026-05-11T00:20:37: }
2026-05-11T00:20:37: 
2026-05-11T00:20:37: Node.js v24.13.1
2026-05-11T00:20:39: node:events:486
2026-05-11T00:20:39:       throw er; // Unhandled 'error' event
2026-05-11T00:20:39:       ^
2026-05-11T00:20:39: 
2026-05-11T00:20:39: Error: listen EADDRINUSE: address already in use :::5001
2026-05-11T00:20:39:     at Server.setupListenHandle [as _listen2] (node:net:1940:16)
2026-05-11T00:20:39:     at listenInCluster (node:net:1997:12)
2026-05-11T00:20:39:     at Server.listen (node:net:2102:7)
2026-05-11T00:20:39:     at app.listen (C:\Users\Anmol\OneDrive\Desktop\B\coding-portal\judge\node_modules\express\lib\application.js:635:24)
2026-05-11T00:20:39:     at <anonymous> (C:\Users\Anmol\OneDrive\Desktop\B\coding-portal\judge\src\index.ts:216:5)
2026-05-11T00:20:39:     at ModuleJob.run (node:internal/modules/esm/module_job:430:25)
2026-05-11T00:20:39:     at process.processTicksAndRejections (node:internal/process/task_queues:103:5)
2026-05-11T00:20:39:     at async onImport.tracePromise.__proto__ (node:internal/modules/esm/loader:661:26)
2026-05-11T00:20:39:     at async asyncRunEntryPointWithESMLoader (node:internal/modules/run_main:101:5)
2026-05-11T00:20:39: Emitted 'error' event on Server instance at:
2026-05-11T00:20:39:     at emitErrorNT (node:net:1976:8)
2026-05-11T00:20:39:     at process.processTicksAndRejections (node:internal/process/task_queues:89:21) {
2026-05-11T00:20:39:   code: 'EADDRINUSE',
2026-05-11T00:20:39:   errno: -4091,
2026-05-11T00:20:39:   syscall: 'listen',
2026-05-11T00:20:39:   address: '::',
2026-05-11T00:20:39:   port: 5001
2026-05-11T00:20:39: }
2026-05-11T00:20:39: 
2026-05-11T00:20:39: Node.js v24.13.1
2026-05-11T00:20:41: node:events:486
2026-05-11T00:20:41:       throw er; // Unhandled 'error' event
2026-05-11T00:20:41:       ^
2026-05-11T00:20:41: 
2026-05-11T00:20:41: Error: listen EADDRINUSE: address already in use :::5001
2026-05-11T00:20:41:     at Server.setupListenHandle [as _listen2] (node:net:1940:16)
2026-05-11T00:20:41:     at listenInCluster (node:net:1997:12)
2026-05-11T00:20:41:     at Server.listen (node:net:2102:7)
2026-05-11T00:20:41:     at app.listen (C:\Users\Anmol\OneDrive\Desktop\B\coding-portal\judge\node_modules\express\lib\application.js:635:24)
2026-05-11T00:20:41:     at <anonymous> (C:\Users\Anmol\OneDrive\Desktop\B\coding-portal\judge\src\index.ts:216:5)
2026-05-11T00:20:41:     at ModuleJob.run (node:internal/modules/esm/module_job:430:25)
2026-05-11T00:20:41:     at process.processTicksAndRejections (node:internal/process/task_queues:103:5)
2026-05-11T00:20:41:     at async onImport.tracePromise.__proto__ (node:internal/modules/esm/loader:661:26)
2026-05-11T00:20:41:     at async asyncRunEntryPointWithESMLoader (node:internal/modules/run_main:101:5)
2026-05-11T00:20:41: Emitted 'error' event on Server instance at:
2026-05-11T00:20:41:     at emitErrorNT (node:net:1976:8)
2026-05-11T00:20:41:     at process.processTicksAndRejections (node:internal/process/task_queues:89:21) {
2026-05-11T00:20:41:   code: 'EADDRINUSE',
2026-05-11T00:20:41:   errno: -4091,
2026-05-11T00:20:41:   syscall: 'listen',
2026-05-11T00:20:41:   address: '::',
2026-05-11T00:20:41:   port: 5001
2026-05-11T00:20:41: }
2026-05-11T00:20:41: 
2026-05-11T00:20:41: Node.js v24.13.1
2026-05-11T00:20:43: node:events:486
2026-05-11T00:20:43:       throw er; // Unhandled 'error' event
2026-05-11T00:20:43:       ^
2026-05-11T00:20:43: 
2026-05-11T00:20:43: Error: listen EADDRINUSE: address already in use :::5001
2026-05-11T00:20:43:     at Server.setupListenHandle [as _listen2] (node:net:1940:16)
2026-05-11T00:20:43:     at listenInCluster (node:net:1997:12)
2026-05-11T00:20:43:     at Server.listen (node:net:2102:7)
2026-05-11T00:20:43:     at app.listen (C:\Users\Anmol\OneDrive\Desktop\B\coding-portal\judge\node_modules\express\lib\application.js:635:24)
2026-05-11T00:20:43:     at <anonymous> (C:\Users\Anmol\OneDrive\Desktop\B\coding-portal\judge\src\index.ts:216:5)
2026-05-11T00:20:43:     at ModuleJob.run (node:internal/modules/esm/module_job:430:25)
2026-05-11T00:20:43:     at process.processTicksAndRejections (node:internal/process/task_queues:103:5)
2026-05-11T00:20:43:     at async onImport.tracePromise.__proto__ (node:internal/modules/esm/loader:661:26)
2026-05-11T00:20:43:     at async asyncRunEntryPointWithESMLoader (node:internal/modules/run_main:101:5)
2026-05-11T00:20:43: Emitted 'error' event on Server instance at:
2026-05-11T00:20:43:     at emitErrorNT (node:net:1976:8)
2026-05-11T00:20:43:     at process.processTicksAndRejections (node:internal/process/task_queues:89:21) {
2026-05-11T00:20:43:   code: 'EADDRINUSE',
2026-05-11T00:20:43:   errno: -4091,
2026-05-11T00:20:43:   syscall: 'listen',
2026-05-11T00:20:43:   address: '::',
2026-05-11T00:20:43:   port: 5001
2026-05-11T00:20:43: }
2026-05-11T00:20:43: 
2026-05-11T00:20:43: Node.js v24.13.1
2026-05-11T12:56:37: Judge running on port 5001
2026-05-11T22:13:12: Judge running on port 5001
2026-05-11T23:29:17: Judge running on port 5001
2026-05-12T22:20:17: Judge running on port 5001
2026-05-13T00:06:30: Judge running on port 5001
2026-05-13T00:06:32: Judge running on port 5001
2026-05-13T12:33:09: Judge running on port 5001
2026-05-13T12:33:21: Judge running on port 5001
2026-05-13T12:33:25: Judge running on port 5001
2026-05-13T13:10:02: Judge running on port 5001
2026-05-13T14:05:24: Judge running on port 5001
2026-05-13T14:58:41: Judge running on port 5001
2026-05-13T22:01:16: Judge running on port 5001
2026-05-13T22:03:12: Judge running on port 5001
2026-05-14T20:57:13: Judge running on port 5001
2026-05-15T02:33:51: Judge running on port 5001
2026-05-16T09:28:41: Judge running on port 5001
2026-05-17T01:23:53: Judge running on port 5001
2026-05-17T12:20:31: Judge running on port 5001
2026-05-18T01:43:28: Judge running on port 5001
2026-05-18T09:22:54: Judge running on port 5001
2026-05-18T18:56:54: Judge running on port 5001
2026-05-19T06:02:26: Judge running on port 5001
2026-05-19T13:29:57: Judge running on port 5001
