2026-04-25T13:48:10: C:\PROGRAM FILES\NODEJS\NPX.CMD:1
2026-04-25T13:48:10: :: Created by npm, please don't edit manually.
2026-04-25T13:48:10: ^
2026-04-25T13:48:10: 
2026-04-25T13:48:10: SyntaxError: Unexpected token ':'
2026-04-25T13:48:10:     at wrapSafe (node:internal/modules/cjs/loader:1735:18)
2026-04-25T13:48:10:     at Module._compile (node:internal/modules/cjs/loader:1778:20)
2026-04-25T13:48:10:     at Object..js (node:internal/modules/cjs/loader:1936:10)
2026-04-25T13:48:10:     at Module.load (node:internal/modules/cjs/loader:1525:32)
2026-04-25T13:48:10:     at Module._load (node:internal/modules/cjs/loader:1327:12)
2026-04-25T13:48:10:     at TracingChannel.traceSync (node:diagnostics_channel:328:14)
2026-04-25T13:48:10:     at wrapModuleLoad (node:internal/modules/cjs/loader:245:24)
2026-04-25T13:48:10:     at Module.executeUserEntryPoint [as runMain] (node:internal/modules/run_main:154:5)
2026-04-25T13:48:10:     at node:internal/main/run_main_module:33:47
2026-04-25T13:48:10: 
2026-04-25T13:48:10: Node.js v24.13.1
2026-04-25T13:48:11: C:\PROGRAM FILES\NODEJS\NPX.CMD:1
2026-04-25T13:48:11: :: Created by npm, please don't edit manually.
2026-04-25T13:48:11: ^
2026-04-25T13:48:11: 
2026-04-25T13:48:11: SyntaxError: Unexpected token ':'
2026-04-25T13:48:11:     at wrapSafe (node:internal/modules/cjs/loader:1735:18)
2026-04-25T13:48:11:     at Module._compile (node:internal/modules/cjs/loader:1778:20)
2026-04-25T13:48:11:     at Object..js (node:internal/modules/cjs/loader:1936:10)
2026-04-25T13:48:11:     at Module.load (node:internal/modules/cjs/loader:1525:32)
2026-04-25T13:48:11:     at Module._load (node:internal/modules/cjs/loader:1327:12)
2026-04-25T13:48:11:     at TracingChannel.traceSync (node:diagnostics_channel:328:14)
2026-04-25T13:48:11:     at wrapModuleLoad (node:internal/modules/cjs/loader:245:24)
2026-04-25T13:48:11:     at Module.executeUserEntryPoint [as runMain] (node:internal/modules/run_main:154:5)
2026-04-25T13:48:11:     at node:internal/main/run_main_module:33:47
2026-04-25T13:48:11: 
2026-04-25T13:48:11: Node.js v24.13.1
2026-04-25T13:48:11: C:\PROGRAM FILES\NODEJS\NPX.CMD:1
2026-04-25T13:48:11: :: Created by npm, please don't edit manually.
2026-04-25T13:48:11: ^
2026-04-25T13:48:11: 
2026-04-25T13:48:11: SyntaxError: Unexpected token ':'
2026-04-25T13:48:11:     at wrapSafe (node:internal/modules/cjs/loader:1735:18)
2026-04-25T13:48:11:     at Module._compile (node:internal/modules/cjs/loader:1778:20)
2026-04-25T13:48:11:     at Object..js (node:internal/modules/cjs/loader:1936:10)
2026-04-25T13:48:11:     at Module.load (node:internal/modules/cjs/loader:1525:32)
2026-04-25T13:48:11:     at Module._load (node:internal/modules/cjs/loader:1327:12)
2026-04-25T13:48:11:     at TracingChannel.traceSync (node:diagnostics_channel:328:14)
2026-04-25T13:48:11:     at wrapModuleLoad (node:internal/modules/cjs/loader:245:24)
2026-04-25T13:48:11:     at Module.executeUserEntryPoint [as runMain] (node:internal/modules/run_main:154:5)
2026-04-25T13:48:11:     at node:internal/main/run_main_module:33:47
2026-04-25T13:48:11: 
2026-04-25T13:48:11: Node.js v24.13.1
2026-04-25T13:48:11: C:\PROGRAM FILES\NODEJS\NPX.CMD:1
2026-04-25T13:48:11: :: Created by npm, please don't edit manually.
2026-04-25T13:48:11: ^
2026-04-25T13:48:11: 
2026-04-25T13:48:11: SyntaxError: Unexpected token ':'
2026-04-25T13:48:11:     at wrapSafe (node:internal/modules/cjs/loader:1735:18)
2026-04-25T13:48:11:     at Module._compile (node:internal/modules/cjs/loader:1778:20)
2026-04-25T13:48:11:     at Object..js (node:internal/modules/cjs/loader:1936:10)
2026-04-25T13:48:11:     at Module.load (node:internal/modules/cjs/loader:1525:32)
2026-04-25T13:48:11:     at Module._load (node:internal/modules/cjs/loader:1327:12)
2026-04-25T13:48:11:     at TracingChannel.traceSync (node:diagnostics_channel:328:14)
2026-04-25T13:48:11:     at wrapModuleLoad (node:internal/modules/cjs/loader:245:24)
2026-04-25T13:48:11:     at Module.executeUserEntryPoint [as runMain] (node:internal/modules/run_main:154:5)
2026-04-25T13:48:11:     at node:internal/main/run_main_module:33:47
2026-04-25T13:48:11: 
2026-04-25T13:48:11: Node.js v24.13.1
2026-04-25T13:48:11: C:\PROGRAM FILES\NODEJS\NPX.CMD:1
2026-04-25T13:48:11: :: Created by npm, please don't edit manually.
2026-04-25T13:48:11: ^
2026-04-25T13:48:11: 
2026-04-25T13:48:11: SyntaxError: Unexpected token ':'
2026-04-25T13:48:11:     at wrapSafe (node:internal/modules/cjs/loader:1735:18)
2026-04-25T13:48:11:     at Module._compile (node:internal/modules/cjs/loader:1778:20)
2026-04-25T13:48:11:     at Object..js (node:internal/modules/cjs/loader:1936:10)
2026-04-25T13:48:11:     at Module.load (node:internal/modules/cjs/loader:1525:32)
2026-04-25T13:48:11:     at Module._load (node:internal/modules/cjs/loader:1327:12)
2026-04-25T13:48:11:     at TracingChannel.traceSync (node:diagnostics_channel:328:14)
2026-04-25T13:48:11:     at wrapModuleLoad (node:internal/modules/cjs/loader:245:24)
2026-04-25T13:48:11:     at Module.executeUserEntryPoint [as runMain] (node:internal/modules/run_main:154:5)
2026-04-25T13:48:11:     at node:internal/main/run_main_module:33:47
2026-04-25T13:48:11: 
2026-04-25T13:48:11: Node.js v24.13.1
2026-04-25T13:48:12: C:\PROGRAM FILES\NODEJS\NPX.CMD:1
2026-04-25T13:48:12: :: Created by npm, please don't edit manually.
2026-04-25T13:48:12: ^
2026-04-25T13:48:12: 
2026-04-25T13:48:12: SyntaxError: Unexpected token ':'
2026-04-25T13:48:12:     at wrapSafe (node:internal/modules/cjs/loader:1735:18)
2026-04-25T13:48:12:     at Module._compile (node:internal/modules/cjs/loader:1778:20)
2026-04-25T13:48:12:     at Object..js (node:internal/modules/cjs/loader:1936:10)
2026-04-25T13:48:12:     at Module.load (node:internal/modules/cjs/loader:1525:32)
2026-04-25T13:48:12:     at Module._load (node:internal/modules/cjs/loader:1327:12)
2026-04-25T13:48:12:     at TracingChannel.traceSync (node:diagnostics_channel:328:14)
2026-04-25T13:48:12:     at wrapModuleLoad (node:internal/modules/cjs/loader:245:24)
2026-04-25T13:48:12:     at Module.executeUserEntryPoint [as runMain] (node:internal/modules/run_main:154:5)
2026-04-25T13:48:12:     at node:internal/main/run_main_module:33:47
2026-04-25T13:48:12: 
2026-04-25T13:48:12: Node.js v24.13.1
2026-04-25T13:48:12: C:\PROGRAM FILES\NODEJS\NPX.CMD:1
2026-04-25T13:48:12: :: Created by npm, please don't edit manually.
2026-04-25T13:48:12: ^
2026-04-25T13:48:12: 
2026-04-25T13:48:12: SyntaxError: Unexpected token ':'
2026-04-25T13:48:12:     at wrapSafe (node:internal/modules/cjs/loader:1735:18)
2026-04-25T13:48:12:     at Module._compile (node:internal/modules/cjs/loader:1778:20)
2026-04-25T13:48:12:     at Object..js (node:internal/modules/cjs/loader:1936:10)
2026-04-25T13:48:12:     at Module.load (node:internal/modules/cjs/loader:1525:32)
2026-04-25T13:48:12:     at Module._load (node:internal/modules/cjs/loader:1327:12)
2026-04-25T13:48:12:     at TracingChannel.traceSync (node:diagnostics_channel:328:14)
2026-04-25T13:48:12:     at wrapModuleLoad (node:internal/modules/cjs/loader:245:24)
2026-04-25T13:48:12:     at Module.executeUserEntryPoint [as runMain] (node:internal/modules/run_main:154:5)
2026-04-25T13:48:12:     at node:internal/main/run_main_module:33:47
2026-04-25T13:48:12: 
2026-04-25T13:48:12: Node.js v24.13.1
2026-04-25T14:34:03: Backend running on http://localhost:4000
2026-04-25T14:34:10: Backend running on http://localhost:4000
2026-04-25T14:34:28: [0mGET /api/health [32m200[0m 28.194 ms - 15[0m
2026-04-25T20:56:32: Backend running on http://localhost:4000
2026-04-25T20:56:35: Backend running on http://localhost:4000
2026-04-26T00:07:15: Backend running on http://localhost:4000
2026-04-26T00:07:20: Backend running on http://localhost:4000
2026-04-26T00:07:23: Backend running on http://localhost:4000
2026-04-26T00:07:26: Backend running on http://localhost:4000
2026-04-26T00:07:33: Backend running on http://localhost:4000
2026-04-26T00:07:36: Backend running on http://localhost:4000
2026-04-26T00:07:43: Backend running on http://localhost:4000
2026-04-26T00:07:46: Backend running on http://localhost:4000
2026-04-26T00:07:48: Backend running on http://localhost:4000
2026-04-26T00:08:02: Backend running on http://localhost:4000
2026-04-26T00:08:08: Backend running on http://localhost:4000
2026-04-26T00:08:31: Backend running on http://localhost:4000
2026-04-26T00:08:47: Backend running on http://localhost:4000
2026-04-26T23:25:39: Backend running on http://localhost:4000
2026-04-26T23:25:48: [0mGET /api/health [32m200[0m 7.588 ms - 15[0m
2026-04-26T23:32:46: [0mPOST /api/auth/sso [33m401[0m 22.410 ms - 42[0m
2026-04-26T23:32:46: [0mGET /api/auth/me [33m401[0m 6.192 ms - 26[0m
2026-04-26T23:32:47: [0mGET /api/problems [32m200[0m 263.184 ms - 54463[0m
2026-04-26T23:32:59: [0mGET /api/auth/me [33m401[0m 0.951 ms - 26[0m
2026-04-26T23:32:59: [0mGET /api/problems [36m304[0m 192.464 ms - -[0m
2026-04-26T23:48:29: [0mGET /api/auth/me [33m401[0m 0.773 ms - 26[0m
2026-04-26T23:51:41: [0mGET /api/auth/me [33m401[0m 0.623 ms - 26[0m
2026-04-26T23:51:45: [0mGET /api/problems [36m304[0m 33.731 ms - -[0m
2026-04-26T23:51:45: [0mGET /api/problems [36m304[0m 37.995 ms - -[0m
2026-04-26T23:53:10: Backend running on http://localhost:4000
2026-04-26T23:53:14: [0mGET /api/auth/me [33m401[0m 3.788 ms - 26[0m
2026-04-26T23:53:14: [0mPOST /api/auth/sso [33m401[0m 2.270 ms - 42[0m
2026-04-26T23:53:15: [0mGET /api/problems [36m304[0m 12.474 ms - -[0m
2026-04-26T23:54:53: [0mGET /api/auth/me [33m401[0m 3.887 ms - 26[0m
2026-04-26T23:54:53: [0mPOST /api/auth/sso [33m401[0m 2.395 ms - 42[0m
2026-04-26T23:54:54: [0mGET /api/problems [36m304[0m 18.670 ms - -[0m
2026-04-26T23:54:55: [0mGET /api/problems [36m304[0m 18.769 ms - -[0m
2026-04-26T23:58:07: [0mPOST /api/auth/sso [33m401[0m 0.973 ms - 42[0m
2026-04-26T23:58:07: [0mGET /api/auth/me [33m401[0m 1.251 ms - 26[0m
2026-04-26T23:58:08: [0mPOST /api/auth/sso [33m401[0m 1.483 ms - 42[0m
2026-04-26T23:58:08: [0mGET /api/problems [36m304[0m 11.430 ms - -[0m
2026-04-26T23:59:01: [0mGET /api/auth/me [33m401[0m 0.494 ms - 26[0m
2026-04-26T23:59:01: [0mPOST /api/auth/sso [33m401[0m 0.841 ms - 42[0m
2026-04-26T23:59:01: [0mGET /api/problems [36m304[0m 14.691 ms - -[0m
2026-04-26T23:59:10: [0mGET /api/problems [36m304[0m 12.875 ms - -[0m
2026-04-26T23:59:10: [0mGET /api/problems [36m304[0m 31.938 ms - -[0m
2026-04-27T00:00:24: Backend running on http://localhost:4000
2026-04-27T00:01:27: [0mGET /api/auth/me [33m401[0m 15.723 ms - 26[0m
2026-04-27T00:01:27: [SSO] Token rejected { reason: 'expired', tokenPreview: 'eyJlbWFpbCI6InN0dWRlbnRAYnVpbGR1' }
2026-04-27T00:01:27: [0mPOST /api/auth/sso [33m401[0m 15.402 ms - 61[0m
2026-04-27T00:01:27: [0mGET /api/problems [36m304[0m 54.928 ms - -[0m
2026-04-27T00:01:29: [0mGET /api/auth/me [33m401[0m 1.701 ms - 26[0m
2026-04-27T00:01:29: [SSO] Token rejected { reason: 'expired', tokenPreview: 'eyJlbWFpbCI6InN0dWRlbnRAYnVpbGR1' }
2026-04-27T00:01:29: [0mPOST /api/auth/sso [33m401[0m 6.465 ms - 61[0m
2026-04-27T00:01:29: [0mGET /api/problems [36m304[0m 17.207 ms - -[0m
2026-04-27T00:01:48: [0mGET /api/auth/me [33m401[0m 0.724 ms - 26[0m
2026-04-27T00:01:48: [SSO] Token rejected { reason: 'expired', tokenPreview: 'eyJlbWFpbCI6InN0dWRlbnRAYnVpbGR1' }
2026-04-27T00:01:48: [0mPOST /api/auth/sso [33m401[0m 3.274 ms - 61[0m
2026-04-27T00:01:58: [0mGET /api/auth/me [33m401[0m 0.582 ms - 26[0m
2026-04-27T00:01:59: [SSO] Token rejected { reason: 'expired', tokenPreview: 'eyJlbWFpbCI6InN0dWRlbnRAYnVpbGR1' }
2026-04-27T00:01:59: [0mPOST /api/auth/sso [33m401[0m 1.164 ms - 61[0m
2026-04-27T00:02:02: [0mGET /api/auth/me [33m401[0m 0.577 ms - 26[0m
2026-04-27T00:02:02: [SSO] Token rejected { reason: 'expired', tokenPreview: 'eyJlbWFpbCI6InN0dWRlbnRAYnVpbGR1' }
2026-04-27T00:02:02: [0mPOST /api/auth/sso [33m401[0m 1.046 ms - 61[0m
2026-04-27T00:30:46: [0mGET /api/auth/me [33m401[0m 3.321 ms - 26[0m
2026-04-27T00:30:48: [SSO] Token rejected { reason: 'expired', tokenPreview: 'eyJlbWFpbCI6InN0dWRlbnRAYnVpbGR1' }
2026-04-27T00:30:48: [0mPOST /api/auth/sso [33m401[0m 1.619 ms - 61[0m
2026-04-27T00:36:22: [0mGET /api/auth/me [33m401[0m 0.882 ms - 26[0m
2026-04-27T00:36:22: [SSO] Token rejected { reason: 'expired', tokenPreview: 'eyJlbWFpbCI6InN0dWRlbnRAYnVpbGR1' }
2026-04-27T00:36:22: [0mPOST /api/auth/sso [33m401[0m 1.786 ms - 61[0m
2026-04-27T00:36:33: [0mGET /api/problems [36m304[0m 120.845 ms - -[0m
2026-04-27T00:36:33: [0mGET /api/problems [36m304[0m 23.917 ms - -[0m
2026-04-27T00:38:13: [0mGET /api/auth/me [33m401[0m 0.705 ms - 26[0m
2026-04-27T00:38:13: [SSO] Token rejected { reason: 'expired', tokenPreview: 'eyJlbWFpbCI6InN0dWRlbnRAYnVpbGR1' }
2026-04-27T00:38:13: [0mPOST /api/auth/sso [33m401[0m 1.502 ms - 61[0m
2026-04-27T00:38:13: [0mGET /api/problems [36m304[0m 31.408 ms - -[0m
2026-04-27T00:38:53: Backend running on http://localhost:4000
2026-04-27T00:39:04: Backend running on http://localhost:4000
2026-04-27T00:39:10: Backend running on http://localhost:4000
2026-04-27T00:39:24: Backend running on http://localhost:4000
2026-04-27T09:58:24: Backend running on http://localhost:4000
2026-04-27T10:07:12: [0mGET /api [33m404[0m 48.825 ms - 29[0m
2026-04-27T10:07:12: [0mGET /favicon.ico [33m404[0m 0.941 ms - 29[0m
2026-04-27T10:07:25: [0mGET /api/auth/me [33m401[0m 1.569 ms - 26[0m
2026-04-27T10:07:26: [0mGET /api/problems [36m304[0m 293.849 ms - -[0m
2026-04-27T10:18:54: [0mPOST /api/auth/sso [32m200[0m 137.764 ms - 639[0m
2026-04-27T10:18:54: [0mGET /api/profile/me [32m200[0m 71.231 ms - 1017[0m
2026-04-27T10:18:54: [0mGET /api/problems [36m304[0m 57.307 ms - -[0m
2026-04-27T10:19:08: [0mGET /api/profile/me [36m304[0m 30.149 ms - -[0m
2026-04-27T10:19:09: [0mGET /api/profile/me [36m304[0m 29.864 ms - -[0m
2026-04-27T10:19:21: [0mGET /api/submissions/me [32m200[0m 10.878 ms - 18[0m
2026-04-27T10:19:21: [0mGET /api/submissions/me [36m304[0m 4.393 ms - -[0m
2026-04-27T10:19:24: [0mGET /api/journeys [32m200[0m 22.194 ms - 15451[0m
2026-04-27T10:19:24: [0mGET /api/journeys [36m304[0m 15.370 ms - -[0m
2026-04-27T10:19:28: [0mGET /api/profile/me [36m304[0m 21.585 ms - -[0m
2026-04-27T10:19:28: [0mGET /api/profile/me [36m304[0m 17.420 ms - -[0m
2026-04-27T10:21:06: [0mGET /api/auth/me [32m200[0m 4.035 ms - 678[0m
2026-04-27T10:21:06: [0mGET /api/profile/me [36m304[0m 22.857 ms - -[0m
2026-04-27T10:21:06: [0mGET /api/profile/me [36m304[0m 41.302 ms - -[0m
2026-04-27T11:54:25: Backend running on http://localhost:4000
2026-04-27T12:01:29: [0mGET /api/auth/me [33m401[0m 45.477 ms - 26[0m
2026-04-27T12:01:29: [0mGET /api/problems [36m304[0m 83.140 ms - -[0m
2026-04-27T12:01:45: [0mGET /api/problems [36m304[0m 20.851 ms - -[0m
2026-04-27T12:01:45: [0mGET /api/problems [36m304[0m 20.292 ms - -[0m
2026-04-27T12:26:33: Backend running on http://localhost:4000
2026-04-27T12:32:38: [0mGET /api/auth/me [33m401[0m 90.485 ms - 26[0m
2026-04-27T12:32:38: [0mGET /api/problems [36m304[0m 113.577 ms - -[0m
2026-04-27T12:32:44: [0mGET /api/problems [36m304[0m 94.242 ms - -[0m
2026-04-27T12:32:45: [0mGET /api/problems [36m304[0m 140.835 ms - -[0m
2026-04-27T12:59:27: [0mPOST /api/auth/sso [32m200[0m 219.029 ms - 755[0m
2026-04-27T12:59:27: [0mGET /api/profile/me [33m401[0m 5.021 ms - 26[0m
2026-04-27T12:59:27: [0mGET /api/problems [36m304[0m 39.351 ms - -[0m
2026-04-27T12:59:30: [0mGET /api/profile/me [33m401[0m 2.916 ms - 26[0m
2026-04-27T12:59:30: [0mGET /api/profile/me [33m401[0m 21.221 ms - 26[0m
2026-04-27T13:00:01: [0mGET /api/profile/me [33m401[0m 3.285 ms - 26[0m
2026-04-27T13:36:09: [0mGET /api/auth/me [33m401[0m 40.876 ms - 26[0m
2026-04-27T13:55:57: [0mPOST /api/auth/sso [32m200[0m 338.086 ms - 356[0m
2026-04-27T13:55:57: [0mGET /api/profile/me [33m401[0m 1.742 ms - 26[0m
2026-04-27T13:55:57: [0mGET /api/problems [36m304[0m 83.596 ms - -[0m
2026-04-27T13:56:05: [0mGET /api/problems/array-sum-v1 [32m200[0m 83.938 ms - 1557[0m
2026-04-27T13:56:05: [0mGET /api/problems/array-sum-v1 [36m304[0m 6.707 ms - -[0m
2026-04-27T13:58:42: [0mPOST /api/auth/sso [32m200[0m 37.499 ms - 755[0m
2026-04-27T13:58:42: [0mGET /api/profile/me [33m401[0m 1.072 ms - 26[0m
2026-04-27T13:58:43: [0mGET /api/problems [36m304[0m 45.869 ms - -[0m
2026-04-27T13:58:47: [0mGET /api/problems/array-sum-v1 [36m304[0m 13.743 ms - -[0m
2026-04-27T13:58:47: [0mGET /api/problems/array-sum-v1 [36m304[0m 12.392 ms - -[0m
2026-04-27T14:31:04: [0mGET /api/auth/me [33m401[0m 49.161 ms - 26[0m
2026-04-27T14:31:08: [0mGET /api/problems/array-sum-v1 [36m304[0m 101.126 ms - -[0m
2026-04-27T14:31:13: [0mGET /api/auth/me [33m401[0m 1.659 ms - 26[0m
2026-04-27T14:40:16: [0mGET /api/problems/array-sum-v1 [36m304[0m 49.675 ms - -[0m
2026-04-27T14:50:21: [0mGET /api/auth/me [33m401[0m 0.836 ms - 26[0m
2026-04-27T14:50:22: [0mGET /api/problems/array-sum-v1 [36m304[0m 41.479 ms - -[0m
2026-04-27T14:53:27: [0mGET /api/auth/me [33m401[0m 0.620 ms - 26[0m
2026-04-27T14:53:35: [0mGET /api/problems/array-sum-v1 [36m304[0m 6.063 ms - -[0m
2026-04-27T15:05:14: [0mPOST /api/auth/sso [32m200[0m 40.111 ms - 755[0m
2026-04-27T15:05:14: [0mGET /api/profile/me [33m401[0m 0.943 ms - 26[0m
2026-04-27T15:05:14: [0mGET /api/problems [36m304[0m 99.207 ms - -[0m
2026-04-27T15:05:24: [0mGET /api/problems/array-sum-v1 [36m304[0m 11.755 ms - -[0m
2026-04-27T15:05:24: [0mGET /api/problems/array-sum-v1 [36m304[0m 17.565 ms - -[0m
2026-04-27T15:05:47: [0mGET /api/journeys [33m401[0m 3.225 ms - 26[0m
2026-04-27T15:05:47: [0mGET /api/journeys [33m401[0m 1.199 ms - 26[0m
2026-04-27T15:05:49: [0mGET /api/submissions/me [33m401[0m 2.925 ms - 26[0m
2026-04-27T15:05:49: [0mGET /api/submissions/me [33m401[0m 1.050 ms - 26[0m
2026-04-27T15:05:53: [0mGET /api/profile/me [33m401[0m 0.978 ms - 26[0m
2026-04-27T15:05:53: [0mGET /api/profile/me [33m401[0m 0.915 ms - 26[0m
2026-04-27T15:35:10: [0mGET /api/auth/me [33m401[0m 1.586 ms - 26[0m
2026-04-27T15:35:10: [0mGET /api/auth/me [33m401[0m 2.153 ms - 26[0m
2026-04-27T15:35:11: [0mGET /api/problems/array-sum-v1 [36m304[0m 2.757 ms - -[0m
2026-04-27T15:41:14: [0mGET /api/journeys [33m401[0m 51.459 ms - 26[0m
2026-04-27T15:41:14: [0mGET /api/journeys [33m401[0m 1.825 ms - 26[0m
2026-04-27T15:41:25: [0mGET /api/submissions/me [33m401[0m 1.029 ms - 26[0m
2026-04-27T15:41:25: [0mGET /api/submissions/me [33m401[0m 0.997 ms - 26[0m
2026-04-27T15:41:27: [0mGET /api/profile/me [33m401[0m 1.965 ms - 26[0m
2026-04-27T15:41:27: [0mGET /api/profile/me [33m401[0m 0.945 ms - 26[0m
2026-04-27T15:45:25: [0mGET /api/submissions/me [33m401[0m 41.890 ms - 26[0m
2026-04-27T15:45:25: [0mGET /api/submissions/me [33m401[0m 9.162 ms - 26[0m
2026-04-27T15:45:27: [0mGET /api/journeys [33m401[0m 0.799 ms - 26[0m
2026-04-27T15:45:27: [0mGET /api/journeys [33m401[0m 0.722 ms - 26[0m
2026-04-27T15:45:29: [0mGET /api/problems [36m304[0m 231.940 ms - -[0m
2026-04-27T15:45:29: [0mGET /api/problems [36m304[0m 34.317 ms - -[0m
2026-04-27T15:45:35: [0mGET /api/problems/ds-bst-search-v1 [32m200[0m 39.156 ms - 1746[0m
2026-04-27T15:45:35: [0mGET /api/problems/ds-bst-search-v1 [36m304[0m 6.342 ms - -[0m
2026-04-27T15:45:38: [0mGET /api/submissions/me [33m401[0m 0.850 ms - 26[0m
2026-04-27T15:45:38: [0mGET /api/submissions/me [33m401[0m 0.731 ms - 26[0m
2026-04-27T15:45:48: [0mGET /api/profile/me [33m401[0m 1.563 ms - 26[0m
2026-04-27T15:45:50: [0mGET /api/submissions/me [33m401[0m 0.694 ms - 26[0m
2026-04-27T15:45:50: [0mGET /api/submissions/me [33m401[0m 0.687 ms - 26[0m
2026-04-27T15:45:52: [0mGET /api/profile/me [33m401[0m 1.572 ms - 26[0m
2026-04-27T15:45:52: [0mGET /api/profile/me [33m401[0m 0.596 ms - 26[0m
2026-04-27T15:46:57: [0mPOST /api/auth/logout [33m401[0m 1.316 ms - 26[0m
2026-04-27T15:47:01: [0mGET /api/problems [36m304[0m 20.862 ms - -[0m
2026-04-27T15:47:01: [0mGET /api/problems [36m304[0m 37.640 ms - -[0m
2026-04-27T18:08:05: [0mPOST /api/auth/sso [32m200[0m 265.929 ms - 755[0m
2026-04-27T18:08:05: [0mGET /api/profile/me [33m401[0m 29.537 ms - 26[0m
2026-04-27T18:08:06: [0mGET /api/problems [36m304[0m 51.911 ms - -[0m
2026-04-27T18:08:08: [0mGET /api/journeys [33m401[0m 1.245 ms - 26[0m
2026-04-27T18:08:08: [0mGET /api/journeys [33m401[0m 10.004 ms - 26[0m
2026-04-27T18:08:20: [0mGET /api/submissions/me [33m401[0m 0.711 ms - 26[0m
2026-04-27T18:08:20: [0mGET /api/submissions/me [33m401[0m 4.961 ms - 26[0m
2026-04-27T18:08:22: [0mGET /api/profile/me [33m401[0m 0.724 ms - 26[0m
2026-04-27T18:08:22: [0mGET /api/profile/me [33m401[0m 0.757 ms - 26[0m
2026-04-27T19:42:43: [0mGET /api/auth/me [33m401[0m 109.685 ms - 26[0m
2026-04-27T19:42:50: [0mPOST /api/auth/sso [32m200[0m 174.891 ms - 755[0m
2026-04-27T19:42:50: [0mGET /api/profile/me [33m401[0m 0.810 ms - 26[0m
2026-04-27T19:42:50: [0mGET /api/profile/me [33m401[0m 2.034 ms - 26[0m
2026-04-27T19:42:53: [0mGET /api/journeys [33m401[0m 1.549 ms - 26[0m
2026-04-27T19:42:53: [0mGET /api/journeys [33m401[0m 1.212 ms - 26[0m
2026-04-27T19:42:55: [0mGET /api/submissions/me [33m401[0m 0.898 ms - 26[0m
2026-04-27T19:42:55: [0mGET /api/submissions/me [33m401[0m 0.851 ms - 26[0m
2026-04-27T19:46:54: [0mGET /api/auth/me [33m401[0m 11.503 ms - 26[0m
2026-04-27T19:46:55: [0mPOST /api/auth/sso [32m200[0m 117.950 ms - 755[0m
2026-04-27T19:46:55: [0mGET /api/profile/me [33m401[0m 0.932 ms - 26[0m
2026-04-27T19:46:55: [0mGET /api/submissions/me [33m401[0m 1.261 ms - 26[0m
2026-04-27T20:04:04: [SSO] Token rejected { reason: 'expired', tokenPreview: 'eyJlbWFpbCI6InN0dWRlbnRAYnVpbGR1' }
2026-04-27T20:04:04: [0mPOST /api/auth/sso [33m401[0m 106.340 ms - 61[0m
2026-04-27T20:04:04: [0mGET /api/auth/me [33m401[0m 1.135 ms - 26[0m
2026-04-27T20:04:05: [0mPOST /api/auth/sso [32m200[0m 162.352 ms - 755[0m
2026-04-27T20:04:06: [0mGET /api/profile/me [33m401[0m 1.098 ms - 26[0m
2026-04-27T20:04:06: [0mGET /api/problems [36m304[0m 43.633 ms - -[0m
2026-04-27T20:04:39: [0mGET /api/journeys [33m401[0m 0.889 ms - 26[0m
2026-04-27T20:04:39: [0mGET /api/journeys [33m401[0m 2.185 ms - 26[0m
2026-04-27T20:04:40: [0mGET /api/submissions/me [33m401[0m 1.246 ms - 26[0m
2026-04-27T20:04:40: [0mGET /api/submissions/me [33m401[0m 1.488 ms - 26[0m
2026-04-27T20:04:41: [0mGET /api/profile/me [33m401[0m 0.900 ms - 26[0m
2026-04-27T20:04:41: [0mGET /api/profile/me [33m401[0m 0.820 ms - 26[0m
2026-04-27T20:08:02: Backend running on http://localhost:4000
2026-04-27T20:08:03: [0mGET /api/auth/me [33m401[0m 68.585 ms - 26[0m
2026-04-27T20:08:04: [0mPOST /api/auth/sso [32m200[0m 214.623 ms - 755[0m
2026-04-27T20:08:04: [0mGET /api/profile/me [32m200[0m 47.618 ms - 1133[0m
2026-04-27T20:08:04: [0mGET /api/problems [36m304[0m 49.572 ms - -[0m
2026-04-27T20:08:14: [0mGET /api/journeys [36m304[0m 26.018 ms - -[0m
2026-04-27T20:08:14: [0mGET /api/journeys [36m304[0m 24.181 ms - -[0m
2026-04-27T20:08:17: [0mGET /api/submissions/me [36m304[0m 4.606 ms - -[0m
2026-04-27T20:08:17: [0mGET /api/submissions/me [36m304[0m 5.044 ms - -[0m
2026-04-27T20:08:20: [0mGET /api/profile/me [36m304[0m 15.902 ms - -[0m
2026-04-27T20:08:20: [0mGET /api/profile/me [36m304[0m 34.447 ms - -[0m
2026-04-27T20:08:23: [0mGET /api/journeys [36m304[0m 11.345 ms - -[0m
2026-04-27T20:08:23: [0mGET /api/journeys [36m304[0m 14.680 ms - -[0m
2026-04-27T20:13:42: [0mGET /api/auth/me [36m304[0m 2053.017 ms - -[0m
2026-04-27T20:13:44: [0mGET /api/profile/me [36m304[0m 1401.246 ms - -[0m
2026-04-27T20:13:45: [0mGET /api/journeys [36m304[0m 1251.477 ms - -[0m
2026-04-27T20:13:51: [0mGET /api/submissions/me [36m304[0m 255.983 ms - -[0m
2026-04-27T20:13:51: [0mGET /api/submissions/me [36m304[0m 196.211 ms - -[0m
2026-04-27T20:14:35: [0mGET /api/journeys [36m304[0m 1165.649 ms - -[0m
2026-04-27T20:14:36: [0mGET /api/journeys [36m304[0m 765.850 ms - -[0m
2026-04-27T20:21:40: [0mGET /api/auth/me [36m304[0m 462.015 ms - -[0m
2026-04-27T20:21:40: [0mGET /api/profile/me [36m304[0m 90.950 ms - -[0m
2026-04-27T20:21:40: [0mGET /api/journeys [36m304[0m 88.185 ms - -[0m
2026-04-27T20:29:56: [0mGET /api/auth/me [36m304[0m 1697.918 ms - -[0m
2026-04-27T20:29:57: [0mGET /api/profile/me [36m304[0m 417.354 ms - -[0m
2026-04-27T20:29:57: [0mGET /api/journeys [36m304[0m 335.210 ms - -[0m
2026-04-27T21:35:01: [0mGET /api/auth/me [36m304[0m 1185.094 ms - -[0m
2026-04-27T21:35:24: [0mGET /api/profile/me [36m304[0m 68.016 ms - -[0m
2026-04-27T21:35:25: [0mGET /api/journeys [36m304[0m 159.915 ms - -[0m
2026-04-30T19:30:37: Backend running on http://localhost:4000
2026-04-30T19:34:09: Backend running on http://localhost:4000
2026-04-30T19:36:07: Backend running on http://localhost:4000
2026-04-30T19:37:38: Backend running on http://localhost:4000
2026-05-02T13:11:53: Backend running on http://localhost:4000
2026-05-02T13:13:33: Backend running on http://localhost:4000
2026-05-02T13:14:56: Backend running on http://localhost:4000
2026-05-02T13:17:16: Backend running on http://localhost:4000
2026-05-02T13:25:28: Backend running on http://localhost:4000
2026-05-02T13:36:30: Backend running on http://localhost:4000
2026-05-02T13:39:02: Backend running on http://localhost:4000
2026-05-02T13:40:43: Backend running on http://localhost:4000
2026-05-02T13:49:46: [0mGET /api/auth/me [33m401[0m 16.282 ms - 26[0m
2026-05-02T13:49:54: [0mGET /api/problems [36m304[0m 151.194 ms - -[0m
2026-05-02T13:49:59: [0mGET /api/problems/array-sum-v1 [36m304[0m 36.387 ms - -[0m
2026-05-02T13:49:59: [0mGET /api/problems/array-sum-v1 [36m304[0m 4.127 ms - -[0m
2026-05-02T16:28:11: Backend running on http://localhost:4000
2026-05-02T16:34:15: [0mGET /api/problems/array-sum-v1 [36m304[0m 521.090 ms - -[0m
2026-05-02T21:17:30: Backend running on http://localhost:4000
2026-05-02T22:38:53: Backend running on http://localhost:4000
2026-05-02T22:51:10: Backend running on http://localhost:4000
2026-05-02T23:16:39: Backend running on http://localhost:4000
2026-05-02T23:25:56: Backend running on http://localhost:4000
2026-05-02T23:26:06: Backend running on http://localhost:4000
2026-05-02T23:27:19: Backend running on http://localhost:4000
2026-05-02T23:32:00: Backend running on http://localhost:4000
2026-05-02T23:32:06: Backend running on http://localhost:4000
2026-05-02T23:52:12: Backend running on http://localhost:4000
2026-05-02T23:52:36: [0mGET / [33m404[0m 491.658 ms - 29[0m
2026-05-02T23:55:41: [0mGET /api/problems [0m-[0m - ms - -[0m
2026-05-03T00:03:37: [0mGET /api/auth/me [33m401[0m 2.424 ms - 26[0m
2026-05-03T00:08:40: [0mPOST /api/auth/sso [32m200[0m 45.206 ms - 771[0m
2026-05-03T00:08:40: [0mGET /api/profile/me [32m200[0m 59.604 ms - 1149[0m
2026-05-03T00:08:41: [0mGET /api/problems [36m304[0m 20.544 ms - -[0m
2026-05-03T00:08:47: [0mPOST /api/auth/logout [32m200[0m 1.395 ms - 24[0m
2026-05-03T00:08:47: [0mGET /api/problems [36m304[0m 10.715 ms - -[0m
2026-05-03T00:08:50: [0mGET /api/problems [36m304[0m 13.326 ms - -[0m
2026-05-03T00:08:51: [0mGET /api/problems [36m304[0m 12.592 ms - -[0m
2026-05-03T00:09:02: [0mPOST /api/auth/sso [32m200[0m 7.952 ms - 771[0m
2026-05-03T00:09:03: [0mGET /api/profile/me [36m304[0m 24.615 ms - -[0m
2026-05-03T00:09:03: [0mGET /api/problems [36m304[0m 18.672 ms - -[0m
2026-05-03T00:09:14: [0mGET /api/problems/array-sum-v1 [36m304[0m 11.275 ms - -[0m
2026-05-03T00:09:14: [0mGET /api/problems/array-sum-v1 [36m304[0m 7.440 ms - -[0m
2026-05-03T00:13:31: [0mGET /api/problems/array-sum-v1 [36m304[0m 77.828 ms - -[0m
2026-05-03T00:13:32: [0mPOST /api/submissions/execute [32m200[0m 921.859 ms - 440[0m
2026-05-03T00:13:32: [0mGET /api/problems/array-sum-v1 [32m200[0m 19.285 ms - 1706[0m
2026-05-03T14:06:58: Backend running on http://localhost:4000
2026-05-03T14:10:49: [0mPOST /api/auth/sso [32m200[0m 354.328 ms - 771[0m
2026-05-03T14:10:49: [0mGET /api/profile/me [36m304[0m 194.391 ms - -[0m
2026-05-03T14:10:49: [0mGET /api/problems [36m304[0m 121.105 ms - -[0m
2026-05-03T14:10:52: [0mGET /api/journeys [36m304[0m 33.177 ms - -[0m
2026-05-03T14:10:52: [0mGET /api/journeys [36m304[0m 25.610 ms - -[0m
2026-05-03T14:10:53: [0mGET /api/submissions/me [32m200[0m 5.098 ms - 832[0m
2026-05-03T14:10:53: [0mGET /api/submissions/me [36m304[0m 6.278 ms - -[0m
2026-05-03T14:10:55: [0mGET /api/profile/me [36m304[0m 22.686 ms - -[0m
2026-05-03T14:10:55: [0mGET /api/profile/me [36m304[0m 18.360 ms - -[0m
2026-05-03T14:23:35: [0mGET /api/auth/me [32m200[0m 6.982 ms - 694[0m
2026-05-03T14:23:36: [0mGET /api/profile/me [36m304[0m 81.831 ms - -[0m
2026-05-03T14:23:36: [0mGET /api/profile/me [36m304[0m 28.945 ms - -[0m
2026-05-03T14:29:26: [0mGET /api/auth/me [36m304[0m 14.263 ms - -[0m
2026-05-03T14:29:26: [0mGET /api/profile/me [36m304[0m 39.647 ms - -[0m
2026-05-03T14:29:26: [0mGET /api/profile/me [36m304[0m 23.337 ms - -[0m
2026-05-03T14:29:32: [0mPOST /api/auth/sso [32m200[0m 7.646 ms - 771[0m
2026-05-03T14:29:33: [0mGET /api/profile/me [36m304[0m 30.718 ms - -[0m
2026-05-03T14:29:33: [0mGET /api/problems [36m304[0m 31.663 ms - -[0m
2026-05-03T14:29:36: [0mGET /api/profile/me [36m304[0m 46.757 ms - -[0m
2026-05-03T14:29:36: [0mGET /api/profile/me [36m304[0m 29.446 ms - -[0m
2026-05-03T14:34:55: [0mGET /api/auth/me [36m304[0m 3.069 ms - -[0m
2026-05-03T14:34:55: [0mGET /api/profile/me [36m304[0m 15.080 ms - -[0m
2026-05-03T14:34:55: [0mGET /api/profile/me [36m304[0m 26.559 ms - -[0m
2026-05-03T14:35:11: [0mGET /api/auth/me [36m304[0m 3.786 ms - -[0m
2026-05-03T14:35:11: [0mGET /api/profile/me [36m304[0m 10.763 ms - -[0m
2026-05-03T14:35:11: [0mGET /api/profile/me [36m304[0m 13.755 ms - -[0m
2026-05-03T14:36:01: [0mPOST /api/auth/logout [32m200[0m 5.657 ms - 24[0m
2026-05-03T14:36:07: [0mGET /api/problems [36m304[0m 14.335 ms - -[0m
2026-05-03T14:36:07: [0mGET /api/problems [36m304[0m 11.147 ms - -[0m
2026-05-03T14:38:48: [0mGET /api/auth/me [33m401[0m 2.834 ms - 26[0m
2026-05-03T14:38:52: [0mPOST /api/auth/sso [32m200[0m 25.931 ms - 771[0m
2026-05-03T14:38:52: [0mGET /api/profile/me [36m304[0m 22.741 ms - -[0m
2026-05-03T14:38:52: [0mGET /api/problems [36m304[0m 33.601 ms - -[0m
2026-05-03T15:39:36: [0mGET /api/problems/ds-bst-search-v1 [32m200[0m 38.418 ms - 1746[0m
2026-05-03T15:39:37: [0mGET /api/problems/ds-bst-search-v1 [36m304[0m 7.095 ms - -[0m
2026-05-03T15:45:38: [0mGET /api/problems/ds-bst-search-v1 [36m304[0m 12.249 ms - -[0m
2026-05-03T15:45:41: [0mGET /api/problems [36m304[0m 16.380 ms - -[0m
2026-05-03T15:45:41: [0mGET /api/problems [36m304[0m 17.955 ms - -[0m
2026-05-03T15:49:29: Backend running on http://localhost:4000
2026-05-03T15:49:31: Backend running on http://localhost:4000
2026-05-03T15:49:35: Backend running on http://localhost:4000
2026-05-03T15:49:41: Backend running on http://localhost:4000
2026-05-03T16:47:29: [0mGET /api/problems [36m304[0m 205.048 ms - -[0m
2026-05-03T16:49:20: [0mGET /api/problems/array-sum-v1 [32m200[0m 75.193 ms - 1557[0m
2026-05-03T16:49:20: [0mGET /api/problems/array-sum-v1 [36m304[0m 11.289 ms - -[0m
2026-05-03T16:49:22: [0mGET /api/problems/array-sum-v1 [36m304[0m 5.169 ms - -[0m
2026-05-03T16:49:24: [0mGET /api/problems/array-sum-v1 [36m304[0m 12.825 ms - -[0m
2026-05-03T16:49:26: [0mGET /api/problems/array-sum-v1 [36m304[0m 13.939 ms - -[0m
2026-05-03T16:49:28: [0mGET /api/auth/me [33m401[0m 2.777 ms - 26[0m
2026-05-03T16:49:29: [0mGET /api/problems/array-sum-v1 [36m304[0m 6.817 ms - -[0m
2026-05-03T17:21:38: [0mGET /api/auth/me [33m401[0m 2.774 ms - 26[0m
2026-05-03T17:21:39: [0mGET /api/problems [36m304[0m 23.981 ms - -[0m
2026-05-04T00:45:39: Backend running on http://localhost:4000
2026-05-11T00:05:48: node:events:486
2026-05-11T00:05:48:       throw er; // Unhandled 'error' event
2026-05-11T00:05:48:       ^
2026-05-11T00:05:48: 
2026-05-11T00:05:48: Error: listen EADDRINUSE: address already in use :::4000
2026-05-11T00:05:48:     at Server.setupListenHandle [as _listen2] (node:net:1940:16)
2026-05-11T00:05:48:     at listenInCluster (node:net:1997:12)
2026-05-11T00:05:48:     at Server.listen (node:net:2102:7)
2026-05-11T00:05:48:     at app.listen (C:\Users\Anmol\OneDrive\Desktop\B\coding-portal\backend\node_modules\express\lib\application.js:635:24)
2026-05-11T00:05:48:     at <anonymous> (C:\Users\Anmol\OneDrive\Desktop\B\coding-portal\backend\src\index.ts:42:5)
2026-05-11T00:05:48:     at ModuleJob.run (node:internal/modules/esm/module_job:430:25)
2026-05-11T00:05:48:     at process.processTicksAndRejections (node:internal/process/task_queues:103:5)
2026-05-11T00:05:48:     at async onImport.tracePromise.__proto__ (node:internal/modules/esm/loader:661:26)
2026-05-11T00:05:48:     at async asyncRunEntryPointWithESMLoader (node:internal/modules/run_main:101:5)
2026-05-11T00:05:48: Emitted 'error' event on Server instance at:
2026-05-11T00:05:48:     at emitErrorNT (node:net:1976:8)
2026-05-11T00:05:48:     at process.processTicksAndRejections (node:internal/process/task_queues:89:21) {
2026-05-11T00:05:48:   code: 'EADDRINUSE',
2026-05-11T00:05:48:   errno: -4091,
2026-05-11T00:05:48:   syscall: 'listen',
2026-05-11T00:05:48:   address: '::',
2026-05-11T00:05:48:   port: 4000
2026-05-11T00:05:48: }
2026-05-11T00:05:48: 
2026-05-11T00:05:48: Node.js v24.13.1
2026-05-11T00:05:51: node:events:486
2026-05-11T00:05:51:       throw er; // Unhandled 'error' event
2026-05-11T00:05:51:       ^
2026-05-11T00:05:51: 
2026-05-11T00:05:51: Error: listen EADDRINUSE: address already in use :::4000
2026-05-11T00:05:51:     at Server.setupListenHandle [as _listen2] (node:net:1940:16)
2026-05-11T00:05:51:     at listenInCluster (node:net:1997:12)
2026-05-11T00:05:51:     at Server.listen (node:net:2102:7)
2026-05-11T00:05:51:     at app.listen (C:\Users\Anmol\OneDrive\Desktop\B\coding-portal\backend\node_modules\express\lib\application.js:635:24)
2026-05-11T00:05:51:     at <anonymous> (C:\Users\Anmol\OneDrive\Desktop\B\coding-portal\backend\src\index.ts:42:5)
2026-05-11T00:05:51:     at ModuleJob.run (node:internal/modules/esm/module_job:430:25)
2026-05-11T00:05:51:     at process.processTicksAndRejections (node:internal/process/task_queues:103:5)
2026-05-11T00:05:51:     at async onImport.tracePromise.__proto__ (node:internal/modules/esm/loader:661:26)
2026-05-11T00:05:51:     at async asyncRunEntryPointWithESMLoader (node:internal/modules/run_main:101:5)
2026-05-11T00:05:51: Emitted 'error' event on Server instance at:
2026-05-11T00:05:51:     at emitErrorNT (node:net:1976:8)
2026-05-11T00:05:51:     at process.processTicksAndRejections (node:internal/process/task_queues:89:21) {
2026-05-11T00:05:51:   code: 'EADDRINUSE',
2026-05-11T00:05:51:   errno: -4091,
2026-05-11T00:05:51:   syscall: 'listen',
2026-05-11T00:05:51:   address: '::',
2026-05-11T00:05:51:   port: 4000
2026-05-11T00:05:51: }
2026-05-11T00:05:51: 
2026-05-11T00:05:51: Node.js v24.13.1
2026-05-11T00:05:54: node:events:486
2026-05-11T00:05:54:       throw er; // Unhandled 'error' event
2026-05-11T00:05:54:       ^
2026-05-11T00:05:54: 
2026-05-11T00:05:54: Error: listen EADDRINUSE: address already in use :::4000
2026-05-11T00:05:54:     at Server.setupListenHandle [as _listen2] (node:net:1940:16)
2026-05-11T00:05:54:     at listenInCluster (node:net:1997:12)
2026-05-11T00:05:54:     at Server.listen (node:net:2102:7)
2026-05-11T00:05:54:     at app.listen (C:\Users\Anmol\OneDrive\Desktop\B\coding-portal\backend\node_modules\express\lib\application.js:635:24)
2026-05-11T00:05:54:     at <anonymous> (C:\Users\Anmol\OneDrive\Desktop\B\coding-portal\backend\src\index.ts:42:5)
2026-05-11T00:05:54:     at ModuleJob.run (node:internal/modules/esm/module_job:430:25)
2026-05-11T00:05:54:     at process.processTicksAndRejections (node:internal/process/task_queues:103:5)
2026-05-11T00:05:54:     at async onImport.tracePromise.__proto__ (node:internal/modules/esm/loader:661:26)
2026-05-11T00:05:54:     at async asyncRunEntryPointWithESMLoader (node:internal/modules/run_main:101:5)
2026-05-11T00:05:54: Emitted 'error' event on Server instance at:
2026-05-11T00:05:54:     at emitErrorNT (node:net:1976:8)
2026-05-11T00:05:54:     at process.processTicksAndRejections (node:internal/process/task_queues:89:21) {
2026-05-11T00:05:54:   code: 'EADDRINUSE',
2026-05-11T00:05:54:   errno: -4091,
2026-05-11T00:05:54:   syscall: 'listen',
2026-05-11T00:05:54:   address: '::',
2026-05-11T00:05:54:   port: 4000
2026-05-11T00:05:54: }
2026-05-11T00:05:54: 
2026-05-11T00:05:54: Node.js v24.13.1
2026-05-11T00:06:02: node:events:486
2026-05-11T00:06:02:       throw er; // Unhandled 'error' event
2026-05-11T00:06:02:       ^
2026-05-11T00:06:02: 
2026-05-11T00:06:02: Error: listen EADDRINUSE: address already in use :::4000
2026-05-11T00:06:02:     at Server.setupListenHandle [as _listen2] (node:net:1940:16)
2026-05-11T00:06:02:     at listenInCluster (node:net:1997:12)
2026-05-11T00:06:02:     at Server.listen (node:net:2102:7)
2026-05-11T00:06:02:     at app.listen (C:\Users\Anmol\OneDrive\Desktop\B\coding-portal\backend\node_modules\express\lib\application.js:635:24)
2026-05-11T00:06:02:     at <anonymous> (C:\Users\Anmol\OneDrive\Desktop\B\coding-portal\backend\src\index.ts:42:5)
2026-05-11T00:06:02:     at ModuleJob.run (node:internal/modules/esm/module_job:430:25)
2026-05-11T00:06:02:     at process.processTicksAndRejections (node:internal/process/task_queues:103:5)
2026-05-11T00:06:02:     at async onImport.tracePromise.__proto__ (node:internal/modules/esm/loader:661:26)
2026-05-11T00:06:02:     at async asyncRunEntryPointWithESMLoader (node:internal/modules/run_main:101:5)
2026-05-11T00:06:02: Emitted 'error' event on Server instance at:
2026-05-11T00:06:02:     at emitErrorNT (node:net:1976:8)
2026-05-11T00:06:02:     at process.processTicksAndRejections (node:internal/process/task_queues:89:21) {
2026-05-11T00:06:02:   code: 'EADDRINUSE',
2026-05-11T00:06:02:   errno: -4091,
2026-05-11T00:06:02:   syscall: 'listen',
2026-05-11T00:06:02:   address: '::',
2026-05-11T00:06:02:   port: 4000
2026-05-11T00:06:02: }
2026-05-11T00:06:02: 
2026-05-11T00:06:02: Node.js v24.13.1
2026-05-11T00:06:06: node:events:486
2026-05-11T00:06:06:       throw er; // Unhandled 'error' event
2026-05-11T00:06:06:       ^
2026-05-11T00:06:06: 
2026-05-11T00:06:06: Error: listen EADDRINUSE: address already in use :::4000
2026-05-11T00:06:06:     at Server.setupListenHandle [as _listen2] (node:net:1940:16)
2026-05-11T00:06:06:     at listenInCluster (node:net:1997:12)
2026-05-11T00:06:06:     at Server.listen (node:net:2102:7)
2026-05-11T00:06:06:     at app.listen (C:\Users\Anmol\OneDrive\Desktop\B\coding-portal\backend\node_modules\express\lib\application.js:635:24)
2026-05-11T00:06:06:     at <anonymous> (C:\Users\Anmol\OneDrive\Desktop\B\coding-portal\backend\src\index.ts:42:5)
2026-05-11T00:06:06:     at ModuleJob.run (node:internal/modules/esm/module_job:430:25)
2026-05-11T00:06:06:     at process.processTicksAndRejections (node:internal/process/task_queues:103:5)
2026-05-11T00:06:06:     at async onImport.tracePromise.__proto__ (node:internal/modules/esm/loader:661:26)
2026-05-11T00:06:06:     at async asyncRunEntryPointWithESMLoader (node:internal/modules/run_main:101:5)
2026-05-11T00:06:06: Emitted 'error' event on Server instance at:
2026-05-11T00:06:06:     at emitErrorNT (node:net:1976:8)
2026-05-11T00:06:06:     at process.processTicksAndRejections (node:internal/process/task_queues:89:21) {
2026-05-11T00:06:06:   code: 'EADDRINUSE',
2026-05-11T00:06:06:   errno: -4091,
2026-05-11T00:06:06:   syscall: 'listen',
2026-05-11T00:06:06:   address: '::',
2026-05-11T00:06:06:   port: 4000
2026-05-11T00:06:06: }
2026-05-11T00:06:06: 
2026-05-11T00:06:06: Node.js v24.13.1
2026-05-11T00:06:10: node:events:486
2026-05-11T00:06:10:       throw er; // Unhandled 'error' event
2026-05-11T00:06:10:       ^
2026-05-11T00:06:10: 
2026-05-11T00:06:10: Error: listen EADDRINUSE: address already in use :::4000
2026-05-11T00:06:10:     at Server.setupListenHandle [as _listen2] (node:net:1940:16)
2026-05-11T00:06:10:     at listenInCluster (node:net:1997:12)
2026-05-11T00:06:10:     at Server.listen (node:net:2102:7)
2026-05-11T00:06:10:     at app.listen (C:\Users\Anmol\OneDrive\Desktop\B\coding-portal\backend\node_modules\express\lib\application.js:635:24)
2026-05-11T00:06:10:     at <anonymous> (C:\Users\Anmol\OneDrive\Desktop\B\coding-portal\backend\src\index.ts:42:5)
2026-05-11T00:06:10:     at ModuleJob.run (node:internal/modules/esm/module_job:430:25)
2026-05-11T00:06:10:     at process.processTicksAndRejections (node:internal/process/task_queues:103:5)
2026-05-11T00:06:10:     at async onImport.tracePromise.__proto__ (node:internal/modules/esm/loader:661:26)
2026-05-11T00:06:10:     at async asyncRunEntryPointWithESMLoader (node:internal/modules/run_main:101:5)
2026-05-11T00:06:10: Emitted 'error' event on Server instance at:
2026-05-11T00:06:10:     at emitErrorNT (node:net:1976:8)
2026-05-11T00:06:10:     at process.processTicksAndRejections (node:internal/process/task_queues:89:21) {
2026-05-11T00:06:10:   code: 'EADDRINUSE',
2026-05-11T00:06:10:   errno: -4091,
2026-05-11T00:06:10:   syscall: 'listen',
2026-05-11T00:06:10:   address: '::',
2026-05-11T00:06:10:   port: 4000
2026-05-11T00:06:10: }
2026-05-11T00:06:10: 
2026-05-11T00:06:10: Node.js v24.13.1
2026-05-11T00:06:15: node:events:486
2026-05-11T00:06:15:       throw er; // Unhandled 'error' event
2026-05-11T00:06:15:       ^
2026-05-11T00:06:15: 
2026-05-11T00:06:15: Error: listen EADDRINUSE: address already in use :::4000
2026-05-11T00:06:15:     at Server.setupListenHandle [as _listen2] (node:net:1940:16)
2026-05-11T00:06:15:     at listenInCluster (node:net:1997:12)
2026-05-11T00:06:15:     at Server.listen (node:net:2102:7)
2026-05-11T00:06:15:     at app.listen (C:\Users\Anmol\OneDrive\Desktop\B\coding-portal\backend\node_modules\express\lib\application.js:635:24)
2026-05-11T00:06:15:     at <anonymous> (C:\Users\Anmol\OneDrive\Desktop\B\coding-portal\backend\src\index.ts:42:5)
2026-05-11T00:06:15:     at ModuleJob.run (node:internal/modules/esm/module_job:430:25)
2026-05-11T00:06:15:     at process.processTicksAndRejections (node:internal/process/task_queues:103:5)
2026-05-11T00:06:15:     at async onImport.tracePromise.__proto__ (node:internal/modules/esm/loader:661:26)
2026-05-11T00:06:15:     at async asyncRunEntryPointWithESMLoader (node:internal/modules/run_main:101:5)
2026-05-11T00:06:15: Emitted 'error' event on Server instance at:
2026-05-11T00:06:15:     at emitErrorNT (node:net:1976:8)
2026-05-11T00:06:15:     at process.processTicksAndRejections (node:internal/process/task_queues:89:21) {
2026-05-11T00:06:15:   code: 'EADDRINUSE',
2026-05-11T00:06:15:   errno: -4091,
2026-05-11T00:06:15:   syscall: 'listen',
2026-05-11T00:06:15:   address: '::',
2026-05-11T00:06:15:   port: 4000
2026-05-11T00:06:15: }
2026-05-11T00:06:15: 
2026-05-11T00:06:15: Node.js v24.13.1
2026-05-11T00:06:19: node:events:486
2026-05-11T00:06:19:       throw er; // Unhandled 'error' event
2026-05-11T00:06:19:       ^
2026-05-11T00:06:19: 
2026-05-11T00:06:19: Error: listen EADDRINUSE: address already in use :::4000
2026-05-11T00:06:19:     at Server.setupListenHandle [as _listen2] (node:net:1940:16)
2026-05-11T00:06:19:     at listenInCluster (node:net:1997:12)
2026-05-11T00:06:19:     at Server.listen (node:net:2102:7)
2026-05-11T00:06:19:     at app.listen (C:\Users\Anmol\OneDrive\Desktop\B\coding-portal\backend\node_modules\express\lib\application.js:635:24)
2026-05-11T00:06:19:     at <anonymous> (C:\Users\Anmol\OneDrive\Desktop\B\coding-portal\backend\src\index.ts:42:5)
2026-05-11T00:06:19:     at ModuleJob.run (node:internal/modules/esm/module_job:430:25)
2026-05-11T00:06:19:     at process.processTicksAndRejections (node:internal/process/task_queues:103:5)
2026-05-11T00:06:19:     at async onImport.tracePromise.__proto__ (node:internal/modules/esm/loader:661:26)
2026-05-11T00:06:19:     at async asyncRunEntryPointWithESMLoader (node:internal/modules/run_main:101:5)
2026-05-11T00:06:19: Emitted 'error' event on Server instance at:
2026-05-11T00:06:19:     at emitErrorNT (node:net:1976:8)
2026-05-11T00:06:19:     at process.processTicksAndRejections (node:internal/process/task_queues:89:21) {
2026-05-11T00:06:19:   code: 'EADDRINUSE',
2026-05-11T00:06:19:   errno: -4091,
2026-05-11T00:06:19:   syscall: 'listen',
2026-05-11T00:06:19:   address: '::',
2026-05-11T00:06:19:   port: 4000
2026-05-11T00:06:19: }
2026-05-11T00:06:19: 
2026-05-11T00:06:19: Node.js v24.13.1
2026-05-11T00:06:21: node:events:486
2026-05-11T00:06:21:       throw er; // Unhandled 'error' event
2026-05-11T00:06:21:       ^
2026-05-11T00:06:21: 
2026-05-11T00:06:21: Error: listen EADDRINUSE: address already in use :::4000
2026-05-11T00:06:21:     at Server.setupListenHandle [as _listen2] (node:net:1940:16)
2026-05-11T00:06:21:     at listenInCluster (node:net:1997:12)
2026-05-11T00:06:21:     at Server.listen (node:net:2102:7)
2026-05-11T00:06:21:     at app.listen (C:\Users\Anmol\OneDrive\Desktop\B\coding-portal\backend\node_modules\express\lib\application.js:635:24)
2026-05-11T00:06:21:     at <anonymous> (C:\Users\Anmol\OneDrive\Desktop\B\coding-portal\backend\src\index.ts:42:5)
2026-05-11T00:06:21:     at ModuleJob.run (node:internal/modules/esm/module_job:430:25)
2026-05-11T00:06:21:     at process.processTicksAndRejections (node:internal/process/task_queues:103:5)
2026-05-11T00:06:21:     at async onImport.tracePromise.__proto__ (node:internal/modules/esm/loader:661:26)
2026-05-11T00:06:21:     at async asyncRunEntryPointWithESMLoader (node:internal/modules/run_main:101:5)
2026-05-11T00:06:21: Emitted 'error' event on Server instance at:
2026-05-11T00:06:21:     at emitErrorNT (node:net:1976:8)
2026-05-11T00:06:21:     at process.processTicksAndRejections (node:internal/process/task_queues:89:21) {
2026-05-11T00:06:21:   code: 'EADDRINUSE',
2026-05-11T00:06:21:   errno: -4091,
2026-05-11T00:06:21:   syscall: 'listen',
2026-05-11T00:06:21:   address: '::',
2026-05-11T00:06:21:   port: 4000
2026-05-11T00:06:21: }
2026-05-11T00:06:21: 
2026-05-11T00:06:21: Node.js v24.13.1
2026-05-11T00:06:24: node:events:486
2026-05-11T00:06:24:       throw er; // Unhandled 'error' event
2026-05-11T00:06:24:       ^
2026-05-11T00:06:24: 
2026-05-11T00:06:24: Error: listen EADDRINUSE: address already in use :::4000
2026-05-11T00:06:24:     at Server.setupListenHandle [as _listen2] (node:net:1940:16)
2026-05-11T00:06:24:     at listenInCluster (node:net:1997:12)
2026-05-11T00:06:24:     at Server.listen (node:net:2102:7)
2026-05-11T00:06:24:     at app.listen (C:\Users\Anmol\OneDrive\Desktop\B\coding-portal\backend\node_modules\express\lib\application.js:635:24)
2026-05-11T00:06:24:     at <anonymous> (C:\Users\Anmol\OneDrive\Desktop\B\coding-portal\backend\src\index.ts:42:5)
2026-05-11T00:06:24:     at ModuleJob.run (node:internal/modules/esm/module_job:430:25)
2026-05-11T00:06:24:     at process.processTicksAndRejections (node:internal/process/task_queues:103:5)
2026-05-11T00:06:24:     at async onImport.tracePromise.__proto__ (node:internal/modules/esm/loader:661:26)
2026-05-11T00:06:24:     at async asyncRunEntryPointWithESMLoader (node:internal/modules/run_main:101:5)
2026-05-11T00:06:24: Emitted 'error' event on Server instance at:
2026-05-11T00:06:24:     at emitErrorNT (node:net:1976:8)
2026-05-11T00:06:24:     at process.processTicksAndRejections (node:internal/process/task_queues:89:21) {
2026-05-11T00:06:24:   code: 'EADDRINUSE',
2026-05-11T00:06:24:   errno: -4091,
2026-05-11T00:06:24:   syscall: 'listen',
2026-05-11T00:06:24:   address: '::',
2026-05-11T00:06:24:   port: 4000
2026-05-11T00:06:24: }
2026-05-11T00:06:24: 
2026-05-11T00:06:24: Node.js v24.13.1
2026-05-11T00:06:27: node:events:486
2026-05-11T00:06:27:       throw er; // Unhandled 'error' event
2026-05-11T00:06:27:       ^
2026-05-11T00:06:27: 
2026-05-11T00:06:27: Error: listen EADDRINUSE: address already in use :::4000
2026-05-11T00:06:27:     at Server.setupListenHandle [as _listen2] (node:net:1940:16)
2026-05-11T00:06:27:     at listenInCluster (node:net:1997:12)
2026-05-11T00:06:27:     at Server.listen (node:net:2102:7)
2026-05-11T00:06:27:     at app.listen (C:\Users\Anmol\OneDrive\Desktop\B\coding-portal\backend\node_modules\express\lib\application.js:635:24)
2026-05-11T00:06:27:     at <anonymous> (C:\Users\Anmol\OneDrive\Desktop\B\coding-portal\backend\src\index.ts:42:5)
2026-05-11T00:06:27:     at ModuleJob.run (node:internal/modules/esm/module_job:430:25)
2026-05-11T00:06:27:     at process.processTicksAndRejections (node:internal/process/task_queues:103:5)
2026-05-11T00:06:27:     at async onImport.tracePromise.__proto__ (node:internal/modules/esm/loader:661:26)
2026-05-11T00:06:27:     at async asyncRunEntryPointWithESMLoader (node:internal/modules/run_main:101:5)
2026-05-11T00:06:27: Emitted 'error' event on Server instance at:
2026-05-11T00:06:27:     at emitErrorNT (node:net:1976:8)
2026-05-11T00:06:27:     at process.processTicksAndRejections (node:internal/process/task_queues:89:21) {
2026-05-11T00:06:27:   code: 'EADDRINUSE',
2026-05-11T00:06:27:   errno: -4091,
2026-05-11T00:06:27:   syscall: 'listen',
2026-05-11T00:06:27:   address: '::',
2026-05-11T00:06:27:   port: 4000
2026-05-11T00:06:27: }
2026-05-11T00:06:27: 
2026-05-11T00:06:27: Node.js v24.13.1
2026-05-11T00:06:30: node:events:486
2026-05-11T00:06:30:       throw er; // Unhandled 'error' event
2026-05-11T00:06:30:       ^
2026-05-11T00:06:30: 
2026-05-11T00:06:30: Error: listen EADDRINUSE: address already in use :::4000
2026-05-11T00:06:30:     at Server.setupListenHandle [as _listen2] (node:net:1940:16)
2026-05-11T00:06:30:     at listenInCluster (node:net:1997:12)
2026-05-11T00:06:30:     at Server.listen (node:net:2102:7)
2026-05-11T00:06:30:     at app.listen (C:\Users\Anmol\OneDrive\Desktop\B\coding-portal\backend\node_modules\express\lib\application.js:635:24)
2026-05-11T00:06:30:     at <anonymous> (C:\Users\Anmol\OneDrive\Desktop\B\coding-portal\backend\src\index.ts:42:5)
2026-05-11T00:06:30:     at ModuleJob.run (node:internal/modules/esm/module_job:430:25)
2026-05-11T00:06:30:     at process.processTicksAndRejections (node:internal/process/task_queues:103:5)
2026-05-11T00:06:30:     at async onImport.tracePromise.__proto__ (node:internal/modules/esm/loader:661:26)
2026-05-11T00:06:30:     at async asyncRunEntryPointWithESMLoader (node:internal/modules/run_main:101:5)
2026-05-11T00:06:30: Emitted 'error' event on Server instance at:
2026-05-11T00:06:30:     at emitErrorNT (node:net:1976:8)
2026-05-11T00:06:30:     at process.processTicksAndRejections (node:internal/process/task_queues:89:21) {
2026-05-11T00:06:30:   code: 'EADDRINUSE',
2026-05-11T00:06:30:   errno: -4091,
2026-05-11T00:06:30:   syscall: 'listen',
2026-05-11T00:06:30:   address: '::',
2026-05-11T00:06:30:   port: 4000
2026-05-11T00:06:30: }
2026-05-11T00:06:30: 
2026-05-11T00:06:30: Node.js v24.13.1
2026-05-11T00:06:33: node:events:486
2026-05-11T00:06:33:       throw er; // Unhandled 'error' event
2026-05-11T00:06:33:       ^
2026-05-11T00:06:33: 
2026-05-11T00:06:33: Error: listen EADDRINUSE: address already in use :::4000
2026-05-11T00:06:33:     at Server.setupListenHandle [as _listen2] (node:net:1940:16)
2026-05-11T00:06:33:     at listenInCluster (node:net:1997:12)
2026-05-11T00:06:33:     at Server.listen (node:net:2102:7)
2026-05-11T00:06:33:     at app.listen (C:\Users\Anmol\OneDrive\Desktop\B\coding-portal\backend\node_modules\express\lib\application.js:635:24)
2026-05-11T00:06:33:     at <anonymous> (C:\Users\Anmol\OneDrive\Desktop\B\coding-portal\backend\src\index.ts:42:5)
2026-05-11T00:06:33:     at ModuleJob.run (node:internal/modules/esm/module_job:430:25)
2026-05-11T00:06:33:     at process.processTicksAndRejections (node:internal/process/task_queues:103:5)
2026-05-11T00:06:33:     at async onImport.tracePromise.__proto__ (node:internal/modules/esm/loader:661:26)
2026-05-11T00:06:33:     at async asyncRunEntryPointWithESMLoader (node:internal/modules/run_main:101:5)
2026-05-11T00:06:33: Emitted 'error' event on Server instance at:
2026-05-11T00:06:33:     at emitErrorNT (node:net:1976:8)
2026-05-11T00:06:33:     at process.processTicksAndRejections (node:internal/process/task_queues:89:21) {
2026-05-11T00:06:33:   code: 'EADDRINUSE',
2026-05-11T00:06:33:   errno: -4091,
2026-05-11T00:06:33:   syscall: 'listen',
2026-05-11T00:06:33:   address: '::',
2026-05-11T00:06:33:   port: 4000
2026-05-11T00:06:33: }
2026-05-11T00:06:33: 
2026-05-11T00:06:33: Node.js v24.13.1
2026-05-11T00:06:35: node:events:486
2026-05-11T00:06:35:       throw er; // Unhandled 'error' event
2026-05-11T00:06:35:       ^
2026-05-11T00:06:35: 
2026-05-11T00:06:35: Error: listen EADDRINUSE: address already in use :::4000
2026-05-11T00:06:35:     at Server.setupListenHandle [as _listen2] (node:net:1940:16)
2026-05-11T00:06:35:     at listenInCluster (node:net:1997:12)
2026-05-11T00:06:35:     at Server.listen (node:net:2102:7)
2026-05-11T00:06:35:     at app.listen (C:\Users\Anmol\OneDrive\Desktop\B\coding-portal\backend\node_modules\express\lib\application.js:635:24)
2026-05-11T00:06:35:     at <anonymous> (C:\Users\Anmol\OneDrive\Desktop\B\coding-portal\backend\src\index.ts:42:5)
2026-05-11T00:06:35:     at ModuleJob.run (node:internal/modules/esm/module_job:430:25)
2026-05-11T00:06:35:     at process.processTicksAndRejections (node:internal/process/task_queues:103:5)
2026-05-11T00:06:35:     at async onImport.tracePromise.__proto__ (node:internal/modules/esm/loader:661:26)
2026-05-11T00:06:35:     at async asyncRunEntryPointWithESMLoader (node:internal/modules/run_main:101:5)
2026-05-11T00:06:35: Emitted 'error' event on Server instance at:
2026-05-11T00:06:35:     at emitErrorNT (node:net:1976:8)
2026-05-11T00:06:35:     at process.processTicksAndRejections (node:internal/process/task_queues:89:21) {
2026-05-11T00:06:35:   code: 'EADDRINUSE',
2026-05-11T00:06:35:   errno: -4091,
2026-05-11T00:06:35:   syscall: 'listen',
2026-05-11T00:06:35:   address: '::',
2026-05-11T00:06:35:   port: 4000
2026-05-11T00:06:35: }
2026-05-11T00:06:35: 
2026-05-11T00:06:35: Node.js v24.13.1
2026-05-11T00:06:38: node:events:486
2026-05-11T00:06:38:       throw er; // Unhandled 'error' event
2026-05-11T00:06:38:       ^
2026-05-11T00:06:38: 
2026-05-11T00:06:38: Error: listen EADDRINUSE: address already in use :::4000
2026-05-11T00:06:38:     at Server.setupListenHandle [as _listen2] (node:net:1940:16)
2026-05-11T00:06:38:     at listenInCluster (node:net:1997:12)
2026-05-11T00:06:38:     at Server.listen (node:net:2102:7)
2026-05-11T00:06:38:     at app.listen (C:\Users\Anmol\OneDrive\Desktop\B\coding-portal\backend\node_modules\express\lib\application.js:635:24)
2026-05-11T00:06:38:     at <anonymous> (C:\Users\Anmol\OneDrive\Desktop\B\coding-portal\backend\src\index.ts:42:5)
2026-05-11T00:06:38:     at ModuleJob.run (node:internal/modules/esm/module_job:430:25)
2026-05-11T00:06:38:     at process.processTicksAndRejections (node:internal/process/task_queues:103:5)
2026-05-11T00:06:38:     at async onImport.tracePromise.__proto__ (node:internal/modules/esm/loader:661:26)
2026-05-11T00:06:38:     at async asyncRunEntryPointWithESMLoader (node:internal/modules/run_main:101:5)
2026-05-11T00:06:38: Emitted 'error' event on Server instance at:
2026-05-11T00:06:38:     at emitErrorNT (node:net:1976:8)
2026-05-11T00:06:38:     at process.processTicksAndRejections (node:internal/process/task_queues:89:21) {
2026-05-11T00:06:38:   code: 'EADDRINUSE',
2026-05-11T00:06:38:   errno: -4091,
2026-05-11T00:06:38:   syscall: 'listen',
2026-05-11T00:06:38:   address: '::',
2026-05-11T00:06:38:   port: 4000
2026-05-11T00:06:38: }
2026-05-11T00:06:38: 
2026-05-11T00:06:38: Node.js v24.13.1
2026-05-11T00:06:41: node:events:486
2026-05-11T00:06:41:       throw er; // Unhandled 'error' event
2026-05-11T00:06:41:       ^
2026-05-11T00:06:41: 
2026-05-11T00:06:41: Error: listen EADDRINUSE: address already in use :::4000
2026-05-11T00:06:41:     at Server.setupListenHandle [as _listen2] (node:net:1940:16)
2026-05-11T00:06:41:     at listenInCluster (node:net:1997:12)
2026-05-11T00:06:41:     at Server.listen (node:net:2102:7)
2026-05-11T00:06:41:     at app.listen (C:\Users\Anmol\OneDrive\Desktop\B\coding-portal\backend\node_modules\express\lib\application.js:635:24)
2026-05-11T00:06:41:     at <anonymous> (C:\Users\Anmol\OneDrive\Desktop\B\coding-portal\backend\src\index.ts:42:5)
2026-05-11T00:06:41:     at ModuleJob.run (node:internal/modules/esm/module_job:430:25)
2026-05-11T00:06:41:     at process.processTicksAndRejections (node:internal/process/task_queues:103:5)
2026-05-11T00:06:41:     at async onImport.tracePromise.__proto__ (node:internal/modules/esm/loader:661:26)
2026-05-11T00:06:41:     at async asyncRunEntryPointWithESMLoader (node:internal/modules/run_main:101:5)
2026-05-11T00:06:41: Emitted 'error' event on Server instance at:
2026-05-11T00:06:41:     at emitErrorNT (node:net:1976:8)
2026-05-11T00:06:41:     at process.processTicksAndRejections (node:internal/process/task_queues:89:21) {
2026-05-11T00:06:41:   code: 'EADDRINUSE',
2026-05-11T00:06:41:   errno: -4091,
2026-05-11T00:06:41:   syscall: 'listen',
2026-05-11T00:06:41:   address: '::',
2026-05-11T00:06:41:   port: 4000
2026-05-11T00:06:41: }
2026-05-11T00:06:41: 
2026-05-11T00:06:41: Node.js v24.13.1
2026-05-11T00:06:44: node:events:486
2026-05-11T00:06:44:       throw er; // Unhandled 'error' event
2026-05-11T00:06:44:       ^
2026-05-11T00:06:44: 
2026-05-11T00:06:44: Error: listen EADDRINUSE: address already in use :::4000
2026-05-11T00:06:44:     at Server.setupListenHandle [as _listen2] (node:net:1940:16)
2026-05-11T00:06:44:     at listenInCluster (node:net:1997:12)
2026-05-11T00:06:44:     at Server.listen (node:net:2102:7)
2026-05-11T00:06:44:     at app.listen (C:\Users\Anmol\OneDrive\Desktop\B\coding-portal\backend\node_modules\express\lib\application.js:635:24)
2026-05-11T00:06:44:     at <anonymous> (C:\Users\Anmol\OneDrive\Desktop\B\coding-portal\backend\src\index.ts:42:5)
2026-05-11T00:06:44:     at ModuleJob.run (node:internal/modules/esm/module_job:430:25)
2026-05-11T00:06:44:     at process.processTicksAndRejections (node:internal/process/task_queues:103:5)
2026-05-11T00:06:44:     at async onImport.tracePromise.__proto__ (node:internal/modules/esm/loader:661:26)
2026-05-11T00:06:44:     at async asyncRunEntryPointWithESMLoader (node:internal/modules/run_main:101:5)
2026-05-11T00:06:44: Emitted 'error' event on Server instance at:
2026-05-11T00:06:44:     at emitErrorNT (node:net:1976:8)
2026-05-11T00:06:44:     at process.processTicksAndRejections (node:internal/process/task_queues:89:21) {
2026-05-11T00:06:44:   code: 'EADDRINUSE',
2026-05-11T00:06:44:   errno: -4091,
2026-05-11T00:06:44:   syscall: 'listen',
2026-05-11T00:06:44:   address: '::',
2026-05-11T00:06:44:   port: 4000
2026-05-11T00:06:44: }
2026-05-11T00:06:44: 
2026-05-11T00:06:44: Node.js v24.13.1
2026-05-11T00:06:46: node:events:486
2026-05-11T00:06:46:       throw er; // Unhandled 'error' event
2026-05-11T00:06:46:       ^
2026-05-11T00:06:46: 
2026-05-11T00:06:46: Error: listen EADDRINUSE: address already in use :::4000
2026-05-11T00:06:46:     at Server.setupListenHandle [as _listen2] (node:net:1940:16)
2026-05-11T00:06:46:     at listenInCluster (node:net:1997:12)
2026-05-11T00:06:46:     at Server.listen (node:net:2102:7)
2026-05-11T00:06:46:     at app.listen (C:\Users\Anmol\OneDrive\Desktop\B\coding-portal\backend\node_modules\express\lib\application.js:635:24)
2026-05-11T00:06:46:     at <anonymous> (C:\Users\Anmol\OneDrive\Desktop\B\coding-portal\backend\src\index.ts:42:5)
2026-05-11T00:06:46:     at ModuleJob.run (node:internal/modules/esm/module_job:430:25)
2026-05-11T00:06:46:     at process.processTicksAndRejections (node:internal/process/task_queues:103:5)
2026-05-11T00:06:46:     at async onImport.tracePromise.__proto__ (node:internal/modules/esm/loader:661:26)
2026-05-11T00:06:46:     at async asyncRunEntryPointWithESMLoader (node:internal/modules/run_main:101:5)
2026-05-11T00:06:46: Emitted 'error' event on Server instance at:
2026-05-11T00:06:46:     at emitErrorNT (node:net:1976:8)
2026-05-11T00:06:46:     at process.processTicksAndRejections (node:internal/process/task_queues:89:21) {
2026-05-11T00:06:46:   code: 'EADDRINUSE',
2026-05-11T00:06:46:   errno: -4091,
2026-05-11T00:06:46:   syscall: 'listen',
2026-05-11T00:06:46:   address: '::',
2026-05-11T00:06:46:   port: 4000
2026-05-11T00:06:46: }
2026-05-11T00:06:46: 
2026-05-11T00:06:46: Node.js v24.13.1
2026-05-11T00:06:49: node:events:486
2026-05-11T00:06:49:       throw er; // Unhandled 'error' event
2026-05-11T00:06:49:       ^
2026-05-11T00:06:49: 
2026-05-11T00:06:49: Error: listen EADDRINUSE: address already in use :::4000
2026-05-11T00:06:49:     at Server.setupListenHandle [as _listen2] (node:net:1940:16)
2026-05-11T00:06:49:     at listenInCluster (node:net:1997:12)
2026-05-11T00:06:49:     at Server.listen (node:net:2102:7)
2026-05-11T00:06:49:     at app.listen (C:\Users\Anmol\OneDrive\Desktop\B\coding-portal\backend\node_modules\express\lib\application.js:635:24)
2026-05-11T00:06:49:     at <anonymous> (C:\Users\Anmol\OneDrive\Desktop\B\coding-portal\backend\src\index.ts:42:5)
2026-05-11T00:06:49:     at ModuleJob.run (node:internal/modules/esm/module_job:430:25)
2026-05-11T00:06:49:     at process.processTicksAndRejections (node:internal/process/task_queues:103:5)
2026-05-11T00:06:49:     at async onImport.tracePromise.__proto__ (node:internal/modules/esm/loader:661:26)
2026-05-11T00:06:49:     at async asyncRunEntryPointWithESMLoader (node:internal/modules/run_main:101:5)
2026-05-11T00:06:49: Emitted 'error' event on Server instance at:
2026-05-11T00:06:49:     at emitErrorNT (node:net:1976:8)
2026-05-11T00:06:49:     at process.processTicksAndRejections (node:internal/process/task_queues:89:21) {
2026-05-11T00:06:49:   code: 'EADDRINUSE',
2026-05-11T00:06:49:   errno: -4091,
2026-05-11T00:06:49:   syscall: 'listen',
2026-05-11T00:06:49:   address: '::',
2026-05-11T00:06:49:   port: 4000
2026-05-11T00:06:49: }
2026-05-11T00:06:49: 
2026-05-11T00:06:49: Node.js v24.13.1
2026-05-11T00:06:52: node:events:486
2026-05-11T00:06:52:       throw er; // Unhandled 'error' event
2026-05-11T00:06:52:       ^
2026-05-11T00:06:52: 
2026-05-11T00:06:52: Error: listen EADDRINUSE: address already in use :::4000
2026-05-11T00:06:52:     at Server.setupListenHandle [as _listen2] (node:net:1940:16)
2026-05-11T00:06:52:     at listenInCluster (node:net:1997:12)
2026-05-11T00:06:52:     at Server.listen (node:net:2102:7)
2026-05-11T00:06:52:     at app.listen (C:\Users\Anmol\OneDrive\Desktop\B\coding-portal\backend\node_modules\express\lib\application.js:635:24)
2026-05-11T00:06:52:     at <anonymous> (C:\Users\Anmol\OneDrive\Desktop\B\coding-portal\backend\src\index.ts:42:5)
2026-05-11T00:06:52:     at ModuleJob.run (node:internal/modules/esm/module_job:430:25)
2026-05-11T00:06:52:     at process.processTicksAndRejections (node:internal/process/task_queues:103:5)
2026-05-11T00:06:52:     at async onImport.tracePromise.__proto__ (node:internal/modules/esm/loader:661:26)
2026-05-11T00:06:52:     at async asyncRunEntryPointWithESMLoader (node:internal/modules/run_main:101:5)
2026-05-11T00:06:52: Emitted 'error' event on Server instance at:
2026-05-11T00:06:52:     at emitErrorNT (node:net:1976:8)
2026-05-11T00:06:52:     at process.processTicksAndRejections (node:internal/process/task_queues:89:21) {
2026-05-11T00:06:52:   code: 'EADDRINUSE',
2026-05-11T00:06:52:   errno: -4091,
2026-05-11T00:06:52:   syscall: 'listen',
2026-05-11T00:06:52:   address: '::',
2026-05-11T00:06:52:   port: 4000
2026-05-11T00:06:52: }
2026-05-11T00:06:52: 
2026-05-11T00:06:52: Node.js v24.13.1
2026-05-11T00:06:54: node:events:486
2026-05-11T00:06:54:       throw er; // Unhandled 'error' event
2026-05-11T00:06:54:       ^
2026-05-11T00:06:54: 
2026-05-11T00:06:54: Error: listen EADDRINUSE: address already in use :::4000
2026-05-11T00:06:54:     at Server.setupListenHandle [as _listen2] (node:net:1940:16)
2026-05-11T00:06:54:     at listenInCluster (node:net:1997:12)
2026-05-11T00:06:54:     at Server.listen (node:net:2102:7)
2026-05-11T00:06:54:     at app.listen (C:\Users\Anmol\OneDrive\Desktop\B\coding-portal\backend\node_modules\express\lib\application.js:635:24)
2026-05-11T00:06:54:     at <anonymous> (C:\Users\Anmol\OneDrive\Desktop\B\coding-portal\backend\src\index.ts:42:5)
2026-05-11T00:06:54:     at ModuleJob.run (node:internal/modules/esm/module_job:430:25)
2026-05-11T00:06:54:     at process.processTicksAndRejections (node:internal/process/task_queues:103:5)
2026-05-11T00:06:54:     at async onImport.tracePromise.__proto__ (node:internal/modules/esm/loader:661:26)
2026-05-11T00:06:54:     at async asyncRunEntryPointWithESMLoader (node:internal/modules/run_main:101:5)
2026-05-11T00:06:54: Emitted 'error' event on Server instance at:
2026-05-11T00:06:54:     at emitErrorNT (node:net:1976:8)
2026-05-11T00:06:54:     at process.processTicksAndRejections (node:internal/process/task_queues:89:21) {
2026-05-11T00:06:54:   code: 'EADDRINUSE',
2026-05-11T00:06:54:   errno: -4091,
2026-05-11T00:06:54:   syscall: 'listen',
2026-05-11T00:06:54:   address: '::',
2026-05-11T00:06:54:   port: 4000
2026-05-11T00:06:54: }
2026-05-11T00:06:54: 
2026-05-11T00:06:54: Node.js v24.13.1
2026-05-11T00:06:57: node:events:486
2026-05-11T00:06:57:       throw er; // Unhandled 'error' event
2026-05-11T00:06:57:       ^
2026-05-11T00:06:57: 
2026-05-11T00:06:57: Error: listen EADDRINUSE: address already in use :::4000
2026-05-11T00:06:57:     at Server.setupListenHandle [as _listen2] (node:net:1940:16)
2026-05-11T00:06:57:     at listenInCluster (node:net:1997:12)
2026-05-11T00:06:57:     at Server.listen (node:net:2102:7)
2026-05-11T00:06:57:     at app.listen (C:\Users\Anmol\OneDrive\Desktop\B\coding-portal\backend\node_modules\express\lib\application.js:635:24)
2026-05-11T00:06:57:     at <anonymous> (C:\Users\Anmol\OneDrive\Desktop\B\coding-portal\backend\src\index.ts:42:5)
2026-05-11T00:06:57:     at ModuleJob.run (node:internal/modules/esm/module_job:430:25)
2026-05-11T00:06:57:     at process.processTicksAndRejections (node:internal/process/task_queues:103:5)
2026-05-11T00:06:57:     at async onImport.tracePromise.__proto__ (node:internal/modules/esm/loader:661:26)
2026-05-11T00:06:57:     at async asyncRunEntryPointWithESMLoader (node:internal/modules/run_main:101:5)
2026-05-11T00:06:57: Emitted 'error' event on Server instance at:
2026-05-11T00:06:57:     at emitErrorNT (node:net:1976:8)
2026-05-11T00:06:57:     at process.processTicksAndRejections (node:internal/process/task_queues:89:21) {
2026-05-11T00:06:57:   code: 'EADDRINUSE',
2026-05-11T00:06:57:   errno: -4091,
2026-05-11T00:06:57:   syscall: 'listen',
2026-05-11T00:06:57:   address: '::',
2026-05-11T00:06:57:   port: 4000
2026-05-11T00:06:57: }
2026-05-11T00:06:57: 
2026-05-11T00:06:57: Node.js v24.13.1
2026-05-11T00:06:59: node:events:486
2026-05-11T00:06:59:       throw er; // Unhandled 'error' event
2026-05-11T00:06:59:       ^
2026-05-11T00:06:59: 
2026-05-11T00:06:59: Error: listen EADDRINUSE: address already in use :::4000
2026-05-11T00:06:59:     at Server.setupListenHandle [as _listen2] (node:net:1940:16)
2026-05-11T00:06:59:     at listenInCluster (node:net:1997:12)
2026-05-11T00:06:59:     at Server.listen (node:net:2102:7)
2026-05-11T00:06:59:     at app.listen (C:\Users\Anmol\OneDrive\Desktop\B\coding-portal\backend\node_modules\express\lib\application.js:635:24)
2026-05-11T00:06:59:     at <anonymous> (C:\Users\Anmol\OneDrive\Desktop\B\coding-portal\backend\src\index.ts:42:5)
2026-05-11T00:06:59:     at ModuleJob.run (node:internal/modules/esm/module_job:430:25)
2026-05-11T00:06:59:     at process.processTicksAndRejections (node:internal/process/task_queues:103:5)
2026-05-11T00:06:59:     at async onImport.tracePromise.__proto__ (node:internal/modules/esm/loader:661:26)
2026-05-11T00:06:59:     at async asyncRunEntryPointWithESMLoader (node:internal/modules/run_main:101:5)
2026-05-11T00:06:59: Emitted 'error' event on Server instance at:
2026-05-11T00:06:59:     at emitErrorNT (node:net:1976:8)
2026-05-11T00:06:59:     at process.processTicksAndRejections (node:internal/process/task_queues:89:21) {
2026-05-11T00:06:59:   code: 'EADDRINUSE',
2026-05-11T00:06:59:   errno: -4091,
2026-05-11T00:06:59:   syscall: 'listen',
2026-05-11T00:06:59:   address: '::',
2026-05-11T00:06:59:   port: 4000
2026-05-11T00:06:59: }
2026-05-11T00:06:59: 
2026-05-11T00:06:59: Node.js v24.13.1
2026-05-11T00:07:06: node:events:486
2026-05-11T00:07:06:       throw er; // Unhandled 'error' event
2026-05-11T00:07:06:       ^
2026-05-11T00:07:06: 
2026-05-11T00:07:06: Error: listen EADDRINUSE: address already in use :::4000
2026-05-11T00:07:06:     at Server.setupListenHandle [as _listen2] (node:net:1940:16)
2026-05-11T00:07:06:     at listenInCluster (node:net:1997:12)
2026-05-11T00:07:06:     at Server.listen (node:net:2102:7)
2026-05-11T00:07:06:     at app.listen (C:\Users\Anmol\OneDrive\Desktop\B\coding-portal\backend\node_modules\express\lib\application.js:635:24)
2026-05-11T00:07:06:     at <anonymous> (C:\Users\Anmol\OneDrive\Desktop\B\coding-portal\backend\src\index.ts:42:5)
2026-05-11T00:07:06:     at ModuleJob.run (node:internal/modules/esm/module_job:430:25)
2026-05-11T00:07:06:     at process.processTicksAndRejections (node:internal/process/task_queues:103:5)
2026-05-11T00:07:06:     at async onImport.tracePromise.__proto__ (node:internal/modules/esm/loader:661:26)
2026-05-11T00:07:06:     at async asyncRunEntryPointWithESMLoader (node:internal/modules/run_main:101:5)
2026-05-11T00:07:06: Emitted 'error' event on Server instance at:
2026-05-11T00:07:06:     at emitErrorNT (node:net:1976:8)
2026-05-11T00:07:06:     at process.processTicksAndRejections (node:internal/process/task_queues:89:21) {
2026-05-11T00:07:06:   code: 'EADDRINUSE',
2026-05-11T00:07:06:   errno: -4091,
2026-05-11T00:07:06:   syscall: 'listen',
2026-05-11T00:07:06:   address: '::',
2026-05-11T00:07:06:   port: 4000
2026-05-11T00:07:06: }
2026-05-11T00:07:06: 
2026-05-11T00:07:06: Node.js v24.13.1
2026-05-11T00:07:09: node:events:486
2026-05-11T00:07:09:       throw er; // Unhandled 'error' event
2026-05-11T00:07:09:       ^
2026-05-11T00:07:09: 
2026-05-11T00:07:09: Error: listen EADDRINUSE: address already in use :::4000
2026-05-11T00:07:09:     at Server.setupListenHandle [as _listen2] (node:net:1940:16)
2026-05-11T00:07:09:     at listenInCluster (node:net:1997:12)
2026-05-11T00:07:09:     at Server.listen (node:net:2102:7)
2026-05-11T00:07:09:     at app.listen (C:\Users\Anmol\OneDrive\Desktop\B\coding-portal\backend\node_modules\express\lib\application.js:635:24)
2026-05-11T00:07:09:     at <anonymous> (C:\Users\Anmol\OneDrive\Desktop\B\coding-portal\backend\src\index.ts:42:5)
2026-05-11T00:07:09:     at ModuleJob.run (node:internal/modules/esm/module_job:430:25)
2026-05-11T00:07:09:     at process.processTicksAndRejections (node:internal/process/task_queues:103:5)
2026-05-11T00:07:09:     at async onImport.tracePromise.__proto__ (node:internal/modules/esm/loader:661:26)
2026-05-11T00:07:09:     at async asyncRunEntryPointWithESMLoader (node:internal/modules/run_main:101:5)
2026-05-11T00:07:09: Emitted 'error' event on Server instance at:
2026-05-11T00:07:09:     at emitErrorNT (node:net:1976:8)
2026-05-11T00:07:09:     at process.processTicksAndRejections (node:internal/process/task_queues:89:21) {
2026-05-11T00:07:09:   code: 'EADDRINUSE',
2026-05-11T00:07:09:   errno: -4091,
2026-05-11T00:07:09:   syscall: 'listen',
2026-05-11T00:07:09:   address: '::',
2026-05-11T00:07:09:   port: 4000
2026-05-11T00:07:09: }
2026-05-11T00:07:09: 
2026-05-11T00:07:09: Node.js v24.13.1
2026-05-11T00:07:12: node:events:486
2026-05-11T00:07:12:       throw er; // Unhandled 'error' event
2026-05-11T00:07:12:       ^
2026-05-11T00:07:12: 
2026-05-11T00:07:12: Error: listen EADDRINUSE: address already in use :::4000
2026-05-11T00:07:12:     at Server.setupListenHandle [as _listen2] (node:net:1940:16)
2026-05-11T00:07:12:     at listenInCluster (node:net:1997:12)
2026-05-11T00:07:12:     at Server.listen (node:net:2102:7)
2026-05-11T00:07:12:     at app.listen (C:\Users\Anmol\OneDrive\Desktop\B\coding-portal\backend\node_modules\express\lib\application.js:635:24)
2026-05-11T00:07:12:     at <anonymous> (C:\Users\Anmol\OneDrive\Desktop\B\coding-portal\backend\src\index.ts:42:5)
2026-05-11T00:07:12:     at ModuleJob.run (node:internal/modules/esm/module_job:430:25)
2026-05-11T00:07:12:     at process.processTicksAndRejections (node:internal/process/task_queues:103:5)
2026-05-11T00:07:12:     at async onImport.tracePromise.__proto__ (node:internal/modules/esm/loader:661:26)
2026-05-11T00:07:12:     at async asyncRunEntryPointWithESMLoader (node:internal/modules/run_main:101:5)
2026-05-11T00:07:12: Emitted 'error' event on Server instance at:
2026-05-11T00:07:12:     at emitErrorNT (node:net:1976:8)
2026-05-11T00:07:12:     at process.processTicksAndRejections (node:internal/process/task_queues:89:21) {
2026-05-11T00:07:12:   code: 'EADDRINUSE',
2026-05-11T00:07:12:   errno: -4091,
2026-05-11T00:07:12:   syscall: 'listen',
2026-05-11T00:07:12:   address: '::',
2026-05-11T00:07:12:   port: 4000
2026-05-11T00:07:12: }
2026-05-11T00:07:12: 
2026-05-11T00:07:12: Node.js v24.13.1
2026-05-11T00:07:15: node:events:486
2026-05-11T00:07:15:       throw er; // Unhandled 'error' event
2026-05-11T00:07:15:       ^
2026-05-11T00:07:15: 
2026-05-11T00:07:15: Error: listen EADDRINUSE: address already in use :::4000
2026-05-11T00:07:15:     at Server.setupListenHandle [as _listen2] (node:net:1940:16)
2026-05-11T00:07:15:     at listenInCluster (node:net:1997:12)
2026-05-11T00:07:15:     at Server.listen (node:net:2102:7)
2026-05-11T00:07:15:     at app.listen (C:\Users\Anmol\OneDrive\Desktop\B\coding-portal\backend\node_modules\express\lib\application.js:635:24)
2026-05-11T00:07:15:     at <anonymous> (C:\Users\Anmol\OneDrive\Desktop\B\coding-portal\backend\src\index.ts:42:5)
2026-05-11T00:07:15:     at ModuleJob.run (node:internal/modules/esm/module_job:430:25)
2026-05-11T00:07:15:     at process.processTicksAndRejections (node:internal/process/task_queues:103:5)
2026-05-11T00:07:15:     at async onImport.tracePromise.__proto__ (node:internal/modules/esm/loader:661:26)
2026-05-11T00:07:15:     at async asyncRunEntryPointWithESMLoader (node:internal/modules/run_main:101:5)
2026-05-11T00:07:15: Emitted 'error' event on Server instance at:
2026-05-11T00:07:15:     at emitErrorNT (node:net:1976:8)
2026-05-11T00:07:15:     at process.processTicksAndRejections (node:internal/process/task_queues:89:21) {
2026-05-11T00:07:15:   code: 'EADDRINUSE',
2026-05-11T00:07:15:   errno: -4091,
2026-05-11T00:07:15:   syscall: 'listen',
2026-05-11T00:07:15:   address: '::',
2026-05-11T00:07:15:   port: 4000
2026-05-11T00:07:15: }
2026-05-11T00:07:15: 
2026-05-11T00:07:15: Node.js v24.13.1
2026-05-11T00:07:18: node:events:486
2026-05-11T00:07:18:       throw er; // Unhandled 'error' event
2026-05-11T00:07:18:       ^
2026-05-11T00:07:18: 
2026-05-11T00:07:18: Error: listen EADDRINUSE: address already in use :::4000
2026-05-11T00:07:18:     at Server.setupListenHandle [as _listen2] (node:net:1940:16)
2026-05-11T00:07:18:     at listenInCluster (node:net:1997:12)
2026-05-11T00:07:18:     at Server.listen (node:net:2102:7)
2026-05-11T00:07:18:     at app.listen (C:\Users\Anmol\OneDrive\Desktop\B\coding-portal\backend\node_modules\express\lib\application.js:635:24)
2026-05-11T00:07:18:     at <anonymous> (C:\Users\Anmol\OneDrive\Desktop\B\coding-portal\backend\src\index.ts:42:5)
2026-05-11T00:07:18:     at ModuleJob.run (node:internal/modules/esm/module_job:430:25)
2026-05-11T00:07:18:     at process.processTicksAndRejections (node:internal/process/task_queues:103:5)
2026-05-11T00:07:18:     at async onImport.tracePromise.__proto__ (node:internal/modules/esm/loader:661:26)
2026-05-11T00:07:18:     at async asyncRunEntryPointWithESMLoader (node:internal/modules/run_main:101:5)
2026-05-11T00:07:18: Emitted 'error' event on Server instance at:
2026-05-11T00:07:18:     at emitErrorNT (node:net:1976:8)
2026-05-11T00:07:18:     at process.processTicksAndRejections (node:internal/process/task_queues:89:21) {
2026-05-11T00:07:18:   code: 'EADDRINUSE',
2026-05-11T00:07:18:   errno: -4091,
2026-05-11T00:07:18:   syscall: 'listen',
2026-05-11T00:07:18:   address: '::',
2026-05-11T00:07:18:   port: 4000
2026-05-11T00:07:18: }
2026-05-11T00:07:18: 
2026-05-11T00:07:18: Node.js v24.13.1
2026-05-11T00:07:21: node:events:486
2026-05-11T00:07:21:       throw er; // Unhandled 'error' event
2026-05-11T00:07:21:       ^
2026-05-11T00:07:21: 
2026-05-11T00:07:21: Error: listen EADDRINUSE: address already in use :::4000
2026-05-11T00:07:21:     at Server.setupListenHandle [as _listen2] (node:net:1940:16)
2026-05-11T00:07:21:     at listenInCluster (node:net:1997:12)
2026-05-11T00:07:21:     at Server.listen (node:net:2102:7)
2026-05-11T00:07:21:     at app.listen (C:\Users\Anmol\OneDrive\Desktop\B\coding-portal\backend\node_modules\express\lib\application.js:635:24)
2026-05-11T00:07:21:     at <anonymous> (C:\Users\Anmol\OneDrive\Desktop\B\coding-portal\backend\src\index.ts:42:5)
2026-05-11T00:07:21:     at ModuleJob.run (node:internal/modules/esm/module_job:430:25)
2026-05-11T00:07:21:     at process.processTicksAndRejections (node:internal/process/task_queues:103:5)
2026-05-11T00:07:21:     at async onImport.tracePromise.__proto__ (node:internal/modules/esm/loader:661:26)
2026-05-11T00:07:21:     at async asyncRunEntryPointWithESMLoader (node:internal/modules/run_main:101:5)
2026-05-11T00:07:21: Emitted 'error' event on Server instance at:
2026-05-11T00:07:21:     at emitErrorNT (node:net:1976:8)
2026-05-11T00:07:21:     at process.processTicksAndRejections (node:internal/process/task_queues:89:21) {
2026-05-11T00:07:21:   code: 'EADDRINUSE',
2026-05-11T00:07:21:   errno: -4091,
2026-05-11T00:07:21:   syscall: 'listen',
2026-05-11T00:07:21:   address: '::',
2026-05-11T00:07:21:   port: 4000
2026-05-11T00:07:21: }
2026-05-11T00:07:21: 
2026-05-11T00:07:21: Node.js v24.13.1
2026-05-11T00:07:24: node:events:486
2026-05-11T00:07:24:       throw er; // Unhandled 'error' event
2026-05-11T00:07:24:       ^
2026-05-11T00:07:24: 
2026-05-11T00:07:24: Error: listen EADDRINUSE: address already in use :::4000
2026-05-11T00:07:24:     at Server.setupListenHandle [as _listen2] (node:net:1940:16)
2026-05-11T00:07:24:     at listenInCluster (node:net:1997:12)
2026-05-11T00:07:24:     at Server.listen (node:net:2102:7)
2026-05-11T00:07:24:     at app.listen (C:\Users\Anmol\OneDrive\Desktop\B\coding-portal\backend\node_modules\express\lib\application.js:635:24)
2026-05-11T00:07:24:     at <anonymous> (C:\Users\Anmol\OneDrive\Desktop\B\coding-portal\backend\src\index.ts:42:5)
2026-05-11T00:07:24:     at ModuleJob.run (node:internal/modules/esm/module_job:430:25)
2026-05-11T00:07:24:     at process.processTicksAndRejections (node:internal/process/task_queues:103:5)
2026-05-11T00:07:24:     at async onImport.tracePromise.__proto__ (node:internal/modules/esm/loader:661:26)
2026-05-11T00:07:24:     at async asyncRunEntryPointWithESMLoader (node:internal/modules/run_main:101:5)
2026-05-11T00:07:24: Emitted 'error' event on Server instance at:
2026-05-11T00:07:24:     at emitErrorNT (node:net:1976:8)
2026-05-11T00:07:24:     at process.processTicksAndRejections (node:internal/process/task_queues:89:21) {
2026-05-11T00:07:24:   code: 'EADDRINUSE',
2026-05-11T00:07:24:   errno: -4091,
2026-05-11T00:07:24:   syscall: 'listen',
2026-05-11T00:07:24:   address: '::',
2026-05-11T00:07:24:   port: 4000
2026-05-11T00:07:24: }
2026-05-11T00:07:24: 
2026-05-11T00:07:24: Node.js v24.13.1
2026-05-11T00:07:27: node:events:486
2026-05-11T00:07:27:       throw er; // Unhandled 'error' event
2026-05-11T00:07:27:       ^
2026-05-11T00:07:27: 
2026-05-11T00:07:27: Error: listen EADDRINUSE: address already in use :::4000
2026-05-11T00:07:27:     at Server.setupListenHandle [as _listen2] (node:net:1940:16)
2026-05-11T00:07:27:     at listenInCluster (node:net:1997:12)
2026-05-11T00:07:27:     at Server.listen (node:net:2102:7)
2026-05-11T00:07:27:     at app.listen (C:\Users\Anmol\OneDrive\Desktop\B\coding-portal\backend\node_modules\express\lib\application.js:635:24)
2026-05-11T00:07:27:     at <anonymous> (C:\Users\Anmol\OneDrive\Desktop\B\coding-portal\backend\src\index.ts:42:5)
2026-05-11T00:07:27:     at ModuleJob.run (node:internal/modules/esm/module_job:430:25)
2026-05-11T00:07:27:     at process.processTicksAndRejections (node:internal/process/task_queues:103:5)
2026-05-11T00:07:27:     at async onImport.tracePromise.__proto__ (node:internal/modules/esm/loader:661:26)
2026-05-11T00:07:27:     at async asyncRunEntryPointWithESMLoader (node:internal/modules/run_main:101:5)
2026-05-11T00:07:27: Emitted 'error' event on Server instance at:
2026-05-11T00:07:27:     at emitErrorNT (node:net:1976:8)
2026-05-11T00:07:27:     at process.processTicksAndRejections (node:internal/process/task_queues:89:21) {
2026-05-11T00:07:27:   code: 'EADDRINUSE',
2026-05-11T00:07:27:   errno: -4091,
2026-05-11T00:07:27:   syscall: 'listen',
2026-05-11T00:07:27:   address: '::',
2026-05-11T00:07:27:   port: 4000
2026-05-11T00:07:27: }
2026-05-11T00:07:27: 
2026-05-11T00:07:27: Node.js v24.13.1
2026-05-11T00:07:30: node:events:486
2026-05-11T00:07:30:       throw er; // Unhandled 'error' event
2026-05-11T00:07:30:       ^
2026-05-11T00:07:30: 
2026-05-11T00:07:30: Error: listen EADDRINUSE: address already in use :::4000
2026-05-11T00:07:30:     at Server.setupListenHandle [as _listen2] (node:net:1940:16)
2026-05-11T00:07:30:     at listenInCluster (node:net:1997:12)
2026-05-11T00:07:30:     at Server.listen (node:net:2102:7)
2026-05-11T00:07:30:     at app.listen (C:\Users\Anmol\OneDrive\Desktop\B\coding-portal\backend\node_modules\express\lib\application.js:635:24)
2026-05-11T00:07:30:     at <anonymous> (C:\Users\Anmol\OneDrive\Desktop\B\coding-portal\backend\src\index.ts:42:5)
2026-05-11T00:07:30:     at ModuleJob.run (node:internal/modules/esm/module_job:430:25)
2026-05-11T00:07:30:     at process.processTicksAndRejections (node:internal/process/task_queues:103:5)
2026-05-11T00:07:30:     at async onImport.tracePromise.__proto__ (node:internal/modules/esm/loader:661:26)
2026-05-11T00:07:30:     at async asyncRunEntryPointWithESMLoader (node:internal/modules/run_main:101:5)
2026-05-11T00:07:30: Emitted 'error' event on Server instance at:
2026-05-11T00:07:30:     at emitErrorNT (node:net:1976:8)
2026-05-11T00:07:30:     at process.processTicksAndRejections (node:internal/process/task_queues:89:21) {
2026-05-11T00:07:30:   code: 'EADDRINUSE',
2026-05-11T00:07:30:   errno: -4091,
2026-05-11T00:07:30:   syscall: 'listen',
2026-05-11T00:07:30:   address: '::',
2026-05-11T00:07:30:   port: 4000
2026-05-11T00:07:30: }
2026-05-11T00:07:30: 
2026-05-11T00:07:30: Node.js v24.13.1
2026-05-11T00:07:33: node:events:486
2026-05-11T00:07:33:       throw er; // Unhandled 'error' event
2026-05-11T00:07:33:       ^
2026-05-11T00:07:33: 
2026-05-11T00:07:33: Error: listen EADDRINUSE: address already in use :::4000
2026-05-11T00:07:33:     at Server.setupListenHandle [as _listen2] (node:net:1940:16)
2026-05-11T00:07:33:     at listenInCluster (node:net:1997:12)
2026-05-11T00:07:33:     at Server.listen (node:net:2102:7)
2026-05-11T00:07:33:     at app.listen (C:\Users\Anmol\OneDrive\Desktop\B\coding-portal\backend\node_modules\express\lib\application.js:635:24)
2026-05-11T00:07:33:     at <anonymous> (C:\Users\Anmol\OneDrive\Desktop\B\coding-portal\backend\src\index.ts:42:5)
2026-05-11T00:07:33:     at ModuleJob.run (node:internal/modules/esm/module_job:430:25)
2026-05-11T00:07:33:     at process.processTicksAndRejections (node:internal/process/task_queues:103:5)
2026-05-11T00:07:33:     at async onImport.tracePromise.__proto__ (node:internal/modules/esm/loader:661:26)
2026-05-11T00:07:33:     at async asyncRunEntryPointWithESMLoader (node:internal/modules/run_main:101:5)
2026-05-11T00:07:33: Emitted 'error' event on Server instance at:
2026-05-11T00:07:33:     at emitErrorNT (node:net:1976:8)
2026-05-11T00:07:33:     at process.processTicksAndRejections (node:internal/process/task_queues:89:21) {
2026-05-11T00:07:33:   code: 'EADDRINUSE',
2026-05-11T00:07:33:   errno: -4091,
2026-05-11T00:07:33:   syscall: 'listen',
2026-05-11T00:07:33:   address: '::',
2026-05-11T00:07:33:   port: 4000
2026-05-11T00:07:33: }
2026-05-11T00:07:33: 
2026-05-11T00:07:33: Node.js v24.13.1
2026-05-11T00:07:35: node:events:486
2026-05-11T00:07:35:       throw er; // Unhandled 'error' event
2026-05-11T00:07:35:       ^
2026-05-11T00:07:35: 
2026-05-11T00:07:35: Error: listen EADDRINUSE: address already in use :::4000
2026-05-11T00:07:35:     at Server.setupListenHandle [as _listen2] (node:net:1940:16)
2026-05-11T00:07:35:     at listenInCluster (node:net:1997:12)
2026-05-11T00:07:35:     at Server.listen (node:net:2102:7)
2026-05-11T00:07:35:     at app.listen (C:\Users\Anmol\OneDrive\Desktop\B\coding-portal\backend\node_modules\express\lib\application.js:635:24)
2026-05-11T00:07:35:     at <anonymous> (C:\Users\Anmol\OneDrive\Desktop\B\coding-portal\backend\src\index.ts:42:5)
2026-05-11T00:07:35:     at ModuleJob.run (node:internal/modules/esm/module_job:430:25)
2026-05-11T00:07:35:     at process.processTicksAndRejections (node:internal/process/task_queues:103:5)
2026-05-11T00:07:35:     at async onImport.tracePromise.__proto__ (node:internal/modules/esm/loader:661:26)
2026-05-11T00:07:35:     at async asyncRunEntryPointWithESMLoader (node:internal/modules/run_main:101:5)
2026-05-11T00:07:35: Emitted 'error' event on Server instance at:
2026-05-11T00:07:35:     at emitErrorNT (node:net:1976:8)
2026-05-11T00:07:35:     at process.processTicksAndRejections (node:internal/process/task_queues:89:21) {
2026-05-11T00:07:35:   code: 'EADDRINUSE',
2026-05-11T00:07:35:   errno: -4091,
2026-05-11T00:07:35:   syscall: 'listen',
2026-05-11T00:07:35:   address: '::',
2026-05-11T00:07:35:   port: 4000
2026-05-11T00:07:35: }
2026-05-11T00:07:35: 
2026-05-11T00:07:35: Node.js v24.13.1
2026-05-11T00:07:41: node:events:486
2026-05-11T00:07:41:       throw er; // Unhandled 'error' event
2026-05-11T00:07:41:       ^
2026-05-11T00:07:41: 
2026-05-11T00:07:41: Error: listen EADDRINUSE: address already in use :::4000
2026-05-11T00:07:41:     at Server.setupListenHandle [as _listen2] (node:net:1940:16)
2026-05-11T00:07:41:     at listenInCluster (node:net:1997:12)
2026-05-11T00:07:41:     at Server.listen (node:net:2102:7)
2026-05-11T00:07:41:     at app.listen (C:\Users\Anmol\OneDrive\Desktop\B\coding-portal\backend\node_modules\express\lib\application.js:635:24)
2026-05-11T00:07:41:     at <anonymous> (C:\Users\Anmol\OneDrive\Desktop\B\coding-portal\backend\src\index.ts:42:5)
2026-05-11T00:07:41:     at ModuleJob.run (node:internal/modules/esm/module_job:430:25)
2026-05-11T00:07:41:     at process.processTicksAndRejections (node:internal/process/task_queues:103:5)
2026-05-11T00:07:41:     at async onImport.tracePromise.__proto__ (node:internal/modules/esm/loader:661:26)
2026-05-11T00:07:41:     at async asyncRunEntryPointWithESMLoader (node:internal/modules/run_main:101:5)
2026-05-11T00:07:41: Emitted 'error' event on Server instance at:
2026-05-11T00:07:41:     at emitErrorNT (node:net:1976:8)
2026-05-11T00:07:41:     at process.processTicksAndRejections (node:internal/process/task_queues:89:21) {
2026-05-11T00:07:41:   code: 'EADDRINUSE',
2026-05-11T00:07:41:   errno: -4091,
2026-05-11T00:07:41:   syscall: 'listen',
2026-05-11T00:07:41:   address: '::',
2026-05-11T00:07:41:   port: 4000
2026-05-11T00:07:41: }
2026-05-11T00:07:41: 
2026-05-11T00:07:41: Node.js v24.13.1
2026-05-11T00:07:54: node:events:486
2026-05-11T00:07:54:       throw er; // Unhandled 'error' event
2026-05-11T00:07:54:       ^
2026-05-11T00:07:54: 
2026-05-11T00:07:54: Error: listen EADDRINUSE: address already in use :::4000
2026-05-11T00:07:54:     at Server.setupListenHandle [as _listen2] (node:net:1940:16)
2026-05-11T00:07:54:     at listenInCluster (node:net:1997:12)
2026-05-11T00:07:54:     at Server.listen (node:net:2102:7)
2026-05-11T00:07:54:     at app.listen (C:\Users\Anmol\OneDrive\Desktop\B\coding-portal\backend\node_modules\express\lib\application.js:635:24)
2026-05-11T00:07:54:     at <anonymous> (C:\Users\Anmol\OneDrive\Desktop\B\coding-portal\backend\src\index.ts:42:5)
2026-05-11T00:07:54:     at ModuleJob.run (node:internal/modules/esm/module_job:430:25)
2026-05-11T00:07:54:     at process.processTicksAndRejections (node:internal/process/task_queues:103:5)
2026-05-11T00:07:54:     at async onImport.tracePromise.__proto__ (node:internal/modules/esm/loader:661:26)
2026-05-11T00:07:54:     at async asyncRunEntryPointWithESMLoader (node:internal/modules/run_main:101:5)
2026-05-11T00:07:54: Emitted 'error' event on Server instance at:
2026-05-11T00:07:54:     at emitErrorNT (node:net:1976:8)
2026-05-11T00:07:54:     at process.processTicksAndRejections (node:internal/process/task_queues:89:21) {
2026-05-11T00:07:54:   code: 'EADDRINUSE',
2026-05-11T00:07:54:   errno: -4091,
2026-05-11T00:07:54:   syscall: 'listen',
2026-05-11T00:07:54:   address: '::',
2026-05-11T00:07:54:   port: 4000
2026-05-11T00:07:54: }
2026-05-11T00:07:54: 
2026-05-11T00:07:54: Node.js v24.13.1
2026-05-11T00:07:59: node:events:486
2026-05-11T00:07:59:       throw er; // Unhandled 'error' event
2026-05-11T00:07:59:       ^
2026-05-11T00:07:59: 
2026-05-11T00:07:59: Error: listen EADDRINUSE: address already in use :::4000
2026-05-11T00:07:59:     at Server.setupListenHandle [as _listen2] (node:net:1940:16)
2026-05-11T00:07:59:     at listenInCluster (node:net:1997:12)
2026-05-11T00:07:59:     at Server.listen (node:net:2102:7)
2026-05-11T00:07:59:     at app.listen (C:\Users\Anmol\OneDrive\Desktop\B\coding-portal\backend\node_modules\express\lib\application.js:635:24)
2026-05-11T00:07:59:     at <anonymous> (C:\Users\Anmol\OneDrive\Desktop\B\coding-portal\backend\src\index.ts:42:5)
2026-05-11T00:07:59:     at ModuleJob.run (node:internal/modules/esm/module_job:430:25)
2026-05-11T00:07:59:     at process.processTicksAndRejections (node:internal/process/task_queues:103:5)
2026-05-11T00:07:59:     at async onImport.tracePromise.__proto__ (node:internal/modules/esm/loader:661:26)
2026-05-11T00:07:59:     at async asyncRunEntryPointWithESMLoader (node:internal/modules/run_main:101:5)
2026-05-11T00:07:59: Emitted 'error' event on Server instance at:
2026-05-11T00:07:59:     at emitErrorNT (node:net:1976:8)
2026-05-11T00:07:59:     at process.processTicksAndRejections (node:internal/process/task_queues:89:21) {
2026-05-11T00:07:59:   code: 'EADDRINUSE',
2026-05-11T00:07:59:   errno: -4091,
2026-05-11T00:07:59:   syscall: 'listen',
2026-05-11T00:07:59:   address: '::',
2026-05-11T00:07:59:   port: 4000
2026-05-11T00:07:59: }
2026-05-11T00:07:59: 
2026-05-11T00:07:59: Node.js v24.13.1
2026-05-11T00:08:01: node:events:486
2026-05-11T00:08:01:       throw er; // Unhandled 'error' event
2026-05-11T00:08:01:       ^
2026-05-11T00:08:01: 
2026-05-11T00:08:01: Error: listen EADDRINUSE: address already in use :::4000
2026-05-11T00:08:01:     at Server.setupListenHandle [as _listen2] (node:net:1940:16)
2026-05-11T00:08:01:     at listenInCluster (node:net:1997:12)
2026-05-11T00:08:01:     at Server.listen (node:net:2102:7)
2026-05-11T00:08:01:     at app.listen (C:\Users\Anmol\OneDrive\Desktop\B\coding-portal\backend\node_modules\express\lib\application.js:635:24)
2026-05-11T00:08:01:     at <anonymous> (C:\Users\Anmol\OneDrive\Desktop\B\coding-portal\backend\src\index.ts:42:5)
2026-05-11T00:08:01:     at ModuleJob.run (node:internal/modules/esm/module_job:430:25)
2026-05-11T00:08:01:     at process.processTicksAndRejections (node:internal/process/task_queues:103:5)
2026-05-11T00:08:01:     at async onImport.tracePromise.__proto__ (node:internal/modules/esm/loader:661:26)
2026-05-11T00:08:01:     at async asyncRunEntryPointWithESMLoader (node:internal/modules/run_main:101:5)
2026-05-11T00:08:01: Emitted 'error' event on Server instance at:
2026-05-11T00:08:01:     at emitErrorNT (node:net:1976:8)
2026-05-11T00:08:01:     at process.processTicksAndRejections (node:internal/process/task_queues:89:21) {
2026-05-11T00:08:01:   code: 'EADDRINUSE',
2026-05-11T00:08:01:   errno: -4091,
2026-05-11T00:08:01:   syscall: 'listen',
2026-05-11T00:08:01:   address: '::',
2026-05-11T00:08:01:   port: 4000
2026-05-11T00:08:01: }
2026-05-11T00:08:01: 
2026-05-11T00:08:01: Node.js v24.13.1
2026-05-11T00:08:04: node:events:486
2026-05-11T00:08:04:       throw er; // Unhandled 'error' event
2026-05-11T00:08:04:       ^
2026-05-11T00:08:04: 
2026-05-11T00:08:04: Error: listen EADDRINUSE: address already in use :::4000
2026-05-11T00:08:04:     at Server.setupListenHandle [as _listen2] (node:net:1940:16)
2026-05-11T00:08:04:     at listenInCluster (node:net:1997:12)
2026-05-11T00:08:04:     at Server.listen (node:net:2102:7)
2026-05-11T00:08:04:     at app.listen (C:\Users\Anmol\OneDrive\Desktop\B\coding-portal\backend\node_modules\express\lib\application.js:635:24)
2026-05-11T00:08:04:     at <anonymous> (C:\Users\Anmol\OneDrive\Desktop\B\coding-portal\backend\src\index.ts:42:5)
2026-05-11T00:08:04:     at ModuleJob.run (node:internal/modules/esm/module_job:430:25)
2026-05-11T00:08:04:     at process.processTicksAndRejections (node:internal/process/task_queues:103:5)
2026-05-11T00:08:04:     at async onImport.tracePromise.__proto__ (node:internal/modules/esm/loader:661:26)
2026-05-11T00:08:04:     at async asyncRunEntryPointWithESMLoader (node:internal/modules/run_main:101:5)
2026-05-11T00:08:04: Emitted 'error' event on Server instance at:
2026-05-11T00:08:04:     at emitErrorNT (node:net:1976:8)
2026-05-11T00:08:04:     at process.processTicksAndRejections (node:internal/process/task_queues:89:21) {
2026-05-11T00:08:04:   code: 'EADDRINUSE',
2026-05-11T00:08:04:   errno: -4091,
2026-05-11T00:08:04:   syscall: 'listen',
2026-05-11T00:08:04:   address: '::',
2026-05-11T00:08:04:   port: 4000
2026-05-11T00:08:04: }
2026-05-11T00:08:04: 
2026-05-11T00:08:04: Node.js v24.13.1
2026-05-11T00:08:07: node:events:486
2026-05-11T00:08:07:       throw er; // Unhandled 'error' event
2026-05-11T00:08:07:       ^
2026-05-11T00:08:07: 
2026-05-11T00:08:07: Error: listen EADDRINUSE: address already in use :::4000
2026-05-11T00:08:07:     at Server.setupListenHandle [as _listen2] (node:net:1940:16)
2026-05-11T00:08:07:     at listenInCluster (node:net:1997:12)
2026-05-11T00:08:07:     at Server.listen (node:net:2102:7)
2026-05-11T00:08:07:     at app.listen (C:\Users\Anmol\OneDrive\Desktop\B\coding-portal\backend\node_modules\express\lib\application.js:635:24)
2026-05-11T00:08:07:     at <anonymous> (C:\Users\Anmol\OneDrive\Desktop\B\coding-portal\backend\src\index.ts:42:5)
2026-05-11T00:08:07:     at ModuleJob.run (node:internal/modules/esm/module_job:430:25)
2026-05-11T00:08:07:     at process.processTicksAndRejections (node:internal/process/task_queues:103:5)
2026-05-11T00:08:07:     at async onImport.tracePromise.__proto__ (node:internal/modules/esm/loader:661:26)
2026-05-11T00:08:07:     at async asyncRunEntryPointWithESMLoader (node:internal/modules/run_main:101:5)
2026-05-11T00:08:07: Emitted 'error' event on Server instance at:
2026-05-11T00:08:07:     at emitErrorNT (node:net:1976:8)
2026-05-11T00:08:07:     at process.processTicksAndRejections (node:internal/process/task_queues:89:21) {
2026-05-11T00:08:07:   code: 'EADDRINUSE',
2026-05-11T00:08:07:   errno: -4091,
2026-05-11T00:08:07:   syscall: 'listen',
2026-05-11T00:08:07:   address: '::',
2026-05-11T00:08:07:   port: 4000
2026-05-11T00:08:07: }
2026-05-11T00:08:07: 
2026-05-11T00:08:07: Node.js v24.13.1
2026-05-11T00:08:09: node:events:486
2026-05-11T00:08:09:       throw er; // Unhandled 'error' event
2026-05-11T00:08:09:       ^
2026-05-11T00:08:09: 
2026-05-11T00:08:09: Error: listen EADDRINUSE: address already in use :::4000
2026-05-11T00:08:09:     at Server.setupListenHandle [as _listen2] (node:net:1940:16)
2026-05-11T00:08:09:     at listenInCluster (node:net:1997:12)
2026-05-11T00:08:09:     at Server.listen (node:net:2102:7)
2026-05-11T00:08:09:     at app.listen (C:\Users\Anmol\OneDrive\Desktop\B\coding-portal\backend\node_modules\express\lib\application.js:635:24)
2026-05-11T00:08:09:     at <anonymous> (C:\Users\Anmol\OneDrive\Desktop\B\coding-portal\backend\src\index.ts:42:5)
2026-05-11T00:08:09:     at ModuleJob.run (node:internal/modules/esm/module_job:430:25)
2026-05-11T00:08:09:     at process.processTicksAndRejections (node:internal/process/task_queues:103:5)
2026-05-11T00:08:09:     at async onImport.tracePromise.__proto__ (node:internal/modules/esm/loader:661:26)
2026-05-11T00:08:09:     at async asyncRunEntryPointWithESMLoader (node:internal/modules/run_main:101:5)
2026-05-11T00:08:09: Emitted 'error' event on Server instance at:
2026-05-11T00:08:09:     at emitErrorNT (node:net:1976:8)
2026-05-11T00:08:09:     at process.processTicksAndRejections (node:internal/process/task_queues:89:21) {
2026-05-11T00:08:09:   code: 'EADDRINUSE',
2026-05-11T00:08:09:   errno: -4091,
2026-05-11T00:08:09:   syscall: 'listen',
2026-05-11T00:08:09:   address: '::',
2026-05-11T00:08:09:   port: 4000
2026-05-11T00:08:09: }
2026-05-11T00:08:09: 
2026-05-11T00:08:09: Node.js v24.13.1
2026-05-11T00:08:12: node:events:486
2026-05-11T00:08:12:       throw er; // Unhandled 'error' event
2026-05-11T00:08:12:       ^
2026-05-11T00:08:12: 
2026-05-11T00:08:12: Error: listen EADDRINUSE: address already in use :::4000
2026-05-11T00:08:12:     at Server.setupListenHandle [as _listen2] (node:net:1940:16)
2026-05-11T00:08:12:     at listenInCluster (node:net:1997:12)
2026-05-11T00:08:12:     at Server.listen (node:net:2102:7)
2026-05-11T00:08:12:     at app.listen (C:\Users\Anmol\OneDrive\Desktop\B\coding-portal\backend\node_modules\express\lib\application.js:635:24)
2026-05-11T00:08:12:     at <anonymous> (C:\Users\Anmol\OneDrive\Desktop\B\coding-portal\backend\src\index.ts:42:5)
2026-05-11T00:08:12:     at ModuleJob.run (node:internal/modules/esm/module_job:430:25)
2026-05-11T00:08:12:     at process.processTicksAndRejections (node:internal/process/task_queues:103:5)
2026-05-11T00:08:12:     at async onImport.tracePromise.__proto__ (node:internal/modules/esm/loader:661:26)
2026-05-11T00:08:12:     at async asyncRunEntryPointWithESMLoader (node:internal/modules/run_main:101:5)
2026-05-11T00:08:12: Emitted 'error' event on Server instance at:
2026-05-11T00:08:12:     at emitErrorNT (node:net:1976:8)
2026-05-11T00:08:12:     at process.processTicksAndRejections (node:internal/process/task_queues:89:21) {
2026-05-11T00:08:12:   code: 'EADDRINUSE',
2026-05-11T00:08:12:   errno: -4091,
2026-05-11T00:08:12:   syscall: 'listen',
2026-05-11T00:08:12:   address: '::',
2026-05-11T00:08:12:   port: 4000
2026-05-11T00:08:12: }
2026-05-11T00:08:12: 
2026-05-11T00:08:12: Node.js v24.13.1
2026-05-11T00:08:16: node:events:486
2026-05-11T00:08:16:       throw er; // Unhandled 'error' event
2026-05-11T00:08:16:       ^
2026-05-11T00:08:16: 
2026-05-11T00:08:16: Error: listen EADDRINUSE: address already in use :::4000
2026-05-11T00:08:16:     at Server.setupListenHandle [as _listen2] (node:net:1940:16)
2026-05-11T00:08:16:     at listenInCluster (node:net:1997:12)
2026-05-11T00:08:16:     at Server.listen (node:net:2102:7)
2026-05-11T00:08:16:     at app.listen (C:\Users\Anmol\OneDrive\Desktop\B\coding-portal\backend\node_modules\express\lib\application.js:635:24)
2026-05-11T00:08:16:     at <anonymous> (C:\Users\Anmol\OneDrive\Desktop\B\coding-portal\backend\src\index.ts:42:5)
2026-05-11T00:08:16:     at ModuleJob.run (node:internal/modules/esm/module_job:430:25)
2026-05-11T00:08:16:     at process.processTicksAndRejections (node:internal/process/task_queues:103:5)
2026-05-11T00:08:16:     at async onImport.tracePromise.__proto__ (node:internal/modules/esm/loader:661:26)
2026-05-11T00:08:16:     at async asyncRunEntryPointWithESMLoader (node:internal/modules/run_main:101:5)
2026-05-11T00:08:16: Emitted 'error' event on Server instance at:
2026-05-11T00:08:16:     at emitErrorNT (node:net:1976:8)
2026-05-11T00:08:16:     at process.processTicksAndRejections (node:internal/process/task_queues:89:21) {
2026-05-11T00:08:16:   code: 'EADDRINUSE',
2026-05-11T00:08:16:   errno: -4091,
2026-05-11T00:08:16:   syscall: 'listen',
2026-05-11T00:08:16:   address: '::',
2026-05-11T00:08:16:   port: 4000
2026-05-11T00:08:16: }
2026-05-11T00:08:16: 
2026-05-11T00:08:16: Node.js v24.13.1
2026-05-11T00:08:19: node:events:486
2026-05-11T00:08:19:       throw er; // Unhandled 'error' event
2026-05-11T00:08:19:       ^
2026-05-11T00:08:19: 
2026-05-11T00:08:19: Error: listen EADDRINUSE: address already in use :::4000
2026-05-11T00:08:19:     at Server.setupListenHandle [as _listen2] (node:net:1940:16)
2026-05-11T00:08:19:     at listenInCluster (node:net:1997:12)
2026-05-11T00:08:19:     at Server.listen (node:net:2102:7)
2026-05-11T00:08:19:     at app.listen (C:\Users\Anmol\OneDrive\Desktop\B\coding-portal\backend\node_modules\express\lib\application.js:635:24)
2026-05-11T00:08:19:     at <anonymous> (C:\Users\Anmol\OneDrive\Desktop\B\coding-portal\backend\src\index.ts:42:5)
2026-05-11T00:08:19:     at ModuleJob.run (node:internal/modules/esm/module_job:430:25)
2026-05-11T00:08:19:     at process.processTicksAndRejections (node:internal/process/task_queues:103:5)
2026-05-11T00:08:19:     at async onImport.tracePromise.__proto__ (node:internal/modules/esm/loader:661:26)
2026-05-11T00:08:19:     at async asyncRunEntryPointWithESMLoader (node:internal/modules/run_main:101:5)
2026-05-11T00:08:19: Emitted 'error' event on Server instance at:
2026-05-11T00:08:19:     at emitErrorNT (node:net:1976:8)
2026-05-11T00:08:19:     at process.processTicksAndRejections (node:internal/process/task_queues:89:21) {
2026-05-11T00:08:19:   code: 'EADDRINUSE',
2026-05-11T00:08:19:   errno: -4091,
2026-05-11T00:08:19:   syscall: 'listen',
2026-05-11T00:08:19:   address: '::',
2026-05-11T00:08:19:   port: 4000
2026-05-11T00:08:19: }
2026-05-11T00:08:19: 
2026-05-11T00:08:19: Node.js v24.13.1
2026-05-11T00:08:22: node:events:486
2026-05-11T00:08:22:       throw er; // Unhandled 'error' event
2026-05-11T00:08:22:       ^
2026-05-11T00:08:22: 
2026-05-11T00:08:22: Error: listen EADDRINUSE: address already in use :::4000
2026-05-11T00:08:22:     at Server.setupListenHandle [as _listen2] (node:net:1940:16)
2026-05-11T00:08:22:     at listenInCluster (node:net:1997:12)
2026-05-11T00:08:22:     at Server.listen (node:net:2102:7)
2026-05-11T00:08:22:     at app.listen (C:\Users\Anmol\OneDrive\Desktop\B\coding-portal\backend\node_modules\express\lib\application.js:635:24)
2026-05-11T00:08:22:     at <anonymous> (C:\Users\Anmol\OneDrive\Desktop\B\coding-portal\backend\src\index.ts:42:5)
2026-05-11T00:08:22:     at ModuleJob.run (node:internal/modules/esm/module_job:430:25)
2026-05-11T00:08:22:     at process.processTicksAndRejections (node:internal/process/task_queues:103:5)
2026-05-11T00:08:22:     at async onImport.tracePromise.__proto__ (node:internal/modules/esm/loader:661:26)
2026-05-11T00:08:22:     at async asyncRunEntryPointWithESMLoader (node:internal/modules/run_main:101:5)
2026-05-11T00:08:22: Emitted 'error' event on Server instance at:
2026-05-11T00:08:22:     at emitErrorNT (node:net:1976:8)
2026-05-11T00:08:22:     at process.processTicksAndRejections (node:internal/process/task_queues:89:21) {
2026-05-11T00:08:22:   code: 'EADDRINUSE',
2026-05-11T00:08:22:   errno: -4091,
2026-05-11T00:08:22:   syscall: 'listen',
2026-05-11T00:08:22:   address: '::',
2026-05-11T00:08:22:   port: 4000
2026-05-11T00:08:22: }
2026-05-11T00:08:22: 
2026-05-11T00:08:22: Node.js v24.13.1
2026-05-11T00:08:24: node:events:486
2026-05-11T00:08:24:       throw er; // Unhandled 'error' event
2026-05-11T00:08:24:       ^
2026-05-11T00:08:24: 
2026-05-11T00:08:24: Error: listen EADDRINUSE: address already in use :::4000
2026-05-11T00:08:24:     at Server.setupListenHandle [as _listen2] (node:net:1940:16)
2026-05-11T00:08:24:     at listenInCluster (node:net:1997:12)
2026-05-11T00:08:24:     at Server.listen (node:net:2102:7)
2026-05-11T00:08:24:     at app.listen (C:\Users\Anmol\OneDrive\Desktop\B\coding-portal\backend\node_modules\express\lib\application.js:635:24)
2026-05-11T00:08:24:     at <anonymous> (C:\Users\Anmol\OneDrive\Desktop\B\coding-portal\backend\src\index.ts:42:5)
2026-05-11T00:08:24:     at ModuleJob.run (node:internal/modules/esm/module_job:430:25)
2026-05-11T00:08:24:     at process.processTicksAndRejections (node:internal/process/task_queues:103:5)
2026-05-11T00:08:24:     at async onImport.tracePromise.__proto__ (node:internal/modules/esm/loader:661:26)
2026-05-11T00:08:24:     at async asyncRunEntryPointWithESMLoader (node:internal/modules/run_main:101:5)
2026-05-11T00:08:24: Emitted 'error' event on Server instance at:
2026-05-11T00:08:24:     at emitErrorNT (node:net:1976:8)
2026-05-11T00:08:24:     at process.processTicksAndRejections (node:internal/process/task_queues:89:21) {
2026-05-11T00:08:24:   code: 'EADDRINUSE',
2026-05-11T00:08:24:   errno: -4091,
2026-05-11T00:08:24:   syscall: 'listen',
2026-05-11T00:08:24:   address: '::',
2026-05-11T00:08:24:   port: 4000
2026-05-11T00:08:24: }
2026-05-11T00:08:24: 
2026-05-11T00:08:24: Node.js v24.13.1
2026-05-11T00:08:27: node:events:486
2026-05-11T00:08:27:       throw er; // Unhandled 'error' event
2026-05-11T00:08:27:       ^
2026-05-11T00:08:27: 
2026-05-11T00:08:27: Error: listen EADDRINUSE: address already in use :::4000
2026-05-11T00:08:27:     at Server.setupListenHandle [as _listen2] (node:net:1940:16)
2026-05-11T00:08:27:     at listenInCluster (node:net:1997:12)
2026-05-11T00:08:27:     at Server.listen (node:net:2102:7)
2026-05-11T00:08:27:     at app.listen (C:\Users\Anmol\OneDrive\Desktop\B\coding-portal\backend\node_modules\express\lib\application.js:635:24)
2026-05-11T00:08:27:     at <anonymous> (C:\Users\Anmol\OneDrive\Desktop\B\coding-portal\backend\src\index.ts:42:5)
2026-05-11T00:08:27:     at ModuleJob.run (node:internal/modules/esm/module_job:430:25)
2026-05-11T00:08:27:     at process.processTicksAndRejections (node:internal/process/task_queues:103:5)
2026-05-11T00:08:27:     at async onImport.tracePromise.__proto__ (node:internal/modules/esm/loader:661:26)
2026-05-11T00:08:27:     at async asyncRunEntryPointWithESMLoader (node:internal/modules/run_main:101:5)
2026-05-11T00:08:27: Emitted 'error' event on Server instance at:
2026-05-11T00:08:27:     at emitErrorNT (node:net:1976:8)
2026-05-11T00:08:27:     at process.processTicksAndRejections (node:internal/process/task_queues:89:21) {
2026-05-11T00:08:27:   code: 'EADDRINUSE',
2026-05-11T00:08:27:   errno: -4091,
2026-05-11T00:08:27:   syscall: 'listen',
2026-05-11T00:08:27:   address: '::',
2026-05-11T00:08:27:   port: 4000
2026-05-11T00:08:27: }
2026-05-11T00:08:27: 
2026-05-11T00:08:27: Node.js v24.13.1
2026-05-11T00:08:31: node:events:486
2026-05-11T00:08:31:       throw er; // Unhandled 'error' event
2026-05-11T00:08:31:       ^
2026-05-11T00:08:31: 
2026-05-11T00:08:31: Error: listen EADDRINUSE: address already in use :::4000
2026-05-11T00:08:31:     at Server.setupListenHandle [as _listen2] (node:net:1940:16)
2026-05-11T00:08:31:     at listenInCluster (node:net:1997:12)
2026-05-11T00:08:31:     at Server.listen (node:net:2102:7)
2026-05-11T00:08:31:     at app.listen (C:\Users\Anmol\OneDrive\Desktop\B\coding-portal\backend\node_modules\express\lib\application.js:635:24)
2026-05-11T00:08:31:     at <anonymous> (C:\Users\Anmol\OneDrive\Desktop\B\coding-portal\backend\src\index.ts:42:5)
2026-05-11T00:08:31:     at ModuleJob.run (node:internal/modules/esm/module_job:430:25)
2026-05-11T00:08:31:     at process.processTicksAndRejections (node:internal/process/task_queues:103:5)
2026-05-11T00:08:31:     at async onImport.tracePromise.__proto__ (node:internal/modules/esm/loader:661:26)
2026-05-11T00:08:31:     at async asyncRunEntryPointWithESMLoader (node:internal/modules/run_main:101:5)
2026-05-11T00:08:31: Emitted 'error' event on Server instance at:
2026-05-11T00:08:31:     at emitErrorNT (node:net:1976:8)
2026-05-11T00:08:31:     at process.processTicksAndRejections (node:internal/process/task_queues:89:21) {
2026-05-11T00:08:31:   code: 'EADDRINUSE',
2026-05-11T00:08:31:   errno: -4091,
2026-05-11T00:08:31:   syscall: 'listen',
2026-05-11T00:08:31:   address: '::',
2026-05-11T00:08:31:   port: 4000
2026-05-11T00:08:31: }
2026-05-11T00:08:31: 
2026-05-11T00:08:31: Node.js v24.13.1
2026-05-11T00:08:37: node:events:486
2026-05-11T00:08:37:       throw er; // Unhandled 'error' event
2026-05-11T00:08:37:       ^
2026-05-11T00:08:37: 
2026-05-11T00:08:37: Error: listen EADDRINUSE: address already in use :::4000
2026-05-11T00:08:37:     at Server.setupListenHandle [as _listen2] (node:net:1940:16)
2026-05-11T00:08:37:     at listenInCluster (node:net:1997:12)
2026-05-11T00:08:37:     at Server.listen (node:net:2102:7)
2026-05-11T00:08:37:     at app.listen (C:\Users\Anmol\OneDrive\Desktop\B\coding-portal\backend\node_modules\express\lib\application.js:635:24)
2026-05-11T00:08:37:     at <anonymous> (C:\Users\Anmol\OneDrive\Desktop\B\coding-portal\backend\src\index.ts:42:5)
2026-05-11T00:08:37:     at ModuleJob.run (node:internal/modules/esm/module_job:430:25)
2026-05-11T00:08:37:     at process.processTicksAndRejections (node:internal/process/task_queues:103:5)
2026-05-11T00:08:37:     at async onImport.tracePromise.__proto__ (node:internal/modules/esm/loader:661:26)
2026-05-11T00:08:37:     at async asyncRunEntryPointWithESMLoader (node:internal/modules/run_main:101:5)
2026-05-11T00:08:37: Emitted 'error' event on Server instance at:
2026-05-11T00:08:37:     at emitErrorNT (node:net:1976:8)
2026-05-11T00:08:37:     at process.processTicksAndRejections (node:internal/process/task_queues:89:21) {
2026-05-11T00:08:37:   code: 'EADDRINUSE',
2026-05-11T00:08:37:   errno: -4091,
2026-05-11T00:08:37:   syscall: 'listen',
2026-05-11T00:08:37:   address: '::',
2026-05-11T00:08:37:   port: 4000
2026-05-11T00:08:37: }
2026-05-11T00:08:37: 
2026-05-11T00:08:37: Node.js v24.13.1
2026-05-11T00:08:40: node:events:486
2026-05-11T00:08:40:       throw er; // Unhandled 'error' event
2026-05-11T00:08:40:       ^
2026-05-11T00:08:40: 
2026-05-11T00:08:40: Error: listen EADDRINUSE: address already in use :::4000
2026-05-11T00:08:40:     at Server.setupListenHandle [as _listen2] (node:net:1940:16)
2026-05-11T00:08:40:     at listenInCluster (node:net:1997:12)
2026-05-11T00:08:40:     at Server.listen (node:net:2102:7)
2026-05-11T00:08:40:     at app.listen (C:\Users\Anmol\OneDrive\Desktop\B\coding-portal\backend\node_modules\express\lib\application.js:635:24)
2026-05-11T00:08:40:     at <anonymous> (C:\Users\Anmol\OneDrive\Desktop\B\coding-portal\backend\src\index.ts:42:5)
2026-05-11T00:08:40:     at ModuleJob.run (node:internal/modules/esm/module_job:430:25)
2026-05-11T00:08:40:     at process.processTicksAndRejections (node:internal/process/task_queues:103:5)
2026-05-11T00:08:40:     at async onImport.tracePromise.__proto__ (node:internal/modules/esm/loader:661:26)
2026-05-11T00:08:40:     at async asyncRunEntryPointWithESMLoader (node:internal/modules/run_main:101:5)
2026-05-11T00:08:40: Emitted 'error' event on Server instance at:
2026-05-11T00:08:40:     at emitErrorNT (node:net:1976:8)
2026-05-11T00:08:40:     at process.processTicksAndRejections (node:internal/process/task_queues:89:21) {
2026-05-11T00:08:40:   code: 'EADDRINUSE',
2026-05-11T00:08:40:   errno: -4091,
2026-05-11T00:08:40:   syscall: 'listen',
2026-05-11T00:08:40:   address: '::',
2026-05-11T00:08:40:   port: 4000
2026-05-11T00:08:40: }
2026-05-11T00:08:40: 
2026-05-11T00:08:40: Node.js v24.13.1
2026-05-11T00:08:43: node:events:486
2026-05-11T00:08:43:       throw er; // Unhandled 'error' event
2026-05-11T00:08:43:       ^
2026-05-11T00:08:43: 
2026-05-11T00:08:43: Error: listen EADDRINUSE: address already in use :::4000
2026-05-11T00:08:43:     at Server.setupListenHandle [as _listen2] (node:net:1940:16)
2026-05-11T00:08:43:     at listenInCluster (node:net:1997:12)
2026-05-11T00:08:43:     at Server.listen (node:net:2102:7)
2026-05-11T00:08:43:     at app.listen (C:\Users\Anmol\OneDrive\Desktop\B\coding-portal\backend\node_modules\express\lib\application.js:635:24)
2026-05-11T00:08:43:     at <anonymous> (C:\Users\Anmol\OneDrive\Desktop\B\coding-portal\backend\src\index.ts:42:5)
2026-05-11T00:08:43:     at ModuleJob.run (node:internal/modules/esm/module_job:430:25)
2026-05-11T00:08:43:     at process.processTicksAndRejections (node:internal/process/task_queues:103:5)
2026-05-11T00:08:43:     at async onImport.tracePromise.__proto__ (node:internal/modules/esm/loader:661:26)
2026-05-11T00:08:43:     at async asyncRunEntryPointWithESMLoader (node:internal/modules/run_main:101:5)
2026-05-11T00:08:43: Emitted 'error' event on Server instance at:
2026-05-11T00:08:43:     at emitErrorNT (node:net:1976:8)
2026-05-11T00:08:43:     at process.processTicksAndRejections (node:internal/process/task_queues:89:21) {
2026-05-11T00:08:43:   code: 'EADDRINUSE',
2026-05-11T00:08:43:   errno: -4091,
2026-05-11T00:08:43:   syscall: 'listen',
2026-05-11T00:08:43:   address: '::',
2026-05-11T00:08:43:   port: 4000
2026-05-11T00:08:43: }
2026-05-11T00:08:43: 
2026-05-11T00:08:43: Node.js v24.13.1
2026-05-11T00:08:46: node:events:486
2026-05-11T00:08:46:       throw er; // Unhandled 'error' event
2026-05-11T00:08:46:       ^
2026-05-11T00:08:46: 
2026-05-11T00:08:46: Error: listen EADDRINUSE: address already in use :::4000
2026-05-11T00:08:46:     at Server.setupListenHandle [as _listen2] (node:net:1940:16)
2026-05-11T00:08:46:     at listenInCluster (node:net:1997:12)
2026-05-11T00:08:46:     at Server.listen (node:net:2102:7)
2026-05-11T00:08:46:     at app.listen (C:\Users\Anmol\OneDrive\Desktop\B\coding-portal\backend\node_modules\express\lib\application.js:635:24)
2026-05-11T00:08:46:     at <anonymous> (C:\Users\Anmol\OneDrive\Desktop\B\coding-portal\backend\src\index.ts:42:5)
2026-05-11T00:08:46:     at ModuleJob.run (node:internal/modules/esm/module_job:430:25)
2026-05-11T00:08:46:     at process.processTicksAndRejections (node:internal/process/task_queues:103:5)
2026-05-11T00:08:46:     at async onImport.tracePromise.__proto__ (node:internal/modules/esm/loader:661:26)
2026-05-11T00:08:46:     at async asyncRunEntryPointWithESMLoader (node:internal/modules/run_main:101:5)
2026-05-11T00:08:46: Emitted 'error' event on Server instance at:
2026-05-11T00:08:46:     at emitErrorNT (node:net:1976:8)
2026-05-11T00:08:46:     at process.processTicksAndRejections (node:internal/process/task_queues:89:21) {
2026-05-11T00:08:46:   code: 'EADDRINUSE',
2026-05-11T00:08:46:   errno: -4091,
2026-05-11T00:08:46:   syscall: 'listen',
2026-05-11T00:08:46:   address: '::',
2026-05-11T00:08:46:   port: 4000
2026-05-11T00:08:46: }
2026-05-11T00:08:46: 
2026-05-11T00:08:46: Node.js v24.13.1
2026-05-11T00:08:49: node:events:486
2026-05-11T00:08:49:       throw er; // Unhandled 'error' event
2026-05-11T00:08:49:       ^
2026-05-11T00:08:49: 
2026-05-11T00:08:49: Error: listen EADDRINUSE: address already in use :::4000
2026-05-11T00:08:49:     at Server.setupListenHandle [as _listen2] (node:net:1940:16)
2026-05-11T00:08:49:     at listenInCluster (node:net:1997:12)
2026-05-11T00:08:49:     at Server.listen (node:net:2102:7)
2026-05-11T00:08:49:     at app.listen (C:\Users\Anmol\OneDrive\Desktop\B\coding-portal\backend\node_modules\express\lib\application.js:635:24)
2026-05-11T00:08:49:     at <anonymous> (C:\Users\Anmol\OneDrive\Desktop\B\coding-portal\backend\src\index.ts:42:5)
2026-05-11T00:08:49:     at ModuleJob.run (node:internal/modules/esm/module_job:430:25)
2026-05-11T00:08:49:     at process.processTicksAndRejections (node:internal/process/task_queues:103:5)
2026-05-11T00:08:49:     at async onImport.tracePromise.__proto__ (node:internal/modules/esm/loader:661:26)
2026-05-11T00:08:49:     at async asyncRunEntryPointWithESMLoader (node:internal/modules/run_main:101:5)
2026-05-11T00:08:49: Emitted 'error' event on Server instance at:
2026-05-11T00:08:49:     at emitErrorNT (node:net:1976:8)
2026-05-11T00:08:49:     at process.processTicksAndRejections (node:internal/process/task_queues:89:21) {
2026-05-11T00:08:49:   code: 'EADDRINUSE',
2026-05-11T00:08:49:   errno: -4091,
2026-05-11T00:08:49:   syscall: 'listen',
2026-05-11T00:08:49:   address: '::',
2026-05-11T00:08:49:   port: 4000
2026-05-11T00:08:49: }
2026-05-11T00:08:49: 
2026-05-11T00:08:49: Node.js v24.13.1
2026-05-11T00:08:53: node:events:486
2026-05-11T00:08:53:       throw er; // Unhandled 'error' event
2026-05-11T00:08:53:       ^
2026-05-11T00:08:53: 
2026-05-11T00:08:53: Error: listen EADDRINUSE: address already in use :::4000
2026-05-11T00:08:53:     at Server.setupListenHandle [as _listen2] (node:net:1940:16)
2026-05-11T00:08:53:     at listenInCluster (node:net:1997:12)
2026-05-11T00:08:53:     at Server.listen (node:net:2102:7)
2026-05-11T00:08:53:     at app.listen (C:\Users\Anmol\OneDrive\Desktop\B\coding-portal\backend\node_modules\express\lib\application.js:635:24)
2026-05-11T00:08:53:     at <anonymous> (C:\Users\Anmol\OneDrive\Desktop\B\coding-portal\backend\src\index.ts:42:5)
2026-05-11T00:08:53:     at ModuleJob.run (node:internal/modules/esm/module_job:430:25)
2026-05-11T00:08:53:     at process.processTicksAndRejections (node:internal/process/task_queues:103:5)
2026-05-11T00:08:53:     at async onImport.tracePromise.__proto__ (node:internal/modules/esm/loader:661:26)
2026-05-11T00:08:53:     at async asyncRunEntryPointWithESMLoader (node:internal/modules/run_main:101:5)
2026-05-11T00:08:53: Emitted 'error' event on Server instance at:
2026-05-11T00:08:53:     at emitErrorNT (node:net:1976:8)
2026-05-11T00:08:53:     at process.processTicksAndRejections (node:internal/process/task_queues:89:21) {
2026-05-11T00:08:53:   code: 'EADDRINUSE',
2026-05-11T00:08:53:   errno: -4091,
2026-05-11T00:08:53:   syscall: 'listen',
2026-05-11T00:08:53:   address: '::',
2026-05-11T00:08:53:   port: 4000
2026-05-11T00:08:53: }
2026-05-11T00:08:53: 
2026-05-11T00:08:53: Node.js v24.13.1
2026-05-11T00:08:56: node:events:486
2026-05-11T00:08:56:       throw er; // Unhandled 'error' event
2026-05-11T00:08:56:       ^
2026-05-11T00:08:56: 
2026-05-11T00:08:56: Error: listen EADDRINUSE: address already in use :::4000
2026-05-11T00:08:56:     at Server.setupListenHandle [as _listen2] (node:net:1940:16)
2026-05-11T00:08:56:     at listenInCluster (node:net:1997:12)
2026-05-11T00:08:56:     at Server.listen (node:net:2102:7)
2026-05-11T00:08:56:     at app.listen (C:\Users\Anmol\OneDrive\Desktop\B\coding-portal\backend\node_modules\express\lib\application.js:635:24)
2026-05-11T00:08:56:     at <anonymous> (C:\Users\Anmol\OneDrive\Desktop\B\coding-portal\backend\src\index.ts:42:5)
2026-05-11T00:08:56:     at ModuleJob.run (node:internal/modules/esm/module_job:430:25)
2026-05-11T00:08:56:     at process.processTicksAndRejections (node:internal/process/task_queues:103:5)
2026-05-11T00:08:56:     at async onImport.tracePromise.__proto__ (node:internal/modules/esm/loader:661:26)
2026-05-11T00:08:56:     at async asyncRunEntryPointWithESMLoader (node:internal/modules/run_main:101:5)
2026-05-11T00:08:56: Emitted 'error' event on Server instance at:
2026-05-11T00:08:56:     at emitErrorNT (node:net:1976:8)
2026-05-11T00:08:56:     at process.processTicksAndRejections (node:internal/process/task_queues:89:21) {
2026-05-11T00:08:56:   code: 'EADDRINUSE',
2026-05-11T00:08:56:   errno: -4091,
2026-05-11T00:08:56:   syscall: 'listen',
2026-05-11T00:08:56:   address: '::',
2026-05-11T00:08:56:   port: 4000
2026-05-11T00:08:56: }
2026-05-11T00:08:56: 
2026-05-11T00:08:56: Node.js v24.13.1
2026-05-11T00:08:59: node:events:486
2026-05-11T00:08:59:       throw er; // Unhandled 'error' event
2026-05-11T00:08:59:       ^
2026-05-11T00:08:59: 
2026-05-11T00:08:59: Error: listen EADDRINUSE: address already in use :::4000
2026-05-11T00:08:59:     at Server.setupListenHandle [as _listen2] (node:net:1940:16)
2026-05-11T00:08:59:     at listenInCluster (node:net:1997:12)
2026-05-11T00:08:59:     at Server.listen (node:net:2102:7)
2026-05-11T00:08:59:     at app.listen (C:\Users\Anmol\OneDrive\Desktop\B\coding-portal\backend\node_modules\express\lib\application.js:635:24)
2026-05-11T00:08:59:     at <anonymous> (C:\Users\Anmol\OneDrive\Desktop\B\coding-portal\backend\src\index.ts:42:5)
2026-05-11T00:08:59:     at ModuleJob.run (node:internal/modules/esm/module_job:430:25)
2026-05-11T00:08:59:     at process.processTicksAndRejections (node:internal/process/task_queues:103:5)
2026-05-11T00:08:59:     at async onImport.tracePromise.__proto__ (node:internal/modules/esm/loader:661:26)
2026-05-11T00:08:59:     at async asyncRunEntryPointWithESMLoader (node:internal/modules/run_main:101:5)
2026-05-11T00:08:59: Emitted 'error' event on Server instance at:
2026-05-11T00:08:59:     at emitErrorNT (node:net:1976:8)
2026-05-11T00:08:59:     at process.processTicksAndRejections (node:internal/process/task_queues:89:21) {
2026-05-11T00:08:59:   code: 'EADDRINUSE',
2026-05-11T00:08:59:   errno: -4091,
2026-05-11T00:08:59:   syscall: 'listen',
2026-05-11T00:08:59:   address: '::',
2026-05-11T00:08:59:   port: 4000
2026-05-11T00:08:59: }
2026-05-11T00:08:59: 
2026-05-11T00:08:59: Node.js v24.13.1
2026-05-11T00:09:04: node:events:486
2026-05-11T00:09:04:       throw er; // Unhandled 'error' event
2026-05-11T00:09:04:       ^
2026-05-11T00:09:04: 
2026-05-11T00:09:04: Error: listen EADDRINUSE: address already in use :::4000
2026-05-11T00:09:04:     at Server.setupListenHandle [as _listen2] (node:net:1940:16)
2026-05-11T00:09:04:     at listenInCluster (node:net:1997:12)
2026-05-11T00:09:04:     at Server.listen (node:net:2102:7)
2026-05-11T00:09:04:     at app.listen (C:\Users\Anmol\OneDrive\Desktop\B\coding-portal\backend\node_modules\express\lib\application.js:635:24)
2026-05-11T00:09:04:     at <anonymous> (C:\Users\Anmol\OneDrive\Desktop\B\coding-portal\backend\src\index.ts:42:5)
2026-05-11T00:09:04:     at ModuleJob.run (node:internal/modules/esm/module_job:430:25)
2026-05-11T00:09:04:     at process.processTicksAndRejections (node:internal/process/task_queues:103:5)
2026-05-11T00:09:04:     at async onImport.tracePromise.__proto__ (node:internal/modules/esm/loader:661:26)
2026-05-11T00:09:04:     at async asyncRunEntryPointWithESMLoader (node:internal/modules/run_main:101:5)
2026-05-11T00:09:04: Emitted 'error' event on Server instance at:
2026-05-11T00:09:04:     at emitErrorNT (node:net:1976:8)
2026-05-11T00:09:04:     at process.processTicksAndRejections (node:internal/process/task_queues:89:21) {
2026-05-11T00:09:04:   code: 'EADDRINUSE',
2026-05-11T00:09:04:   errno: -4091,
2026-05-11T00:09:04:   syscall: 'listen',
2026-05-11T00:09:04:   address: '::',
2026-05-11T00:09:04:   port: 4000
2026-05-11T00:09:04: }
2026-05-11T00:09:04: 
2026-05-11T00:09:04: Node.js v24.13.1
2026-05-11T00:09:09: node:events:486
2026-05-11T00:09:09:       throw er; // Unhandled 'error' event
2026-05-11T00:09:09:       ^
2026-05-11T00:09:09: 
2026-05-11T00:09:09: Error: listen EADDRINUSE: address already in use :::4000
2026-05-11T00:09:09:     at Server.setupListenHandle [as _listen2] (node:net:1940:16)
2026-05-11T00:09:09:     at listenInCluster (node:net:1997:12)
2026-05-11T00:09:09:     at Server.listen (node:net:2102:7)
2026-05-11T00:09:09:     at app.listen (C:\Users\Anmol\OneDrive\Desktop\B\coding-portal\backend\node_modules\express\lib\application.js:635:24)
2026-05-11T00:09:09:     at <anonymous> (C:\Users\Anmol\OneDrive\Desktop\B\coding-portal\backend\src\index.ts:42:5)
2026-05-11T00:09:09:     at ModuleJob.run (node:internal/modules/esm/module_job:430:25)
2026-05-11T00:09:09:     at process.processTicksAndRejections (node:internal/process/task_queues:103:5)
2026-05-11T00:09:09:     at async onImport.tracePromise.__proto__ (node:internal/modules/esm/loader:661:26)
2026-05-11T00:09:09:     at async asyncRunEntryPointWithESMLoader (node:internal/modules/run_main:101:5)
2026-05-11T00:09:09: Emitted 'error' event on Server instance at:
2026-05-11T00:09:09:     at emitErrorNT (node:net:1976:8)
2026-05-11T00:09:09:     at process.processTicksAndRejections (node:internal/process/task_queues:89:21) {
2026-05-11T00:09:09:   code: 'EADDRINUSE',
2026-05-11T00:09:09:   errno: -4091,
2026-05-11T00:09:09:   syscall: 'listen',
2026-05-11T00:09:09:   address: '::',
2026-05-11T00:09:09:   port: 4000
2026-05-11T00:09:09: }
2026-05-11T00:09:09: 
2026-05-11T00:09:09: Node.js v24.13.1
2026-05-11T00:09:13: node:events:486
2026-05-11T00:09:13:       throw er; // Unhandled 'error' event
2026-05-11T00:09:13:       ^
2026-05-11T00:09:13: 
2026-05-11T00:09:13: Error: listen EADDRINUSE: address already in use :::4000
2026-05-11T00:09:13:     at Server.setupListenHandle [as _listen2] (node:net:1940:16)
2026-05-11T00:09:13:     at listenInCluster (node:net:1997:12)
2026-05-11T00:09:13:     at Server.listen (node:net:2102:7)
2026-05-11T00:09:13:     at app.listen (C:\Users\Anmol\OneDrive\Desktop\B\coding-portal\backend\node_modules\express\lib\application.js:635:24)
2026-05-11T00:09:13:     at <anonymous> (C:\Users\Anmol\OneDrive\Desktop\B\coding-portal\backend\src\index.ts:42:5)
2026-05-11T00:09:13:     at ModuleJob.run (node:internal/modules/esm/module_job:430:25)
2026-05-11T00:09:13:     at process.processTicksAndRejections (node:internal/process/task_queues:103:5)
2026-05-11T00:09:13:     at async onImport.tracePromise.__proto__ (node:internal/modules/esm/loader:661:26)
2026-05-11T00:09:13:     at async asyncRunEntryPointWithESMLoader (node:internal/modules/run_main:101:5)
2026-05-11T00:09:13: Emitted 'error' event on Server instance at:
2026-05-11T00:09:13:     at emitErrorNT (node:net:1976:8)
2026-05-11T00:09:13:     at process.processTicksAndRejections (node:internal/process/task_queues:89:21) {
2026-05-11T00:09:13:   code: 'EADDRINUSE',
2026-05-11T00:09:13:   errno: -4091,
2026-05-11T00:09:13:   syscall: 'listen',
2026-05-11T00:09:13:   address: '::',
2026-05-11T00:09:13:   port: 4000
2026-05-11T00:09:13: }
2026-05-11T00:09:13: 
2026-05-11T00:09:13: Node.js v24.13.1
2026-05-11T00:09:16: node:events:486
2026-05-11T00:09:16:       throw er; // Unhandled 'error' event
2026-05-11T00:09:16:       ^
2026-05-11T00:09:16: 
2026-05-11T00:09:16: Error: listen EADDRINUSE: address already in use :::4000
2026-05-11T00:09:16:     at Server.setupListenHandle [as _listen2] (node:net:1940:16)
2026-05-11T00:09:16:     at listenInCluster (node:net:1997:12)
2026-05-11T00:09:16:     at Server.listen (node:net:2102:7)
2026-05-11T00:09:16:     at app.listen (C:\Users\Anmol\OneDrive\Desktop\B\coding-portal\backend\node_modules\express\lib\application.js:635:24)
2026-05-11T00:09:16:     at <anonymous> (C:\Users\Anmol\OneDrive\Desktop\B\coding-portal\backend\src\index.ts:42:5)
2026-05-11T00:09:16:     at ModuleJob.run (node:internal/modules/esm/module_job:430:25)
2026-05-11T00:09:16:     at process.processTicksAndRejections (node:internal/process/task_queues:103:5)
2026-05-11T00:09:16:     at async onImport.tracePromise.__proto__ (node:internal/modules/esm/loader:661:26)
2026-05-11T00:09:16:     at async asyncRunEntryPointWithESMLoader (node:internal/modules/run_main:101:5)
2026-05-11T00:09:16: Emitted 'error' event on Server instance at:
2026-05-11T00:09:16:     at emitErrorNT (node:net:1976:8)
2026-05-11T00:09:16:     at process.processTicksAndRejections (node:internal/process/task_queues:89:21) {
2026-05-11T00:09:16:   code: 'EADDRINUSE',
2026-05-11T00:09:16:   errno: -4091,
2026-05-11T00:09:16:   syscall: 'listen',
2026-05-11T00:09:16:   address: '::',
2026-05-11T00:09:16:   port: 4000
2026-05-11T00:09:16: }
2026-05-11T00:09:16: 
2026-05-11T00:09:16: Node.js v24.13.1
2026-05-11T00:09:19: node:events:486
2026-05-11T00:09:19:       throw er; // Unhandled 'error' event
2026-05-11T00:09:19:       ^
2026-05-11T00:09:19: 
2026-05-11T00:09:19: Error: listen EADDRINUSE: address already in use :::4000
2026-05-11T00:09:19:     at Server.setupListenHandle [as _listen2] (node:net:1940:16)
2026-05-11T00:09:19:     at listenInCluster (node:net:1997:12)
2026-05-11T00:09:19:     at Server.listen (node:net:2102:7)
2026-05-11T00:09:19:     at app.listen (C:\Users\Anmol\OneDrive\Desktop\B\coding-portal\backend\node_modules\express\lib\application.js:635:24)
2026-05-11T00:09:19:     at <anonymous> (C:\Users\Anmol\OneDrive\Desktop\B\coding-portal\backend\src\index.ts:42:5)
2026-05-11T00:09:19:     at ModuleJob.run (node:internal/modules/esm/module_job:430:25)
2026-05-11T00:09:19:     at process.processTicksAndRejections (node:internal/process/task_queues:103:5)
2026-05-11T00:09:19:     at async onImport.tracePromise.__proto__ (node:internal/modules/esm/loader:661:26)
2026-05-11T00:09:19:     at async asyncRunEntryPointWithESMLoader (node:internal/modules/run_main:101:5)
2026-05-11T00:09:19: Emitted 'error' event on Server instance at:
2026-05-11T00:09:19:     at emitErrorNT (node:net:1976:8)
2026-05-11T00:09:19:     at process.processTicksAndRejections (node:internal/process/task_queues:89:21) {
2026-05-11T00:09:19:   code: 'EADDRINUSE',
2026-05-11T00:09:19:   errno: -4091,
2026-05-11T00:09:19:   syscall: 'listen',
2026-05-11T00:09:19:   address: '::',
2026-05-11T00:09:19:   port: 4000
2026-05-11T00:09:19: }
2026-05-11T00:09:19: 
2026-05-11T00:09:19: Node.js v24.13.1
2026-05-11T00:09:22: node:events:486
2026-05-11T00:09:22:       throw er; // Unhandled 'error' event
2026-05-11T00:09:22:       ^
2026-05-11T00:09:22: 
2026-05-11T00:09:22: Error: listen EADDRINUSE: address already in use :::4000
2026-05-11T00:09:22:     at Server.setupListenHandle [as _listen2] (node:net:1940:16)
2026-05-11T00:09:22:     at listenInCluster (node:net:1997:12)
2026-05-11T00:09:22:     at Server.listen (node:net:2102:7)
2026-05-11T00:09:22:     at app.listen (C:\Users\Anmol\OneDrive\Desktop\B\coding-portal\backend\node_modules\express\lib\application.js:635:24)
2026-05-11T00:09:22:     at <anonymous> (C:\Users\Anmol\OneDrive\Desktop\B\coding-portal\backend\src\index.ts:42:5)
2026-05-11T00:09:22:     at ModuleJob.run (node:internal/modules/esm/module_job:430:25)
2026-05-11T00:09:22:     at process.processTicksAndRejections (node:internal/process/task_queues:103:5)
2026-05-11T00:09:22:     at async onImport.tracePromise.__proto__ (node:internal/modules/esm/loader:661:26)
2026-05-11T00:09:22:     at async asyncRunEntryPointWithESMLoader (node:internal/modules/run_main:101:5)
2026-05-11T00:09:22: Emitted 'error' event on Server instance at:
2026-05-11T00:09:22:     at emitErrorNT (node:net:1976:8)
2026-05-11T00:09:22:     at process.processTicksAndRejections (node:internal/process/task_queues:89:21) {
2026-05-11T00:09:22:   code: 'EADDRINUSE',
2026-05-11T00:09:22:   errno: -4091,
2026-05-11T00:09:22:   syscall: 'listen',
2026-05-11T00:09:22:   address: '::',
2026-05-11T00:09:22:   port: 4000
2026-05-11T00:09:22: }
2026-05-11T00:09:22: 
2026-05-11T00:09:22: Node.js v24.13.1
2026-05-11T00:09:25: node:events:486
2026-05-11T00:09:25:       throw er; // Unhandled 'error' event
2026-05-11T00:09:25:       ^
2026-05-11T00:09:25: 
2026-05-11T00:09:25: Error: listen EADDRINUSE: address already in use :::4000
2026-05-11T00:09:25:     at Server.setupListenHandle [as _listen2] (node:net:1940:16)
2026-05-11T00:09:25:     at listenInCluster (node:net:1997:12)
2026-05-11T00:09:25:     at Server.listen (node:net:2102:7)
2026-05-11T00:09:25:     at app.listen (C:\Users\Anmol\OneDrive\Desktop\B\coding-portal\backend\node_modules\express\lib\application.js:635:24)
2026-05-11T00:09:25:     at <anonymous> (C:\Users\Anmol\OneDrive\Desktop\B\coding-portal\backend\src\index.ts:42:5)
2026-05-11T00:09:25:     at ModuleJob.run (node:internal/modules/esm/module_job:430:25)
2026-05-11T00:09:25:     at process.processTicksAndRejections (node:internal/process/task_queues:103:5)
2026-05-11T00:09:25:     at async onImport.tracePromise.__proto__ (node:internal/modules/esm/loader:661:26)
2026-05-11T00:09:25:     at async asyncRunEntryPointWithESMLoader (node:internal/modules/run_main:101:5)
2026-05-11T00:09:25: Emitted 'error' event on Server instance at:
2026-05-11T00:09:25:     at emitErrorNT (node:net:1976:8)
2026-05-11T00:09:25:     at process.processTicksAndRejections (node:internal/process/task_queues:89:21) {
2026-05-11T00:09:25:   code: 'EADDRINUSE',
2026-05-11T00:09:25:   errno: -4091,
2026-05-11T00:09:25:   syscall: 'listen',
2026-05-11T00:09:25:   address: '::',
2026-05-11T00:09:25:   port: 4000
2026-05-11T00:09:25: }
2026-05-11T00:09:25: 
2026-05-11T00:09:25: Node.js v24.13.1
2026-05-11T00:09:29: node:events:486
2026-05-11T00:09:29:       throw er; // Unhandled 'error' event
2026-05-11T00:09:29:       ^
2026-05-11T00:09:29: 
2026-05-11T00:09:29: Error: listen EADDRINUSE: address already in use :::4000
2026-05-11T00:09:29:     at Server.setupListenHandle [as _listen2] (node:net:1940:16)
2026-05-11T00:09:29:     at listenInCluster (node:net:1997:12)
2026-05-11T00:09:29:     at Server.listen (node:net:2102:7)
2026-05-11T00:09:29:     at app.listen (C:\Users\Anmol\OneDrive\Desktop\B\coding-portal\backend\node_modules\express\lib\application.js:635:24)
2026-05-11T00:09:29:     at <anonymous> (C:\Users\Anmol\OneDrive\Desktop\B\coding-portal\backend\src\index.ts:42:5)
2026-05-11T00:09:29:     at ModuleJob.run (node:internal/modules/esm/module_job:430:25)
2026-05-11T00:09:29:     at process.processTicksAndRejections (node:internal/process/task_queues:103:5)
2026-05-11T00:09:29:     at async onImport.tracePromise.__proto__ (node:internal/modules/esm/loader:661:26)
2026-05-11T00:09:29:     at async asyncRunEntryPointWithESMLoader (node:internal/modules/run_main:101:5)
2026-05-11T00:09:29: Emitted 'error' event on Server instance at:
2026-05-11T00:09:29:     at emitErrorNT (node:net:1976:8)
2026-05-11T00:09:29:     at process.processTicksAndRejections (node:internal/process/task_queues:89:21) {
2026-05-11T00:09:29:   code: 'EADDRINUSE',
2026-05-11T00:09:29:   errno: -4091,
2026-05-11T00:09:29:   syscall: 'listen',
2026-05-11T00:09:29:   address: '::',
2026-05-11T00:09:29:   port: 4000
2026-05-11T00:09:29: }
2026-05-11T00:09:29: 
2026-05-11T00:09:29: Node.js v24.13.1
2026-05-11T00:09:32: node:events:486
2026-05-11T00:09:32:       throw er; // Unhandled 'error' event
2026-05-11T00:09:32:       ^
2026-05-11T00:09:32: 
2026-05-11T00:09:32: Error: listen EADDRINUSE: address already in use :::4000
2026-05-11T00:09:32:     at Server.setupListenHandle [as _listen2] (node:net:1940:16)
2026-05-11T00:09:32:     at listenInCluster (node:net:1997:12)
2026-05-11T00:09:32:     at Server.listen (node:net:2102:7)
2026-05-11T00:09:32:     at app.listen (C:\Users\Anmol\OneDrive\Desktop\B\coding-portal\backend\node_modules\express\lib\application.js:635:24)
2026-05-11T00:09:32:     at <anonymous> (C:\Users\Anmol\OneDrive\Desktop\B\coding-portal\backend\src\index.ts:42:5)
2026-05-11T00:09:32:     at ModuleJob.run (node:internal/modules/esm/module_job:430:25)
2026-05-11T00:09:32:     at process.processTicksAndRejections (node:internal/process/task_queues:103:5)
2026-05-11T00:09:32:     at async onImport.tracePromise.__proto__ (node:internal/modules/esm/loader:661:26)
2026-05-11T00:09:32:     at async asyncRunEntryPointWithESMLoader (node:internal/modules/run_main:101:5)
2026-05-11T00:09:32: Emitted 'error' event on Server instance at:
2026-05-11T00:09:32:     at emitErrorNT (node:net:1976:8)
2026-05-11T00:09:32:     at process.processTicksAndRejections (node:internal/process/task_queues:89:21) {
2026-05-11T00:09:32:   code: 'EADDRINUSE',
2026-05-11T00:09:32:   errno: -4091,
2026-05-11T00:09:32:   syscall: 'listen',
2026-05-11T00:09:32:   address: '::',
2026-05-11T00:09:32:   port: 4000
2026-05-11T00:09:32: }
2026-05-11T00:09:32: 
2026-05-11T00:09:32: Node.js v24.13.1
2026-05-11T00:09:36: node:events:486
2026-05-11T00:09:36:       throw er; // Unhandled 'error' event
2026-05-11T00:09:36:       ^
2026-05-11T00:09:36: 
2026-05-11T00:09:36: Error: listen EADDRINUSE: address already in use :::4000
2026-05-11T00:09:36:     at Server.setupListenHandle [as _listen2] (node:net:1940:16)
2026-05-11T00:09:36:     at listenInCluster (node:net:1997:12)
2026-05-11T00:09:36:     at Server.listen (node:net:2102:7)
2026-05-11T00:09:36:     at app.listen (C:\Users\Anmol\OneDrive\Desktop\B\coding-portal\backend\node_modules\express\lib\application.js:635:24)
2026-05-11T00:09:36:     at <anonymous> (C:\Users\Anmol\OneDrive\Desktop\B\coding-portal\backend\src\index.ts:42:5)
2026-05-11T00:09:36:     at ModuleJob.run (node:internal/modules/esm/module_job:430:25)
2026-05-11T00:09:36:     at process.processTicksAndRejections (node:internal/process/task_queues:103:5)
2026-05-11T00:09:36:     at async onImport.tracePromise.__proto__ (node:internal/modules/esm/loader:661:26)
2026-05-11T00:09:36:     at async asyncRunEntryPointWithESMLoader (node:internal/modules/run_main:101:5)
2026-05-11T00:09:36: Emitted 'error' event on Server instance at:
2026-05-11T00:09:36:     at emitErrorNT (node:net:1976:8)
2026-05-11T00:09:36:     at process.processTicksAndRejections (node:internal/process/task_queues:89:21) {
2026-05-11T00:09:36:   code: 'EADDRINUSE',
2026-05-11T00:09:36:   errno: -4091,
2026-05-11T00:09:36:   syscall: 'listen',
2026-05-11T00:09:36:   address: '::',
2026-05-11T00:09:36:   port: 4000
2026-05-11T00:09:36: }
2026-05-11T00:09:36: 
2026-05-11T00:09:36: Node.js v24.13.1
2026-05-11T00:09:40: node:events:486
2026-05-11T00:09:40:       throw er; // Unhandled 'error' event
2026-05-11T00:09:40:       ^
2026-05-11T00:09:40: 
2026-05-11T00:09:40: Error: listen EADDRINUSE: address already in use :::4000
2026-05-11T00:09:40:     at Server.setupListenHandle [as _listen2] (node:net:1940:16)
2026-05-11T00:09:40:     at listenInCluster (node:net:1997:12)
2026-05-11T00:09:40:     at Server.listen (node:net:2102:7)
2026-05-11T00:09:40:     at app.listen (C:\Users\Anmol\OneDrive\Desktop\B\coding-portal\backend\node_modules\express\lib\application.js:635:24)
2026-05-11T00:09:40:     at <anonymous> (C:\Users\Anmol\OneDrive\Desktop\B\coding-portal\backend\src\index.ts:42:5)
2026-05-11T00:09:40:     at ModuleJob.run (node:internal/modules/esm/module_job:430:25)
2026-05-11T00:09:40:     at process.processTicksAndRejections (node:internal/process/task_queues:103:5)
2026-05-11T00:09:40:     at async onImport.tracePromise.__proto__ (node:internal/modules/esm/loader:661:26)
2026-05-11T00:09:40:     at async asyncRunEntryPointWithESMLoader (node:internal/modules/run_main:101:5)
2026-05-11T00:09:40: Emitted 'error' event on Server instance at:
2026-05-11T00:09:40:     at emitErrorNT (node:net:1976:8)
2026-05-11T00:09:40:     at process.processTicksAndRejections (node:internal/process/task_queues:89:21) {
2026-05-11T00:09:40:   code: 'EADDRINUSE',
2026-05-11T00:09:40:   errno: -4091,
2026-05-11T00:09:40:   syscall: 'listen',
2026-05-11T00:09:40:   address: '::',
2026-05-11T00:09:40:   port: 4000
2026-05-11T00:09:40: }
2026-05-11T00:09:40: 
2026-05-11T00:09:40: Node.js v24.13.1
2026-05-11T00:09:43: node:events:486
2026-05-11T00:09:43:       throw er; // Unhandled 'error' event
2026-05-11T00:09:43:       ^
2026-05-11T00:09:43: 
2026-05-11T00:09:43: Error: listen EADDRINUSE: address already in use :::4000
2026-05-11T00:09:43:     at Server.setupListenHandle [as _listen2] (node:net:1940:16)
2026-05-11T00:09:43:     at listenInCluster (node:net:1997:12)
2026-05-11T00:09:43:     at Server.listen (node:net:2102:7)
2026-05-11T00:09:43:     at app.listen (C:\Users\Anmol\OneDrive\Desktop\B\coding-portal\backend\node_modules\express\lib\application.js:635:24)
2026-05-11T00:09:43:     at <anonymous> (C:\Users\Anmol\OneDrive\Desktop\B\coding-portal\backend\src\index.ts:42:5)
2026-05-11T00:09:43:     at ModuleJob.run (node:internal/modules/esm/module_job:430:25)
2026-05-11T00:09:43:     at process.processTicksAndRejections (node:internal/process/task_queues:103:5)
2026-05-11T00:09:43:     at async onImport.tracePromise.__proto__ (node:internal/modules/esm/loader:661:26)
2026-05-11T00:09:43:     at async asyncRunEntryPointWithESMLoader (node:internal/modules/run_main:101:5)
2026-05-11T00:09:43: Emitted 'error' event on Server instance at:
2026-05-11T00:09:43:     at emitErrorNT (node:net:1976:8)
2026-05-11T00:09:43:     at process.processTicksAndRejections (node:internal/process/task_queues:89:21) {
2026-05-11T00:09:43:   code: 'EADDRINUSE',
2026-05-11T00:09:43:   errno: -4091,
2026-05-11T00:09:43:   syscall: 'listen',
2026-05-11T00:09:43:   address: '::',
2026-05-11T00:09:43:   port: 4000
2026-05-11T00:09:43: }
2026-05-11T00:09:43: 
2026-05-11T00:09:43: Node.js v24.13.1
2026-05-11T00:09:47: node:events:486
2026-05-11T00:09:47:       throw er; // Unhandled 'error' event
2026-05-11T00:09:47:       ^
2026-05-11T00:09:47: 
2026-05-11T00:09:47: Error: listen EADDRINUSE: address already in use :::4000
2026-05-11T00:09:47:     at Server.setupListenHandle [as _listen2] (node:net:1940:16)
2026-05-11T00:09:47:     at listenInCluster (node:net:1997:12)
2026-05-11T00:09:47:     at Server.listen (node:net:2102:7)
2026-05-11T00:09:47:     at app.listen (C:\Users\Anmol\OneDrive\Desktop\B\coding-portal\backend\node_modules\express\lib\application.js:635:24)
2026-05-11T00:09:47:     at <anonymous> (C:\Users\Anmol\OneDrive\Desktop\B\coding-portal\backend\src\index.ts:42:5)
2026-05-11T00:09:47:     at ModuleJob.run (node:internal/modules/esm/module_job:430:25)
2026-05-11T00:09:47:     at process.processTicksAndRejections (node:internal/process/task_queues:103:5)
2026-05-11T00:09:47:     at async onImport.tracePromise.__proto__ (node:internal/modules/esm/loader:661:26)
2026-05-11T00:09:47:     at async asyncRunEntryPointWithESMLoader (node:internal/modules/run_main:101:5)
2026-05-11T00:09:47: Emitted 'error' event on Server instance at:
2026-05-11T00:09:47:     at emitErrorNT (node:net:1976:8)
2026-05-11T00:09:47:     at process.processTicksAndRejections (node:internal/process/task_queues:89:21) {
2026-05-11T00:09:47:   code: 'EADDRINUSE',
2026-05-11T00:09:47:   errno: -4091,
2026-05-11T00:09:47:   syscall: 'listen',
2026-05-11T00:09:47:   address: '::',
2026-05-11T00:09:47:   port: 4000
2026-05-11T00:09:47: }
2026-05-11T00:09:47: 
2026-05-11T00:09:47: Node.js v24.13.1
2026-05-11T00:09:51: node:events:486
2026-05-11T00:09:51:       throw er; // Unhandled 'error' event
2026-05-11T00:09:51:       ^
2026-05-11T00:09:51: 
2026-05-11T00:09:51: Error: listen EADDRINUSE: address already in use :::4000
2026-05-11T00:09:51:     at Server.setupListenHandle [as _listen2] (node:net:1940:16)
2026-05-11T00:09:51:     at listenInCluster (node:net:1997:12)
2026-05-11T00:09:51:     at Server.listen (node:net:2102:7)
2026-05-11T00:09:51:     at app.listen (C:\Users\Anmol\OneDrive\Desktop\B\coding-portal\backend\node_modules\express\lib\application.js:635:24)
2026-05-11T00:09:51:     at <anonymous> (C:\Users\Anmol\OneDrive\Desktop\B\coding-portal\backend\src\index.ts:42:5)
2026-05-11T00:09:51:     at ModuleJob.run (node:internal/modules/esm/module_job:430:25)
2026-05-11T00:09:51:     at process.processTicksAndRejections (node:internal/process/task_queues:103:5)
2026-05-11T00:09:51:     at async onImport.tracePromise.__proto__ (node:internal/modules/esm/loader:661:26)
2026-05-11T00:09:51:     at async asyncRunEntryPointWithESMLoader (node:internal/modules/run_main:101:5)
2026-05-11T00:09:51: Emitted 'error' event on Server instance at:
2026-05-11T00:09:51:     at emitErrorNT (node:net:1976:8)
2026-05-11T00:09:51:     at process.processTicksAndRejections (node:internal/process/task_queues:89:21) {
2026-05-11T00:09:51:   code: 'EADDRINUSE',
2026-05-11T00:09:51:   errno: -4091,
2026-05-11T00:09:51:   syscall: 'listen',
2026-05-11T00:09:51:   address: '::',
2026-05-11T00:09:51:   port: 4000
2026-05-11T00:09:51: }
2026-05-11T00:09:51: 
2026-05-11T00:09:51: Node.js v24.13.1
2026-05-11T00:09:54: node:events:486
2026-05-11T00:09:54:       throw er; // Unhandled 'error' event
2026-05-11T00:09:54:       ^
2026-05-11T00:09:54: 
2026-05-11T00:09:54: Error: listen EADDRINUSE: address already in use :::4000
2026-05-11T00:09:54:     at Server.setupListenHandle [as _listen2] (node:net:1940:16)
2026-05-11T00:09:54:     at listenInCluster (node:net:1997:12)
2026-05-11T00:09:54:     at Server.listen (node:net:2102:7)
2026-05-11T00:09:54:     at app.listen (C:\Users\Anmol\OneDrive\Desktop\B\coding-portal\backend\node_modules\express\lib\application.js:635:24)
2026-05-11T00:09:54:     at <anonymous> (C:\Users\Anmol\OneDrive\Desktop\B\coding-portal\backend\src\index.ts:42:5)
2026-05-11T00:09:54:     at ModuleJob.run (node:internal/modules/esm/module_job:430:25)
2026-05-11T00:09:54:     at process.processTicksAndRejections (node:internal/process/task_queues:103:5)
2026-05-11T00:09:54:     at async onImport.tracePromise.__proto__ (node:internal/modules/esm/loader:661:26)
2026-05-11T00:09:54:     at async asyncRunEntryPointWithESMLoader (node:internal/modules/run_main:101:5)
2026-05-11T00:09:54: Emitted 'error' event on Server instance at:
2026-05-11T00:09:54:     at emitErrorNT (node:net:1976:8)
2026-05-11T00:09:54:     at process.processTicksAndRejections (node:internal/process/task_queues:89:21) {
2026-05-11T00:09:54:   code: 'EADDRINUSE',
2026-05-11T00:09:54:   errno: -4091,
2026-05-11T00:09:54:   syscall: 'listen',
2026-05-11T00:09:54:   address: '::',
2026-05-11T00:09:54:   port: 4000
2026-05-11T00:09:54: }
2026-05-11T00:09:54: 
2026-05-11T00:09:54: Node.js v24.13.1
2026-05-11T00:09:56: node:events:486
2026-05-11T00:09:56:       throw er; // Unhandled 'error' event
2026-05-11T00:09:56:       ^
2026-05-11T00:09:56: 
2026-05-11T00:09:56: Error: listen EADDRINUSE: address already in use :::4000
2026-05-11T00:09:56:     at Server.setupListenHandle [as _listen2] (node:net:1940:16)
2026-05-11T00:09:56:     at listenInCluster (node:net:1997:12)
2026-05-11T00:09:56:     at Server.listen (node:net:2102:7)
2026-05-11T00:09:56:     at app.listen (C:\Users\Anmol\OneDrive\Desktop\B\coding-portal\backend\node_modules\express\lib\application.js:635:24)
2026-05-11T00:09:56:     at <anonymous> (C:\Users\Anmol\OneDrive\Desktop\B\coding-portal\backend\src\index.ts:42:5)
2026-05-11T00:09:56:     at ModuleJob.run (node:internal/modules/esm/module_job:430:25)
2026-05-11T00:09:56:     at process.processTicksAndRejections (node:internal/process/task_queues:103:5)
2026-05-11T00:09:56:     at async onImport.tracePromise.__proto__ (node:internal/modules/esm/loader:661:26)
2026-05-11T00:09:56:     at async asyncRunEntryPointWithESMLoader (node:internal/modules/run_main:101:5)
2026-05-11T00:09:56: Emitted 'error' event on Server instance at:
2026-05-11T00:09:56:     at emitErrorNT (node:net:1976:8)
2026-05-11T00:09:56:     at process.processTicksAndRejections (node:internal/process/task_queues:89:21) {
2026-05-11T00:09:56:   code: 'EADDRINUSE',
2026-05-11T00:09:56:   errno: -4091,
2026-05-11T00:09:56:   syscall: 'listen',
2026-05-11T00:09:56:   address: '::',
2026-05-11T00:09:56:   port: 4000
2026-05-11T00:09:56: }
2026-05-11T00:09:56: 
2026-05-11T00:09:56: Node.js v24.13.1
2026-05-11T00:09:59: node:events:486
2026-05-11T00:09:59:       throw er; // Unhandled 'error' event
2026-05-11T00:09:59:       ^
2026-05-11T00:09:59: 
2026-05-11T00:09:59: Error: listen EADDRINUSE: address already in use :::4000
2026-05-11T00:09:59:     at Server.setupListenHandle [as _listen2] (node:net:1940:16)
2026-05-11T00:09:59:     at listenInCluster (node:net:1997:12)
2026-05-11T00:09:59:     at Server.listen (node:net:2102:7)
2026-05-11T00:09:59:     at app.listen (C:\Users\Anmol\OneDrive\Desktop\B\coding-portal\backend\node_modules\express\lib\application.js:635:24)
2026-05-11T00:09:59:     at <anonymous> (C:\Users\Anmol\OneDrive\Desktop\B\coding-portal\backend\src\index.ts:42:5)
2026-05-11T00:09:59:     at ModuleJob.run (node:internal/modules/esm/module_job:430:25)
2026-05-11T00:09:59:     at process.processTicksAndRejections (node:internal/process/task_queues:103:5)
2026-05-11T00:09:59:     at async onImport.tracePromise.__proto__ (node:internal/modules/esm/loader:661:26)
2026-05-11T00:09:59:     at async asyncRunEntryPointWithESMLoader (node:internal/modules/run_main:101:5)
2026-05-11T00:09:59: Emitted 'error' event on Server instance at:
2026-05-11T00:09:59:     at emitErrorNT (node:net:1976:8)
2026-05-11T00:09:59:     at process.processTicksAndRejections (node:internal/process/task_queues:89:21) {
2026-05-11T00:09:59:   code: 'EADDRINUSE',
2026-05-11T00:09:59:   errno: -4091,
2026-05-11T00:09:59:   syscall: 'listen',
2026-05-11T00:09:59:   address: '::',
2026-05-11T00:09:59:   port: 4000
2026-05-11T00:09:59: }
2026-05-11T00:09:59: 
2026-05-11T00:09:59: Node.js v24.13.1
2026-05-11T00:10:02: node:events:486
2026-05-11T00:10:02:       throw er; // Unhandled 'error' event
2026-05-11T00:10:02:       ^
2026-05-11T00:10:02: 
2026-05-11T00:10:02: Error: listen EADDRINUSE: address already in use :::4000
2026-05-11T00:10:02:     at Server.setupListenHandle [as _listen2] (node:net:1940:16)
2026-05-11T00:10:02:     at listenInCluster (node:net:1997:12)
2026-05-11T00:10:02:     at Server.listen (node:net:2102:7)
2026-05-11T00:10:02:     at app.listen (C:\Users\Anmol\OneDrive\Desktop\B\coding-portal\backend\node_modules\express\lib\application.js:635:24)
2026-05-11T00:10:02:     at <anonymous> (C:\Users\Anmol\OneDrive\Desktop\B\coding-portal\backend\src\index.ts:42:5)
2026-05-11T00:10:02:     at ModuleJob.run (node:internal/modules/esm/module_job:430:25)
2026-05-11T00:10:02:     at process.processTicksAndRejections (node:internal/process/task_queues:103:5)
2026-05-11T00:10:02:     at async onImport.tracePromise.__proto__ (node:internal/modules/esm/loader:661:26)
2026-05-11T00:10:02:     at async asyncRunEntryPointWithESMLoader (node:internal/modules/run_main:101:5)
2026-05-11T00:10:02: Emitted 'error' event on Server instance at:
2026-05-11T00:10:02:     at emitErrorNT (node:net:1976:8)
2026-05-11T00:10:02:     at process.processTicksAndRejections (node:internal/process/task_queues:89:21) {
2026-05-11T00:10:02:   code: 'EADDRINUSE',
2026-05-11T00:10:02:   errno: -4091,
2026-05-11T00:10:02:   syscall: 'listen',
2026-05-11T00:10:02:   address: '::',
2026-05-11T00:10:02:   port: 4000
2026-05-11T00:10:02: }
2026-05-11T00:10:02: 
2026-05-11T00:10:02: Node.js v24.13.1
2026-05-11T00:10:04: node:events:486
2026-05-11T00:10:04:       throw er; // Unhandled 'error' event
2026-05-11T00:10:04:       ^
2026-05-11T00:10:04: 
2026-05-11T00:10:04: Error: listen EADDRINUSE: address already in use :::4000
2026-05-11T00:10:04:     at Server.setupListenHandle [as _listen2] (node:net:1940:16)
2026-05-11T00:10:04:     at listenInCluster (node:net:1997:12)
2026-05-11T00:10:04:     at Server.listen (node:net:2102:7)
2026-05-11T00:10:04:     at app.listen (C:\Users\Anmol\OneDrive\Desktop\B\coding-portal\backend\node_modules\express\lib\application.js:635:24)
2026-05-11T00:10:04:     at <anonymous> (C:\Users\Anmol\OneDrive\Desktop\B\coding-portal\backend\src\index.ts:42:5)
2026-05-11T00:10:04:     at ModuleJob.run (node:internal/modules/esm/module_job:430:25)
2026-05-11T00:10:04:     at process.processTicksAndRejections (node:internal/process/task_queues:103:5)
2026-05-11T00:10:04:     at async onImport.tracePromise.__proto__ (node:internal/modules/esm/loader:661:26)
2026-05-11T00:10:04:     at async asyncRunEntryPointWithESMLoader (node:internal/modules/run_main:101:5)
2026-05-11T00:10:04: Emitted 'error' event on Server instance at:
2026-05-11T00:10:04:     at emitErrorNT (node:net:1976:8)
2026-05-11T00:10:04:     at process.processTicksAndRejections (node:internal/process/task_queues:89:21) {
2026-05-11T00:10:04:   code: 'EADDRINUSE',
2026-05-11T00:10:04:   errno: -4091,
2026-05-11T00:10:04:   syscall: 'listen',
2026-05-11T00:10:04:   address: '::',
2026-05-11T00:10:04:   port: 4000
2026-05-11T00:10:04: }
2026-05-11T00:10:04: 
2026-05-11T00:10:04: Node.js v24.13.1
2026-05-11T00:10:07: node:events:486
2026-05-11T00:10:07:       throw er; // Unhandled 'error' event
2026-05-11T00:10:07:       ^
2026-05-11T00:10:07: 
2026-05-11T00:10:07: Error: listen EADDRINUSE: address already in use :::4000
2026-05-11T00:10:07:     at Server.setupListenHandle [as _listen2] (node:net:1940:16)
2026-05-11T00:10:07:     at listenInCluster (node:net:1997:12)
2026-05-11T00:10:07:     at Server.listen (node:net:2102:7)
2026-05-11T00:10:07:     at app.listen (C:\Users\Anmol\OneDrive\Desktop\B\coding-portal\backend\node_modules\express\lib\application.js:635:24)
2026-05-11T00:10:07:     at <anonymous> (C:\Users\Anmol\OneDrive\Desktop\B\coding-portal\backend\src\index.ts:42:5)
2026-05-11T00:10:07:     at ModuleJob.run (node:internal/modules/esm/module_job:430:25)
2026-05-11T00:10:07:     at process.processTicksAndRejections (node:internal/process/task_queues:103:5)
2026-05-11T00:10:07:     at async onImport.tracePromise.__proto__ (node:internal/modules/esm/loader:661:26)
2026-05-11T00:10:07:     at async asyncRunEntryPointWithESMLoader (node:internal/modules/run_main:101:5)
2026-05-11T00:10:07: Emitted 'error' event on Server instance at:
2026-05-11T00:10:07:     at emitErrorNT (node:net:1976:8)
2026-05-11T00:10:07:     at process.processTicksAndRejections (node:internal/process/task_queues:89:21) {
2026-05-11T00:10:07:   code: 'EADDRINUSE',
2026-05-11T00:10:07:   errno: -4091,
2026-05-11T00:10:07:   syscall: 'listen',
2026-05-11T00:10:07:   address: '::',
2026-05-11T00:10:07:   port: 4000
2026-05-11T00:10:07: }
2026-05-11T00:10:07: 
2026-05-11T00:10:07: Node.js v24.13.1
2026-05-11T00:10:09: node:events:486
2026-05-11T00:10:09:       throw er; // Unhandled 'error' event
2026-05-11T00:10:09:       ^
2026-05-11T00:10:09: 
2026-05-11T00:10:09: Error: listen EADDRINUSE: address already in use :::4000
2026-05-11T00:10:09:     at Server.setupListenHandle [as _listen2] (node:net:1940:16)
2026-05-11T00:10:09:     at listenInCluster (node:net:1997:12)
2026-05-11T00:10:09:     at Server.listen (node:net:2102:7)
2026-05-11T00:10:09:     at app.listen (C:\Users\Anmol\OneDrive\Desktop\B\coding-portal\backend\node_modules\express\lib\application.js:635:24)
2026-05-11T00:10:09:     at <anonymous> (C:\Users\Anmol\OneDrive\Desktop\B\coding-portal\backend\src\index.ts:42:5)
2026-05-11T00:10:09:     at ModuleJob.run (node:internal/modules/esm/module_job:430:25)
2026-05-11T00:10:09:     at process.processTicksAndRejections (node:internal/process/task_queues:103:5)
2026-05-11T00:10:09:     at async onImport.tracePromise.__proto__ (node:internal/modules/esm/loader:661:26)
2026-05-11T00:10:09:     at async asyncRunEntryPointWithESMLoader (node:internal/modules/run_main:101:5)
2026-05-11T00:10:09: Emitted 'error' event on Server instance at:
2026-05-11T00:10:09:     at emitErrorNT (node:net:1976:8)
2026-05-11T00:10:09:     at process.processTicksAndRejections (node:internal/process/task_queues:89:21) {
2026-05-11T00:10:09:   code: 'EADDRINUSE',
2026-05-11T00:10:09:   errno: -4091,
2026-05-11T00:10:09:   syscall: 'listen',
2026-05-11T00:10:09:   address: '::',
2026-05-11T00:10:09:   port: 4000
2026-05-11T00:10:09: }
2026-05-11T00:10:09: 
2026-05-11T00:10:09: Node.js v24.13.1
2026-05-11T00:10:12: node:events:486
2026-05-11T00:10:12:       throw er; // Unhandled 'error' event
2026-05-11T00:10:12:       ^
2026-05-11T00:10:12: 
2026-05-11T00:10:12: Error: listen EADDRINUSE: address already in use :::4000
2026-05-11T00:10:12:     at Server.setupListenHandle [as _listen2] (node:net:1940:16)
2026-05-11T00:10:12:     at listenInCluster (node:net:1997:12)
2026-05-11T00:10:12:     at Server.listen (node:net:2102:7)
2026-05-11T00:10:12:     at app.listen (C:\Users\Anmol\OneDrive\Desktop\B\coding-portal\backend\node_modules\express\lib\application.js:635:24)
2026-05-11T00:10:12:     at <anonymous> (C:\Users\Anmol\OneDrive\Desktop\B\coding-portal\backend\src\index.ts:42:5)
2026-05-11T00:10:12:     at ModuleJob.run (node:internal/modules/esm/module_job:430:25)
2026-05-11T00:10:12:     at process.processTicksAndRejections (node:internal/process/task_queues:103:5)
2026-05-11T00:10:12:     at async onImport.tracePromise.__proto__ (node:internal/modules/esm/loader:661:26)
2026-05-11T00:10:12:     at async asyncRunEntryPointWithESMLoader (node:internal/modules/run_main:101:5)
2026-05-11T00:10:12: Emitted 'error' event on Server instance at:
2026-05-11T00:10:12:     at emitErrorNT (node:net:1976:8)
2026-05-11T00:10:12:     at process.processTicksAndRejections (node:internal/process/task_queues:89:21) {
2026-05-11T00:10:12:   code: 'EADDRINUSE',
2026-05-11T00:10:12:   errno: -4091,
2026-05-11T00:10:12:   syscall: 'listen',
2026-05-11T00:10:12:   address: '::',
2026-05-11T00:10:12:   port: 4000
2026-05-11T00:10:12: }
2026-05-11T00:10:12: 
2026-05-11T00:10:12: Node.js v24.13.1
2026-05-11T00:10:15: node:events:486
2026-05-11T00:10:15:       throw er; // Unhandled 'error' event
2026-05-11T00:10:15:       ^
2026-05-11T00:10:15: 
2026-05-11T00:10:15: Error: listen EADDRINUSE: address already in use :::4000
2026-05-11T00:10:15:     at Server.setupListenHandle [as _listen2] (node:net:1940:16)
2026-05-11T00:10:15:     at listenInCluster (node:net:1997:12)
2026-05-11T00:10:15:     at Server.listen (node:net:2102:7)
2026-05-11T00:10:15:     at app.listen (C:\Users\Anmol\OneDrive\Desktop\B\coding-portal\backend\node_modules\express\lib\application.js:635:24)
2026-05-11T00:10:15:     at <anonymous> (C:\Users\Anmol\OneDrive\Desktop\B\coding-portal\backend\src\index.ts:42:5)
2026-05-11T00:10:15:     at ModuleJob.run (node:internal/modules/esm/module_job:430:25)
2026-05-11T00:10:15:     at process.processTicksAndRejections (node:internal/process/task_queues:103:5)
2026-05-11T00:10:15:     at async onImport.tracePromise.__proto__ (node:internal/modules/esm/loader:661:26)
2026-05-11T00:10:15:     at async asyncRunEntryPointWithESMLoader (node:internal/modules/run_main:101:5)
2026-05-11T00:10:15: Emitted 'error' event on Server instance at:
2026-05-11T00:10:15:     at emitErrorNT (node:net:1976:8)
2026-05-11T00:10:15:     at process.processTicksAndRejections (node:internal/process/task_queues:89:21) {
2026-05-11T00:10:15:   code: 'EADDRINUSE',
2026-05-11T00:10:15:   errno: -4091,
2026-05-11T00:10:15:   syscall: 'listen',
2026-05-11T00:10:15:   address: '::',
2026-05-11T00:10:15:   port: 4000
2026-05-11T00:10:15: }
2026-05-11T00:10:15: 
2026-05-11T00:10:15: Node.js v24.13.1
2026-05-11T00:10:17: node:events:486
2026-05-11T00:10:17:       throw er; // Unhandled 'error' event
2026-05-11T00:10:17:       ^
2026-05-11T00:10:17: 
2026-05-11T00:10:17: Error: listen EADDRINUSE: address already in use :::4000
2026-05-11T00:10:17:     at Server.setupListenHandle [as _listen2] (node:net:1940:16)
2026-05-11T00:10:17:     at listenInCluster (node:net:1997:12)
2026-05-11T00:10:17:     at Server.listen (node:net:2102:7)
2026-05-11T00:10:17:     at app.listen (C:\Users\Anmol\OneDrive\Desktop\B\coding-portal\backend\node_modules\express\lib\application.js:635:24)
2026-05-11T00:10:17:     at <anonymous> (C:\Users\Anmol\OneDrive\Desktop\B\coding-portal\backend\src\index.ts:42:5)
2026-05-11T00:10:17:     at ModuleJob.run (node:internal/modules/esm/module_job:430:25)
2026-05-11T00:10:17:     at process.processTicksAndRejections (node:internal/process/task_queues:103:5)
2026-05-11T00:10:17:     at async onImport.tracePromise.__proto__ (node:internal/modules/esm/loader:661:26)
2026-05-11T00:10:17:     at async asyncRunEntryPointWithESMLoader (node:internal/modules/run_main:101:5)
2026-05-11T00:10:17: Emitted 'error' event on Server instance at:
2026-05-11T00:10:17:     at emitErrorNT (node:net:1976:8)
2026-05-11T00:10:17:     at process.processTicksAndRejections (node:internal/process/task_queues:89:21) {
2026-05-11T00:10:17:   code: 'EADDRINUSE',
2026-05-11T00:10:17:   errno: -4091,
2026-05-11T00:10:17:   syscall: 'listen',
2026-05-11T00:10:17:   address: '::',
2026-05-11T00:10:17:   port: 4000
2026-05-11T00:10:17: }
2026-05-11T00:10:17: 
2026-05-11T00:10:17: Node.js v24.13.1
2026-05-11T00:10:20: node:events:486
2026-05-11T00:10:20:       throw er; // Unhandled 'error' event
2026-05-11T00:10:20:       ^
2026-05-11T00:10:20: 
2026-05-11T00:10:20: Error: listen EADDRINUSE: address already in use :::4000
2026-05-11T00:10:20:     at Server.setupListenHandle [as _listen2] (node:net:1940:16)
2026-05-11T00:10:20:     at listenInCluster (node:net:1997:12)
2026-05-11T00:10:20:     at Server.listen (node:net:2102:7)
2026-05-11T00:10:20:     at app.listen (C:\Users\Anmol\OneDrive\Desktop\B\coding-portal\backend\node_modules\express\lib\application.js:635:24)
2026-05-11T00:10:20:     at <anonymous> (C:\Users\Anmol\OneDrive\Desktop\B\coding-portal\backend\src\index.ts:42:5)
2026-05-11T00:10:20:     at ModuleJob.run (node:internal/modules/esm/module_job:430:25)
2026-05-11T00:10:20:     at process.processTicksAndRejections (node:internal/process/task_queues:103:5)
2026-05-11T00:10:20:     at async onImport.tracePromise.__proto__ (node:internal/modules/esm/loader:661:26)
2026-05-11T00:10:20:     at async asyncRunEntryPointWithESMLoader (node:internal/modules/run_main:101:5)
2026-05-11T00:10:20: Emitted 'error' event on Server instance at:
2026-05-11T00:10:20:     at emitErrorNT (node:net:1976:8)
2026-05-11T00:10:20:     at process.processTicksAndRejections (node:internal/process/task_queues:89:21) {
2026-05-11T00:10:20:   code: 'EADDRINUSE',
2026-05-11T00:10:20:   errno: -4091,
2026-05-11T00:10:20:   syscall: 'listen',
2026-05-11T00:10:20:   address: '::',
2026-05-11T00:10:20:   port: 4000
2026-05-11T00:10:20: }
2026-05-11T00:10:20: 
2026-05-11T00:10:20: Node.js v24.13.1
2026-05-11T00:10:22: node:events:486
2026-05-11T00:10:22:       throw er; // Unhandled 'error' event
2026-05-11T00:10:22:       ^
2026-05-11T00:10:22: 
2026-05-11T00:10:22: Error: listen EADDRINUSE: address already in use :::4000
2026-05-11T00:10:22:     at Server.setupListenHandle [as _listen2] (node:net:1940:16)
2026-05-11T00:10:22:     at listenInCluster (node:net:1997:12)
2026-05-11T00:10:22:     at Server.listen (node:net:2102:7)
2026-05-11T00:10:22:     at app.listen (C:\Users\Anmol\OneDrive\Desktop\B\coding-portal\backend\node_modules\express\lib\application.js:635:24)
2026-05-11T00:10:22:     at <anonymous> (C:\Users\Anmol\OneDrive\Desktop\B\coding-portal\backend\src\index.ts:42:5)
2026-05-11T00:10:22:     at ModuleJob.run (node:internal/modules/esm/module_job:430:25)
2026-05-11T00:10:22:     at process.processTicksAndRejections (node:internal/process/task_queues:103:5)
2026-05-11T00:10:22:     at async onImport.tracePromise.__proto__ (node:internal/modules/esm/loader:661:26)
2026-05-11T00:10:22:     at async asyncRunEntryPointWithESMLoader (node:internal/modules/run_main:101:5)
2026-05-11T00:10:22: Emitted 'error' event on Server instance at:
2026-05-11T00:10:22:     at emitErrorNT (node:net:1976:8)
2026-05-11T00:10:22:     at process.processTicksAndRejections (node:internal/process/task_queues:89:21) {
2026-05-11T00:10:22:   code: 'EADDRINUSE',
2026-05-11T00:10:22:   errno: -4091,
2026-05-11T00:10:22:   syscall: 'listen',
2026-05-11T00:10:22:   address: '::',
2026-05-11T00:10:22:   port: 4000
2026-05-11T00:10:22: }
2026-05-11T00:10:22: 
2026-05-11T00:10:22: Node.js v24.13.1
2026-05-11T00:10:25: node:events:486
2026-05-11T00:10:25:       throw er; // Unhandled 'error' event
2026-05-11T00:10:25:       ^
2026-05-11T00:10:25: 
2026-05-11T00:10:25: Error: listen EADDRINUSE: address already in use :::4000
2026-05-11T00:10:25:     at Server.setupListenHandle [as _listen2] (node:net:1940:16)
2026-05-11T00:10:25:     at listenInCluster (node:net:1997:12)
2026-05-11T00:10:25:     at Server.listen (node:net:2102:7)
2026-05-11T00:10:25:     at app.listen (C:\Users\Anmol\OneDrive\Desktop\B\coding-portal\backend\node_modules\express\lib\application.js:635:24)
2026-05-11T00:10:25:     at <anonymous> (C:\Users\Anmol\OneDrive\Desktop\B\coding-portal\backend\src\index.ts:42:5)
2026-05-11T00:10:25:     at ModuleJob.run (node:internal/modules/esm/module_job:430:25)
2026-05-11T00:10:25:     at process.processTicksAndRejections (node:internal/process/task_queues:103:5)
2026-05-11T00:10:25:     at async onImport.tracePromise.__proto__ (node:internal/modules/esm/loader:661:26)
2026-05-11T00:10:25:     at async asyncRunEntryPointWithESMLoader (node:internal/modules/run_main:101:5)
2026-05-11T00:10:25: Emitted 'error' event on Server instance at:
2026-05-11T00:10:25:     at emitErrorNT (node:net:1976:8)
2026-05-11T00:10:25:     at process.processTicksAndRejections (node:internal/process/task_queues:89:21) {
2026-05-11T00:10:25:   code: 'EADDRINUSE',
2026-05-11T00:10:25:   errno: -4091,
2026-05-11T00:10:25:   syscall: 'listen',
2026-05-11T00:10:25:   address: '::',
2026-05-11T00:10:25:   port: 4000
2026-05-11T00:10:25: }
2026-05-11T00:10:25: 
2026-05-11T00:10:25: Node.js v24.13.1
2026-05-11T00:10:27: node:events:486
2026-05-11T00:10:27:       throw er; // Unhandled 'error' event
2026-05-11T00:10:27:       ^
2026-05-11T00:10:27: 
2026-05-11T00:10:27: Error: listen EADDRINUSE: address already in use :::4000
2026-05-11T00:10:27:     at Server.setupListenHandle [as _listen2] (node:net:1940:16)
2026-05-11T00:10:27:     at listenInCluster (node:net:1997:12)
2026-05-11T00:10:27:     at Server.listen (node:net:2102:7)
2026-05-11T00:10:27:     at app.listen (C:\Users\Anmol\OneDrive\Desktop\B\coding-portal\backend\node_modules\express\lib\application.js:635:24)
2026-05-11T00:10:27:     at <anonymous> (C:\Users\Anmol\OneDrive\Desktop\B\coding-portal\backend\src\index.ts:42:5)
2026-05-11T00:10:27:     at ModuleJob.run (node:internal/modules/esm/module_job:430:25)
2026-05-11T00:10:27:     at process.processTicksAndRejections (node:internal/process/task_queues:103:5)
2026-05-11T00:10:27:     at async onImport.tracePromise.__proto__ (node:internal/modules/esm/loader:661:26)
2026-05-11T00:10:27:     at async asyncRunEntryPointWithESMLoader (node:internal/modules/run_main:101:5)
2026-05-11T00:10:27: Emitted 'error' event on Server instance at:
2026-05-11T00:10:27:     at emitErrorNT (node:net:1976:8)
2026-05-11T00:10:27:     at process.processTicksAndRejections (node:internal/process/task_queues:89:21) {
2026-05-11T00:10:27:   code: 'EADDRINUSE',
2026-05-11T00:10:27:   errno: -4091,
2026-05-11T00:10:27:   syscall: 'listen',
2026-05-11T00:10:27:   address: '::',
2026-05-11T00:10:27:   port: 4000
2026-05-11T00:10:27: }
2026-05-11T00:10:27: 
2026-05-11T00:10:27: Node.js v24.13.1
2026-05-11T00:10:30: node:events:486
2026-05-11T00:10:30:       throw er; // Unhandled 'error' event
2026-05-11T00:10:30:       ^
2026-05-11T00:10:30: 
2026-05-11T00:10:30: Error: listen EADDRINUSE: address already in use :::4000
2026-05-11T00:10:30:     at Server.setupListenHandle [as _listen2] (node:net:1940:16)
2026-05-11T00:10:30:     at listenInCluster (node:net:1997:12)
2026-05-11T00:10:30:     at Server.listen (node:net:2102:7)
2026-05-11T00:10:30:     at app.listen (C:\Users\Anmol\OneDrive\Desktop\B\coding-portal\backend\node_modules\express\lib\application.js:635:24)
2026-05-11T00:10:30:     at <anonymous> (C:\Users\Anmol\OneDrive\Desktop\B\coding-portal\backend\src\index.ts:42:5)
2026-05-11T00:10:30:     at ModuleJob.run (node:internal/modules/esm/module_job:430:25)
2026-05-11T00:10:30:     at process.processTicksAndRejections (node:internal/process/task_queues:103:5)
2026-05-11T00:10:30:     at async onImport.tracePromise.__proto__ (node:internal/modules/esm/loader:661:26)
2026-05-11T00:10:30:     at async asyncRunEntryPointWithESMLoader (node:internal/modules/run_main:101:5)
2026-05-11T00:10:30: Emitted 'error' event on Server instance at:
2026-05-11T00:10:30:     at emitErrorNT (node:net:1976:8)
2026-05-11T00:10:30:     at process.processTicksAndRejections (node:internal/process/task_queues:89:21) {
2026-05-11T00:10:30:   code: 'EADDRINUSE',
2026-05-11T00:10:30:   errno: -4091,
2026-05-11T00:10:30:   syscall: 'listen',
2026-05-11T00:10:30:   address: '::',
2026-05-11T00:10:30:   port: 4000
2026-05-11T00:10:30: }
2026-05-11T00:10:30: 
2026-05-11T00:10:30: Node.js v24.13.1
2026-05-11T00:10:33: node:events:486
2026-05-11T00:10:33:       throw er; // Unhandled 'error' event
2026-05-11T00:10:33:       ^
2026-05-11T00:10:33: 
2026-05-11T00:10:33: Error: listen EADDRINUSE: address already in use :::4000
2026-05-11T00:10:33:     at Server.setupListenHandle [as _listen2] (node:net:1940:16)
2026-05-11T00:10:33:     at listenInCluster (node:net:1997:12)
2026-05-11T00:10:33:     at Server.listen (node:net:2102:7)
2026-05-11T00:10:33:     at app.listen (C:\Users\Anmol\OneDrive\Desktop\B\coding-portal\backend\node_modules\express\lib\application.js:635:24)
2026-05-11T00:10:33:     at <anonymous> (C:\Users\Anmol\OneDrive\Desktop\B\coding-portal\backend\src\index.ts:42:5)
2026-05-11T00:10:33:     at ModuleJob.run (node:internal/modules/esm/module_job:430:25)
2026-05-11T00:10:33:     at process.processTicksAndRejections (node:internal/process/task_queues:103:5)
2026-05-11T00:10:33:     at async onImport.tracePromise.__proto__ (node:internal/modules/esm/loader:661:26)
2026-05-11T00:10:33:     at async asyncRunEntryPointWithESMLoader (node:internal/modules/run_main:101:5)
2026-05-11T00:10:33: Emitted 'error' event on Server instance at:
2026-05-11T00:10:33:     at emitErrorNT (node:net:1976:8)
2026-05-11T00:10:33:     at process.processTicksAndRejections (node:internal/process/task_queues:89:21) {
2026-05-11T00:10:33:   code: 'EADDRINUSE',
2026-05-11T00:10:33:   errno: -4091,
2026-05-11T00:10:33:   syscall: 'listen',
2026-05-11T00:10:33:   address: '::',
2026-05-11T00:10:33:   port: 4000
2026-05-11T00:10:33: }
2026-05-11T00:10:33: 
2026-05-11T00:10:33: Node.js v24.13.1
2026-05-11T00:10:36: node:events:486
2026-05-11T00:10:36:       throw er; // Unhandled 'error' event
2026-05-11T00:10:36:       ^
2026-05-11T00:10:36: 
2026-05-11T00:10:36: Error: listen EADDRINUSE: address already in use :::4000
2026-05-11T00:10:36:     at Server.setupListenHandle [as _listen2] (node:net:1940:16)
2026-05-11T00:10:36:     at listenInCluster (node:net:1997:12)
2026-05-11T00:10:36:     at Server.listen (node:net:2102:7)
2026-05-11T00:10:36:     at app.listen (C:\Users\Anmol\OneDrive\Desktop\B\coding-portal\backend\node_modules\express\lib\application.js:635:24)
2026-05-11T00:10:36:     at <anonymous> (C:\Users\Anmol\OneDrive\Desktop\B\coding-portal\backend\src\index.ts:42:5)
2026-05-11T00:10:36:     at ModuleJob.run (node:internal/modules/esm/module_job:430:25)
2026-05-11T00:10:36:     at process.processTicksAndRejections (node:internal/process/task_queues:103:5)
2026-05-11T00:10:36:     at async onImport.tracePromise.__proto__ (node:internal/modules/esm/loader:661:26)
2026-05-11T00:10:36:     at async asyncRunEntryPointWithESMLoader (node:internal/modules/run_main:101:5)
2026-05-11T00:10:36: Emitted 'error' event on Server instance at:
2026-05-11T00:10:36:     at emitErrorNT (node:net:1976:8)
2026-05-11T00:10:36:     at process.processTicksAndRejections (node:internal/process/task_queues:89:21) {
2026-05-11T00:10:36:   code: 'EADDRINUSE',
2026-05-11T00:10:36:   errno: -4091,
2026-05-11T00:10:36:   syscall: 'listen',
2026-05-11T00:10:36:   address: '::',
2026-05-11T00:10:36:   port: 4000
2026-05-11T00:10:36: }
2026-05-11T00:10:36: 
2026-05-11T00:10:36: Node.js v24.13.1
2026-05-11T00:10:38: node:events:486
2026-05-11T00:10:38:       throw er; // Unhandled 'error' event
2026-05-11T00:10:38:       ^
2026-05-11T00:10:38: 
2026-05-11T00:10:38: Error: listen EADDRINUSE: address already in use :::4000
2026-05-11T00:10:38:     at Server.setupListenHandle [as _listen2] (node:net:1940:16)
2026-05-11T00:10:38:     at listenInCluster (node:net:1997:12)
2026-05-11T00:10:38:     at Server.listen (node:net:2102:7)
2026-05-11T00:10:38:     at app.listen (C:\Users\Anmol\OneDrive\Desktop\B\coding-portal\backend\node_modules\express\lib\application.js:635:24)
2026-05-11T00:10:38:     at <anonymous> (C:\Users\Anmol\OneDrive\Desktop\B\coding-portal\backend\src\index.ts:42:5)
2026-05-11T00:10:38:     at ModuleJob.run (node:internal/modules/esm/module_job:430:25)
2026-05-11T00:10:38:     at process.processTicksAndRejections (node:internal/process/task_queues:103:5)
2026-05-11T00:10:38:     at async onImport.tracePromise.__proto__ (node:internal/modules/esm/loader:661:26)
2026-05-11T00:10:38:     at async asyncRunEntryPointWithESMLoader (node:internal/modules/run_main:101:5)
2026-05-11T00:10:38: Emitted 'error' event on Server instance at:
2026-05-11T00:10:38:     at emitErrorNT (node:net:1976:8)
2026-05-11T00:10:38:     at process.processTicksAndRejections (node:internal/process/task_queues:89:21) {
2026-05-11T00:10:38:   code: 'EADDRINUSE',
2026-05-11T00:10:38:   errno: -4091,
2026-05-11T00:10:38:   syscall: 'listen',
2026-05-11T00:10:38:   address: '::',
2026-05-11T00:10:38:   port: 4000
2026-05-11T00:10:38: }
2026-05-11T00:10:38: 
2026-05-11T00:10:38: Node.js v24.13.1
2026-05-11T00:10:41: node:events:486
2026-05-11T00:10:41:       throw er; // Unhandled 'error' event
2026-05-11T00:10:41:       ^
2026-05-11T00:10:41: 
2026-05-11T00:10:41: Error: listen EADDRINUSE: address already in use :::4000
2026-05-11T00:10:41:     at Server.setupListenHandle [as _listen2] (node:net:1940:16)
2026-05-11T00:10:41:     at listenInCluster (node:net:1997:12)
2026-05-11T00:10:41:     at Server.listen (node:net:2102:7)
2026-05-11T00:10:41:     at app.listen (C:\Users\Anmol\OneDrive\Desktop\B\coding-portal\backend\node_modules\express\lib\application.js:635:24)
2026-05-11T00:10:41:     at <anonymous> (C:\Users\Anmol\OneDrive\Desktop\B\coding-portal\backend\src\index.ts:42:5)
2026-05-11T00:10:41:     at ModuleJob.run (node:internal/modules/esm/module_job:430:25)
2026-05-11T00:10:41:     at process.processTicksAndRejections (node:internal/process/task_queues:103:5)
2026-05-11T00:10:41:     at async onImport.tracePromise.__proto__ (node:internal/modules/esm/loader:661:26)
2026-05-11T00:10:41:     at async asyncRunEntryPointWithESMLoader (node:internal/modules/run_main:101:5)
2026-05-11T00:10:41: Emitted 'error' event on Server instance at:
2026-05-11T00:10:41:     at emitErrorNT (node:net:1976:8)
2026-05-11T00:10:41:     at process.processTicksAndRejections (node:internal/process/task_queues:89:21) {
2026-05-11T00:10:41:   code: 'EADDRINUSE',
2026-05-11T00:10:41:   errno: -4091,
2026-05-11T00:10:41:   syscall: 'listen',
2026-05-11T00:10:41:   address: '::',
2026-05-11T00:10:41:   port: 4000
2026-05-11T00:10:41: }
2026-05-11T00:10:41: 
2026-05-11T00:10:41: Node.js v24.13.1
2026-05-11T00:10:44: node:events:486
2026-05-11T00:10:44:       throw er; // Unhandled 'error' event
2026-05-11T00:10:44:       ^
2026-05-11T00:10:44: 
2026-05-11T00:10:44: Error: listen EADDRINUSE: address already in use :::4000
2026-05-11T00:10:44:     at Server.setupListenHandle [as _listen2] (node:net:1940:16)
2026-05-11T00:10:44:     at listenInCluster (node:net:1997:12)
2026-05-11T00:10:44:     at Server.listen (node:net:2102:7)
2026-05-11T00:10:44:     at app.listen (C:\Users\Anmol\OneDrive\Desktop\B\coding-portal\backend\node_modules\express\lib\application.js:635:24)
2026-05-11T00:10:44:     at <anonymous> (C:\Users\Anmol\OneDrive\Desktop\B\coding-portal\backend\src\index.ts:42:5)
2026-05-11T00:10:44:     at ModuleJob.run (node:internal/modules/esm/module_job:430:25)
2026-05-11T00:10:44:     at process.processTicksAndRejections (node:internal/process/task_queues:103:5)
2026-05-11T00:10:44:     at async onImport.tracePromise.__proto__ (node:internal/modules/esm/loader:661:26)
2026-05-11T00:10:44:     at async asyncRunEntryPointWithESMLoader (node:internal/modules/run_main:101:5)
2026-05-11T00:10:44: Emitted 'error' event on Server instance at:
2026-05-11T00:10:44:     at emitErrorNT (node:net:1976:8)
2026-05-11T00:10:44:     at process.processTicksAndRejections (node:internal/process/task_queues:89:21) {
2026-05-11T00:10:44:   code: 'EADDRINUSE',
2026-05-11T00:10:44:   errno: -4091,
2026-05-11T00:10:44:   syscall: 'listen',
2026-05-11T00:10:44:   address: '::',
2026-05-11T00:10:44:   port: 4000
2026-05-11T00:10:44: }
2026-05-11T00:10:44: 
2026-05-11T00:10:44: Node.js v24.13.1
2026-05-11T00:10:46: node:events:486
2026-05-11T00:10:46:       throw er; // Unhandled 'error' event
2026-05-11T00:10:46:       ^
2026-05-11T00:10:46: 
2026-05-11T00:10:46: Error: listen EADDRINUSE: address already in use :::4000
2026-05-11T00:10:46:     at Server.setupListenHandle [as _listen2] (node:net:1940:16)
2026-05-11T00:10:46:     at listenInCluster (node:net:1997:12)
2026-05-11T00:10:46:     at Server.listen (node:net:2102:7)
2026-05-11T00:10:46:     at app.listen (C:\Users\Anmol\OneDrive\Desktop\B\coding-portal\backend\node_modules\express\lib\application.js:635:24)
2026-05-11T00:10:46:     at <anonymous> (C:\Users\Anmol\OneDrive\Desktop\B\coding-portal\backend\src\index.ts:42:5)
2026-05-11T00:10:46:     at ModuleJob.run (node:internal/modules/esm/module_job:430:25)
2026-05-11T00:10:46:     at process.processTicksAndRejections (node:internal/process/task_queues:103:5)
2026-05-11T00:10:46:     at async onImport.tracePromise.__proto__ (node:internal/modules/esm/loader:661:26)
2026-05-11T00:10:46:     at async asyncRunEntryPointWithESMLoader (node:internal/modules/run_main:101:5)
2026-05-11T00:10:46: Emitted 'error' event on Server instance at:
2026-05-11T00:10:46:     at emitErrorNT (node:net:1976:8)
2026-05-11T00:10:46:     at process.processTicksAndRejections (node:internal/process/task_queues:89:21) {
2026-05-11T00:10:46:   code: 'EADDRINUSE',
2026-05-11T00:10:46:   errno: -4091,
2026-05-11T00:10:46:   syscall: 'listen',
2026-05-11T00:10:46:   address: '::',
2026-05-11T00:10:46:   port: 4000
2026-05-11T00:10:46: }
2026-05-11T00:10:46: 
2026-05-11T00:10:46: Node.js v24.13.1
2026-05-11T00:10:49: node:events:486
2026-05-11T00:10:49:       throw er; // Unhandled 'error' event
2026-05-11T00:10:49:       ^
2026-05-11T00:10:49: 
2026-05-11T00:10:49: Error: listen EADDRINUSE: address already in use :::4000
2026-05-11T00:10:49:     at Server.setupListenHandle [as _listen2] (node:net:1940:16)
2026-05-11T00:10:49:     at listenInCluster (node:net:1997:12)
2026-05-11T00:10:49:     at Server.listen (node:net:2102:7)
2026-05-11T00:10:49:     at app.listen (C:\Users\Anmol\OneDrive\Desktop\B\coding-portal\backend\node_modules\express\lib\application.js:635:24)
2026-05-11T00:10:49:     at <anonymous> (C:\Users\Anmol\OneDrive\Desktop\B\coding-portal\backend\src\index.ts:42:5)
2026-05-11T00:10:49:     at ModuleJob.run (node:internal/modules/esm/module_job:430:25)
2026-05-11T00:10:49:     at process.processTicksAndRejections (node:internal/process/task_queues:103:5)
2026-05-11T00:10:49:     at async onImport.tracePromise.__proto__ (node:internal/modules/esm/loader:661:26)
2026-05-11T00:10:49:     at async asyncRunEntryPointWithESMLoader (node:internal/modules/run_main:101:5)
2026-05-11T00:10:49: Emitted 'error' event on Server instance at:
2026-05-11T00:10:49:     at emitErrorNT (node:net:1976:8)
2026-05-11T00:10:49:     at process.processTicksAndRejections (node:internal/process/task_queues:89:21) {
2026-05-11T00:10:49:   code: 'EADDRINUSE',
2026-05-11T00:10:49:   errno: -4091,
2026-05-11T00:10:49:   syscall: 'listen',
2026-05-11T00:10:49:   address: '::',
2026-05-11T00:10:49:   port: 4000
2026-05-11T00:10:49: }
2026-05-11T00:10:49: 
2026-05-11T00:10:49: Node.js v24.13.1
2026-05-11T00:10:51: node:events:486
2026-05-11T00:10:51:       throw er; // Unhandled 'error' event
2026-05-11T00:10:51:       ^
2026-05-11T00:10:51: 
2026-05-11T00:10:51: Error: listen EADDRINUSE: address already in use :::4000
2026-05-11T00:10:51:     at Server.setupListenHandle [as _listen2] (node:net:1940:16)
2026-05-11T00:10:51:     at listenInCluster (node:net:1997:12)
2026-05-11T00:10:51:     at Server.listen (node:net:2102:7)
2026-05-11T00:10:51:     at app.listen (C:\Users\Anmol\OneDrive\Desktop\B\coding-portal\backend\node_modules\express\lib\application.js:635:24)
2026-05-11T00:10:51:     at <anonymous> (C:\Users\Anmol\OneDrive\Desktop\B\coding-portal\backend\src\index.ts:42:5)
2026-05-11T00:10:51:     at ModuleJob.run (node:internal/modules/esm/module_job:430:25)
2026-05-11T00:10:51:     at process.processTicksAndRejections (node:internal/process/task_queues:103:5)
2026-05-11T00:10:51:     at async onImport.tracePromise.__proto__ (node:internal/modules/esm/loader:661:26)
2026-05-11T00:10:51:     at async asyncRunEntryPointWithESMLoader (node:internal/modules/run_main:101:5)
2026-05-11T00:10:51: Emitted 'error' event on Server instance at:
2026-05-11T00:10:51:     at emitErrorNT (node:net:1976:8)
2026-05-11T00:10:51:     at process.processTicksAndRejections (node:internal/process/task_queues:89:21) {
2026-05-11T00:10:51:   code: 'EADDRINUSE',
2026-05-11T00:10:51:   errno: -4091,
2026-05-11T00:10:51:   syscall: 'listen',
2026-05-11T00:10:51:   address: '::',
2026-05-11T00:10:51:   port: 4000
2026-05-11T00:10:51: }
2026-05-11T00:10:51: 
2026-05-11T00:10:51: Node.js v24.13.1
2026-05-11T00:10:54: node:events:486
2026-05-11T00:10:54:       throw er; // Unhandled 'error' event
2026-05-11T00:10:54:       ^
2026-05-11T00:10:54: 
2026-05-11T00:10:54: Error: listen EADDRINUSE: address already in use :::4000
2026-05-11T00:10:54:     at Server.setupListenHandle [as _listen2] (node:net:1940:16)
2026-05-11T00:10:54:     at listenInCluster (node:net:1997:12)
2026-05-11T00:10:54:     at Server.listen (node:net:2102:7)
2026-05-11T00:10:54:     at app.listen (C:\Users\Anmol\OneDrive\Desktop\B\coding-portal\backend\node_modules\express\lib\application.js:635:24)
2026-05-11T00:10:54:     at <anonymous> (C:\Users\Anmol\OneDrive\Desktop\B\coding-portal\backend\src\index.ts:42:5)
2026-05-11T00:10:54:     at ModuleJob.run (node:internal/modules/esm/module_job:430:25)
2026-05-11T00:10:54:     at process.processTicksAndRejections (node:internal/process/task_queues:103:5)
2026-05-11T00:10:54:     at async onImport.tracePromise.__proto__ (node:internal/modules/esm/loader:661:26)
2026-05-11T00:10:54:     at async asyncRunEntryPointWithESMLoader (node:internal/modules/run_main:101:5)
2026-05-11T00:10:54: Emitted 'error' event on Server instance at:
2026-05-11T00:10:54:     at emitErrorNT (node:net:1976:8)
2026-05-11T00:10:54:     at process.processTicksAndRejections (node:internal/process/task_queues:89:21) {
2026-05-11T00:10:54:   code: 'EADDRINUSE',
2026-05-11T00:10:54:   errno: -4091,
2026-05-11T00:10:54:   syscall: 'listen',
2026-05-11T00:10:54:   address: '::',
2026-05-11T00:10:54:   port: 4000
2026-05-11T00:10:54: }
2026-05-11T00:10:54: 
2026-05-11T00:10:54: Node.js v24.13.1
2026-05-11T00:10:56: node:events:486
2026-05-11T00:10:56:       throw er; // Unhandled 'error' event
2026-05-11T00:10:56:       ^
2026-05-11T00:10:56: 
2026-05-11T00:10:56: Error: listen EADDRINUSE: address already in use :::4000
2026-05-11T00:10:56:     at Server.setupListenHandle [as _listen2] (node:net:1940:16)
2026-05-11T00:10:56:     at listenInCluster (node:net:1997:12)
2026-05-11T00:10:56:     at Server.listen (node:net:2102:7)
2026-05-11T00:10:56:     at app.listen (C:\Users\Anmol\OneDrive\Desktop\B\coding-portal\backend\node_modules\express\lib\application.js:635:24)
2026-05-11T00:10:56:     at <anonymous> (C:\Users\Anmol\OneDrive\Desktop\B\coding-portal\backend\src\index.ts:42:5)
2026-05-11T00:10:56:     at ModuleJob.run (node:internal/modules/esm/module_job:430:25)
2026-05-11T00:10:56:     at process.processTicksAndRejections (node:internal/process/task_queues:103:5)
2026-05-11T00:10:56:     at async onImport.tracePromise.__proto__ (node:internal/modules/esm/loader:661:26)
2026-05-11T00:10:56:     at async asyncRunEntryPointWithESMLoader (node:internal/modules/run_main:101:5)
2026-05-11T00:10:56: Emitted 'error' event on Server instance at:
2026-05-11T00:10:56:     at emitErrorNT (node:net:1976:8)
2026-05-11T00:10:56:     at process.processTicksAndRejections (node:internal/process/task_queues:89:21) {
2026-05-11T00:10:56:   code: 'EADDRINUSE',
2026-05-11T00:10:56:   errno: -4091,
2026-05-11T00:10:56:   syscall: 'listen',
2026-05-11T00:10:56:   address: '::',
2026-05-11T00:10:56:   port: 4000
2026-05-11T00:10:56: }
2026-05-11T00:10:56: 
2026-05-11T00:10:56: Node.js v24.13.1
2026-05-11T00:10:59: node:events:486
2026-05-11T00:10:59:       throw er; // Unhandled 'error' event
2026-05-11T00:10:59:       ^
2026-05-11T00:10:59: 
2026-05-11T00:10:59: Error: listen EADDRINUSE: address already in use :::4000
2026-05-11T00:10:59:     at Server.setupListenHandle [as _listen2] (node:net:1940:16)
2026-05-11T00:10:59:     at listenInCluster (node:net:1997:12)
2026-05-11T00:10:59:     at Server.listen (node:net:2102:7)
2026-05-11T00:10:59:     at app.listen (C:\Users\Anmol\OneDrive\Desktop\B\coding-portal\backend\node_modules\express\lib\application.js:635:24)
2026-05-11T00:10:59:     at <anonymous> (C:\Users\Anmol\OneDrive\Desktop\B\coding-portal\backend\src\index.ts:42:5)
2026-05-11T00:10:59:     at ModuleJob.run (node:internal/modules/esm/module_job:430:25)
2026-05-11T00:10:59:     at process.processTicksAndRejections (node:internal/process/task_queues:103:5)
2026-05-11T00:10:59:     at async onImport.tracePromise.__proto__ (node:internal/modules/esm/loader:661:26)
2026-05-11T00:10:59:     at async asyncRunEntryPointWithESMLoader (node:internal/modules/run_main:101:5)
2026-05-11T00:10:59: Emitted 'error' event on Server instance at:
2026-05-11T00:10:59:     at emitErrorNT (node:net:1976:8)
2026-05-11T00:10:59:     at process.processTicksAndRejections (node:internal/process/task_queues:89:21) {
2026-05-11T00:10:59:   code: 'EADDRINUSE',
2026-05-11T00:10:59:   errno: -4091,
2026-05-11T00:10:59:   syscall: 'listen',
2026-05-11T00:10:59:   address: '::',
2026-05-11T00:10:59:   port: 4000
2026-05-11T00:10:59: }
2026-05-11T00:10:59: 
2026-05-11T00:10:59: Node.js v24.13.1
2026-05-11T00:11:02: node:events:486
2026-05-11T00:11:02:       throw er; // Unhandled 'error' event
2026-05-11T00:11:02:       ^
2026-05-11T00:11:02: 
2026-05-11T00:11:02: Error: listen EADDRINUSE: address already in use :::4000
2026-05-11T00:11:02:     at Server.setupListenHandle [as _listen2] (node:net:1940:16)
2026-05-11T00:11:02:     at listenInCluster (node:net:1997:12)
2026-05-11T00:11:02:     at Server.listen (node:net:2102:7)
2026-05-11T00:11:02:     at app.listen (C:\Users\Anmol\OneDrive\Desktop\B\coding-portal\backend\node_modules\express\lib\application.js:635:24)
2026-05-11T00:11:02:     at <anonymous> (C:\Users\Anmol\OneDrive\Desktop\B\coding-portal\backend\src\index.ts:42:5)
2026-05-11T00:11:02:     at ModuleJob.run (node:internal/modules/esm/module_job:430:25)
2026-05-11T00:11:02:     at process.processTicksAndRejections (node:internal/process/task_queues:103:5)
2026-05-11T00:11:02:     at async onImport.tracePromise.__proto__ (node:internal/modules/esm/loader:661:26)
2026-05-11T00:11:02:     at async asyncRunEntryPointWithESMLoader (node:internal/modules/run_main:101:5)
2026-05-11T00:11:02: Emitted 'error' event on Server instance at:
2026-05-11T00:11:02:     at emitErrorNT (node:net:1976:8)
2026-05-11T00:11:02:     at process.processTicksAndRejections (node:internal/process/task_queues:89:21) {
2026-05-11T00:11:02:   code: 'EADDRINUSE',
2026-05-11T00:11:02:   errno: -4091,
2026-05-11T00:11:02:   syscall: 'listen',
2026-05-11T00:11:02:   address: '::',
2026-05-11T00:11:02:   port: 4000
2026-05-11T00:11:02: }
2026-05-11T00:11:02: 
2026-05-11T00:11:02: Node.js v24.13.1
2026-05-11T00:11:04: node:events:486
2026-05-11T00:11:04:       throw er; // Unhandled 'error' event
2026-05-11T00:11:04:       ^
2026-05-11T00:11:04: 
2026-05-11T00:11:04: Error: listen EADDRINUSE: address already in use :::4000
2026-05-11T00:11:04:     at Server.setupListenHandle [as _listen2] (node:net:1940:16)
2026-05-11T00:11:04:     at listenInCluster (node:net:1997:12)
2026-05-11T00:11:04:     at Server.listen (node:net:2102:7)
2026-05-11T00:11:04:     at app.listen (C:\Users\Anmol\OneDrive\Desktop\B\coding-portal\backend\node_modules\express\lib\application.js:635:24)
2026-05-11T00:11:04:     at <anonymous> (C:\Users\Anmol\OneDrive\Desktop\B\coding-portal\backend\src\index.ts:42:5)
2026-05-11T00:11:04:     at ModuleJob.run (node:internal/modules/esm/module_job:430:25)
2026-05-11T00:11:04:     at process.processTicksAndRejections (node:internal/process/task_queues:103:5)
2026-05-11T00:11:04:     at async onImport.tracePromise.__proto__ (node:internal/modules/esm/loader:661:26)
2026-05-11T00:11:04:     at async asyncRunEntryPointWithESMLoader (node:internal/modules/run_main:101:5)
2026-05-11T00:11:04: Emitted 'error' event on Server instance at:
2026-05-11T00:11:04:     at emitErrorNT (node:net:1976:8)
2026-05-11T00:11:04:     at process.processTicksAndRejections (node:internal/process/task_queues:89:21) {
2026-05-11T00:11:04:   code: 'EADDRINUSE',
2026-05-11T00:11:04:   errno: -4091,
2026-05-11T00:11:04:   syscall: 'listen',
2026-05-11T00:11:04:   address: '::',
2026-05-11T00:11:04:   port: 4000
2026-05-11T00:11:04: }
2026-05-11T00:11:04: 
2026-05-11T00:11:04: Node.js v24.13.1
2026-05-11T00:11:07: node:events:486
2026-05-11T00:11:07:       throw er; // Unhandled 'error' event
2026-05-11T00:11:07:       ^
2026-05-11T00:11:07: 
2026-05-11T00:11:07: Error: listen EADDRINUSE: address already in use :::4000
2026-05-11T00:11:07:     at Server.setupListenHandle [as _listen2] (node:net:1940:16)
2026-05-11T00:11:07:     at listenInCluster (node:net:1997:12)
2026-05-11T00:11:07:     at Server.listen (node:net:2102:7)
2026-05-11T00:11:07:     at app.listen (C:\Users\Anmol\OneDrive\Desktop\B\coding-portal\backend\node_modules\express\lib\application.js:635:24)
2026-05-11T00:11:07:     at <anonymous> (C:\Users\Anmol\OneDrive\Desktop\B\coding-portal\backend\src\index.ts:42:5)
2026-05-11T00:11:07:     at ModuleJob.run (node:internal/modules/esm/module_job:430:25)
2026-05-11T00:11:07:     at process.processTicksAndRejections (node:internal/process/task_queues:103:5)
2026-05-11T00:11:07:     at async onImport.tracePromise.__proto__ (node:internal/modules/esm/loader:661:26)
2026-05-11T00:11:07:     at async asyncRunEntryPointWithESMLoader (node:internal/modules/run_main:101:5)
2026-05-11T00:11:07: Emitted 'error' event on Server instance at:
2026-05-11T00:11:07:     at emitErrorNT (node:net:1976:8)
2026-05-11T00:11:07:     at process.processTicksAndRejections (node:internal/process/task_queues:89:21) {
2026-05-11T00:11:07:   code: 'EADDRINUSE',
2026-05-11T00:11:07:   errno: -4091,
2026-05-11T00:11:07:   syscall: 'listen',
2026-05-11T00:11:07:   address: '::',
2026-05-11T00:11:07:   port: 4000
2026-05-11T00:11:07: }
2026-05-11T00:11:07: 
2026-05-11T00:11:07: Node.js v24.13.1
2026-05-11T00:11:13: node:events:486
2026-05-11T00:11:13:       throw er; // Unhandled 'error' event
2026-05-11T00:11:13:       ^
2026-05-11T00:11:13: 
2026-05-11T00:11:13: Error: listen EADDRINUSE: address already in use :::4000
2026-05-11T00:11:13:     at Server.setupListenHandle [as _listen2] (node:net:1940:16)
2026-05-11T00:11:13:     at listenInCluster (node:net:1997:12)
2026-05-11T00:11:13:     at Server.listen (node:net:2102:7)
2026-05-11T00:11:13:     at app.listen (C:\Users\Anmol\OneDrive\Desktop\B\coding-portal\backend\node_modules\express\lib\application.js:635:24)
2026-05-11T00:11:13:     at <anonymous> (C:\Users\Anmol\OneDrive\Desktop\B\coding-portal\backend\src\index.ts:42:5)
2026-05-11T00:11:13:     at ModuleJob.run (node:internal/modules/esm/module_job:430:25)
2026-05-11T00:11:13:     at process.processTicksAndRejections (node:internal/process/task_queues:103:5)
2026-05-11T00:11:13:     at async onImport.tracePromise.__proto__ (node:internal/modules/esm/loader:661:26)
2026-05-11T00:11:13:     at async asyncRunEntryPointWithESMLoader (node:internal/modules/run_main:101:5)
2026-05-11T00:11:13: Emitted 'error' event on Server instance at:
2026-05-11T00:11:13:     at emitErrorNT (node:net:1976:8)
2026-05-11T00:11:13:     at process.processTicksAndRejections (node:internal/process/task_queues:89:21) {
2026-05-11T00:11:13:   code: 'EADDRINUSE',
2026-05-11T00:11:13:   errno: -4091,
2026-05-11T00:11:13:   syscall: 'listen',
2026-05-11T00:11:13:   address: '::',
2026-05-11T00:11:13:   port: 4000
2026-05-11T00:11:13: }
2026-05-11T00:11:13: 
2026-05-11T00:11:13: Node.js v24.13.1
2026-05-11T00:11:16: node:events:486
2026-05-11T00:11:16:       throw er; // Unhandled 'error' event
2026-05-11T00:11:16:       ^
2026-05-11T00:11:16: 
2026-05-11T00:11:16: Error: listen EADDRINUSE: address already in use :::4000
2026-05-11T00:11:16:     at Server.setupListenHandle [as _listen2] (node:net:1940:16)
2026-05-11T00:11:16:     at listenInCluster (node:net:1997:12)
2026-05-11T00:11:16:     at Server.listen (node:net:2102:7)
2026-05-11T00:11:16:     at app.listen (C:\Users\Anmol\OneDrive\Desktop\B\coding-portal\backend\node_modules\express\lib\application.js:635:24)
2026-05-11T00:11:16:     at <anonymous> (C:\Users\Anmol\OneDrive\Desktop\B\coding-portal\backend\src\index.ts:42:5)
2026-05-11T00:11:16:     at ModuleJob.run (node:internal/modules/esm/module_job:430:25)
2026-05-11T00:11:16:     at process.processTicksAndRejections (node:internal/process/task_queues:103:5)
2026-05-11T00:11:16:     at async onImport.tracePromise.__proto__ (node:internal/modules/esm/loader:661:26)
2026-05-11T00:11:16:     at async asyncRunEntryPointWithESMLoader (node:internal/modules/run_main:101:5)
2026-05-11T00:11:16: Emitted 'error' event on Server instance at:
2026-05-11T00:11:16:     at emitErrorNT (node:net:1976:8)
2026-05-11T00:11:16:     at process.processTicksAndRejections (node:internal/process/task_queues:89:21) {
2026-05-11T00:11:16:   code: 'EADDRINUSE',
2026-05-11T00:11:16:   errno: -4091,
2026-05-11T00:11:16:   syscall: 'listen',
2026-05-11T00:11:16:   address: '::',
2026-05-11T00:11:16:   port: 4000
2026-05-11T00:11:16: }
2026-05-11T00:11:16: 
2026-05-11T00:11:16: Node.js v24.13.1
2026-05-11T00:11:18: node:events:486
2026-05-11T00:11:18:       throw er; // Unhandled 'error' event
2026-05-11T00:11:18:       ^
2026-05-11T00:11:18: 
2026-05-11T00:11:18: Error: listen EADDRINUSE: address already in use :::4000
2026-05-11T00:11:18:     at Server.setupListenHandle [as _listen2] (node:net:1940:16)
2026-05-11T00:11:18:     at listenInCluster (node:net:1997:12)
2026-05-11T00:11:18:     at Server.listen (node:net:2102:7)
2026-05-11T00:11:18:     at app.listen (C:\Users\Anmol\OneDrive\Desktop\B\coding-portal\backend\node_modules\express\lib\application.js:635:24)
2026-05-11T00:11:18:     at <anonymous> (C:\Users\Anmol\OneDrive\Desktop\B\coding-portal\backend\src\index.ts:42:5)
2026-05-11T00:11:18:     at ModuleJob.run (node:internal/modules/esm/module_job:430:25)
2026-05-11T00:11:18:     at process.processTicksAndRejections (node:internal/process/task_queues:103:5)
2026-05-11T00:11:18:     at async onImport.tracePromise.__proto__ (node:internal/modules/esm/loader:661:26)
2026-05-11T00:11:18:     at async asyncRunEntryPointWithESMLoader (node:internal/modules/run_main:101:5)
2026-05-11T00:11:18: Emitted 'error' event on Server instance at:
2026-05-11T00:11:18:     at emitErrorNT (node:net:1976:8)
2026-05-11T00:11:18:     at process.processTicksAndRejections (node:internal/process/task_queues:89:21) {
2026-05-11T00:11:18:   code: 'EADDRINUSE',
2026-05-11T00:11:18:   errno: -4091,
2026-05-11T00:11:18:   syscall: 'listen',
2026-05-11T00:11:18:   address: '::',
2026-05-11T00:11:18:   port: 4000
2026-05-11T00:11:18: }
2026-05-11T00:11:18: 
2026-05-11T00:11:18: Node.js v24.13.1
2026-05-11T00:11:21: node:events:486
2026-05-11T00:11:21:       throw er; // Unhandled 'error' event
2026-05-11T00:11:21:       ^
2026-05-11T00:11:21: 
2026-05-11T00:11:21: Error: listen EADDRINUSE: address already in use :::4000
2026-05-11T00:11:21:     at Server.setupListenHandle [as _listen2] (node:net:1940:16)
2026-05-11T00:11:21:     at listenInCluster (node:net:1997:12)
2026-05-11T00:11:21:     at Server.listen (node:net:2102:7)
2026-05-11T00:11:21:     at app.listen (C:\Users\Anmol\OneDrive\Desktop\B\coding-portal\backend\node_modules\express\lib\application.js:635:24)
2026-05-11T00:11:21:     at <anonymous> (C:\Users\Anmol\OneDrive\Desktop\B\coding-portal\backend\src\index.ts:42:5)
2026-05-11T00:11:21:     at ModuleJob.run (node:internal/modules/esm/module_job:430:25)
2026-05-11T00:11:21:     at process.processTicksAndRejections (node:internal/process/task_queues:103:5)
2026-05-11T00:11:21:     at async onImport.tracePromise.__proto__ (node:internal/modules/esm/loader:661:26)
2026-05-11T00:11:21:     at async asyncRunEntryPointWithESMLoader (node:internal/modules/run_main:101:5)
2026-05-11T00:11:21: Emitted 'error' event on Server instance at:
2026-05-11T00:11:21:     at emitErrorNT (node:net:1976:8)
2026-05-11T00:11:21:     at process.processTicksAndRejections (node:internal/process/task_queues:89:21) {
2026-05-11T00:11:21:   code: 'EADDRINUSE',
2026-05-11T00:11:21:   errno: -4091,
2026-05-11T00:11:21:   syscall: 'listen',
2026-05-11T00:11:21:   address: '::',
2026-05-11T00:11:21:   port: 4000
2026-05-11T00:11:21: }
2026-05-11T00:11:21: 
2026-05-11T00:11:21: Node.js v24.13.1
2026-05-11T00:11:23: node:events:486
2026-05-11T00:11:23:       throw er; // Unhandled 'error' event
2026-05-11T00:11:23:       ^
2026-05-11T00:11:23: 
2026-05-11T00:11:23: Error: listen EADDRINUSE: address already in use :::4000
2026-05-11T00:11:23:     at Server.setupListenHandle [as _listen2] (node:net:1940:16)
2026-05-11T00:11:23:     at listenInCluster (node:net:1997:12)
2026-05-11T00:11:23:     at Server.listen (node:net:2102:7)
2026-05-11T00:11:23:     at app.listen (C:\Users\Anmol\OneDrive\Desktop\B\coding-portal\backend\node_modules\express\lib\application.js:635:24)
2026-05-11T00:11:23:     at <anonymous> (C:\Users\Anmol\OneDrive\Desktop\B\coding-portal\backend\src\index.ts:42:5)
2026-05-11T00:11:23:     at ModuleJob.run (node:internal/modules/esm/module_job:430:25)
2026-05-11T00:11:23:     at process.processTicksAndRejections (node:internal/process/task_queues:103:5)
2026-05-11T00:11:23:     at async onImport.tracePromise.__proto__ (node:internal/modules/esm/loader:661:26)
2026-05-11T00:11:23:     at async asyncRunEntryPointWithESMLoader (node:internal/modules/run_main:101:5)
2026-05-11T00:11:23: Emitted 'error' event on Server instance at:
2026-05-11T00:11:23:     at emitErrorNT (node:net:1976:8)
2026-05-11T00:11:23:     at process.processTicksAndRejections (node:internal/process/task_queues:89:21) {
2026-05-11T00:11:23:   code: 'EADDRINUSE',
2026-05-11T00:11:23:   errno: -4091,
2026-05-11T00:11:23:   syscall: 'listen',
2026-05-11T00:11:23:   address: '::',
2026-05-11T00:11:23:   port: 4000
2026-05-11T00:11:23: }
2026-05-11T00:11:23: 
2026-05-11T00:11:23: Node.js v24.13.1
2026-05-11T00:11:26: node:events:486
2026-05-11T00:11:26:       throw er; // Unhandled 'error' event
2026-05-11T00:11:26:       ^
2026-05-11T00:11:26: 
2026-05-11T00:11:26: Error: listen EADDRINUSE: address already in use :::4000
2026-05-11T00:11:26:     at Server.setupListenHandle [as _listen2] (node:net:1940:16)
2026-05-11T00:11:26:     at listenInCluster (node:net:1997:12)
2026-05-11T00:11:26:     at Server.listen (node:net:2102:7)
2026-05-11T00:11:26:     at app.listen (C:\Users\Anmol\OneDrive\Desktop\B\coding-portal\backend\node_modules\express\lib\application.js:635:24)
2026-05-11T00:11:26:     at <anonymous> (C:\Users\Anmol\OneDrive\Desktop\B\coding-portal\backend\src\index.ts:42:5)
2026-05-11T00:11:26:     at ModuleJob.run (node:internal/modules/esm/module_job:430:25)
2026-05-11T00:11:26:     at process.processTicksAndRejections (node:internal/process/task_queues:103:5)
2026-05-11T00:11:26:     at async onImport.tracePromise.__proto__ (node:internal/modules/esm/loader:661:26)
2026-05-11T00:11:26:     at async asyncRunEntryPointWithESMLoader (node:internal/modules/run_main:101:5)
2026-05-11T00:11:26: Emitted 'error' event on Server instance at:
2026-05-11T00:11:26:     at emitErrorNT (node:net:1976:8)
2026-05-11T00:11:26:     at process.processTicksAndRejections (node:internal/process/task_queues:89:21) {
2026-05-11T00:11:26:   code: 'EADDRINUSE',
2026-05-11T00:11:26:   errno: -4091,
2026-05-11T00:11:26:   syscall: 'listen',
2026-05-11T00:11:26:   address: '::',
2026-05-11T00:11:26:   port: 4000
2026-05-11T00:11:26: }
2026-05-11T00:11:26: 
2026-05-11T00:11:26: Node.js v24.13.1
2026-05-11T00:11:28: node:events:486
2026-05-11T00:11:28:       throw er; // Unhandled 'error' event
2026-05-11T00:11:28:       ^
2026-05-11T00:11:28: 
2026-05-11T00:11:28: Error: listen EADDRINUSE: address already in use :::4000
2026-05-11T00:11:28:     at Server.setupListenHandle [as _listen2] (node:net:1940:16)
2026-05-11T00:11:28:     at listenInCluster (node:net:1997:12)
2026-05-11T00:11:28:     at Server.listen (node:net:2102:7)
2026-05-11T00:11:28:     at app.listen (C:\Users\Anmol\OneDrive\Desktop\B\coding-portal\backend\node_modules\express\lib\application.js:635:24)
2026-05-11T00:11:28:     at <anonymous> (C:\Users\Anmol\OneDrive\Desktop\B\coding-portal\backend\src\index.ts:42:5)
2026-05-11T00:11:28:     at ModuleJob.run (node:internal/modules/esm/module_job:430:25)
2026-05-11T00:11:28:     at process.processTicksAndRejections (node:internal/process/task_queues:103:5)
2026-05-11T00:11:28:     at async onImport.tracePromise.__proto__ (node:internal/modules/esm/loader:661:26)
2026-05-11T00:11:28:     at async asyncRunEntryPointWithESMLoader (node:internal/modules/run_main:101:5)
2026-05-11T00:11:28: Emitted 'error' event on Server instance at:
2026-05-11T00:11:28:     at emitErrorNT (node:net:1976:8)
2026-05-11T00:11:28:     at process.processTicksAndRejections (node:internal/process/task_queues:89:21) {
2026-05-11T00:11:28:   code: 'EADDRINUSE',
2026-05-11T00:11:28:   errno: -4091,
2026-05-11T00:11:28:   syscall: 'listen',
2026-05-11T00:11:28:   address: '::',
2026-05-11T00:11:28:   port: 4000
2026-05-11T00:11:28: }
2026-05-11T00:11:28: 
2026-05-11T00:11:28: Node.js v24.13.1
2026-05-11T00:11:30: node:events:486
2026-05-11T00:11:30:       throw er; // Unhandled 'error' event
2026-05-11T00:11:30:       ^
2026-05-11T00:11:30: 
2026-05-11T00:11:30: Error: listen EADDRINUSE: address already in use :::4000
2026-05-11T00:11:30:     at Server.setupListenHandle [as _listen2] (node:net:1940:16)
2026-05-11T00:11:30:     at listenInCluster (node:net:1997:12)
2026-05-11T00:11:30:     at Server.listen (node:net:2102:7)
2026-05-11T00:11:30:     at app.listen (C:\Users\Anmol\OneDrive\Desktop\B\coding-portal\backend\node_modules\express\lib\application.js:635:24)
2026-05-11T00:11:30:     at <anonymous> (C:\Users\Anmol\OneDrive\Desktop\B\coding-portal\backend\src\index.ts:42:5)
2026-05-11T00:11:30:     at ModuleJob.run (node:internal/modules/esm/module_job:430:25)
2026-05-11T00:11:30:     at process.processTicksAndRejections (node:internal/process/task_queues:103:5)
2026-05-11T00:11:30:     at async onImport.tracePromise.__proto__ (node:internal/modules/esm/loader:661:26)
2026-05-11T00:11:30:     at async asyncRunEntryPointWithESMLoader (node:internal/modules/run_main:101:5)
2026-05-11T00:11:30: Emitted 'error' event on Server instance at:
2026-05-11T00:11:30:     at emitErrorNT (node:net:1976:8)
2026-05-11T00:11:30:     at process.processTicksAndRejections (node:internal/process/task_queues:89:21) {
2026-05-11T00:11:30:   code: 'EADDRINUSE',
2026-05-11T00:11:30:   errno: -4091,
2026-05-11T00:11:30:   syscall: 'listen',
2026-05-11T00:11:30:   address: '::',
2026-05-11T00:11:30:   port: 4000
2026-05-11T00:11:30: }
2026-05-11T00:11:30: 
2026-05-11T00:11:30: Node.js v24.13.1
2026-05-11T00:11:33: node:events:486
2026-05-11T00:11:33:       throw er; // Unhandled 'error' event
2026-05-11T00:11:33:       ^
2026-05-11T00:11:33: 
2026-05-11T00:11:33: Error: listen EADDRINUSE: address already in use :::4000
2026-05-11T00:11:33:     at Server.setupListenHandle [as _listen2] (node:net:1940:16)
2026-05-11T00:11:33:     at listenInCluster (node:net:1997:12)
2026-05-11T00:11:33:     at Server.listen (node:net:2102:7)
2026-05-11T00:11:33:     at app.listen (C:\Users\Anmol\OneDrive\Desktop\B\coding-portal\backend\node_modules\express\lib\application.js:635:24)
2026-05-11T00:11:33:     at <anonymous> (C:\Users\Anmol\OneDrive\Desktop\B\coding-portal\backend\src\index.ts:42:5)
2026-05-11T00:11:33:     at ModuleJob.run (node:internal/modules/esm/module_job:430:25)
2026-05-11T00:11:33:     at process.processTicksAndRejections (node:internal/process/task_queues:103:5)
2026-05-11T00:11:33:     at async onImport.tracePromise.__proto__ (node:internal/modules/esm/loader:661:26)
2026-05-11T00:11:33:     at async asyncRunEntryPointWithESMLoader (node:internal/modules/run_main:101:5)
2026-05-11T00:11:33: Emitted 'error' event on Server instance at:
2026-05-11T00:11:33:     at emitErrorNT (node:net:1976:8)
2026-05-11T00:11:33:     at process.processTicksAndRejections (node:internal/process/task_queues:89:21) {
2026-05-11T00:11:33:   code: 'EADDRINUSE',
2026-05-11T00:11:33:   errno: -4091,
2026-05-11T00:11:33:   syscall: 'listen',
2026-05-11T00:11:33:   address: '::',
2026-05-11T00:11:33:   port: 4000
2026-05-11T00:11:33: }
2026-05-11T00:11:33: 
2026-05-11T00:11:33: Node.js v24.13.1
2026-05-11T00:11:35: node:events:486
2026-05-11T00:11:35:       throw er; // Unhandled 'error' event
2026-05-11T00:11:35:       ^
2026-05-11T00:11:35: 
2026-05-11T00:11:35: Error: listen EADDRINUSE: address already in use :::4000
2026-05-11T00:11:35:     at Server.setupListenHandle [as _listen2] (node:net:1940:16)
2026-05-11T00:11:35:     at listenInCluster (node:net:1997:12)
2026-05-11T00:11:35:     at Server.listen (node:net:2102:7)
2026-05-11T00:11:35:     at app.listen (C:\Users\Anmol\OneDrive\Desktop\B\coding-portal\backend\node_modules\express\lib\application.js:635:24)
2026-05-11T00:11:35:     at <anonymous> (C:\Users\Anmol\OneDrive\Desktop\B\coding-portal\backend\src\index.ts:42:5)
2026-05-11T00:11:35:     at ModuleJob.run (node:internal/modules/esm/module_job:430:25)
2026-05-11T00:11:35:     at process.processTicksAndRejections (node:internal/process/task_queues:103:5)
2026-05-11T00:11:35:     at async onImport.tracePromise.__proto__ (node:internal/modules/esm/loader:661:26)
2026-05-11T00:11:35:     at async asyncRunEntryPointWithESMLoader (node:internal/modules/run_main:101:5)
2026-05-11T00:11:35: Emitted 'error' event on Server instance at:
2026-05-11T00:11:35:     at emitErrorNT (node:net:1976:8)
2026-05-11T00:11:35:     at process.processTicksAndRejections (node:internal/process/task_queues:89:21) {
2026-05-11T00:11:35:   code: 'EADDRINUSE',
2026-05-11T00:11:35:   errno: -4091,
2026-05-11T00:11:35:   syscall: 'listen',
2026-05-11T00:11:35:   address: '::',
2026-05-11T00:11:35:   port: 4000
2026-05-11T00:11:35: }
2026-05-11T00:11:35: 
2026-05-11T00:11:35: Node.js v24.13.1
2026-05-11T00:11:38: node:events:486
2026-05-11T00:11:38:       throw er; // Unhandled 'error' event
2026-05-11T00:11:38:       ^
2026-05-11T00:11:38: 
2026-05-11T00:11:38: Error: listen EADDRINUSE: address already in use :::4000
2026-05-11T00:11:38:     at Server.setupListenHandle [as _listen2] (node:net:1940:16)
2026-05-11T00:11:38:     at listenInCluster (node:net:1997:12)
2026-05-11T00:11:38:     at Server.listen (node:net:2102:7)
2026-05-11T00:11:38:     at app.listen (C:\Users\Anmol\OneDrive\Desktop\B\coding-portal\backend\node_modules\express\lib\application.js:635:24)
2026-05-11T00:11:38:     at <anonymous> (C:\Users\Anmol\OneDrive\Desktop\B\coding-portal\backend\src\index.ts:42:5)
2026-05-11T00:11:38:     at ModuleJob.run (node:internal/modules/esm/module_job:430:25)
2026-05-11T00:11:38:     at process.processTicksAndRejections (node:internal/process/task_queues:103:5)
2026-05-11T00:11:38:     at async onImport.tracePromise.__proto__ (node:internal/modules/esm/loader:661:26)
2026-05-11T00:11:38:     at async asyncRunEntryPointWithESMLoader (node:internal/modules/run_main:101:5)
2026-05-11T00:11:38: Emitted 'error' event on Server instance at:
2026-05-11T00:11:38:     at emitErrorNT (node:net:1976:8)
2026-05-11T00:11:38:     at process.processTicksAndRejections (node:internal/process/task_queues:89:21) {
2026-05-11T00:11:38:   code: 'EADDRINUSE',
2026-05-11T00:11:38:   errno: -4091,
2026-05-11T00:11:38:   syscall: 'listen',
2026-05-11T00:11:38:   address: '::',
2026-05-11T00:11:38:   port: 4000
2026-05-11T00:11:38: }
2026-05-11T00:11:38: 
2026-05-11T00:11:38: Node.js v24.13.1
2026-05-11T00:11:40: node:events:486
2026-05-11T00:11:40:       throw er; // Unhandled 'error' event
2026-05-11T00:11:40:       ^
2026-05-11T00:11:40: 
2026-05-11T00:11:40: Error: listen EADDRINUSE: address already in use :::4000
2026-05-11T00:11:40:     at Server.setupListenHandle [as _listen2] (node:net:1940:16)
2026-05-11T00:11:40:     at listenInCluster (node:net:1997:12)
2026-05-11T00:11:40:     at Server.listen (node:net:2102:7)
2026-05-11T00:11:40:     at app.listen (C:\Users\Anmol\OneDrive\Desktop\B\coding-portal\backend\node_modules\express\lib\application.js:635:24)
2026-05-11T00:11:40:     at <anonymous> (C:\Users\Anmol\OneDrive\Desktop\B\coding-portal\backend\src\index.ts:42:5)
2026-05-11T00:11:40:     at ModuleJob.run (node:internal/modules/esm/module_job:430:25)
2026-05-11T00:11:40:     at process.processTicksAndRejections (node:internal/process/task_queues:103:5)
2026-05-11T00:11:40:     at async onImport.tracePromise.__proto__ (node:internal/modules/esm/loader:661:26)
2026-05-11T00:11:40:     at async asyncRunEntryPointWithESMLoader (node:internal/modules/run_main:101:5)
2026-05-11T00:11:40: Emitted 'error' event on Server instance at:
2026-05-11T00:11:40:     at emitErrorNT (node:net:1976:8)
2026-05-11T00:11:40:     at process.processTicksAndRejections (node:internal/process/task_queues:89:21) {
2026-05-11T00:11:40:   code: 'EADDRINUSE',
2026-05-11T00:11:40:   errno: -4091,
2026-05-11T00:11:40:   syscall: 'listen',
2026-05-11T00:11:40:   address: '::',
2026-05-11T00:11:40:   port: 4000
2026-05-11T00:11:40: }
2026-05-11T00:11:40: 
2026-05-11T00:11:40: Node.js v24.13.1
2026-05-11T00:11:43: node:events:486
2026-05-11T00:11:43:       throw er; // Unhandled 'error' event
2026-05-11T00:11:43:       ^
2026-05-11T00:11:43: 
2026-05-11T00:11:43: Error: listen EADDRINUSE: address already in use :::4000
2026-05-11T00:11:43:     at Server.setupListenHandle [as _listen2] (node:net:1940:16)
2026-05-11T00:11:43:     at listenInCluster (node:net:1997:12)
2026-05-11T00:11:43:     at Server.listen (node:net:2102:7)
2026-05-11T00:11:43:     at app.listen (C:\Users\Anmol\OneDrive\Desktop\B\coding-portal\backend\node_modules\express\lib\application.js:635:24)
2026-05-11T00:11:43:     at <anonymous> (C:\Users\Anmol\OneDrive\Desktop\B\coding-portal\backend\src\index.ts:42:5)
2026-05-11T00:11:43:     at ModuleJob.run (node:internal/modules/esm/module_job:430:25)
2026-05-11T00:11:43:     at process.processTicksAndRejections (node:internal/process/task_queues:103:5)
2026-05-11T00:11:43:     at async onImport.tracePromise.__proto__ (node:internal/modules/esm/loader:661:26)
2026-05-11T00:11:43:     at async asyncRunEntryPointWithESMLoader (node:internal/modules/run_main:101:5)
2026-05-11T00:11:43: Emitted 'error' event on Server instance at:
2026-05-11T00:11:43:     at emitErrorNT (node:net:1976:8)
2026-05-11T00:11:43:     at process.processTicksAndRejections (node:internal/process/task_queues:89:21) {
2026-05-11T00:11:43:   code: 'EADDRINUSE',
2026-05-11T00:11:43:   errno: -4091,
2026-05-11T00:11:43:   syscall: 'listen',
2026-05-11T00:11:43:   address: '::',
2026-05-11T00:11:43:   port: 4000
2026-05-11T00:11:43: }
2026-05-11T00:11:43: 
2026-05-11T00:11:43: Node.js v24.13.1
2026-05-11T00:11:45: node:events:486
2026-05-11T00:11:45:       throw er; // Unhandled 'error' event
2026-05-11T00:11:45:       ^
2026-05-11T00:11:45: 
2026-05-11T00:11:45: Error: listen EADDRINUSE: address already in use :::4000
2026-05-11T00:11:45:     at Server.setupListenHandle [as _listen2] (node:net:1940:16)
2026-05-11T00:11:45:     at listenInCluster (node:net:1997:12)
2026-05-11T00:11:45:     at Server.listen (node:net:2102:7)
2026-05-11T00:11:45:     at app.listen (C:\Users\Anmol\OneDrive\Desktop\B\coding-portal\backend\node_modules\express\lib\application.js:635:24)
2026-05-11T00:11:45:     at <anonymous> (C:\Users\Anmol\OneDrive\Desktop\B\coding-portal\backend\src\index.ts:42:5)
2026-05-11T00:11:45:     at ModuleJob.run (node:internal/modules/esm/module_job:430:25)
2026-05-11T00:11:45:     at process.processTicksAndRejections (node:internal/process/task_queues:103:5)
2026-05-11T00:11:45:     at async onImport.tracePromise.__proto__ (node:internal/modules/esm/loader:661:26)
2026-05-11T00:11:45:     at async asyncRunEntryPointWithESMLoader (node:internal/modules/run_main:101:5)
2026-05-11T00:11:45: Emitted 'error' event on Server instance at:
2026-05-11T00:11:45:     at emitErrorNT (node:net:1976:8)
2026-05-11T00:11:45:     at process.processTicksAndRejections (node:internal/process/task_queues:89:21) {
2026-05-11T00:11:45:   code: 'EADDRINUSE',
2026-05-11T00:11:45:   errno: -4091,
2026-05-11T00:11:45:   syscall: 'listen',
2026-05-11T00:11:45:   address: '::',
2026-05-11T00:11:45:   port: 4000
2026-05-11T00:11:45: }
2026-05-11T00:11:45: 
2026-05-11T00:11:45: Node.js v24.13.1
2026-05-11T00:11:48: node:events:486
2026-05-11T00:11:48:       throw er; // Unhandled 'error' event
2026-05-11T00:11:48:       ^
2026-05-11T00:11:48: 
2026-05-11T00:11:48: Error: listen EADDRINUSE: address already in use :::4000
2026-05-11T00:11:48:     at Server.setupListenHandle [as _listen2] (node:net:1940:16)
2026-05-11T00:11:48:     at listenInCluster (node:net:1997:12)
2026-05-11T00:11:48:     at Server.listen (node:net:2102:7)
2026-05-11T00:11:48:     at app.listen (C:\Users\Anmol\OneDrive\Desktop\B\coding-portal\backend\node_modules\express\lib\application.js:635:24)
2026-05-11T00:11:48:     at <anonymous> (C:\Users\Anmol\OneDrive\Desktop\B\coding-portal\backend\src\index.ts:42:5)
2026-05-11T00:11:48:     at ModuleJob.run (node:internal/modules/esm/module_job:430:25)
2026-05-11T00:11:48:     at process.processTicksAndRejections (node:internal/process/task_queues:103:5)
2026-05-11T00:11:48:     at async onImport.tracePromise.__proto__ (node:internal/modules/esm/loader:661:26)
2026-05-11T00:11:48:     at async asyncRunEntryPointWithESMLoader (node:internal/modules/run_main:101:5)
2026-05-11T00:11:48: Emitted 'error' event on Server instance at:
2026-05-11T00:11:48:     at emitErrorNT (node:net:1976:8)
2026-05-11T00:11:48:     at process.processTicksAndRejections (node:internal/process/task_queues:89:21) {
2026-05-11T00:11:48:   code: 'EADDRINUSE',
2026-05-11T00:11:48:   errno: -4091,
2026-05-11T00:11:48:   syscall: 'listen',
2026-05-11T00:11:48:   address: '::',
2026-05-11T00:11:48:   port: 4000
2026-05-11T00:11:48: }
2026-05-11T00:11:48: 
2026-05-11T00:11:48: Node.js v24.13.1
2026-05-11T00:11:50: node:events:486
2026-05-11T00:11:50:       throw er; // Unhandled 'error' event
2026-05-11T00:11:50:       ^
2026-05-11T00:11:50: 
2026-05-11T00:11:50: Error: listen EADDRINUSE: address already in use :::4000
2026-05-11T00:11:50:     at Server.setupListenHandle [as _listen2] (node:net:1940:16)
2026-05-11T00:11:50:     at listenInCluster (node:net:1997:12)
2026-05-11T00:11:50:     at Server.listen (node:net:2102:7)
2026-05-11T00:11:50:     at app.listen (C:\Users\Anmol\OneDrive\Desktop\B\coding-portal\backend\node_modules\express\lib\application.js:635:24)
2026-05-11T00:11:50:     at <anonymous> (C:\Users\Anmol\OneDrive\Desktop\B\coding-portal\backend\src\index.ts:42:5)
2026-05-11T00:11:50:     at ModuleJob.run (node:internal/modules/esm/module_job:430:25)
2026-05-11T00:11:50:     at process.processTicksAndRejections (node:internal/process/task_queues:103:5)
2026-05-11T00:11:50:     at async onImport.tracePromise.__proto__ (node:internal/modules/esm/loader:661:26)
2026-05-11T00:11:50:     at async asyncRunEntryPointWithESMLoader (node:internal/modules/run_main:101:5)
2026-05-11T00:11:50: Emitted 'error' event on Server instance at:
2026-05-11T00:11:50:     at emitErrorNT (node:net:1976:8)
2026-05-11T00:11:50:     at process.processTicksAndRejections (node:internal/process/task_queues:89:21) {
2026-05-11T00:11:50:   code: 'EADDRINUSE',
2026-05-11T00:11:50:   errno: -4091,
2026-05-11T00:11:50:   syscall: 'listen',
2026-05-11T00:11:50:   address: '::',
2026-05-11T00:11:50:   port: 4000
2026-05-11T00:11:50: }
2026-05-11T00:11:50: 
2026-05-11T00:11:50: Node.js v24.13.1
2026-05-11T00:11:52: node:events:486
2026-05-11T00:11:52:       throw er; // Unhandled 'error' event
2026-05-11T00:11:52:       ^
2026-05-11T00:11:52: 
2026-05-11T00:11:52: Error: listen EADDRINUSE: address already in use :::4000
2026-05-11T00:11:52:     at Server.setupListenHandle [as _listen2] (node:net:1940:16)
2026-05-11T00:11:52:     at listenInCluster (node:net:1997:12)
2026-05-11T00:11:52:     at Server.listen (node:net:2102:7)
2026-05-11T00:11:52:     at app.listen (C:\Users\Anmol\OneDrive\Desktop\B\coding-portal\backend\node_modules\express\lib\application.js:635:24)
2026-05-11T00:11:52:     at <anonymous> (C:\Users\Anmol\OneDrive\Desktop\B\coding-portal\backend\src\index.ts:42:5)
2026-05-11T00:11:52:     at ModuleJob.run (node:internal/modules/esm/module_job:430:25)
2026-05-11T00:11:52:     at process.processTicksAndRejections (node:internal/process/task_queues:103:5)
2026-05-11T00:11:52:     at async onImport.tracePromise.__proto__ (node:internal/modules/esm/loader:661:26)
2026-05-11T00:11:52:     at async asyncRunEntryPointWithESMLoader (node:internal/modules/run_main:101:5)
2026-05-11T00:11:52: Emitted 'error' event on Server instance at:
2026-05-11T00:11:52:     at emitErrorNT (node:net:1976:8)
2026-05-11T00:11:52:     at process.processTicksAndRejections (node:internal/process/task_queues:89:21) {
2026-05-11T00:11:52:   code: 'EADDRINUSE',
2026-05-11T00:11:52:   errno: -4091,
2026-05-11T00:11:52:   syscall: 'listen',
2026-05-11T00:11:52:   address: '::',
2026-05-11T00:11:52:   port: 4000
2026-05-11T00:11:52: }
2026-05-11T00:11:52: 
2026-05-11T00:11:52: Node.js v24.13.1
2026-05-11T00:11:55: node:events:486
2026-05-11T00:11:55:       throw er; // Unhandled 'error' event
2026-05-11T00:11:55:       ^
2026-05-11T00:11:55: 
2026-05-11T00:11:55: Error: listen EADDRINUSE: address already in use :::4000
2026-05-11T00:11:55:     at Server.setupListenHandle [as _listen2] (node:net:1940:16)
2026-05-11T00:11:55:     at listenInCluster (node:net:1997:12)
2026-05-11T00:11:55:     at Server.listen (node:net:2102:7)
2026-05-11T00:11:55:     at app.listen (C:\Users\Anmol\OneDrive\Desktop\B\coding-portal\backend\node_modules\express\lib\application.js:635:24)
2026-05-11T00:11:55:     at <anonymous> (C:\Users\Anmol\OneDrive\Desktop\B\coding-portal\backend\src\index.ts:42:5)
2026-05-11T00:11:55:     at ModuleJob.run (node:internal/modules/esm/module_job:430:25)
2026-05-11T00:11:55:     at process.processTicksAndRejections (node:internal/process/task_queues:103:5)
2026-05-11T00:11:55:     at async onImport.tracePromise.__proto__ (node:internal/modules/esm/loader:661:26)
2026-05-11T00:11:55:     at async asyncRunEntryPointWithESMLoader (node:internal/modules/run_main:101:5)
2026-05-11T00:11:55: Emitted 'error' event on Server instance at:
2026-05-11T00:11:55:     at emitErrorNT (node:net:1976:8)
2026-05-11T00:11:55:     at process.processTicksAndRejections (node:internal/process/task_queues:89:21) {
2026-05-11T00:11:55:   code: 'EADDRINUSE',
2026-05-11T00:11:55:   errno: -4091,
2026-05-11T00:11:55:   syscall: 'listen',
2026-05-11T00:11:55:   address: '::',
2026-05-11T00:11:55:   port: 4000
2026-05-11T00:11:55: }
2026-05-11T00:11:55: 
2026-05-11T00:11:55: Node.js v24.13.1
2026-05-11T00:11:57: node:events:486
2026-05-11T00:11:57:       throw er; // Unhandled 'error' event
2026-05-11T00:11:57:       ^
2026-05-11T00:11:57: 
2026-05-11T00:11:57: Error: listen EADDRINUSE: address already in use :::4000
2026-05-11T00:11:57:     at Server.setupListenHandle [as _listen2] (node:net:1940:16)
2026-05-11T00:11:57:     at listenInCluster (node:net:1997:12)
2026-05-11T00:11:57:     at Server.listen (node:net:2102:7)
2026-05-11T00:11:57:     at app.listen (C:\Users\Anmol\OneDrive\Desktop\B\coding-portal\backend\node_modules\express\lib\application.js:635:24)
2026-05-11T00:11:57:     at <anonymous> (C:\Users\Anmol\OneDrive\Desktop\B\coding-portal\backend\src\index.ts:42:5)
2026-05-11T00:11:57:     at ModuleJob.run (node:internal/modules/esm/module_job:430:25)
2026-05-11T00:11:57:     at process.processTicksAndRejections (node:internal/process/task_queues:103:5)
2026-05-11T00:11:57:     at async onImport.tracePromise.__proto__ (node:internal/modules/esm/loader:661:26)
2026-05-11T00:11:57:     at async asyncRunEntryPointWithESMLoader (node:internal/modules/run_main:101:5)
2026-05-11T00:11:57: Emitted 'error' event on Server instance at:
2026-05-11T00:11:57:     at emitErrorNT (node:net:1976:8)
2026-05-11T00:11:57:     at process.processTicksAndRejections (node:internal/process/task_queues:89:21) {
2026-05-11T00:11:57:   code: 'EADDRINUSE',
2026-05-11T00:11:57:   errno: -4091,
2026-05-11T00:11:57:   syscall: 'listen',
2026-05-11T00:11:57:   address: '::',
2026-05-11T00:11:57:   port: 4000
2026-05-11T00:11:57: }
2026-05-11T00:11:57: 
2026-05-11T00:11:57: Node.js v24.13.1
2026-05-11T00:12:00: node:events:486
2026-05-11T00:12:00:       throw er; // Unhandled 'error' event
2026-05-11T00:12:00:       ^
2026-05-11T00:12:00: 
2026-05-11T00:12:00: Error: listen EADDRINUSE: address already in use :::4000
2026-05-11T00:12:00:     at Server.setupListenHandle [as _listen2] (node:net:1940:16)
2026-05-11T00:12:00:     at listenInCluster (node:net:1997:12)
2026-05-11T00:12:00:     at Server.listen (node:net:2102:7)
2026-05-11T00:12:00:     at app.listen (C:\Users\Anmol\OneDrive\Desktop\B\coding-portal\backend\node_modules\express\lib\application.js:635:24)
2026-05-11T00:12:00:     at <anonymous> (C:\Users\Anmol\OneDrive\Desktop\B\coding-portal\backend\src\index.ts:42:5)
2026-05-11T00:12:00:     at ModuleJob.run (node:internal/modules/esm/module_job:430:25)
2026-05-11T00:12:00:     at process.processTicksAndRejections (node:internal/process/task_queues:103:5)
2026-05-11T00:12:00:     at async onImport.tracePromise.__proto__ (node:internal/modules/esm/loader:661:26)
2026-05-11T00:12:00:     at async asyncRunEntryPointWithESMLoader (node:internal/modules/run_main:101:5)
2026-05-11T00:12:00: Emitted 'error' event on Server instance at:
2026-05-11T00:12:00:     at emitErrorNT (node:net:1976:8)
2026-05-11T00:12:00:     at process.processTicksAndRejections (node:internal/process/task_queues:89:21) {
2026-05-11T00:12:00:   code: 'EADDRINUSE',
2026-05-11T00:12:00:   errno: -4091,
2026-05-11T00:12:00:   syscall: 'listen',
2026-05-11T00:12:00:   address: '::',
2026-05-11T00:12:00:   port: 4000
2026-05-11T00:12:00: }
2026-05-11T00:12:00: 
2026-05-11T00:12:00: Node.js v24.13.1
2026-05-11T00:12:02: node:events:486
2026-05-11T00:12:02:       throw er; // Unhandled 'error' event
2026-05-11T00:12:02:       ^
2026-05-11T00:12:02: 
2026-05-11T00:12:02: Error: listen EADDRINUSE: address already in use :::4000
2026-05-11T00:12:02:     at Server.setupListenHandle [as _listen2] (node:net:1940:16)
2026-05-11T00:12:02:     at listenInCluster (node:net:1997:12)
2026-05-11T00:12:02:     at Server.listen (node:net:2102:7)
2026-05-11T00:12:02:     at app.listen (C:\Users\Anmol\OneDrive\Desktop\B\coding-portal\backend\node_modules\express\lib\application.js:635:24)
2026-05-11T00:12:02:     at <anonymous> (C:\Users\Anmol\OneDrive\Desktop\B\coding-portal\backend\src\index.ts:42:5)
2026-05-11T00:12:02:     at ModuleJob.run (node:internal/modules/esm/module_job:430:25)
2026-05-11T00:12:02:     at process.processTicksAndRejections (node:internal/process/task_queues:103:5)
2026-05-11T00:12:02:     at async onImport.tracePromise.__proto__ (node:internal/modules/esm/loader:661:26)
2026-05-11T00:12:02:     at async asyncRunEntryPointWithESMLoader (node:internal/modules/run_main:101:5)
2026-05-11T00:12:02: Emitted 'error' event on Server instance at:
2026-05-11T00:12:02:     at emitErrorNT (node:net:1976:8)
2026-05-11T00:12:02:     at process.processTicksAndRejections (node:internal/process/task_queues:89:21) {
2026-05-11T00:12:02:   code: 'EADDRINUSE',
2026-05-11T00:12:02:   errno: -4091,
2026-05-11T00:12:02:   syscall: 'listen',
2026-05-11T00:12:02:   address: '::',
2026-05-11T00:12:02:   port: 4000
2026-05-11T00:12:02: }
2026-05-11T00:12:02: 
2026-05-11T00:12:02: Node.js v24.13.1
2026-05-11T00:12:04: node:events:486
2026-05-11T00:12:04:       throw er; // Unhandled 'error' event
2026-05-11T00:12:04:       ^
2026-05-11T00:12:04: 
2026-05-11T00:12:04: Error: listen EADDRINUSE: address already in use :::4000
2026-05-11T00:12:04:     at Server.setupListenHandle [as _listen2] (node:net:1940:16)
2026-05-11T00:12:04:     at listenInCluster (node:net:1997:12)
2026-05-11T00:12:04:     at Server.listen (node:net:2102:7)
2026-05-11T00:12:04:     at app.listen (C:\Users\Anmol\OneDrive\Desktop\B\coding-portal\backend\node_modules\express\lib\application.js:635:24)
2026-05-11T00:12:04:     at <anonymous> (C:\Users\Anmol\OneDrive\Desktop\B\coding-portal\backend\src\index.ts:42:5)
2026-05-11T00:12:04:     at ModuleJob.run (node:internal/modules/esm/module_job:430:25)
2026-05-11T00:12:04:     at process.processTicksAndRejections (node:internal/process/task_queues:103:5)
2026-05-11T00:12:04:     at async onImport.tracePromise.__proto__ (node:internal/modules/esm/loader:661:26)
2026-05-11T00:12:04:     at async asyncRunEntryPointWithESMLoader (node:internal/modules/run_main:101:5)
2026-05-11T00:12:04: Emitted 'error' event on Server instance at:
2026-05-11T00:12:04:     at emitErrorNT (node:net:1976:8)
2026-05-11T00:12:04:     at process.processTicksAndRejections (node:internal/process/task_queues:89:21) {
2026-05-11T00:12:04:   code: 'EADDRINUSE',
2026-05-11T00:12:04:   errno: -4091,
2026-05-11T00:12:04:   syscall: 'listen',
2026-05-11T00:12:04:   address: '::',
2026-05-11T00:12:04:   port: 4000
2026-05-11T00:12:04: }
2026-05-11T00:12:04: 
2026-05-11T00:12:04: Node.js v24.13.1
2026-05-11T00:12:07: node:events:486
2026-05-11T00:12:07:       throw er; // Unhandled 'error' event
2026-05-11T00:12:07:       ^
2026-05-11T00:12:07: 
2026-05-11T00:12:07: Error: listen EADDRINUSE: address already in use :::4000
2026-05-11T00:12:07:     at Server.setupListenHandle [as _listen2] (node:net:1940:16)
2026-05-11T00:12:07:     at listenInCluster (node:net:1997:12)
2026-05-11T00:12:07:     at Server.listen (node:net:2102:7)
2026-05-11T00:12:07:     at app.listen (C:\Users\Anmol\OneDrive\Desktop\B\coding-portal\backend\node_modules\express\lib\application.js:635:24)
2026-05-11T00:12:07:     at <anonymous> (C:\Users\Anmol\OneDrive\Desktop\B\coding-portal\backend\src\index.ts:42:5)
2026-05-11T00:12:07:     at ModuleJob.run (node:internal/modules/esm/module_job:430:25)
2026-05-11T00:12:07:     at process.processTicksAndRejections (node:internal/process/task_queues:103:5)
2026-05-11T00:12:07:     at async onImport.tracePromise.__proto__ (node:internal/modules/esm/loader:661:26)
2026-05-11T00:12:07:     at async asyncRunEntryPointWithESMLoader (node:internal/modules/run_main:101:5)
2026-05-11T00:12:07: Emitted 'error' event on Server instance at:
2026-05-11T00:12:07:     at emitErrorNT (node:net:1976:8)
2026-05-11T00:12:07:     at process.processTicksAndRejections (node:internal/process/task_queues:89:21) {
2026-05-11T00:12:07:   code: 'EADDRINUSE',
2026-05-11T00:12:07:   errno: -4091,
2026-05-11T00:12:07:   syscall: 'listen',
2026-05-11T00:12:07:   address: '::',
2026-05-11T00:12:07:   port: 4000
2026-05-11T00:12:07: }
2026-05-11T00:12:07: 
2026-05-11T00:12:07: Node.js v24.13.1
2026-05-11T00:12:09: node:events:486
2026-05-11T00:12:09:       throw er; // Unhandled 'error' event
2026-05-11T00:12:09:       ^
2026-05-11T00:12:09: 
2026-05-11T00:12:09: Error: listen EADDRINUSE: address already in use :::4000
2026-05-11T00:12:09:     at Server.setupListenHandle [as _listen2] (node:net:1940:16)
2026-05-11T00:12:09:     at listenInCluster (node:net:1997:12)
2026-05-11T00:12:09:     at Server.listen (node:net:2102:7)
2026-05-11T00:12:09:     at app.listen (C:\Users\Anmol\OneDrive\Desktop\B\coding-portal\backend\node_modules\express\lib\application.js:635:24)
2026-05-11T00:12:09:     at <anonymous> (C:\Users\Anmol\OneDrive\Desktop\B\coding-portal\backend\src\index.ts:42:5)
2026-05-11T00:12:09:     at ModuleJob.run (node:internal/modules/esm/module_job:430:25)
2026-05-11T00:12:09:     at process.processTicksAndRejections (node:internal/process/task_queues:103:5)
2026-05-11T00:12:09:     at async onImport.tracePromise.__proto__ (node:internal/modules/esm/loader:661:26)
2026-05-11T00:12:09:     at async asyncRunEntryPointWithESMLoader (node:internal/modules/run_main:101:5)
2026-05-11T00:12:09: Emitted 'error' event on Server instance at:
2026-05-11T00:12:09:     at emitErrorNT (node:net:1976:8)
2026-05-11T00:12:09:     at process.processTicksAndRejections (node:internal/process/task_queues:89:21) {
2026-05-11T00:12:09:   code: 'EADDRINUSE',
2026-05-11T00:12:09:   errno: -4091,
2026-05-11T00:12:09:   syscall: 'listen',
2026-05-11T00:12:09:   address: '::',
2026-05-11T00:12:09:   port: 4000
2026-05-11T00:12:09: }
2026-05-11T00:12:09: 
2026-05-11T00:12:09: Node.js v24.13.1
2026-05-11T00:12:11: node:events:486
2026-05-11T00:12:11:       throw er; // Unhandled 'error' event
2026-05-11T00:12:11:       ^
2026-05-11T00:12:11: 
2026-05-11T00:12:11: Error: listen EADDRINUSE: address already in use :::4000
2026-05-11T00:12:11:     at Server.setupListenHandle [as _listen2] (node:net:1940:16)
2026-05-11T00:12:11:     at listenInCluster (node:net:1997:12)
2026-05-11T00:12:11:     at Server.listen (node:net:2102:7)
2026-05-11T00:12:11:     at app.listen (C:\Users\Anmol\OneDrive\Desktop\B\coding-portal\backend\node_modules\express\lib\application.js:635:24)
2026-05-11T00:12:11:     at <anonymous> (C:\Users\Anmol\OneDrive\Desktop\B\coding-portal\backend\src\index.ts:42:5)
2026-05-11T00:12:11:     at ModuleJob.run (node:internal/modules/esm/module_job:430:25)
2026-05-11T00:12:11:     at process.processTicksAndRejections (node:internal/process/task_queues:103:5)
2026-05-11T00:12:11:     at async onImport.tracePromise.__proto__ (node:internal/modules/esm/loader:661:26)
2026-05-11T00:12:11:     at async asyncRunEntryPointWithESMLoader (node:internal/modules/run_main:101:5)
2026-05-11T00:12:11: Emitted 'error' event on Server instance at:
2026-05-11T00:12:11:     at emitErrorNT (node:net:1976:8)
2026-05-11T00:12:11:     at process.processTicksAndRejections (node:internal/process/task_queues:89:21) {
2026-05-11T00:12:11:   code: 'EADDRINUSE',
2026-05-11T00:12:11:   errno: -4091,
2026-05-11T00:12:11:   syscall: 'listen',
2026-05-11T00:12:11:   address: '::',
2026-05-11T00:12:11:   port: 4000
2026-05-11T00:12:11: }
2026-05-11T00:12:11: 
2026-05-11T00:12:11: Node.js v24.13.1
2026-05-11T00:12:13: node:events:486
2026-05-11T00:12:13:       throw er; // Unhandled 'error' event
2026-05-11T00:12:13:       ^
2026-05-11T00:12:13: 
2026-05-11T00:12:13: Error: listen EADDRINUSE: address already in use :::4000
2026-05-11T00:12:13:     at Server.setupListenHandle [as _listen2] (node:net:1940:16)
2026-05-11T00:12:13:     at listenInCluster (node:net:1997:12)
2026-05-11T00:12:13:     at Server.listen (node:net:2102:7)
2026-05-11T00:12:13:     at app.listen (C:\Users\Anmol\OneDrive\Desktop\B\coding-portal\backend\node_modules\express\lib\application.js:635:24)
2026-05-11T00:12:13:     at <anonymous> (C:\Users\Anmol\OneDrive\Desktop\B\coding-portal\backend\src\index.ts:42:5)
2026-05-11T00:12:13:     at ModuleJob.run (node:internal/modules/esm/module_job:430:25)
2026-05-11T00:12:13:     at process.processTicksAndRejections (node:internal/process/task_queues:103:5)
2026-05-11T00:12:13:     at async onImport.tracePromise.__proto__ (node:internal/modules/esm/loader:661:26)
2026-05-11T00:12:13:     at async asyncRunEntryPointWithESMLoader (node:internal/modules/run_main:101:5)
2026-05-11T00:12:13: Emitted 'error' event on Server instance at:
2026-05-11T00:12:13:     at emitErrorNT (node:net:1976:8)
2026-05-11T00:12:13:     at process.processTicksAndRejections (node:internal/process/task_queues:89:21) {
2026-05-11T00:12:13:   code: 'EADDRINUSE',
2026-05-11T00:12:13:   errno: -4091,
2026-05-11T00:12:13:   syscall: 'listen',
2026-05-11T00:12:13:   address: '::',
2026-05-11T00:12:13:   port: 4000
2026-05-11T00:12:13: }
2026-05-11T00:12:13: 
2026-05-11T00:12:13: Node.js v24.13.1
2026-05-11T00:12:16: node:events:486
2026-05-11T00:12:16:       throw er; // Unhandled 'error' event
2026-05-11T00:12:16:       ^
2026-05-11T00:12:16: 
2026-05-11T00:12:16: Error: listen EADDRINUSE: address already in use :::4000
2026-05-11T00:12:16:     at Server.setupListenHandle [as _listen2] (node:net:1940:16)
2026-05-11T00:12:16:     at listenInCluster (node:net:1997:12)
2026-05-11T00:12:16:     at Server.listen (node:net:2102:7)
2026-05-11T00:12:16:     at app.listen (C:\Users\Anmol\OneDrive\Desktop\B\coding-portal\backend\node_modules\express\lib\application.js:635:24)
2026-05-11T00:12:16:     at <anonymous> (C:\Users\Anmol\OneDrive\Desktop\B\coding-portal\backend\src\index.ts:42:5)
2026-05-11T00:12:16:     at ModuleJob.run (node:internal/modules/esm/module_job:430:25)
2026-05-11T00:12:16:     at process.processTicksAndRejections (node:internal/process/task_queues:103:5)
2026-05-11T00:12:16:     at async onImport.tracePromise.__proto__ (node:internal/modules/esm/loader:661:26)
2026-05-11T00:12:16:     at async asyncRunEntryPointWithESMLoader (node:internal/modules/run_main:101:5)
2026-05-11T00:12:16: Emitted 'error' event on Server instance at:
2026-05-11T00:12:16:     at emitErrorNT (node:net:1976:8)
2026-05-11T00:12:16:     at process.processTicksAndRejections (node:internal/process/task_queues:89:21) {
2026-05-11T00:12:16:   code: 'EADDRINUSE',
2026-05-11T00:12:16:   errno: -4091,
2026-05-11T00:12:16:   syscall: 'listen',
2026-05-11T00:12:16:   address: '::',
2026-05-11T00:12:16:   port: 4000
2026-05-11T00:12:16: }
2026-05-11T00:12:16: 
2026-05-11T00:12:16: Node.js v24.13.1
2026-05-11T00:12:18: node:events:486
2026-05-11T00:12:18:       throw er; // Unhandled 'error' event
2026-05-11T00:12:18:       ^
2026-05-11T00:12:18: 
2026-05-11T00:12:18: Error: listen EADDRINUSE: address already in use :::4000
2026-05-11T00:12:18:     at Server.setupListenHandle [as _listen2] (node:net:1940:16)
2026-05-11T00:12:18:     at listenInCluster (node:net:1997:12)
2026-05-11T00:12:18:     at Server.listen (node:net:2102:7)
2026-05-11T00:12:18:     at app.listen (C:\Users\Anmol\OneDrive\Desktop\B\coding-portal\backend\node_modules\express\lib\application.js:635:24)
2026-05-11T00:12:18:     at <anonymous> (C:\Users\Anmol\OneDrive\Desktop\B\coding-portal\backend\src\index.ts:42:5)
2026-05-11T00:12:18:     at ModuleJob.run (node:internal/modules/esm/module_job:430:25)
2026-05-11T00:12:18:     at process.processTicksAndRejections (node:internal/process/task_queues:103:5)
2026-05-11T00:12:18:     at async onImport.tracePromise.__proto__ (node:internal/modules/esm/loader:661:26)
2026-05-11T00:12:18:     at async asyncRunEntryPointWithESMLoader (node:internal/modules/run_main:101:5)
2026-05-11T00:12:18: Emitted 'error' event on Server instance at:
2026-05-11T00:12:18:     at emitErrorNT (node:net:1976:8)
2026-05-11T00:12:18:     at process.processTicksAndRejections (node:internal/process/task_queues:89:21) {
2026-05-11T00:12:18:   code: 'EADDRINUSE',
2026-05-11T00:12:18:   errno: -4091,
2026-05-11T00:12:18:   syscall: 'listen',
2026-05-11T00:12:18:   address: '::',
2026-05-11T00:12:18:   port: 4000
2026-05-11T00:12:18: }
2026-05-11T00:12:18: 
2026-05-11T00:12:18: Node.js v24.13.1
2026-05-11T00:12:20: node:events:486
2026-05-11T00:12:20:       throw er; // Unhandled 'error' event
2026-05-11T00:12:20:       ^
2026-05-11T00:12:20: 
2026-05-11T00:12:20: Error: listen EADDRINUSE: address already in use :::4000
2026-05-11T00:12:20:     at Server.setupListenHandle [as _listen2] (node:net:1940:16)
2026-05-11T00:12:20:     at listenInCluster (node:net:1997:12)
2026-05-11T00:12:20:     at Server.listen (node:net:2102:7)
2026-05-11T00:12:20:     at app.listen (C:\Users\Anmol\OneDrive\Desktop\B\coding-portal\backend\node_modules\express\lib\application.js:635:24)
2026-05-11T00:12:20:     at <anonymous> (C:\Users\Anmol\OneDrive\Desktop\B\coding-portal\backend\src\index.ts:42:5)
2026-05-11T00:12:20:     at ModuleJob.run (node:internal/modules/esm/module_job:430:25)
2026-05-11T00:12:20:     at process.processTicksAndRejections (node:internal/process/task_queues:103:5)
2026-05-11T00:12:20:     at async onImport.tracePromise.__proto__ (node:internal/modules/esm/loader:661:26)
2026-05-11T00:12:20:     at async asyncRunEntryPointWithESMLoader (node:internal/modules/run_main:101:5)
2026-05-11T00:12:20: Emitted 'error' event on Server instance at:
2026-05-11T00:12:20:     at emitErrorNT (node:net:1976:8)
2026-05-11T00:12:20:     at process.processTicksAndRejections (node:internal/process/task_queues:89:21) {
2026-05-11T00:12:20:   code: 'EADDRINUSE',
2026-05-11T00:12:20:   errno: -4091,
2026-05-11T00:12:20:   syscall: 'listen',
2026-05-11T00:12:20:   address: '::',
2026-05-11T00:12:20:   port: 4000
2026-05-11T00:12:20: }
2026-05-11T00:12:20: 
2026-05-11T00:12:20: Node.js v24.13.1
2026-05-11T00:12:23: node:events:486
2026-05-11T00:12:23:       throw er; // Unhandled 'error' event
2026-05-11T00:12:23:       ^
2026-05-11T00:12:23: 
2026-05-11T00:12:23: Error: listen EADDRINUSE: address already in use :::4000
2026-05-11T00:12:23:     at Server.setupListenHandle [as _listen2] (node:net:1940:16)
2026-05-11T00:12:23:     at listenInCluster (node:net:1997:12)
2026-05-11T00:12:23:     at Server.listen (node:net:2102:7)
2026-05-11T00:12:23:     at app.listen (C:\Users\Anmol\OneDrive\Desktop\B\coding-portal\backend\node_modules\express\lib\application.js:635:24)
2026-05-11T00:12:23:     at <anonymous> (C:\Users\Anmol\OneDrive\Desktop\B\coding-portal\backend\src\index.ts:42:5)
2026-05-11T00:12:23:     at ModuleJob.run (node:internal/modules/esm/module_job:430:25)
2026-05-11T00:12:23:     at process.processTicksAndRejections (node:internal/process/task_queues:103:5)
2026-05-11T00:12:23:     at async onImport.tracePromise.__proto__ (node:internal/modules/esm/loader:661:26)
2026-05-11T00:12:23:     at async asyncRunEntryPointWithESMLoader (node:internal/modules/run_main:101:5)
2026-05-11T00:12:23: Emitted 'error' event on Server instance at:
2026-05-11T00:12:23:     at emitErrorNT (node:net:1976:8)
2026-05-11T00:12:23:     at process.processTicksAndRejections (node:internal/process/task_queues:89:21) {
2026-05-11T00:12:23:   code: 'EADDRINUSE',
2026-05-11T00:12:23:   errno: -4091,
2026-05-11T00:12:23:   syscall: 'listen',
2026-05-11T00:12:23:   address: '::',
2026-05-11T00:12:23:   port: 4000
2026-05-11T00:12:23: }
2026-05-11T00:12:23: 
2026-05-11T00:12:23: Node.js v24.13.1
2026-05-11T00:12:25: node:events:486
2026-05-11T00:12:25:       throw er; // Unhandled 'error' event
2026-05-11T00:12:25:       ^
2026-05-11T00:12:25: 
2026-05-11T00:12:25: Error: listen EADDRINUSE: address already in use :::4000
2026-05-11T00:12:25:     at Server.setupListenHandle [as _listen2] (node:net:1940:16)
2026-05-11T00:12:25:     at listenInCluster (node:net:1997:12)
2026-05-11T00:12:25:     at Server.listen (node:net:2102:7)
2026-05-11T00:12:25:     at app.listen (C:\Users\Anmol\OneDrive\Desktop\B\coding-portal\backend\node_modules\express\lib\application.js:635:24)
2026-05-11T00:12:25:     at <anonymous> (C:\Users\Anmol\OneDrive\Desktop\B\coding-portal\backend\src\index.ts:42:5)
2026-05-11T00:12:25:     at ModuleJob.run (node:internal/modules/esm/module_job:430:25)
2026-05-11T00:12:25:     at process.processTicksAndRejections (node:internal/process/task_queues:103:5)
2026-05-11T00:12:25:     at async onImport.tracePromise.__proto__ (node:internal/modules/esm/loader:661:26)
2026-05-11T00:12:25:     at async asyncRunEntryPointWithESMLoader (node:internal/modules/run_main:101:5)
2026-05-11T00:12:25: Emitted 'error' event on Server instance at:
2026-05-11T00:12:25:     at emitErrorNT (node:net:1976:8)
2026-05-11T00:12:25:     at process.processTicksAndRejections (node:internal/process/task_queues:89:21) {
2026-05-11T00:12:25:   code: 'EADDRINUSE',
2026-05-11T00:12:25:   errno: -4091,
2026-05-11T00:12:25:   syscall: 'listen',
2026-05-11T00:12:25:   address: '::',
2026-05-11T00:12:25:   port: 4000
2026-05-11T00:12:25: }
2026-05-11T00:12:25: 
2026-05-11T00:12:25: Node.js v24.13.1
2026-05-11T00:12:27: node:events:486
2026-05-11T00:12:27:       throw er; // Unhandled 'error' event
2026-05-11T00:12:27:       ^
2026-05-11T00:12:27: 
2026-05-11T00:12:27: Error: listen EADDRINUSE: address already in use :::4000
2026-05-11T00:12:27:     at Server.setupListenHandle [as _listen2] (node:net:1940:16)
2026-05-11T00:12:27:     at listenInCluster (node:net:1997:12)
2026-05-11T00:12:27:     at Server.listen (node:net:2102:7)
2026-05-11T00:12:27:     at app.listen (C:\Users\Anmol\OneDrive\Desktop\B\coding-portal\backend\node_modules\express\lib\application.js:635:24)
2026-05-11T00:12:27:     at <anonymous> (C:\Users\Anmol\OneDrive\Desktop\B\coding-portal\backend\src\index.ts:42:5)
2026-05-11T00:12:27:     at ModuleJob.run (node:internal/modules/esm/module_job:430:25)
2026-05-11T00:12:27:     at process.processTicksAndRejections (node:internal/process/task_queues:103:5)
2026-05-11T00:12:27:     at async onImport.tracePromise.__proto__ (node:internal/modules/esm/loader:661:26)
2026-05-11T00:12:27:     at async asyncRunEntryPointWithESMLoader (node:internal/modules/run_main:101:5)
2026-05-11T00:12:27: Emitted 'error' event on Server instance at:
2026-05-11T00:12:27:     at emitErrorNT (node:net:1976:8)
2026-05-11T00:12:27:     at process.processTicksAndRejections (node:internal/process/task_queues:89:21) {
2026-05-11T00:12:27:   code: 'EADDRINUSE',
2026-05-11T00:12:27:   errno: -4091,
2026-05-11T00:12:27:   syscall: 'listen',
2026-05-11T00:12:27:   address: '::',
2026-05-11T00:12:27:   port: 4000
2026-05-11T00:12:27: }
2026-05-11T00:12:27: 
2026-05-11T00:12:27: Node.js v24.13.1
2026-05-11T00:12:30: node:events:486
2026-05-11T00:12:30:       throw er; // Unhandled 'error' event
2026-05-11T00:12:30:       ^
2026-05-11T00:12:30: 
2026-05-11T00:12:30: Error: listen EADDRINUSE: address already in use :::4000
2026-05-11T00:12:30:     at Server.setupListenHandle [as _listen2] (node:net:1940:16)
2026-05-11T00:12:30:     at listenInCluster (node:net:1997:12)
2026-05-11T00:12:30:     at Server.listen (node:net:2102:7)
2026-05-11T00:12:30:     at app.listen (C:\Users\Anmol\OneDrive\Desktop\B\coding-portal\backend\node_modules\express\lib\application.js:635:24)
2026-05-11T00:12:30:     at <anonymous> (C:\Users\Anmol\OneDrive\Desktop\B\coding-portal\backend\src\index.ts:42:5)
2026-05-11T00:12:30:     at ModuleJob.run (node:internal/modules/esm/module_job:430:25)
2026-05-11T00:12:30:     at process.processTicksAndRejections (node:internal/process/task_queues:103:5)
2026-05-11T00:12:30:     at async onImport.tracePromise.__proto__ (node:internal/modules/esm/loader:661:26)
2026-05-11T00:12:30:     at async asyncRunEntryPointWithESMLoader (node:internal/modules/run_main:101:5)
2026-05-11T00:12:30: Emitted 'error' event on Server instance at:
2026-05-11T00:12:30:     at emitErrorNT (node:net:1976:8)
2026-05-11T00:12:30:     at process.processTicksAndRejections (node:internal/process/task_queues:89:21) {
2026-05-11T00:12:30:   code: 'EADDRINUSE',
2026-05-11T00:12:30:   errno: -4091,
2026-05-11T00:12:30:   syscall: 'listen',
2026-05-11T00:12:30:   address: '::',
2026-05-11T00:12:30:   port: 4000
2026-05-11T00:12:30: }
2026-05-11T00:12:30: 
2026-05-11T00:12:30: Node.js v24.13.1
2026-05-11T00:12:32: node:events:486
2026-05-11T00:12:32:       throw er; // Unhandled 'error' event
2026-05-11T00:12:32:       ^
2026-05-11T00:12:32: 
2026-05-11T00:12:32: Error: listen EADDRINUSE: address already in use :::4000
2026-05-11T00:12:32:     at Server.setupListenHandle [as _listen2] (node:net:1940:16)
2026-05-11T00:12:32:     at listenInCluster (node:net:1997:12)
2026-05-11T00:12:32:     at Server.listen (node:net:2102:7)
2026-05-11T00:12:32:     at app.listen (C:\Users\Anmol\OneDrive\Desktop\B\coding-portal\backend\node_modules\express\lib\application.js:635:24)
2026-05-11T00:12:32:     at <anonymous> (C:\Users\Anmol\OneDrive\Desktop\B\coding-portal\backend\src\index.ts:42:5)
2026-05-11T00:12:32:     at ModuleJob.run (node:internal/modules/esm/module_job:430:25)
2026-05-11T00:12:32:     at process.processTicksAndRejections (node:internal/process/task_queues:103:5)
2026-05-11T00:12:32:     at async onImport.tracePromise.__proto__ (node:internal/modules/esm/loader:661:26)
2026-05-11T00:12:32:     at async asyncRunEntryPointWithESMLoader (node:internal/modules/run_main:101:5)
2026-05-11T00:12:32: Emitted 'error' event on Server instance at:
2026-05-11T00:12:32:     at emitErrorNT (node:net:1976:8)
2026-05-11T00:12:32:     at process.processTicksAndRejections (node:internal/process/task_queues:89:21) {
2026-05-11T00:12:32:   code: 'EADDRINUSE',
2026-05-11T00:12:32:   errno: -4091,
2026-05-11T00:12:32:   syscall: 'listen',
2026-05-11T00:12:32:   address: '::',
2026-05-11T00:12:32:   port: 4000
2026-05-11T00:12:32: }
2026-05-11T00:12:32: 
2026-05-11T00:12:32: Node.js v24.13.1
2026-05-11T00:12:34: node:events:486
2026-05-11T00:12:34:       throw er; // Unhandled 'error' event
2026-05-11T00:12:34:       ^
2026-05-11T00:12:34: 
2026-05-11T00:12:34: Error: listen EADDRINUSE: address already in use :::4000
2026-05-11T00:12:34:     at Server.setupListenHandle [as _listen2] (node:net:1940:16)
2026-05-11T00:12:34:     at listenInCluster (node:net:1997:12)
2026-05-11T00:12:34:     at Server.listen (node:net:2102:7)
2026-05-11T00:12:34:     at app.listen (C:\Users\Anmol\OneDrive\Desktop\B\coding-portal\backend\node_modules\express\lib\application.js:635:24)
2026-05-11T00:12:34:     at <anonymous> (C:\Users\Anmol\OneDrive\Desktop\B\coding-portal\backend\src\index.ts:42:5)
2026-05-11T00:12:34:     at ModuleJob.run (node:internal/modules/esm/module_job:430:25)
2026-05-11T00:12:34:     at process.processTicksAndRejections (node:internal/process/task_queues:103:5)
2026-05-11T00:12:34:     at async onImport.tracePromise.__proto__ (node:internal/modules/esm/loader:661:26)
2026-05-11T00:12:34:     at async asyncRunEntryPointWithESMLoader (node:internal/modules/run_main:101:5)
2026-05-11T00:12:34: Emitted 'error' event on Server instance at:
2026-05-11T00:12:34:     at emitErrorNT (node:net:1976:8)
2026-05-11T00:12:34:     at process.processTicksAndRejections (node:internal/process/task_queues:89:21) {
2026-05-11T00:12:34:   code: 'EADDRINUSE',
2026-05-11T00:12:34:   errno: -4091,
2026-05-11T00:12:34:   syscall: 'listen',
2026-05-11T00:12:34:   address: '::',
2026-05-11T00:12:34:   port: 4000
2026-05-11T00:12:34: }
2026-05-11T00:12:34: 
2026-05-11T00:12:34: Node.js v24.13.1
2026-05-11T00:12:37: node:events:486
2026-05-11T00:12:37:       throw er; // Unhandled 'error' event
2026-05-11T00:12:37:       ^
2026-05-11T00:12:37: 
2026-05-11T00:12:37: Error: listen EADDRINUSE: address already in use :::4000
2026-05-11T00:12:37:     at Server.setupListenHandle [as _listen2] (node:net:1940:16)
2026-05-11T00:12:37:     at listenInCluster (node:net:1997:12)
2026-05-11T00:12:37:     at Server.listen (node:net:2102:7)
2026-05-11T00:12:37:     at app.listen (C:\Users\Anmol\OneDrive\Desktop\B\coding-portal\backend\node_modules\express\lib\application.js:635:24)
2026-05-11T00:12:37:     at <anonymous> (C:\Users\Anmol\OneDrive\Desktop\B\coding-portal\backend\src\index.ts:42:5)
2026-05-11T00:12:37:     at ModuleJob.run (node:internal/modules/esm/module_job:430:25)
2026-05-11T00:12:37:     at process.processTicksAndRejections (node:internal/process/task_queues:103:5)
2026-05-11T00:12:37:     at async onImport.tracePromise.__proto__ (node:internal/modules/esm/loader:661:26)
2026-05-11T00:12:37:     at async asyncRunEntryPointWithESMLoader (node:internal/modules/run_main:101:5)
2026-05-11T00:12:37: Emitted 'error' event on Server instance at:
2026-05-11T00:12:37:     at emitErrorNT (node:net:1976:8)
2026-05-11T00:12:37:     at process.processTicksAndRejections (node:internal/process/task_queues:89:21) {
2026-05-11T00:12:37:   code: 'EADDRINUSE',
2026-05-11T00:12:37:   errno: -4091,
2026-05-11T00:12:37:   syscall: 'listen',
2026-05-11T00:12:37:   address: '::',
2026-05-11T00:12:37:   port: 4000
2026-05-11T00:12:37: }
2026-05-11T00:12:37: 
2026-05-11T00:12:37: Node.js v24.13.1
2026-05-11T00:12:39: node:events:486
2026-05-11T00:12:39:       throw er; // Unhandled 'error' event
2026-05-11T00:12:39:       ^
2026-05-11T00:12:39: 
2026-05-11T00:12:39: Error: listen EADDRINUSE: address already in use :::4000
2026-05-11T00:12:39:     at Server.setupListenHandle [as _listen2] (node:net:1940:16)
2026-05-11T00:12:39:     at listenInCluster (node:net:1997:12)
2026-05-11T00:12:39:     at Server.listen (node:net:2102:7)
2026-05-11T00:12:39:     at app.listen (C:\Users\Anmol\OneDrive\Desktop\B\coding-portal\backend\node_modules\express\lib\application.js:635:24)
2026-05-11T00:12:39:     at <anonymous> (C:\Users\Anmol\OneDrive\Desktop\B\coding-portal\backend\src\index.ts:42:5)
2026-05-11T00:12:39:     at ModuleJob.run (node:internal/modules/esm/module_job:430:25)
2026-05-11T00:12:39:     at process.processTicksAndRejections (node:internal/process/task_queues:103:5)
2026-05-11T00:12:39:     at async onImport.tracePromise.__proto__ (node:internal/modules/esm/loader:661:26)
2026-05-11T00:12:39:     at async asyncRunEntryPointWithESMLoader (node:internal/modules/run_main:101:5)
2026-05-11T00:12:39: Emitted 'error' event on Server instance at:
2026-05-11T00:12:39:     at emitErrorNT (node:net:1976:8)
2026-05-11T00:12:39:     at process.processTicksAndRejections (node:internal/process/task_queues:89:21) {
2026-05-11T00:12:39:   code: 'EADDRINUSE',
2026-05-11T00:12:39:   errno: -4091,
2026-05-11T00:12:39:   syscall: 'listen',
2026-05-11T00:12:39:   address: '::',
2026-05-11T00:12:39:   port: 4000
2026-05-11T00:12:39: }
2026-05-11T00:12:39: 
2026-05-11T00:12:39: Node.js v24.13.1
2026-05-11T00:12:41: node:events:486
2026-05-11T00:12:41:       throw er; // Unhandled 'error' event
2026-05-11T00:12:41:       ^
2026-05-11T00:12:41: 
2026-05-11T00:12:41: Error: listen EADDRINUSE: address already in use :::4000
2026-05-11T00:12:41:     at Server.setupListenHandle [as _listen2] (node:net:1940:16)
2026-05-11T00:12:41:     at listenInCluster (node:net:1997:12)
2026-05-11T00:12:41:     at Server.listen (node:net:2102:7)
2026-05-11T00:12:41:     at app.listen (C:\Users\Anmol\OneDrive\Desktop\B\coding-portal\backend\node_modules\express\lib\application.js:635:24)
2026-05-11T00:12:41:     at <anonymous> (C:\Users\Anmol\OneDrive\Desktop\B\coding-portal\backend\src\index.ts:42:5)
2026-05-11T00:12:41:     at ModuleJob.run (node:internal/modules/esm/module_job:430:25)
2026-05-11T00:12:41:     at process.processTicksAndRejections (node:internal/process/task_queues:103:5)
2026-05-11T00:12:41:     at async onImport.tracePromise.__proto__ (node:internal/modules/esm/loader:661:26)
2026-05-11T00:12:41:     at async asyncRunEntryPointWithESMLoader (node:internal/modules/run_main:101:5)
2026-05-11T00:12:41: Emitted 'error' event on Server instance at:
2026-05-11T00:12:41:     at emitErrorNT (node:net:1976:8)
2026-05-11T00:12:41:     at process.processTicksAndRejections (node:internal/process/task_queues:89:21) {
2026-05-11T00:12:41:   code: 'EADDRINUSE',
2026-05-11T00:12:41:   errno: -4091,
2026-05-11T00:12:41:   syscall: 'listen',
2026-05-11T00:12:41:   address: '::',
2026-05-11T00:12:41:   port: 4000
2026-05-11T00:12:41: }
2026-05-11T00:12:41: 
2026-05-11T00:12:41: Node.js v24.13.1
2026-05-11T00:12:44: node:events:486
2026-05-11T00:12:44:       throw er; // Unhandled 'error' event
2026-05-11T00:12:44:       ^
2026-05-11T00:12:44: 
2026-05-11T00:12:44: Error: listen EADDRINUSE: address already in use :::4000
2026-05-11T00:12:44:     at Server.setupListenHandle [as _listen2] (node:net:1940:16)
2026-05-11T00:12:44:     at listenInCluster (node:net:1997:12)
2026-05-11T00:12:44:     at Server.listen (node:net:2102:7)
2026-05-11T00:12:44:     at app.listen (C:\Users\Anmol\OneDrive\Desktop\B\coding-portal\backend\node_modules\express\lib\application.js:635:24)
2026-05-11T00:12:44:     at <anonymous> (C:\Users\Anmol\OneDrive\Desktop\B\coding-portal\backend\src\index.ts:42:5)
2026-05-11T00:12:44:     at ModuleJob.run (node:internal/modules/esm/module_job:430:25)
2026-05-11T00:12:44:     at process.processTicksAndRejections (node:internal/process/task_queues:103:5)
2026-05-11T00:12:44:     at async onImport.tracePromise.__proto__ (node:internal/modules/esm/loader:661:26)
2026-05-11T00:12:44:     at async asyncRunEntryPointWithESMLoader (node:internal/modules/run_main:101:5)
2026-05-11T00:12:44: Emitted 'error' event on Server instance at:
2026-05-11T00:12:44:     at emitErrorNT (node:net:1976:8)
2026-05-11T00:12:44:     at process.processTicksAndRejections (node:internal/process/task_queues:89:21) {
2026-05-11T00:12:44:   code: 'EADDRINUSE',
2026-05-11T00:12:44:   errno: -4091,
2026-05-11T00:12:44:   syscall: 'listen',
2026-05-11T00:12:44:   address: '::',
2026-05-11T00:12:44:   port: 4000
2026-05-11T00:12:44: }
2026-05-11T00:12:44: 
2026-05-11T00:12:44: Node.js v24.13.1
2026-05-11T00:12:46: node:events:486
2026-05-11T00:12:46:       throw er; // Unhandled 'error' event
2026-05-11T00:12:46:       ^
2026-05-11T00:12:46: 
2026-05-11T00:12:46: Error: listen EADDRINUSE: address already in use :::4000
2026-05-11T00:12:46:     at Server.setupListenHandle [as _listen2] (node:net:1940:16)
2026-05-11T00:12:46:     at listenInCluster (node:net:1997:12)
2026-05-11T00:12:46:     at Server.listen (node:net:2102:7)
2026-05-11T00:12:46:     at app.listen (C:\Users\Anmol\OneDrive\Desktop\B\coding-portal\backend\node_modules\express\lib\application.js:635:24)
2026-05-11T00:12:46:     at <anonymous> (C:\Users\Anmol\OneDrive\Desktop\B\coding-portal\backend\src\index.ts:42:5)
2026-05-11T00:12:46:     at ModuleJob.run (node:internal/modules/esm/module_job:430:25)
2026-05-11T00:12:46:     at process.processTicksAndRejections (node:internal/process/task_queues:103:5)
2026-05-11T00:12:46:     at async onImport.tracePromise.__proto__ (node:internal/modules/esm/loader:661:26)
2026-05-11T00:12:46:     at async asyncRunEntryPointWithESMLoader (node:internal/modules/run_main:101:5)
2026-05-11T00:12:46: Emitted 'error' event on Server instance at:
2026-05-11T00:12:46:     at emitErrorNT (node:net:1976:8)
2026-05-11T00:12:46:     at process.processTicksAndRejections (node:internal/process/task_queues:89:21) {
2026-05-11T00:12:46:   code: 'EADDRINUSE',
2026-05-11T00:12:46:   errno: -4091,
2026-05-11T00:12:46:   syscall: 'listen',
2026-05-11T00:12:46:   address: '::',
2026-05-11T00:12:46:   port: 4000
2026-05-11T00:12:46: }
2026-05-11T00:12:46: 
2026-05-11T00:12:46: Node.js v24.13.1
2026-05-11T00:12:49: node:events:486
2026-05-11T00:12:49:       throw er; // Unhandled 'error' event
2026-05-11T00:12:49:       ^
2026-05-11T00:12:49: 
2026-05-11T00:12:49: Error: listen EADDRINUSE: address already in use :::4000
2026-05-11T00:12:49:     at Server.setupListenHandle [as _listen2] (node:net:1940:16)
2026-05-11T00:12:49:     at listenInCluster (node:net:1997:12)
2026-05-11T00:12:49:     at Server.listen (node:net:2102:7)
2026-05-11T00:12:49:     at app.listen (C:\Users\Anmol\OneDrive\Desktop\B\coding-portal\backend\node_modules\express\lib\application.js:635:24)
2026-05-11T00:12:49:     at <anonymous> (C:\Users\Anmol\OneDrive\Desktop\B\coding-portal\backend\src\index.ts:42:5)
2026-05-11T00:12:49:     at ModuleJob.run (node:internal/modules/esm/module_job:430:25)
2026-05-11T00:12:49:     at process.processTicksAndRejections (node:internal/process/task_queues:103:5)
2026-05-11T00:12:49:     at async onImport.tracePromise.__proto__ (node:internal/modules/esm/loader:661:26)
2026-05-11T00:12:49:     at async asyncRunEntryPointWithESMLoader (node:internal/modules/run_main:101:5)
2026-05-11T00:12:49: Emitted 'error' event on Server instance at:
2026-05-11T00:12:49:     at emitErrorNT (node:net:1976:8)
2026-05-11T00:12:49:     at process.processTicksAndRejections (node:internal/process/task_queues:89:21) {
2026-05-11T00:12:49:   code: 'EADDRINUSE',
2026-05-11T00:12:49:   errno: -4091,
2026-05-11T00:12:49:   syscall: 'listen',
2026-05-11T00:12:49:   address: '::',
2026-05-11T00:12:49:   port: 4000
2026-05-11T00:12:49: }
2026-05-11T00:12:49: 
2026-05-11T00:12:49: Node.js v24.13.1
2026-05-11T00:12:51: node:events:486
2026-05-11T00:12:51:       throw er; // Unhandled 'error' event
2026-05-11T00:12:51:       ^
2026-05-11T00:12:51: 
2026-05-11T00:12:51: Error: listen EADDRINUSE: address already in use :::4000
2026-05-11T00:12:51:     at Server.setupListenHandle [as _listen2] (node:net:1940:16)
2026-05-11T00:12:51:     at listenInCluster (node:net:1997:12)
2026-05-11T00:12:51:     at Server.listen (node:net:2102:7)
2026-05-11T00:12:51:     at app.listen (C:\Users\Anmol\OneDrive\Desktop\B\coding-portal\backend\node_modules\express\lib\application.js:635:24)
2026-05-11T00:12:51:     at <anonymous> (C:\Users\Anmol\OneDrive\Desktop\B\coding-portal\backend\src\index.ts:42:5)
2026-05-11T00:12:51:     at ModuleJob.run (node:internal/modules/esm/module_job:430:25)
2026-05-11T00:12:51:     at process.processTicksAndRejections (node:internal/process/task_queues:103:5)
2026-05-11T00:12:51:     at async onImport.tracePromise.__proto__ (node:internal/modules/esm/loader:661:26)
2026-05-11T00:12:51:     at async asyncRunEntryPointWithESMLoader (node:internal/modules/run_main:101:5)
2026-05-11T00:12:51: Emitted 'error' event on Server instance at:
2026-05-11T00:12:51:     at emitErrorNT (node:net:1976:8)
2026-05-11T00:12:51:     at process.processTicksAndRejections (node:internal/process/task_queues:89:21) {
2026-05-11T00:12:51:   code: 'EADDRINUSE',
2026-05-11T00:12:51:   errno: -4091,
2026-05-11T00:12:51:   syscall: 'listen',
2026-05-11T00:12:51:   address: '::',
2026-05-11T00:12:51:   port: 4000
2026-05-11T00:12:51: }
2026-05-11T00:12:51: 
2026-05-11T00:12:51: Node.js v24.13.1
2026-05-11T00:12:54: node:events:486
2026-05-11T00:12:54:       throw er; // Unhandled 'error' event
2026-05-11T00:12:54:       ^
2026-05-11T00:12:54: 
2026-05-11T00:12:54: Error: listen EADDRINUSE: address already in use :::4000
2026-05-11T00:12:54:     at Server.setupListenHandle [as _listen2] (node:net:1940:16)
2026-05-11T00:12:54:     at listenInCluster (node:net:1997:12)
2026-05-11T00:12:54:     at Server.listen (node:net:2102:7)
2026-05-11T00:12:54:     at app.listen (C:\Users\Anmol\OneDrive\Desktop\B\coding-portal\backend\node_modules\express\lib\application.js:635:24)
2026-05-11T00:12:54:     at <anonymous> (C:\Users\Anmol\OneDrive\Desktop\B\coding-portal\backend\src\index.ts:42:5)
2026-05-11T00:12:54:     at ModuleJob.run (node:internal/modules/esm/module_job:430:25)
2026-05-11T00:12:54:     at process.processTicksAndRejections (node:internal/process/task_queues:103:5)
2026-05-11T00:12:54:     at async onImport.tracePromise.__proto__ (node:internal/modules/esm/loader:661:26)
2026-05-11T00:12:54:     at async asyncRunEntryPointWithESMLoader (node:internal/modules/run_main:101:5)
2026-05-11T00:12:54: Emitted 'error' event on Server instance at:
2026-05-11T00:12:54:     at emitErrorNT (node:net:1976:8)
2026-05-11T00:12:54:     at process.processTicksAndRejections (node:internal/process/task_queues:89:21) {
2026-05-11T00:12:54:   code: 'EADDRINUSE',
2026-05-11T00:12:54:   errno: -4091,
2026-05-11T00:12:54:   syscall: 'listen',
2026-05-11T00:12:54:   address: '::',
2026-05-11T00:12:54:   port: 4000
2026-05-11T00:12:54: }
2026-05-11T00:12:54: 
2026-05-11T00:12:54: Node.js v24.13.1
2026-05-11T00:12:56: node:events:486
2026-05-11T00:12:56:       throw er; // Unhandled 'error' event
2026-05-11T00:12:56:       ^
2026-05-11T00:12:56: 
2026-05-11T00:12:56: Error: listen EADDRINUSE: address already in use :::4000
2026-05-11T00:12:56:     at Server.setupListenHandle [as _listen2] (node:net:1940:16)
2026-05-11T00:12:56:     at listenInCluster (node:net:1997:12)
2026-05-11T00:12:56:     at Server.listen (node:net:2102:7)
2026-05-11T00:12:56:     at app.listen (C:\Users\Anmol\OneDrive\Desktop\B\coding-portal\backend\node_modules\express\lib\application.js:635:24)
2026-05-11T00:12:56:     at <anonymous> (C:\Users\Anmol\OneDrive\Desktop\B\coding-portal\backend\src\index.ts:42:5)
2026-05-11T00:12:56:     at ModuleJob.run (node:internal/modules/esm/module_job:430:25)
2026-05-11T00:12:56:     at process.processTicksAndRejections (node:internal/process/task_queues:103:5)
2026-05-11T00:12:56:     at async onImport.tracePromise.__proto__ (node:internal/modules/esm/loader:661:26)
2026-05-11T00:12:56:     at async asyncRunEntryPointWithESMLoader (node:internal/modules/run_main:101:5)
2026-05-11T00:12:56: Emitted 'error' event on Server instance at:
2026-05-11T00:12:56:     at emitErrorNT (node:net:1976:8)
2026-05-11T00:12:56:     at process.processTicksAndRejections (node:internal/process/task_queues:89:21) {
2026-05-11T00:12:56:   code: 'EADDRINUSE',
2026-05-11T00:12:56:   errno: -4091,
2026-05-11T00:12:56:   syscall: 'listen',
2026-05-11T00:12:56:   address: '::',
2026-05-11T00:12:56:   port: 4000
2026-05-11T00:12:56: }
2026-05-11T00:12:56: 
2026-05-11T00:12:56: Node.js v24.13.1
2026-05-11T00:12:58: node:events:486
2026-05-11T00:12:58:       throw er; // Unhandled 'error' event
2026-05-11T00:12:58:       ^
2026-05-11T00:12:58: 
2026-05-11T00:12:58: Error: listen EADDRINUSE: address already in use :::4000
2026-05-11T00:12:58:     at Server.setupListenHandle [as _listen2] (node:net:1940:16)
2026-05-11T00:12:58:     at listenInCluster (node:net:1997:12)
2026-05-11T00:12:58:     at Server.listen (node:net:2102:7)
2026-05-11T00:12:58:     at app.listen (C:\Users\Anmol\OneDrive\Desktop\B\coding-portal\backend\node_modules\express\lib\application.js:635:24)
2026-05-11T00:12:58:     at <anonymous> (C:\Users\Anmol\OneDrive\Desktop\B\coding-portal\backend\src\index.ts:42:5)
2026-05-11T00:12:58:     at ModuleJob.run (node:internal/modules/esm/module_job:430:25)
2026-05-11T00:12:58:     at process.processTicksAndRejections (node:internal/process/task_queues:103:5)
2026-05-11T00:12:58:     at async onImport.tracePromise.__proto__ (node:internal/modules/esm/loader:661:26)
2026-05-11T00:12:58:     at async asyncRunEntryPointWithESMLoader (node:internal/modules/run_main:101:5)
2026-05-11T00:12:58: Emitted 'error' event on Server instance at:
2026-05-11T00:12:58:     at emitErrorNT (node:net:1976:8)
2026-05-11T00:12:58:     at process.processTicksAndRejections (node:internal/process/task_queues:89:21) {
2026-05-11T00:12:58:   code: 'EADDRINUSE',
2026-05-11T00:12:58:   errno: -4091,
2026-05-11T00:12:58:   syscall: 'listen',
2026-05-11T00:12:58:   address: '::',
2026-05-11T00:12:58:   port: 4000
2026-05-11T00:12:58: }
2026-05-11T00:12:58: 
2026-05-11T00:12:58: Node.js v24.13.1
2026-05-11T00:13:00: node:events:486
2026-05-11T00:13:00:       throw er; // Unhandled 'error' event
2026-05-11T00:13:00:       ^
2026-05-11T00:13:00: 
2026-05-11T00:13:00: Error: listen EADDRINUSE: address already in use :::4000
2026-05-11T00:13:00:     at Server.setupListenHandle [as _listen2] (node:net:1940:16)
2026-05-11T00:13:00:     at listenInCluster (node:net:1997:12)
2026-05-11T00:13:00:     at Server.listen (node:net:2102:7)
2026-05-11T00:13:00:     at app.listen (C:\Users\Anmol\OneDrive\Desktop\B\coding-portal\backend\node_modules\express\lib\application.js:635:24)
2026-05-11T00:13:00:     at <anonymous> (C:\Users\Anmol\OneDrive\Desktop\B\coding-portal\backend\src\index.ts:42:5)
2026-05-11T00:13:00:     at ModuleJob.run (node:internal/modules/esm/module_job:430:25)
2026-05-11T00:13:00:     at process.processTicksAndRejections (node:internal/process/task_queues:103:5)
2026-05-11T00:13:00:     at async onImport.tracePromise.__proto__ (node:internal/modules/esm/loader:661:26)
2026-05-11T00:13:00:     at async asyncRunEntryPointWithESMLoader (node:internal/modules/run_main:101:5)
2026-05-11T00:13:00: Emitted 'error' event on Server instance at:
2026-05-11T00:13:00:     at emitErrorNT (node:net:1976:8)
2026-05-11T00:13:00:     at process.processTicksAndRejections (node:internal/process/task_queues:89:21) {
2026-05-11T00:13:00:   code: 'EADDRINUSE',
2026-05-11T00:13:00:   errno: -4091,
2026-05-11T00:13:00:   syscall: 'listen',
2026-05-11T00:13:00:   address: '::',
2026-05-11T00:13:00:   port: 4000
2026-05-11T00:13:00: }
2026-05-11T00:13:00: 
2026-05-11T00:13:00: Node.js v24.13.1
2026-05-11T00:13:03: node:events:486
2026-05-11T00:13:03:       throw er; // Unhandled 'error' event
2026-05-11T00:13:03:       ^
2026-05-11T00:13:03: 
2026-05-11T00:13:03: Error: listen EADDRINUSE: address already in use :::4000
2026-05-11T00:13:03:     at Server.setupListenHandle [as _listen2] (node:net:1940:16)
2026-05-11T00:13:03:     at listenInCluster (node:net:1997:12)
2026-05-11T00:13:03:     at Server.listen (node:net:2102:7)
2026-05-11T00:13:03:     at app.listen (C:\Users\Anmol\OneDrive\Desktop\B\coding-portal\backend\node_modules\express\lib\application.js:635:24)
2026-05-11T00:13:03:     at <anonymous> (C:\Users\Anmol\OneDrive\Desktop\B\coding-portal\backend\src\index.ts:42:5)
2026-05-11T00:13:03:     at ModuleJob.run (node:internal/modules/esm/module_job:430:25)
2026-05-11T00:13:03:     at process.processTicksAndRejections (node:internal/process/task_queues:103:5)
2026-05-11T00:13:03:     at async onImport.tracePromise.__proto__ (node:internal/modules/esm/loader:661:26)
2026-05-11T00:13:03:     at async asyncRunEntryPointWithESMLoader (node:internal/modules/run_main:101:5)
2026-05-11T00:13:03: Emitted 'error' event on Server instance at:
2026-05-11T00:13:03:     at emitErrorNT (node:net:1976:8)
2026-05-11T00:13:03:     at process.processTicksAndRejections (node:internal/process/task_queues:89:21) {
2026-05-11T00:13:03:   code: 'EADDRINUSE',
2026-05-11T00:13:03:   errno: -4091,
2026-05-11T00:13:03:   syscall: 'listen',
2026-05-11T00:13:03:   address: '::',
2026-05-11T00:13:03:   port: 4000
2026-05-11T00:13:03: }
2026-05-11T00:13:03: 
2026-05-11T00:13:03: Node.js v24.13.1
2026-05-11T00:13:05: node:events:486
2026-05-11T00:13:05:       throw er; // Unhandled 'error' event
2026-05-11T00:13:05:       ^
2026-05-11T00:13:05: 
2026-05-11T00:13:05: Error: listen EADDRINUSE: address already in use :::4000
2026-05-11T00:13:05:     at Server.setupListenHandle [as _listen2] (node:net:1940:16)
2026-05-11T00:13:05:     at listenInCluster (node:net:1997:12)
2026-05-11T00:13:05:     at Server.listen (node:net:2102:7)
2026-05-11T00:13:05:     at app.listen (C:\Users\Anmol\OneDrive\Desktop\B\coding-portal\backend\node_modules\express\lib\application.js:635:24)
2026-05-11T00:13:05:     at <anonymous> (C:\Users\Anmol\OneDrive\Desktop\B\coding-portal\backend\src\index.ts:42:5)
2026-05-11T00:13:05:     at ModuleJob.run (node:internal/modules/esm/module_job:430:25)
2026-05-11T00:13:05:     at process.processTicksAndRejections (node:internal/process/task_queues:103:5)
2026-05-11T00:13:05:     at async onImport.tracePromise.__proto__ (node:internal/modules/esm/loader:661:26)
2026-05-11T00:13:05:     at async asyncRunEntryPointWithESMLoader (node:internal/modules/run_main:101:5)
2026-05-11T00:13:05: Emitted 'error' event on Server instance at:
2026-05-11T00:13:05:     at emitErrorNT (node:net:1976:8)
2026-05-11T00:13:05:     at process.processTicksAndRejections (node:internal/process/task_queues:89:21) {
2026-05-11T00:13:05:   code: 'EADDRINUSE',
2026-05-11T00:13:05:   errno: -4091,
2026-05-11T00:13:05:   syscall: 'listen',
2026-05-11T00:13:05:   address: '::',
2026-05-11T00:13:05:   port: 4000
2026-05-11T00:13:05: }
2026-05-11T00:13:05: 
2026-05-11T00:13:05: Node.js v24.13.1
2026-05-11T00:13:07: node:events:486
2026-05-11T00:13:07:       throw er; // Unhandled 'error' event
2026-05-11T00:13:07:       ^
2026-05-11T00:13:07: 
2026-05-11T00:13:07: Error: listen EADDRINUSE: address already in use :::4000
2026-05-11T00:13:07:     at Server.setupListenHandle [as _listen2] (node:net:1940:16)
2026-05-11T00:13:07:     at listenInCluster (node:net:1997:12)
2026-05-11T00:13:07:     at Server.listen (node:net:2102:7)
2026-05-11T00:13:07:     at app.listen (C:\Users\Anmol\OneDrive\Desktop\B\coding-portal\backend\node_modules\express\lib\application.js:635:24)
2026-05-11T00:13:07:     at <anonymous> (C:\Users\Anmol\OneDrive\Desktop\B\coding-portal\backend\src\index.ts:42:5)
2026-05-11T00:13:07:     at ModuleJob.run (node:internal/modules/esm/module_job:430:25)
2026-05-11T00:13:07:     at process.processTicksAndRejections (node:internal/process/task_queues:103:5)
2026-05-11T00:13:07:     at async onImport.tracePromise.__proto__ (node:internal/modules/esm/loader:661:26)
2026-05-11T00:13:07:     at async asyncRunEntryPointWithESMLoader (node:internal/modules/run_main:101:5)
2026-05-11T00:13:07: Emitted 'error' event on Server instance at:
2026-05-11T00:13:07:     at emitErrorNT (node:net:1976:8)
2026-05-11T00:13:07:     at process.processTicksAndRejections (node:internal/process/task_queues:89:21) {
2026-05-11T00:13:07:   code: 'EADDRINUSE',
2026-05-11T00:13:07:   errno: -4091,
2026-05-11T00:13:07:   syscall: 'listen',
2026-05-11T00:13:07:   address: '::',
2026-05-11T00:13:07:   port: 4000
2026-05-11T00:13:07: }
2026-05-11T00:13:07: 
2026-05-11T00:13:07: Node.js v24.13.1
2026-05-11T00:13:09: node:events:486
2026-05-11T00:13:09:       throw er; // Unhandled 'error' event
2026-05-11T00:13:09:       ^
2026-05-11T00:13:09: 
2026-05-11T00:13:09: Error: listen EADDRINUSE: address already in use :::4000
2026-05-11T00:13:09:     at Server.setupListenHandle [as _listen2] (node:net:1940:16)
2026-05-11T00:13:09:     at listenInCluster (node:net:1997:12)
2026-05-11T00:13:09:     at Server.listen (node:net:2102:7)
2026-05-11T00:13:09:     at app.listen (C:\Users\Anmol\OneDrive\Desktop\B\coding-portal\backend\node_modules\express\lib\application.js:635:24)
2026-05-11T00:13:09:     at <anonymous> (C:\Users\Anmol\OneDrive\Desktop\B\coding-portal\backend\src\index.ts:42:5)
2026-05-11T00:13:09:     at ModuleJob.run (node:internal/modules/esm/module_job:430:25)
2026-05-11T00:13:09:     at process.processTicksAndRejections (node:internal/process/task_queues:103:5)
2026-05-11T00:13:09:     at async onImport.tracePromise.__proto__ (node:internal/modules/esm/loader:661:26)
2026-05-11T00:13:09:     at async asyncRunEntryPointWithESMLoader (node:internal/modules/run_main:101:5)
2026-05-11T00:13:09: Emitted 'error' event on Server instance at:
2026-05-11T00:13:09:     at emitErrorNT (node:net:1976:8)
2026-05-11T00:13:09:     at process.processTicksAndRejections (node:internal/process/task_queues:89:21) {
2026-05-11T00:13:09:   code: 'EADDRINUSE',
2026-05-11T00:13:09:   errno: -4091,
2026-05-11T00:13:09:   syscall: 'listen',
2026-05-11T00:13:09:   address: '::',
2026-05-11T00:13:09:   port: 4000
2026-05-11T00:13:09: }
2026-05-11T00:13:09: 
2026-05-11T00:13:09: Node.js v24.13.1
2026-05-11T00:13:12: node:events:486
2026-05-11T00:13:12:       throw er; // Unhandled 'error' event
2026-05-11T00:13:12:       ^
2026-05-11T00:13:12: 
2026-05-11T00:13:12: Error: listen EADDRINUSE: address already in use :::4000
2026-05-11T00:13:12:     at Server.setupListenHandle [as _listen2] (node:net:1940:16)
2026-05-11T00:13:12:     at listenInCluster (node:net:1997:12)
2026-05-11T00:13:12:     at Server.listen (node:net:2102:7)
2026-05-11T00:13:12:     at app.listen (C:\Users\Anmol\OneDrive\Desktop\B\coding-portal\backend\node_modules\express\lib\application.js:635:24)
2026-05-11T00:13:12:     at <anonymous> (C:\Users\Anmol\OneDrive\Desktop\B\coding-portal\backend\src\index.ts:42:5)
2026-05-11T00:13:12:     at ModuleJob.run (node:internal/modules/esm/module_job:430:25)
2026-05-11T00:13:12:     at process.processTicksAndRejections (node:internal/process/task_queues:103:5)
2026-05-11T00:13:12:     at async onImport.tracePromise.__proto__ (node:internal/modules/esm/loader:661:26)
2026-05-11T00:13:12:     at async asyncRunEntryPointWithESMLoader (node:internal/modules/run_main:101:5)
2026-05-11T00:13:12: Emitted 'error' event on Server instance at:
2026-05-11T00:13:12:     at emitErrorNT (node:net:1976:8)
2026-05-11T00:13:12:     at process.processTicksAndRejections (node:internal/process/task_queues:89:21) {
2026-05-11T00:13:12:   code: 'EADDRINUSE',
2026-05-11T00:13:12:   errno: -4091,
2026-05-11T00:13:12:   syscall: 'listen',
2026-05-11T00:13:12:   address: '::',
2026-05-11T00:13:12:   port: 4000
2026-05-11T00:13:12: }
2026-05-11T00:13:12: 
2026-05-11T00:13:12: Node.js v24.13.1
2026-05-11T00:13:14: node:events:486
2026-05-11T00:13:14:       throw er; // Unhandled 'error' event
2026-05-11T00:13:14:       ^
2026-05-11T00:13:14: 
2026-05-11T00:13:14: Error: listen EADDRINUSE: address already in use :::4000
2026-05-11T00:13:14:     at Server.setupListenHandle [as _listen2] (node:net:1940:16)
2026-05-11T00:13:14:     at listenInCluster (node:net:1997:12)
2026-05-11T00:13:14:     at Server.listen (node:net:2102:7)
2026-05-11T00:13:14:     at app.listen (C:\Users\Anmol\OneDrive\Desktop\B\coding-portal\backend\node_modules\express\lib\application.js:635:24)
2026-05-11T00:13:14:     at <anonymous> (C:\Users\Anmol\OneDrive\Desktop\B\coding-portal\backend\src\index.ts:42:5)
2026-05-11T00:13:14:     at ModuleJob.run (node:internal/modules/esm/module_job:430:25)
2026-05-11T00:13:14:     at process.processTicksAndRejections (node:internal/process/task_queues:103:5)
2026-05-11T00:13:14:     at async onImport.tracePromise.__proto__ (node:internal/modules/esm/loader:661:26)
2026-05-11T00:13:14:     at async asyncRunEntryPointWithESMLoader (node:internal/modules/run_main:101:5)
2026-05-11T00:13:14: Emitted 'error' event on Server instance at:
2026-05-11T00:13:14:     at emitErrorNT (node:net:1976:8)
2026-05-11T00:13:14:     at process.processTicksAndRejections (node:internal/process/task_queues:89:21) {
2026-05-11T00:13:14:   code: 'EADDRINUSE',
2026-05-11T00:13:14:   errno: -4091,
2026-05-11T00:13:14:   syscall: 'listen',
2026-05-11T00:13:14:   address: '::',
2026-05-11T00:13:14:   port: 4000
2026-05-11T00:13:14: }
2026-05-11T00:13:14: 
2026-05-11T00:13:14: Node.js v24.13.1
2026-05-11T00:13:17: node:events:486
2026-05-11T00:13:17:       throw er; // Unhandled 'error' event
2026-05-11T00:13:17:       ^
2026-05-11T00:13:17: 
2026-05-11T00:13:17: Error: listen EADDRINUSE: address already in use :::4000
2026-05-11T00:13:17:     at Server.setupListenHandle [as _listen2] (node:net:1940:16)
2026-05-11T00:13:17:     at listenInCluster (node:net:1997:12)
2026-05-11T00:13:17:     at Server.listen (node:net:2102:7)
2026-05-11T00:13:17:     at app.listen (C:\Users\Anmol\OneDrive\Desktop\B\coding-portal\backend\node_modules\express\lib\application.js:635:24)
2026-05-11T00:13:17:     at <anonymous> (C:\Users\Anmol\OneDrive\Desktop\B\coding-portal\backend\src\index.ts:42:5)
2026-05-11T00:13:17:     at ModuleJob.run (node:internal/modules/esm/module_job:430:25)
2026-05-11T00:13:17:     at process.processTicksAndRejections (node:internal/process/task_queues:103:5)
2026-05-11T00:13:17:     at async onImport.tracePromise.__proto__ (node:internal/modules/esm/loader:661:26)
2026-05-11T00:13:17:     at async asyncRunEntryPointWithESMLoader (node:internal/modules/run_main:101:5)
2026-05-11T00:13:17: Emitted 'error' event on Server instance at:
2026-05-11T00:13:17:     at emitErrorNT (node:net:1976:8)
2026-05-11T00:13:17:     at process.processTicksAndRejections (node:internal/process/task_queues:89:21) {
2026-05-11T00:13:17:   code: 'EADDRINUSE',
2026-05-11T00:13:17:   errno: -4091,
2026-05-11T00:13:17:   syscall: 'listen',
2026-05-11T00:13:17:   address: '::',
2026-05-11T00:13:17:   port: 4000
2026-05-11T00:13:17: }
2026-05-11T00:13:17: 
2026-05-11T00:13:17: Node.js v24.13.1
2026-05-11T00:13:19: node:events:486
2026-05-11T00:13:19:       throw er; // Unhandled 'error' event
2026-05-11T00:13:19:       ^
2026-05-11T00:13:19: 
2026-05-11T00:13:19: Error: listen EADDRINUSE: address already in use :::4000
2026-05-11T00:13:19:     at Server.setupListenHandle [as _listen2] (node:net:1940:16)
2026-05-11T00:13:19:     at listenInCluster (node:net:1997:12)
2026-05-11T00:13:19:     at Server.listen (node:net:2102:7)
2026-05-11T00:13:19:     at app.listen (C:\Users\Anmol\OneDrive\Desktop\B\coding-portal\backend\node_modules\express\lib\application.js:635:24)
2026-05-11T00:13:19:     at <anonymous> (C:\Users\Anmol\OneDrive\Desktop\B\coding-portal\backend\src\index.ts:42:5)
2026-05-11T00:13:19:     at ModuleJob.run (node:internal/modules/esm/module_job:430:25)
2026-05-11T00:13:19:     at process.processTicksAndRejections (node:internal/process/task_queues:103:5)
2026-05-11T00:13:19:     at async onImport.tracePromise.__proto__ (node:internal/modules/esm/loader:661:26)
2026-05-11T00:13:19:     at async asyncRunEntryPointWithESMLoader (node:internal/modules/run_main:101:5)
2026-05-11T00:13:19: Emitted 'error' event on Server instance at:
2026-05-11T00:13:19:     at emitErrorNT (node:net:1976:8)
2026-05-11T00:13:19:     at process.processTicksAndRejections (node:internal/process/task_queues:89:21) {
2026-05-11T00:13:19:   code: 'EADDRINUSE',
2026-05-11T00:13:19:   errno: -4091,
2026-05-11T00:13:19:   syscall: 'listen',
2026-05-11T00:13:19:   address: '::',
2026-05-11T00:13:19:   port: 4000
2026-05-11T00:13:19: }
2026-05-11T00:13:19: 
2026-05-11T00:13:19: Node.js v24.13.1
2026-05-11T00:13:23: node:events:486
2026-05-11T00:13:23:       throw er; // Unhandled 'error' event
2026-05-11T00:13:23:       ^
2026-05-11T00:13:23: 
2026-05-11T00:13:23: Error: listen EADDRINUSE: address already in use :::4000
2026-05-11T00:13:23:     at Server.setupListenHandle [as _listen2] (node:net:1940:16)
2026-05-11T00:13:23:     at listenInCluster (node:net:1997:12)
2026-05-11T00:13:23:     at Server.listen (node:net:2102:7)
2026-05-11T00:13:23:     at app.listen (C:\Users\Anmol\OneDrive\Desktop\B\coding-portal\backend\node_modules\express\lib\application.js:635:24)
2026-05-11T00:13:23:     at <anonymous> (C:\Users\Anmol\OneDrive\Desktop\B\coding-portal\backend\src\index.ts:42:5)
2026-05-11T00:13:23:     at ModuleJob.run (node:internal/modules/esm/module_job:430:25)
2026-05-11T00:13:23:     at process.processTicksAndRejections (node:internal/process/task_queues:103:5)
2026-05-11T00:13:23:     at async onImport.tracePromise.__proto__ (node:internal/modules/esm/loader:661:26)
2026-05-11T00:13:23:     at async asyncRunEntryPointWithESMLoader (node:internal/modules/run_main:101:5)
2026-05-11T00:13:23: Emitted 'error' event on Server instance at:
2026-05-11T00:13:23:     at emitErrorNT (node:net:1976:8)
2026-05-11T00:13:23:     at process.processTicksAndRejections (node:internal/process/task_queues:89:21) {
2026-05-11T00:13:23:   code: 'EADDRINUSE',
2026-05-11T00:13:23:   errno: -4091,
2026-05-11T00:13:23:   syscall: 'listen',
2026-05-11T00:13:23:   address: '::',
2026-05-11T00:13:23:   port: 4000
2026-05-11T00:13:23: }
2026-05-11T00:13:23: 
2026-05-11T00:13:23: Node.js v24.13.1
2026-05-11T00:13:28: node:events:486
2026-05-11T00:13:28:       throw er; // Unhandled 'error' event
2026-05-11T00:13:28:       ^
2026-05-11T00:13:28: 
2026-05-11T00:13:28: Error: listen EADDRINUSE: address already in use :::4000
2026-05-11T00:13:28:     at Server.setupListenHandle [as _listen2] (node:net:1940:16)
2026-05-11T00:13:28:     at listenInCluster (node:net:1997:12)
2026-05-11T00:13:28:     at Server.listen (node:net:2102:7)
2026-05-11T00:13:28:     at app.listen (C:\Users\Anmol\OneDrive\Desktop\B\coding-portal\backend\node_modules\express\lib\application.js:635:24)
2026-05-11T00:13:28:     at <anonymous> (C:\Users\Anmol\OneDrive\Desktop\B\coding-portal\backend\src\index.ts:42:5)
2026-05-11T00:13:28:     at ModuleJob.run (node:internal/modules/esm/module_job:430:25)
2026-05-11T00:13:28:     at process.processTicksAndRejections (node:internal/process/task_queues:103:5)
2026-05-11T00:13:28:     at async onImport.tracePromise.__proto__ (node:internal/modules/esm/loader:661:26)
2026-05-11T00:13:28:     at async asyncRunEntryPointWithESMLoader (node:internal/modules/run_main:101:5)
2026-05-11T00:13:28: Emitted 'error' event on Server instance at:
2026-05-11T00:13:28:     at emitErrorNT (node:net:1976:8)
2026-05-11T00:13:28:     at process.processTicksAndRejections (node:internal/process/task_queues:89:21) {
2026-05-11T00:13:28:   code: 'EADDRINUSE',
2026-05-11T00:13:28:   errno: -4091,
2026-05-11T00:13:28:   syscall: 'listen',
2026-05-11T00:13:28:   address: '::',
2026-05-11T00:13:28:   port: 4000
2026-05-11T00:13:28: }
2026-05-11T00:13:28: 
2026-05-11T00:13:28: Node.js v24.13.1
2026-05-11T00:13:31: node:events:486
2026-05-11T00:13:31:       throw er; // Unhandled 'error' event
2026-05-11T00:13:31:       ^
2026-05-11T00:13:31: 
2026-05-11T00:13:31: Error: listen EADDRINUSE: address already in use :::4000
2026-05-11T00:13:31:     at Server.setupListenHandle [as _listen2] (node:net:1940:16)
2026-05-11T00:13:31:     at listenInCluster (node:net:1997:12)
2026-05-11T00:13:31:     at Server.listen (node:net:2102:7)
2026-05-11T00:13:31:     at app.listen (C:\Users\Anmol\OneDrive\Desktop\B\coding-portal\backend\node_modules\express\lib\application.js:635:24)
2026-05-11T00:13:31:     at <anonymous> (C:\Users\Anmol\OneDrive\Desktop\B\coding-portal\backend\src\index.ts:42:5)
2026-05-11T00:13:31:     at ModuleJob.run (node:internal/modules/esm/module_job:430:25)
2026-05-11T00:13:31:     at process.processTicksAndRejections (node:internal/process/task_queues:103:5)
2026-05-11T00:13:31:     at async onImport.tracePromise.__proto__ (node:internal/modules/esm/loader:661:26)
2026-05-11T00:13:31:     at async asyncRunEntryPointWithESMLoader (node:internal/modules/run_main:101:5)
2026-05-11T00:13:31: Emitted 'error' event on Server instance at:
2026-05-11T00:13:31:     at emitErrorNT (node:net:1976:8)
2026-05-11T00:13:31:     at process.processTicksAndRejections (node:internal/process/task_queues:89:21) {
2026-05-11T00:13:31:   code: 'EADDRINUSE',
2026-05-11T00:13:31:   errno: -4091,
2026-05-11T00:13:31:   syscall: 'listen',
2026-05-11T00:13:31:   address: '::',
2026-05-11T00:13:31:   port: 4000
2026-05-11T00:13:31: }
2026-05-11T00:13:31: 
2026-05-11T00:13:31: Node.js v24.13.1
2026-05-11T00:13:34: node:events:486
2026-05-11T00:13:34:       throw er; // Unhandled 'error' event
2026-05-11T00:13:34:       ^
2026-05-11T00:13:34: 
2026-05-11T00:13:34: Error: listen EADDRINUSE: address already in use :::4000
2026-05-11T00:13:34:     at Server.setupListenHandle [as _listen2] (node:net:1940:16)
2026-05-11T00:13:34:     at listenInCluster (node:net:1997:12)
2026-05-11T00:13:34:     at Server.listen (node:net:2102:7)
2026-05-11T00:13:34:     at app.listen (C:\Users\Anmol\OneDrive\Desktop\B\coding-portal\backend\node_modules\express\lib\application.js:635:24)
2026-05-11T00:13:34:     at <anonymous> (C:\Users\Anmol\OneDrive\Desktop\B\coding-portal\backend\src\index.ts:42:5)
2026-05-11T00:13:34:     at ModuleJob.run (node:internal/modules/esm/module_job:430:25)
2026-05-11T00:13:34:     at process.processTicksAndRejections (node:internal/process/task_queues:103:5)
2026-05-11T00:13:34:     at async onImport.tracePromise.__proto__ (node:internal/modules/esm/loader:661:26)
2026-05-11T00:13:34:     at async asyncRunEntryPointWithESMLoader (node:internal/modules/run_main:101:5)
2026-05-11T00:13:34: Emitted 'error' event on Server instance at:
2026-05-11T00:13:34:     at emitErrorNT (node:net:1976:8)
2026-05-11T00:13:34:     at process.processTicksAndRejections (node:internal/process/task_queues:89:21) {
2026-05-11T00:13:34:   code: 'EADDRINUSE',
2026-05-11T00:13:34:   errno: -4091,
2026-05-11T00:13:34:   syscall: 'listen',
2026-05-11T00:13:34:   address: '::',
2026-05-11T00:13:34:   port: 4000
2026-05-11T00:13:34: }
2026-05-11T00:13:34: 
2026-05-11T00:13:34: Node.js v24.13.1
2026-05-11T00:13:36: node:events:486
2026-05-11T00:13:36:       throw er; // Unhandled 'error' event
2026-05-11T00:13:36:       ^
2026-05-11T00:13:36: 
2026-05-11T00:13:36: Error: listen EADDRINUSE: address already in use :::4000
2026-05-11T00:13:36:     at Server.setupListenHandle [as _listen2] (node:net:1940:16)
2026-05-11T00:13:36:     at listenInCluster (node:net:1997:12)
2026-05-11T00:13:36:     at Server.listen (node:net:2102:7)
2026-05-11T00:13:36:     at app.listen (C:\Users\Anmol\OneDrive\Desktop\B\coding-portal\backend\node_modules\express\lib\application.js:635:24)
2026-05-11T00:13:36:     at <anonymous> (C:\Users\Anmol\OneDrive\Desktop\B\coding-portal\backend\src\index.ts:42:5)
2026-05-11T00:13:36:     at ModuleJob.run (node:internal/modules/esm/module_job:430:25)
2026-05-11T00:13:36:     at process.processTicksAndRejections (node:internal/process/task_queues:103:5)
2026-05-11T00:13:36:     at async onImport.tracePromise.__proto__ (node:internal/modules/esm/loader:661:26)
2026-05-11T00:13:36:     at async asyncRunEntryPointWithESMLoader (node:internal/modules/run_main:101:5)
2026-05-11T00:13:36: Emitted 'error' event on Server instance at:
2026-05-11T00:13:36:     at emitErrorNT (node:net:1976:8)
2026-05-11T00:13:36:     at process.processTicksAndRejections (node:internal/process/task_queues:89:21) {
2026-05-11T00:13:36:   code: 'EADDRINUSE',
2026-05-11T00:13:36:   errno: -4091,
2026-05-11T00:13:36:   syscall: 'listen',
2026-05-11T00:13:36:   address: '::',
2026-05-11T00:13:36:   port: 4000
2026-05-11T00:13:36: }
2026-05-11T00:13:36: 
2026-05-11T00:13:36: Node.js v24.13.1
2026-05-11T00:13:39: node:events:486
2026-05-11T00:13:39:       throw er; // Unhandled 'error' event
2026-05-11T00:13:39:       ^
2026-05-11T00:13:39: 
2026-05-11T00:13:39: Error: listen EADDRINUSE: address already in use :::4000
2026-05-11T00:13:39:     at Server.setupListenHandle [as _listen2] (node:net:1940:16)
2026-05-11T00:13:39:     at listenInCluster (node:net:1997:12)
2026-05-11T00:13:39:     at Server.listen (node:net:2102:7)
2026-05-11T00:13:39:     at app.listen (C:\Users\Anmol\OneDrive\Desktop\B\coding-portal\backend\node_modules\express\lib\application.js:635:24)
2026-05-11T00:13:39:     at <anonymous> (C:\Users\Anmol\OneDrive\Desktop\B\coding-portal\backend\src\index.ts:42:5)
2026-05-11T00:13:39:     at ModuleJob.run (node:internal/modules/esm/module_job:430:25)
2026-05-11T00:13:39:     at process.processTicksAndRejections (node:internal/process/task_queues:103:5)
2026-05-11T00:13:39:     at async onImport.tracePromise.__proto__ (node:internal/modules/esm/loader:661:26)
2026-05-11T00:13:39:     at async asyncRunEntryPointWithESMLoader (node:internal/modules/run_main:101:5)
2026-05-11T00:13:39: Emitted 'error' event on Server instance at:
2026-05-11T00:13:39:     at emitErrorNT (node:net:1976:8)
2026-05-11T00:13:39:     at process.processTicksAndRejections (node:internal/process/task_queues:89:21) {
2026-05-11T00:13:39:   code: 'EADDRINUSE',
2026-05-11T00:13:39:   errno: -4091,
2026-05-11T00:13:39:   syscall: 'listen',
2026-05-11T00:13:39:   address: '::',
2026-05-11T00:13:39:   port: 4000
2026-05-11T00:13:39: }
2026-05-11T00:13:39: 
2026-05-11T00:13:39: Node.js v24.13.1
2026-05-11T00:13:41: node:events:486
2026-05-11T00:13:41:       throw er; // Unhandled 'error' event
2026-05-11T00:13:41:       ^
2026-05-11T00:13:41: 
2026-05-11T00:13:41: Error: listen EADDRINUSE: address already in use :::4000
2026-05-11T00:13:41:     at Server.setupListenHandle [as _listen2] (node:net:1940:16)
2026-05-11T00:13:41:     at listenInCluster (node:net:1997:12)
2026-05-11T00:13:41:     at Server.listen (node:net:2102:7)
2026-05-11T00:13:41:     at app.listen (C:\Users\Anmol\OneDrive\Desktop\B\coding-portal\backend\node_modules\express\lib\application.js:635:24)
2026-05-11T00:13:41:     at <anonymous> (C:\Users\Anmol\OneDrive\Desktop\B\coding-portal\backend\src\index.ts:42:5)
2026-05-11T00:13:41:     at ModuleJob.run (node:internal/modules/esm/module_job:430:25)
2026-05-11T00:13:41:     at process.processTicksAndRejections (node:internal/process/task_queues:103:5)
2026-05-11T00:13:41:     at async onImport.tracePromise.__proto__ (node:internal/modules/esm/loader:661:26)
2026-05-11T00:13:41:     at async asyncRunEntryPointWithESMLoader (node:internal/modules/run_main:101:5)
2026-05-11T00:13:41: Emitted 'error' event on Server instance at:
2026-05-11T00:13:41:     at emitErrorNT (node:net:1976:8)
2026-05-11T00:13:41:     at process.processTicksAndRejections (node:internal/process/task_queues:89:21) {
2026-05-11T00:13:41:   code: 'EADDRINUSE',
2026-05-11T00:13:41:   errno: -4091,
2026-05-11T00:13:41:   syscall: 'listen',
2026-05-11T00:13:41:   address: '::',
2026-05-11T00:13:41:   port: 4000
2026-05-11T00:13:41: }
2026-05-11T00:13:41: 
2026-05-11T00:13:41: Node.js v24.13.1
2026-05-11T00:13:45: node:events:486
2026-05-11T00:13:45:       throw er; // Unhandled 'error' event
2026-05-11T00:13:45:       ^
2026-05-11T00:13:45: 
2026-05-11T00:13:45: Error: listen EADDRINUSE: address already in use :::4000
2026-05-11T00:13:45:     at Server.setupListenHandle [as _listen2] (node:net:1940:16)
2026-05-11T00:13:45:     at listenInCluster (node:net:1997:12)
2026-05-11T00:13:45:     at Server.listen (node:net:2102:7)
2026-05-11T00:13:45:     at app.listen (C:\Users\Anmol\OneDrive\Desktop\B\coding-portal\backend\node_modules\express\lib\application.js:635:24)
2026-05-11T00:13:45:     at <anonymous> (C:\Users\Anmol\OneDrive\Desktop\B\coding-portal\backend\src\index.ts:42:5)
2026-05-11T00:13:45:     at ModuleJob.run (node:internal/modules/esm/module_job:430:25)
2026-05-11T00:13:45:     at process.processTicksAndRejections (node:internal/process/task_queues:103:5)
2026-05-11T00:13:45:     at async onImport.tracePromise.__proto__ (node:internal/modules/esm/loader:661:26)
2026-05-11T00:13:45:     at async asyncRunEntryPointWithESMLoader (node:internal/modules/run_main:101:5)
2026-05-11T00:13:45: Emitted 'error' event on Server instance at:
2026-05-11T00:13:45:     at emitErrorNT (node:net:1976:8)
2026-05-11T00:13:45:     at process.processTicksAndRejections (node:internal/process/task_queues:89:21) {
2026-05-11T00:13:45:   code: 'EADDRINUSE',
2026-05-11T00:13:45:   errno: -4091,
2026-05-11T00:13:45:   syscall: 'listen',
2026-05-11T00:13:45:   address: '::',
2026-05-11T00:13:45:   port: 4000
2026-05-11T00:13:45: }
2026-05-11T00:13:45: 
2026-05-11T00:13:45: Node.js v24.13.1
2026-05-11T00:13:47: node:events:486
2026-05-11T00:13:47:       throw er; // Unhandled 'error' event
2026-05-11T00:13:47:       ^
2026-05-11T00:13:47: 
2026-05-11T00:13:47: Error: listen EADDRINUSE: address already in use :::4000
2026-05-11T00:13:47:     at Server.setupListenHandle [as _listen2] (node:net:1940:16)
2026-05-11T00:13:47:     at listenInCluster (node:net:1997:12)
2026-05-11T00:13:47:     at Server.listen (node:net:2102:7)
2026-05-11T00:13:47:     at app.listen (C:\Users\Anmol\OneDrive\Desktop\B\coding-portal\backend\node_modules\express\lib\application.js:635:24)
2026-05-11T00:13:47:     at <anonymous> (C:\Users\Anmol\OneDrive\Desktop\B\coding-portal\backend\src\index.ts:42:5)
2026-05-11T00:13:47:     at ModuleJob.run (node:internal/modules/esm/module_job:430:25)
2026-05-11T00:13:47:     at process.processTicksAndRejections (node:internal/process/task_queues:103:5)
2026-05-11T00:13:47:     at async onImport.tracePromise.__proto__ (node:internal/modules/esm/loader:661:26)
2026-05-11T00:13:47:     at async asyncRunEntryPointWithESMLoader (node:internal/modules/run_main:101:5)
2026-05-11T00:13:47: Emitted 'error' event on Server instance at:
2026-05-11T00:13:47:     at emitErrorNT (node:net:1976:8)
2026-05-11T00:13:47:     at process.processTicksAndRejections (node:internal/process/task_queues:89:21) {
2026-05-11T00:13:47:   code: 'EADDRINUSE',
2026-05-11T00:13:47:   errno: -4091,
2026-05-11T00:13:47:   syscall: 'listen',
2026-05-11T00:13:47:   address: '::',
2026-05-11T00:13:47:   port: 4000
2026-05-11T00:13:47: }
2026-05-11T00:13:47: 
2026-05-11T00:13:47: Node.js v24.13.1
2026-05-11T00:13:50: node:events:486
2026-05-11T00:13:50:       throw er; // Unhandled 'error' event
2026-05-11T00:13:50:       ^
2026-05-11T00:13:50: 
2026-05-11T00:13:50: Error: listen EADDRINUSE: address already in use :::4000
2026-05-11T00:13:50:     at Server.setupListenHandle [as _listen2] (node:net:1940:16)
2026-05-11T00:13:50:     at listenInCluster (node:net:1997:12)
2026-05-11T00:13:50:     at Server.listen (node:net:2102:7)
2026-05-11T00:13:50:     at app.listen (C:\Users\Anmol\OneDrive\Desktop\B\coding-portal\backend\node_modules\express\lib\application.js:635:24)
2026-05-11T00:13:50:     at <anonymous> (C:\Users\Anmol\OneDrive\Desktop\B\coding-portal\backend\src\index.ts:42:5)
2026-05-11T00:13:50:     at ModuleJob.run (node:internal/modules/esm/module_job:430:25)
2026-05-11T00:13:50:     at process.processTicksAndRejections (node:internal/process/task_queues:103:5)
2026-05-11T00:13:50:     at async onImport.tracePromise.__proto__ (node:internal/modules/esm/loader:661:26)
2026-05-11T00:13:50:     at async asyncRunEntryPointWithESMLoader (node:internal/modules/run_main:101:5)
2026-05-11T00:13:50: Emitted 'error' event on Server instance at:
2026-05-11T00:13:50:     at emitErrorNT (node:net:1976:8)
2026-05-11T00:13:50:     at process.processTicksAndRejections (node:internal/process/task_queues:89:21) {
2026-05-11T00:13:50:   code: 'EADDRINUSE',
2026-05-11T00:13:50:   errno: -4091,
2026-05-11T00:13:50:   syscall: 'listen',
2026-05-11T00:13:50:   address: '::',
2026-05-11T00:13:50:   port: 4000
2026-05-11T00:13:50: }
2026-05-11T00:13:50: 
2026-05-11T00:13:50: Node.js v24.13.1
2026-05-11T00:13:52: node:events:486
2026-05-11T00:13:52:       throw er; // Unhandled 'error' event
2026-05-11T00:13:52:       ^
2026-05-11T00:13:52: 
2026-05-11T00:13:52: Error: listen EADDRINUSE: address already in use :::4000
2026-05-11T00:13:52:     at Server.setupListenHandle [as _listen2] (node:net:1940:16)
2026-05-11T00:13:52:     at listenInCluster (node:net:1997:12)
2026-05-11T00:13:52:     at Server.listen (node:net:2102:7)
2026-05-11T00:13:52:     at app.listen (C:\Users\Anmol\OneDrive\Desktop\B\coding-portal\backend\node_modules\express\lib\application.js:635:24)
2026-05-11T00:13:52:     at <anonymous> (C:\Users\Anmol\OneDrive\Desktop\B\coding-portal\backend\src\index.ts:42:5)
2026-05-11T00:13:52:     at ModuleJob.run (node:internal/modules/esm/module_job:430:25)
2026-05-11T00:13:52:     at process.processTicksAndRejections (node:internal/process/task_queues:103:5)
2026-05-11T00:13:52:     at async onImport.tracePromise.__proto__ (node:internal/modules/esm/loader:661:26)
2026-05-11T00:13:52:     at async asyncRunEntryPointWithESMLoader (node:internal/modules/run_main:101:5)
2026-05-11T00:13:52: Emitted 'error' event on Server instance at:
2026-05-11T00:13:52:     at emitErrorNT (node:net:1976:8)
2026-05-11T00:13:52:     at process.processTicksAndRejections (node:internal/process/task_queues:89:21) {
2026-05-11T00:13:52:   code: 'EADDRINUSE',
2026-05-11T00:13:52:   errno: -4091,
2026-05-11T00:13:52:   syscall: 'listen',
2026-05-11T00:13:52:   address: '::',
2026-05-11T00:13:52:   port: 4000
2026-05-11T00:13:52: }
2026-05-11T00:13:52: 
2026-05-11T00:13:52: Node.js v24.13.1
2026-05-11T00:13:55: node:events:486
2026-05-11T00:13:55:       throw er; // Unhandled 'error' event
2026-05-11T00:13:55:       ^
2026-05-11T00:13:55: 
2026-05-11T00:13:55: Error: listen EADDRINUSE: address already in use :::4000
2026-05-11T00:13:55:     at Server.setupListenHandle [as _listen2] (node:net:1940:16)
2026-05-11T00:13:55:     at listenInCluster (node:net:1997:12)
2026-05-11T00:13:55:     at Server.listen (node:net:2102:7)
2026-05-11T00:13:55:     at app.listen (C:\Users\Anmol\OneDrive\Desktop\B\coding-portal\backend\node_modules\express\lib\application.js:635:24)
2026-05-11T00:13:55:     at <anonymous> (C:\Users\Anmol\OneDrive\Desktop\B\coding-portal\backend\src\index.ts:42:5)
2026-05-11T00:13:55:     at ModuleJob.run (node:internal/modules/esm/module_job:430:25)
2026-05-11T00:13:55:     at process.processTicksAndRejections (node:internal/process/task_queues:103:5)
2026-05-11T00:13:55:     at async onImport.tracePromise.__proto__ (node:internal/modules/esm/loader:661:26)
2026-05-11T00:13:55:     at async asyncRunEntryPointWithESMLoader (node:internal/modules/run_main:101:5)
2026-05-11T00:13:55: Emitted 'error' event on Server instance at:
2026-05-11T00:13:55:     at emitErrorNT (node:net:1976:8)
2026-05-11T00:13:55:     at process.processTicksAndRejections (node:internal/process/task_queues:89:21) {
2026-05-11T00:13:55:   code: 'EADDRINUSE',
2026-05-11T00:13:55:   errno: -4091,
2026-05-11T00:13:55:   syscall: 'listen',
2026-05-11T00:13:55:   address: '::',
2026-05-11T00:13:55:   port: 4000
2026-05-11T00:13:55: }
2026-05-11T00:13:55: 
2026-05-11T00:13:55: Node.js v24.13.1
2026-05-11T00:13:58: node:events:486
2026-05-11T00:13:58:       throw er; // Unhandled 'error' event
2026-05-11T00:13:58:       ^
2026-05-11T00:13:58: 
2026-05-11T00:13:58: Error: listen EADDRINUSE: address already in use :::4000
2026-05-11T00:13:58:     at Server.setupListenHandle [as _listen2] (node:net:1940:16)
2026-05-11T00:13:58:     at listenInCluster (node:net:1997:12)
2026-05-11T00:13:58:     at Server.listen (node:net:2102:7)
2026-05-11T00:13:58:     at app.listen (C:\Users\Anmol\OneDrive\Desktop\B\coding-portal\backend\node_modules\express\lib\application.js:635:24)
2026-05-11T00:13:58:     at <anonymous> (C:\Users\Anmol\OneDrive\Desktop\B\coding-portal\backend\src\index.ts:42:5)
2026-05-11T00:13:58:     at ModuleJob.run (node:internal/modules/esm/module_job:430:25)
2026-05-11T00:13:58:     at process.processTicksAndRejections (node:internal/process/task_queues:103:5)
2026-05-11T00:13:58:     at async onImport.tracePromise.__proto__ (node:internal/modules/esm/loader:661:26)
2026-05-11T00:13:58:     at async asyncRunEntryPointWithESMLoader (node:internal/modules/run_main:101:5)
2026-05-11T00:13:58: Emitted 'error' event on Server instance at:
2026-05-11T00:13:58:     at emitErrorNT (node:net:1976:8)
2026-05-11T00:13:58:     at process.processTicksAndRejections (node:internal/process/task_queues:89:21) {
2026-05-11T00:13:58:   code: 'EADDRINUSE',
2026-05-11T00:13:58:   errno: -4091,
2026-05-11T00:13:58:   syscall: 'listen',
2026-05-11T00:13:58:   address: '::',
2026-05-11T00:13:58:   port: 4000
2026-05-11T00:13:58: }
2026-05-11T00:13:58: 
2026-05-11T00:13:58: Node.js v24.13.1
2026-05-11T00:14:00: node:events:486
2026-05-11T00:14:00:       throw er; // Unhandled 'error' event
2026-05-11T00:14:00:       ^
2026-05-11T00:14:00: 
2026-05-11T00:14:00: Error: listen EADDRINUSE: address already in use :::4000
2026-05-11T00:14:00:     at Server.setupListenHandle [as _listen2] (node:net:1940:16)
2026-05-11T00:14:00:     at listenInCluster (node:net:1997:12)
2026-05-11T00:14:00:     at Server.listen (node:net:2102:7)
2026-05-11T00:14:00:     at app.listen (C:\Users\Anmol\OneDrive\Desktop\B\coding-portal\backend\node_modules\express\lib\application.js:635:24)
2026-05-11T00:14:00:     at <anonymous> (C:\Users\Anmol\OneDrive\Desktop\B\coding-portal\backend\src\index.ts:42:5)
2026-05-11T00:14:00:     at ModuleJob.run (node:internal/modules/esm/module_job:430:25)
2026-05-11T00:14:00:     at process.processTicksAndRejections (node:internal/process/task_queues:103:5)
2026-05-11T00:14:00:     at async onImport.tracePromise.__proto__ (node:internal/modules/esm/loader:661:26)
2026-05-11T00:14:00:     at async asyncRunEntryPointWithESMLoader (node:internal/modules/run_main:101:5)
2026-05-11T00:14:00: Emitted 'error' event on Server instance at:
2026-05-11T00:14:00:     at emitErrorNT (node:net:1976:8)
2026-05-11T00:14:00:     at process.processTicksAndRejections (node:internal/process/task_queues:89:21) {
2026-05-11T00:14:00:   code: 'EADDRINUSE',
2026-05-11T00:14:00:   errno: -4091,
2026-05-11T00:14:00:   syscall: 'listen',
2026-05-11T00:14:00:   address: '::',
2026-05-11T00:14:00:   port: 4000
2026-05-11T00:14:00: }
2026-05-11T00:14:00: 
2026-05-11T00:14:00: Node.js v24.13.1
2026-05-11T00:14:03: node:events:486
2026-05-11T00:14:03:       throw er; // Unhandled 'error' event
2026-05-11T00:14:03:       ^
2026-05-11T00:14:03: 
2026-05-11T00:14:03: Error: listen EADDRINUSE: address already in use :::4000
2026-05-11T00:14:03:     at Server.setupListenHandle [as _listen2] (node:net:1940:16)
2026-05-11T00:14:03:     at listenInCluster (node:net:1997:12)
2026-05-11T00:14:03:     at Server.listen (node:net:2102:7)
2026-05-11T00:14:03:     at app.listen (C:\Users\Anmol\OneDrive\Desktop\B\coding-portal\backend\node_modules\express\lib\application.js:635:24)
2026-05-11T00:14:03:     at <anonymous> (C:\Users\Anmol\OneDrive\Desktop\B\coding-portal\backend\src\index.ts:42:5)
2026-05-11T00:14:03:     at ModuleJob.run (node:internal/modules/esm/module_job:430:25)
2026-05-11T00:14:03:     at process.processTicksAndRejections (node:internal/process/task_queues:103:5)
2026-05-11T00:14:03:     at async onImport.tracePromise.__proto__ (node:internal/modules/esm/loader:661:26)
2026-05-11T00:14:03:     at async asyncRunEntryPointWithESMLoader (node:internal/modules/run_main:101:5)
2026-05-11T00:14:03: Emitted 'error' event on Server instance at:
2026-05-11T00:14:03:     at emitErrorNT (node:net:1976:8)
2026-05-11T00:14:03:     at process.processTicksAndRejections (node:internal/process/task_queues:89:21) {
2026-05-11T00:14:03:   code: 'EADDRINUSE',
2026-05-11T00:14:03:   errno: -4091,
2026-05-11T00:14:03:   syscall: 'listen',
2026-05-11T00:14:03:   address: '::',
2026-05-11T00:14:03:   port: 4000
2026-05-11T00:14:03: }
2026-05-11T00:14:03: 
2026-05-11T00:14:03: Node.js v24.13.1
2026-05-11T00:14:05: node:events:486
2026-05-11T00:14:05:       throw er; // Unhandled 'error' event
2026-05-11T00:14:05:       ^
2026-05-11T00:14:05: 
2026-05-11T00:14:05: Error: listen EADDRINUSE: address already in use :::4000
2026-05-11T00:14:05:     at Server.setupListenHandle [as _listen2] (node:net:1940:16)
2026-05-11T00:14:05:     at listenInCluster (node:net:1997:12)
2026-05-11T00:14:05:     at Server.listen (node:net:2102:7)
2026-05-11T00:14:05:     at app.listen (C:\Users\Anmol\OneDrive\Desktop\B\coding-portal\backend\node_modules\express\lib\application.js:635:24)
2026-05-11T00:14:05:     at <anonymous> (C:\Users\Anmol\OneDrive\Desktop\B\coding-portal\backend\src\index.ts:42:5)
2026-05-11T00:14:05:     at ModuleJob.run (node:internal/modules/esm/module_job:430:25)
2026-05-11T00:14:05:     at process.processTicksAndRejections (node:internal/process/task_queues:103:5)
2026-05-11T00:14:05:     at async onImport.tracePromise.__proto__ (node:internal/modules/esm/loader:661:26)
2026-05-11T00:14:05:     at async asyncRunEntryPointWithESMLoader (node:internal/modules/run_main:101:5)
2026-05-11T00:14:05: Emitted 'error' event on Server instance at:
2026-05-11T00:14:05:     at emitErrorNT (node:net:1976:8)
2026-05-11T00:14:05:     at process.processTicksAndRejections (node:internal/process/task_queues:89:21) {
2026-05-11T00:14:05:   code: 'EADDRINUSE',
2026-05-11T00:14:05:   errno: -4091,
2026-05-11T00:14:05:   syscall: 'listen',
2026-05-11T00:14:05:   address: '::',
2026-05-11T00:14:05:   port: 4000
2026-05-11T00:14:05: }
2026-05-11T00:14:05: 
2026-05-11T00:14:05: Node.js v24.13.1
2026-05-11T00:14:08: node:events:486
2026-05-11T00:14:08:       throw er; // Unhandled 'error' event
2026-05-11T00:14:08:       ^
2026-05-11T00:14:08: 
2026-05-11T00:14:08: Error: listen EADDRINUSE: address already in use :::4000
2026-05-11T00:14:08:     at Server.setupListenHandle [as _listen2] (node:net:1940:16)
2026-05-11T00:14:08:     at listenInCluster (node:net:1997:12)
2026-05-11T00:14:08:     at Server.listen (node:net:2102:7)
2026-05-11T00:14:08:     at app.listen (C:\Users\Anmol\OneDrive\Desktop\B\coding-portal\backend\node_modules\express\lib\application.js:635:24)
2026-05-11T00:14:08:     at <anonymous> (C:\Users\Anmol\OneDrive\Desktop\B\coding-portal\backend\src\index.ts:42:5)
2026-05-11T00:14:08:     at ModuleJob.run (node:internal/modules/esm/module_job:430:25)
2026-05-11T00:14:08:     at process.processTicksAndRejections (node:internal/process/task_queues:103:5)
2026-05-11T00:14:08:     at async onImport.tracePromise.__proto__ (node:internal/modules/esm/loader:661:26)
2026-05-11T00:14:08:     at async asyncRunEntryPointWithESMLoader (node:internal/modules/run_main:101:5)
2026-05-11T00:14:08: Emitted 'error' event on Server instance at:
2026-05-11T00:14:08:     at emitErrorNT (node:net:1976:8)
2026-05-11T00:14:08:     at process.processTicksAndRejections (node:internal/process/task_queues:89:21) {
2026-05-11T00:14:08:   code: 'EADDRINUSE',
2026-05-11T00:14:08:   errno: -4091,
2026-05-11T00:14:08:   syscall: 'listen',
2026-05-11T00:14:08:   address: '::',
2026-05-11T00:14:08:   port: 4000
2026-05-11T00:14:08: }
2026-05-11T00:14:08: 
2026-05-11T00:14:08: Node.js v24.13.1
2026-05-11T00:14:10: node:events:486
2026-05-11T00:14:10:       throw er; // Unhandled 'error' event
2026-05-11T00:14:10:       ^
2026-05-11T00:14:10: 
2026-05-11T00:14:10: Error: listen EADDRINUSE: address already in use :::4000
2026-05-11T00:14:10:     at Server.setupListenHandle [as _listen2] (node:net:1940:16)
2026-05-11T00:14:10:     at listenInCluster (node:net:1997:12)
2026-05-11T00:14:10:     at Server.listen (node:net:2102:7)
2026-05-11T00:14:10:     at app.listen (C:\Users\Anmol\OneDrive\Desktop\B\coding-portal\backend\node_modules\express\lib\application.js:635:24)
2026-05-11T00:14:10:     at <anonymous> (C:\Users\Anmol\OneDrive\Desktop\B\coding-portal\backend\src\index.ts:42:5)
2026-05-11T00:14:10:     at ModuleJob.run (node:internal/modules/esm/module_job:430:25)
2026-05-11T00:14:10:     at process.processTicksAndRejections (node:internal/process/task_queues:103:5)
2026-05-11T00:14:10:     at async onImport.tracePromise.__proto__ (node:internal/modules/esm/loader:661:26)
2026-05-11T00:14:10:     at async asyncRunEntryPointWithESMLoader (node:internal/modules/run_main:101:5)
2026-05-11T00:14:10: Emitted 'error' event on Server instance at:
2026-05-11T00:14:10:     at emitErrorNT (node:net:1976:8)
2026-05-11T00:14:10:     at process.processTicksAndRejections (node:internal/process/task_queues:89:21) {
2026-05-11T00:14:10:   code: 'EADDRINUSE',
2026-05-11T00:14:10:   errno: -4091,
2026-05-11T00:14:10:   syscall: 'listen',
2026-05-11T00:14:10:   address: '::',
2026-05-11T00:14:10:   port: 4000
2026-05-11T00:14:10: }
2026-05-11T00:14:10: 
2026-05-11T00:14:10: Node.js v24.13.1
2026-05-11T00:14:12: node:events:486
2026-05-11T00:14:12:       throw er; // Unhandled 'error' event
2026-05-11T00:14:12:       ^
2026-05-11T00:14:12: 
2026-05-11T00:14:12: Error: listen EADDRINUSE: address already in use :::4000
2026-05-11T00:14:12:     at Server.setupListenHandle [as _listen2] (node:net:1940:16)
2026-05-11T00:14:12:     at listenInCluster (node:net:1997:12)
2026-05-11T00:14:12:     at Server.listen (node:net:2102:7)
2026-05-11T00:14:12:     at app.listen (C:\Users\Anmol\OneDrive\Desktop\B\coding-portal\backend\node_modules\express\lib\application.js:635:24)
2026-05-11T00:14:12:     at <anonymous> (C:\Users\Anmol\OneDrive\Desktop\B\coding-portal\backend\src\index.ts:42:5)
2026-05-11T00:14:12:     at ModuleJob.run (node:internal/modules/esm/module_job:430:25)
2026-05-11T00:14:12:     at process.processTicksAndRejections (node:internal/process/task_queues:103:5)
2026-05-11T00:14:12:     at async onImport.tracePromise.__proto__ (node:internal/modules/esm/loader:661:26)
2026-05-11T00:14:12:     at async asyncRunEntryPointWithESMLoader (node:internal/modules/run_main:101:5)
2026-05-11T00:14:12: Emitted 'error' event on Server instance at:
2026-05-11T00:14:12:     at emitErrorNT (node:net:1976:8)
2026-05-11T00:14:12:     at process.processTicksAndRejections (node:internal/process/task_queues:89:21) {
2026-05-11T00:14:12:   code: 'EADDRINUSE',
2026-05-11T00:14:12:   errno: -4091,
2026-05-11T00:14:12:   syscall: 'listen',
2026-05-11T00:14:12:   address: '::',
2026-05-11T00:14:12:   port: 4000
2026-05-11T00:14:12: }
2026-05-11T00:14:12: 
2026-05-11T00:14:12: Node.js v24.13.1
2026-05-11T00:14:15: node:events:486
2026-05-11T00:14:15:       throw er; // Unhandled 'error' event
2026-05-11T00:14:15:       ^
2026-05-11T00:14:15: 
2026-05-11T00:14:15: Error: listen EADDRINUSE: address already in use :::4000
2026-05-11T00:14:15:     at Server.setupListenHandle [as _listen2] (node:net:1940:16)
2026-05-11T00:14:15:     at listenInCluster (node:net:1997:12)
2026-05-11T00:14:15:     at Server.listen (node:net:2102:7)
2026-05-11T00:14:15:     at app.listen (C:\Users\Anmol\OneDrive\Desktop\B\coding-portal\backend\node_modules\express\lib\application.js:635:24)
2026-05-11T00:14:15:     at <anonymous> (C:\Users\Anmol\OneDrive\Desktop\B\coding-portal\backend\src\index.ts:42:5)
2026-05-11T00:14:15:     at ModuleJob.run (node:internal/modules/esm/module_job:430:25)
2026-05-11T00:14:15:     at process.processTicksAndRejections (node:internal/process/task_queues:103:5)
2026-05-11T00:14:15:     at async onImport.tracePromise.__proto__ (node:internal/modules/esm/loader:661:26)
2026-05-11T00:14:15:     at async asyncRunEntryPointWithESMLoader (node:internal/modules/run_main:101:5)
2026-05-11T00:14:15: Emitted 'error' event on Server instance at:
2026-05-11T00:14:15:     at emitErrorNT (node:net:1976:8)
2026-05-11T00:14:15:     at process.processTicksAndRejections (node:internal/process/task_queues:89:21) {
2026-05-11T00:14:15:   code: 'EADDRINUSE',
2026-05-11T00:14:15:   errno: -4091,
2026-05-11T00:14:15:   syscall: 'listen',
2026-05-11T00:14:15:   address: '::',
2026-05-11T00:14:15:   port: 4000
2026-05-11T00:14:15: }
2026-05-11T00:14:15: 
2026-05-11T00:14:15: Node.js v24.13.1
2026-05-11T00:14:17: node:events:486
2026-05-11T00:14:17:       throw er; // Unhandled 'error' event
2026-05-11T00:14:17:       ^
2026-05-11T00:14:17: 
2026-05-11T00:14:17: Error: listen EADDRINUSE: address already in use :::4000
2026-05-11T00:14:17:     at Server.setupListenHandle [as _listen2] (node:net:1940:16)
2026-05-11T00:14:17:     at listenInCluster (node:net:1997:12)
2026-05-11T00:14:17:     at Server.listen (node:net:2102:7)
2026-05-11T00:14:17:     at app.listen (C:\Users\Anmol\OneDrive\Desktop\B\coding-portal\backend\node_modules\express\lib\application.js:635:24)
2026-05-11T00:14:17:     at <anonymous> (C:\Users\Anmol\OneDrive\Desktop\B\coding-portal\backend\src\index.ts:42:5)
2026-05-11T00:14:17:     at ModuleJob.run (node:internal/modules/esm/module_job:430:25)
2026-05-11T00:14:17:     at process.processTicksAndRejections (node:internal/process/task_queues:103:5)
2026-05-11T00:14:17:     at async onImport.tracePromise.__proto__ (node:internal/modules/esm/loader:661:26)
2026-05-11T00:14:17:     at async asyncRunEntryPointWithESMLoader (node:internal/modules/run_main:101:5)
2026-05-11T00:14:17: Emitted 'error' event on Server instance at:
2026-05-11T00:14:17:     at emitErrorNT (node:net:1976:8)
2026-05-11T00:14:17:     at process.processTicksAndRejections (node:internal/process/task_queues:89:21) {
2026-05-11T00:14:17:   code: 'EADDRINUSE',
2026-05-11T00:14:17:   errno: -4091,
2026-05-11T00:14:17:   syscall: 'listen',
2026-05-11T00:14:17:   address: '::',
2026-05-11T00:14:17:   port: 4000
2026-05-11T00:14:17: }
2026-05-11T00:14:17: 
2026-05-11T00:14:17: Node.js v24.13.1
2026-05-11T00:14:20: node:events:486
2026-05-11T00:14:20:       throw er; // Unhandled 'error' event
2026-05-11T00:14:20:       ^
2026-05-11T00:14:20: 
2026-05-11T00:14:20: Error: listen EADDRINUSE: address already in use :::4000
2026-05-11T00:14:20:     at Server.setupListenHandle [as _listen2] (node:net:1940:16)
2026-05-11T00:14:20:     at listenInCluster (node:net:1997:12)
2026-05-11T00:14:20:     at Server.listen (node:net:2102:7)
2026-05-11T00:14:20:     at app.listen (C:\Users\Anmol\OneDrive\Desktop\B\coding-portal\backend\node_modules\express\lib\application.js:635:24)
2026-05-11T00:14:20:     at <anonymous> (C:\Users\Anmol\OneDrive\Desktop\B\coding-portal\backend\src\index.ts:42:5)
2026-05-11T00:14:20:     at ModuleJob.run (node:internal/modules/esm/module_job:430:25)
2026-05-11T00:14:20:     at process.processTicksAndRejections (node:internal/process/task_queues:103:5)
2026-05-11T00:14:20:     at async onImport.tracePromise.__proto__ (node:internal/modules/esm/loader:661:26)
2026-05-11T00:14:20:     at async asyncRunEntryPointWithESMLoader (node:internal/modules/run_main:101:5)
2026-05-11T00:14:20: Emitted 'error' event on Server instance at:
2026-05-11T00:14:20:     at emitErrorNT (node:net:1976:8)
2026-05-11T00:14:20:     at process.processTicksAndRejections (node:internal/process/task_queues:89:21) {
2026-05-11T00:14:20:   code: 'EADDRINUSE',
2026-05-11T00:14:20:   errno: -4091,
2026-05-11T00:14:20:   syscall: 'listen',
2026-05-11T00:14:20:   address: '::',
2026-05-11T00:14:20:   port: 4000
2026-05-11T00:14:20: }
2026-05-11T00:14:20: 
2026-05-11T00:14:20: Node.js v24.13.1
2026-05-11T00:14:22: node:events:486
2026-05-11T00:14:22:       throw er; // Unhandled 'error' event
2026-05-11T00:14:22:       ^
2026-05-11T00:14:22: 
2026-05-11T00:14:22: Error: listen EADDRINUSE: address already in use :::4000
2026-05-11T00:14:22:     at Server.setupListenHandle [as _listen2] (node:net:1940:16)
2026-05-11T00:14:22:     at listenInCluster (node:net:1997:12)
2026-05-11T00:14:22:     at Server.listen (node:net:2102:7)
2026-05-11T00:14:22:     at app.listen (C:\Users\Anmol\OneDrive\Desktop\B\coding-portal\backend\node_modules\express\lib\application.js:635:24)
2026-05-11T00:14:22:     at <anonymous> (C:\Users\Anmol\OneDrive\Desktop\B\coding-portal\backend\src\index.ts:42:5)
2026-05-11T00:14:22:     at ModuleJob.run (node:internal/modules/esm/module_job:430:25)
2026-05-11T00:14:22:     at process.processTicksAndRejections (node:internal/process/task_queues:103:5)
2026-05-11T00:14:22:     at async onImport.tracePromise.__proto__ (node:internal/modules/esm/loader:661:26)
2026-05-11T00:14:22:     at async asyncRunEntryPointWithESMLoader (node:internal/modules/run_main:101:5)
2026-05-11T00:14:22: Emitted 'error' event on Server instance at:
2026-05-11T00:14:22:     at emitErrorNT (node:net:1976:8)
2026-05-11T00:14:22:     at process.processTicksAndRejections (node:internal/process/task_queues:89:21) {
2026-05-11T00:14:22:   code: 'EADDRINUSE',
2026-05-11T00:14:22:   errno: -4091,
2026-05-11T00:14:22:   syscall: 'listen',
2026-05-11T00:14:22:   address: '::',
2026-05-11T00:14:22:   port: 4000
2026-05-11T00:14:22: }
2026-05-11T00:14:22: 
2026-05-11T00:14:22: Node.js v24.13.1
2026-05-11T00:14:25: node:events:486
2026-05-11T00:14:25:       throw er; // Unhandled 'error' event
2026-05-11T00:14:25:       ^
2026-05-11T00:14:25: 
2026-05-11T00:14:25: Error: listen EADDRINUSE: address already in use :::4000
2026-05-11T00:14:25:     at Server.setupListenHandle [as _listen2] (node:net:1940:16)
2026-05-11T00:14:25:     at listenInCluster (node:net:1997:12)
2026-05-11T00:14:25:     at Server.listen (node:net:2102:7)
2026-05-11T00:14:25:     at app.listen (C:\Users\Anmol\OneDrive\Desktop\B\coding-portal\backend\node_modules\express\lib\application.js:635:24)
2026-05-11T00:14:25:     at <anonymous> (C:\Users\Anmol\OneDrive\Desktop\B\coding-portal\backend\src\index.ts:42:5)
2026-05-11T00:14:25:     at ModuleJob.run (node:internal/modules/esm/module_job:430:25)
2026-05-11T00:14:25:     at process.processTicksAndRejections (node:internal/process/task_queues:103:5)
2026-05-11T00:14:25:     at async onImport.tracePromise.__proto__ (node:internal/modules/esm/loader:661:26)
2026-05-11T00:14:25:     at async asyncRunEntryPointWithESMLoader (node:internal/modules/run_main:101:5)
2026-05-11T00:14:25: Emitted 'error' event on Server instance at:
2026-05-11T00:14:25:     at emitErrorNT (node:net:1976:8)
2026-05-11T00:14:25:     at process.processTicksAndRejections (node:internal/process/task_queues:89:21) {
2026-05-11T00:14:25:   code: 'EADDRINUSE',
2026-05-11T00:14:25:   errno: -4091,
2026-05-11T00:14:25:   syscall: 'listen',
2026-05-11T00:14:25:   address: '::',
2026-05-11T00:14:25:   port: 4000
2026-05-11T00:14:25: }
2026-05-11T00:14:25: 
2026-05-11T00:14:25: Node.js v24.13.1
2026-05-11T00:14:27: node:events:486
2026-05-11T00:14:27:       throw er; // Unhandled 'error' event
2026-05-11T00:14:27:       ^
2026-05-11T00:14:27: 
2026-05-11T00:14:27: Error: listen EADDRINUSE: address already in use :::4000
2026-05-11T00:14:27:     at Server.setupListenHandle [as _listen2] (node:net:1940:16)
2026-05-11T00:14:27:     at listenInCluster (node:net:1997:12)
2026-05-11T00:14:27:     at Server.listen (node:net:2102:7)
2026-05-11T00:14:27:     at app.listen (C:\Users\Anmol\OneDrive\Desktop\B\coding-portal\backend\node_modules\express\lib\application.js:635:24)
2026-05-11T00:14:27:     at <anonymous> (C:\Users\Anmol\OneDrive\Desktop\B\coding-portal\backend\src\index.ts:42:5)
2026-05-11T00:14:27:     at ModuleJob.run (node:internal/modules/esm/module_job:430:25)
2026-05-11T00:14:27:     at process.processTicksAndRejections (node:internal/process/task_queues:103:5)
2026-05-11T00:14:27:     at async onImport.tracePromise.__proto__ (node:internal/modules/esm/loader:661:26)
2026-05-11T00:14:27:     at async asyncRunEntryPointWithESMLoader (node:internal/modules/run_main:101:5)
2026-05-11T00:14:27: Emitted 'error' event on Server instance at:
2026-05-11T00:14:27:     at emitErrorNT (node:net:1976:8)
2026-05-11T00:14:27:     at process.processTicksAndRejections (node:internal/process/task_queues:89:21) {
2026-05-11T00:14:27:   code: 'EADDRINUSE',
2026-05-11T00:14:27:   errno: -4091,
2026-05-11T00:14:27:   syscall: 'listen',
2026-05-11T00:14:27:   address: '::',
2026-05-11T00:14:27:   port: 4000
2026-05-11T00:14:27: }
2026-05-11T00:14:27: 
2026-05-11T00:14:27: Node.js v24.13.1
2026-05-11T00:14:30: node:events:486
2026-05-11T00:14:30:       throw er; // Unhandled 'error' event
2026-05-11T00:14:30:       ^
2026-05-11T00:14:30: 
2026-05-11T00:14:30: Error: listen EADDRINUSE: address already in use :::4000
2026-05-11T00:14:30:     at Server.setupListenHandle [as _listen2] (node:net:1940:16)
2026-05-11T00:14:30:     at listenInCluster (node:net:1997:12)
2026-05-11T00:14:30:     at Server.listen (node:net:2102:7)
2026-05-11T00:14:30:     at app.listen (C:\Users\Anmol\OneDrive\Desktop\B\coding-portal\backend\node_modules\express\lib\application.js:635:24)
2026-05-11T00:14:30:     at <anonymous> (C:\Users\Anmol\OneDrive\Desktop\B\coding-portal\backend\src\index.ts:42:5)
2026-05-11T00:14:30:     at ModuleJob.run (node:internal/modules/esm/module_job:430:25)
2026-05-11T00:14:30:     at process.processTicksAndRejections (node:internal/process/task_queues:103:5)
2026-05-11T00:14:30:     at async onImport.tracePromise.__proto__ (node:internal/modules/esm/loader:661:26)
2026-05-11T00:14:30:     at async asyncRunEntryPointWithESMLoader (node:internal/modules/run_main:101:5)
2026-05-11T00:14:30: Emitted 'error' event on Server instance at:
2026-05-11T00:14:30:     at emitErrorNT (node:net:1976:8)
2026-05-11T00:14:30:     at process.processTicksAndRejections (node:internal/process/task_queues:89:21) {
2026-05-11T00:14:30:   code: 'EADDRINUSE',
2026-05-11T00:14:30:   errno: -4091,
2026-05-11T00:14:30:   syscall: 'listen',
2026-05-11T00:14:30:   address: '::',
2026-05-11T00:14:30:   port: 4000
2026-05-11T00:14:30: }
2026-05-11T00:14:30: 
2026-05-11T00:14:30: Node.js v24.13.1
2026-05-11T00:14:32: node:events:486
2026-05-11T00:14:32:       throw er; // Unhandled 'error' event
2026-05-11T00:14:32:       ^
2026-05-11T00:14:32: 
2026-05-11T00:14:32: Error: listen EADDRINUSE: address already in use :::4000
2026-05-11T00:14:32:     at Server.setupListenHandle [as _listen2] (node:net:1940:16)
2026-05-11T00:14:32:     at listenInCluster (node:net:1997:12)
2026-05-11T00:14:32:     at Server.listen (node:net:2102:7)
2026-05-11T00:14:32:     at app.listen (C:\Users\Anmol\OneDrive\Desktop\B\coding-portal\backend\node_modules\express\lib\application.js:635:24)
2026-05-11T00:14:32:     at <anonymous> (C:\Users\Anmol\OneDrive\Desktop\B\coding-portal\backend\src\index.ts:42:5)
2026-05-11T00:14:32:     at ModuleJob.run (node:internal/modules/esm/module_job:430:25)
2026-05-11T00:14:32:     at process.processTicksAndRejections (node:internal/process/task_queues:103:5)
2026-05-11T00:14:32:     at async onImport.tracePromise.__proto__ (node:internal/modules/esm/loader:661:26)
2026-05-11T00:14:32:     at async asyncRunEntryPointWithESMLoader (node:internal/modules/run_main:101:5)
2026-05-11T00:14:32: Emitted 'error' event on Server instance at:
2026-05-11T00:14:32:     at emitErrorNT (node:net:1976:8)
2026-05-11T00:14:32:     at process.processTicksAndRejections (node:internal/process/task_queues:89:21) {
2026-05-11T00:14:32:   code: 'EADDRINUSE',
2026-05-11T00:14:32:   errno: -4091,
2026-05-11T00:14:32:   syscall: 'listen',
2026-05-11T00:14:32:   address: '::',
2026-05-11T00:14:32:   port: 4000
2026-05-11T00:14:32: }
2026-05-11T00:14:32: 
2026-05-11T00:14:32: Node.js v24.13.1
2026-05-11T00:14:35: node:events:486
2026-05-11T00:14:35:       throw er; // Unhandled 'error' event
2026-05-11T00:14:35:       ^
2026-05-11T00:14:35: 
2026-05-11T00:14:35: Error: listen EADDRINUSE: address already in use :::4000
2026-05-11T00:14:35:     at Server.setupListenHandle [as _listen2] (node:net:1940:16)
2026-05-11T00:14:35:     at listenInCluster (node:net:1997:12)
2026-05-11T00:14:35:     at Server.listen (node:net:2102:7)
2026-05-11T00:14:35:     at app.listen (C:\Users\Anmol\OneDrive\Desktop\B\coding-portal\backend\node_modules\express\lib\application.js:635:24)
2026-05-11T00:14:35:     at <anonymous> (C:\Users\Anmol\OneDrive\Desktop\B\coding-portal\backend\src\index.ts:42:5)
2026-05-11T00:14:35:     at ModuleJob.run (node:internal/modules/esm/module_job:430:25)
2026-05-11T00:14:35:     at process.processTicksAndRejections (node:internal/process/task_queues:103:5)
2026-05-11T00:14:35:     at async onImport.tracePromise.__proto__ (node:internal/modules/esm/loader:661:26)
2026-05-11T00:14:35:     at async asyncRunEntryPointWithESMLoader (node:internal/modules/run_main:101:5)
2026-05-11T00:14:35: Emitted 'error' event on Server instance at:
2026-05-11T00:14:35:     at emitErrorNT (node:net:1976:8)
2026-05-11T00:14:35:     at process.processTicksAndRejections (node:internal/process/task_queues:89:21) {
2026-05-11T00:14:35:   code: 'EADDRINUSE',
2026-05-11T00:14:35:   errno: -4091,
2026-05-11T00:14:35:   syscall: 'listen',
2026-05-11T00:14:35:   address: '::',
2026-05-11T00:14:35:   port: 4000
2026-05-11T00:14:35: }
2026-05-11T00:14:35: 
2026-05-11T00:14:35: Node.js v24.13.1
2026-05-11T00:14:37: node:events:486
2026-05-11T00:14:37:       throw er; // Unhandled 'error' event
2026-05-11T00:14:37:       ^
2026-05-11T00:14:37: 
2026-05-11T00:14:37: Error: listen EADDRINUSE: address already in use :::4000
2026-05-11T00:14:37:     at Server.setupListenHandle [as _listen2] (node:net:1940:16)
2026-05-11T00:14:37:     at listenInCluster (node:net:1997:12)
2026-05-11T00:14:37:     at Server.listen (node:net:2102:7)
2026-05-11T00:14:37:     at app.listen (C:\Users\Anmol\OneDrive\Desktop\B\coding-portal\backend\node_modules\express\lib\application.js:635:24)
2026-05-11T00:14:37:     at <anonymous> (C:\Users\Anmol\OneDrive\Desktop\B\coding-portal\backend\src\index.ts:42:5)
2026-05-11T00:14:37:     at ModuleJob.run (node:internal/modules/esm/module_job:430:25)
2026-05-11T00:14:37:     at process.processTicksAndRejections (node:internal/process/task_queues:103:5)
2026-05-11T00:14:37:     at async onImport.tracePromise.__proto__ (node:internal/modules/esm/loader:661:26)
2026-05-11T00:14:37:     at async asyncRunEntryPointWithESMLoader (node:internal/modules/run_main:101:5)
2026-05-11T00:14:37: Emitted 'error' event on Server instance at:
2026-05-11T00:14:37:     at emitErrorNT (node:net:1976:8)
2026-05-11T00:14:37:     at process.processTicksAndRejections (node:internal/process/task_queues:89:21) {
2026-05-11T00:14:37:   code: 'EADDRINUSE',
2026-05-11T00:14:37:   errno: -4091,
2026-05-11T00:14:37:   syscall: 'listen',
2026-05-11T00:14:37:   address: '::',
2026-05-11T00:14:37:   port: 4000
2026-05-11T00:14:37: }
2026-05-11T00:14:37: 
2026-05-11T00:14:37: Node.js v24.13.1
2026-05-11T00:14:39: node:events:486
2026-05-11T00:14:39:       throw er; // Unhandled 'error' event
2026-05-11T00:14:39:       ^
2026-05-11T00:14:39: 
2026-05-11T00:14:39: Error: listen EADDRINUSE: address already in use :::4000
2026-05-11T00:14:39:     at Server.setupListenHandle [as _listen2] (node:net:1940:16)
2026-05-11T00:14:39:     at listenInCluster (node:net:1997:12)
2026-05-11T00:14:39:     at Server.listen (node:net:2102:7)
2026-05-11T00:14:39:     at app.listen (C:\Users\Anmol\OneDrive\Desktop\B\coding-portal\backend\node_modules\express\lib\application.js:635:24)
2026-05-11T00:14:39:     at <anonymous> (C:\Users\Anmol\OneDrive\Desktop\B\coding-portal\backend\src\index.ts:42:5)
2026-05-11T00:14:39:     at ModuleJob.run (node:internal/modules/esm/module_job:430:25)
2026-05-11T00:14:39:     at process.processTicksAndRejections (node:internal/process/task_queues:103:5)
2026-05-11T00:14:39:     at async onImport.tracePromise.__proto__ (node:internal/modules/esm/loader:661:26)
2026-05-11T00:14:39:     at async asyncRunEntryPointWithESMLoader (node:internal/modules/run_main:101:5)
2026-05-11T00:14:39: Emitted 'error' event on Server instance at:
2026-05-11T00:14:39:     at emitErrorNT (node:net:1976:8)
2026-05-11T00:14:39:     at process.processTicksAndRejections (node:internal/process/task_queues:89:21) {
2026-05-11T00:14:39:   code: 'EADDRINUSE',
2026-05-11T00:14:39:   errno: -4091,
2026-05-11T00:14:39:   syscall: 'listen',
2026-05-11T00:14:39:   address: '::',
2026-05-11T00:14:39:   port: 4000
2026-05-11T00:14:39: }
2026-05-11T00:14:39: 
2026-05-11T00:14:39: Node.js v24.13.1
2026-05-11T00:14:42: node:events:486
2026-05-11T00:14:42:       throw er; // Unhandled 'error' event
2026-05-11T00:14:42:       ^
2026-05-11T00:14:42: 
2026-05-11T00:14:42: Error: listen EADDRINUSE: address already in use :::4000
2026-05-11T00:14:42:     at Server.setupListenHandle [as _listen2] (node:net:1940:16)
2026-05-11T00:14:42:     at listenInCluster (node:net:1997:12)
2026-05-11T00:14:42:     at Server.listen (node:net:2102:7)
2026-05-11T00:14:42:     at app.listen (C:\Users\Anmol\OneDrive\Desktop\B\coding-portal\backend\node_modules\express\lib\application.js:635:24)
2026-05-11T00:14:42:     at <anonymous> (C:\Users\Anmol\OneDrive\Desktop\B\coding-portal\backend\src\index.ts:42:5)
2026-05-11T00:14:42:     at ModuleJob.run (node:internal/modules/esm/module_job:430:25)
2026-05-11T00:14:42:     at process.processTicksAndRejections (node:internal/process/task_queues:103:5)
2026-05-11T00:14:42:     at async onImport.tracePromise.__proto__ (node:internal/modules/esm/loader:661:26)
2026-05-11T00:14:42:     at async asyncRunEntryPointWithESMLoader (node:internal/modules/run_main:101:5)
2026-05-11T00:14:42: Emitted 'error' event on Server instance at:
2026-05-11T00:14:42:     at emitErrorNT (node:net:1976:8)
2026-05-11T00:14:42:     at process.processTicksAndRejections (node:internal/process/task_queues:89:21) {
2026-05-11T00:14:42:   code: 'EADDRINUSE',
2026-05-11T00:14:42:   errno: -4091,
2026-05-11T00:14:42:   syscall: 'listen',
2026-05-11T00:14:42:   address: '::',
2026-05-11T00:14:42:   port: 4000
2026-05-11T00:14:42: }
2026-05-11T00:14:42: 
2026-05-11T00:14:42: Node.js v24.13.1
2026-05-11T00:14:44: node:events:486
2026-05-11T00:14:44:       throw er; // Unhandled 'error' event
2026-05-11T00:14:44:       ^
2026-05-11T00:14:44: 
2026-05-11T00:14:44: Error: listen EADDRINUSE: address already in use :::4000
2026-05-11T00:14:44:     at Server.setupListenHandle [as _listen2] (node:net:1940:16)
2026-05-11T00:14:44:     at listenInCluster (node:net:1997:12)
2026-05-11T00:14:44:     at Server.listen (node:net:2102:7)
2026-05-11T00:14:44:     at app.listen (C:\Users\Anmol\OneDrive\Desktop\B\coding-portal\backend\node_modules\express\lib\application.js:635:24)
2026-05-11T00:14:44:     at <anonymous> (C:\Users\Anmol\OneDrive\Desktop\B\coding-portal\backend\src\index.ts:42:5)
2026-05-11T00:14:44:     at ModuleJob.run (node:internal/modules/esm/module_job:430:25)
2026-05-11T00:14:44:     at process.processTicksAndRejections (node:internal/process/task_queues:103:5)
2026-05-11T00:14:44:     at async onImport.tracePromise.__proto__ (node:internal/modules/esm/loader:661:26)
2026-05-11T00:14:44:     at async asyncRunEntryPointWithESMLoader (node:internal/modules/run_main:101:5)
2026-05-11T00:14:44: Emitted 'error' event on Server instance at:
2026-05-11T00:14:44:     at emitErrorNT (node:net:1976:8)
2026-05-11T00:14:44:     at process.processTicksAndRejections (node:internal/process/task_queues:89:21) {
2026-05-11T00:14:44:   code: 'EADDRINUSE',
2026-05-11T00:14:44:   errno: -4091,
2026-05-11T00:14:44:   syscall: 'listen',
2026-05-11T00:14:44:   address: '::',
2026-05-11T00:14:44:   port: 4000
2026-05-11T00:14:44: }
2026-05-11T00:14:44: 
2026-05-11T00:14:44: Node.js v24.13.1
2026-05-11T00:14:47: node:events:486
2026-05-11T00:14:47:       throw er; // Unhandled 'error' event
2026-05-11T00:14:47:       ^
2026-05-11T00:14:47: 
2026-05-11T00:14:47: Error: listen EADDRINUSE: address already in use :::4000
2026-05-11T00:14:47:     at Server.setupListenHandle [as _listen2] (node:net:1940:16)
2026-05-11T00:14:47:     at listenInCluster (node:net:1997:12)
2026-05-11T00:14:47:     at Server.listen (node:net:2102:7)
2026-05-11T00:14:47:     at app.listen (C:\Users\Anmol\OneDrive\Desktop\B\coding-portal\backend\node_modules\express\lib\application.js:635:24)
2026-05-11T00:14:47:     at <anonymous> (C:\Users\Anmol\OneDrive\Desktop\B\coding-portal\backend\src\index.ts:42:5)
2026-05-11T00:14:47:     at ModuleJob.run (node:internal/modules/esm/module_job:430:25)
2026-05-11T00:14:47:     at process.processTicksAndRejections (node:internal/process/task_queues:103:5)
2026-05-11T00:14:47:     at async onImport.tracePromise.__proto__ (node:internal/modules/esm/loader:661:26)
2026-05-11T00:14:47:     at async asyncRunEntryPointWithESMLoader (node:internal/modules/run_main:101:5)
2026-05-11T00:14:47: Emitted 'error' event on Server instance at:
2026-05-11T00:14:47:     at emitErrorNT (node:net:1976:8)
2026-05-11T00:14:47:     at process.processTicksAndRejections (node:internal/process/task_queues:89:21) {
2026-05-11T00:14:47:   code: 'EADDRINUSE',
2026-05-11T00:14:47:   errno: -4091,
2026-05-11T00:14:47:   syscall: 'listen',
2026-05-11T00:14:47:   address: '::',
2026-05-11T00:14:47:   port: 4000
2026-05-11T00:14:47: }
2026-05-11T00:14:47: 
2026-05-11T00:14:47: Node.js v24.13.1
2026-05-11T00:14:49: node:events:486
2026-05-11T00:14:49:       throw er; // Unhandled 'error' event
2026-05-11T00:14:49:       ^
2026-05-11T00:14:49: 
2026-05-11T00:14:49: Error: listen EADDRINUSE: address already in use :::4000
2026-05-11T00:14:49:     at Server.setupListenHandle [as _listen2] (node:net:1940:16)
2026-05-11T00:14:49:     at listenInCluster (node:net:1997:12)
2026-05-11T00:14:49:     at Server.listen (node:net:2102:7)
2026-05-11T00:14:49:     at app.listen (C:\Users\Anmol\OneDrive\Desktop\B\coding-portal\backend\node_modules\express\lib\application.js:635:24)
2026-05-11T00:14:49:     at <anonymous> (C:\Users\Anmol\OneDrive\Desktop\B\coding-portal\backend\src\index.ts:42:5)
2026-05-11T00:14:49:     at ModuleJob.run (node:internal/modules/esm/module_job:430:25)
2026-05-11T00:14:49:     at process.processTicksAndRejections (node:internal/process/task_queues:103:5)
2026-05-11T00:14:49:     at async onImport.tracePromise.__proto__ (node:internal/modules/esm/loader:661:26)
2026-05-11T00:14:49:     at async asyncRunEntryPointWithESMLoader (node:internal/modules/run_main:101:5)
2026-05-11T00:14:49: Emitted 'error' event on Server instance at:
2026-05-11T00:14:49:     at emitErrorNT (node:net:1976:8)
2026-05-11T00:14:49:     at process.processTicksAndRejections (node:internal/process/task_queues:89:21) {
2026-05-11T00:14:49:   code: 'EADDRINUSE',
2026-05-11T00:14:49:   errno: -4091,
2026-05-11T00:14:49:   syscall: 'listen',
2026-05-11T00:14:49:   address: '::',
2026-05-11T00:14:49:   port: 4000
2026-05-11T00:14:49: }
2026-05-11T00:14:49: 
2026-05-11T00:14:49: Node.js v24.13.1
2026-05-11T00:14:52: node:events:486
2026-05-11T00:14:52:       throw er; // Unhandled 'error' event
2026-05-11T00:14:52:       ^
2026-05-11T00:14:52: 
2026-05-11T00:14:52: Error: listen EADDRINUSE: address already in use :::4000
2026-05-11T00:14:52:     at Server.setupListenHandle [as _listen2] (node:net:1940:16)
2026-05-11T00:14:52:     at listenInCluster (node:net:1997:12)
2026-05-11T00:14:52:     at Server.listen (node:net:2102:7)
2026-05-11T00:14:52:     at app.listen (C:\Users\Anmol\OneDrive\Desktop\B\coding-portal\backend\node_modules\express\lib\application.js:635:24)
2026-05-11T00:14:52:     at <anonymous> (C:\Users\Anmol\OneDrive\Desktop\B\coding-portal\backend\src\index.ts:42:5)
2026-05-11T00:14:52:     at ModuleJob.run (node:internal/modules/esm/module_job:430:25)
2026-05-11T00:14:52:     at process.processTicksAndRejections (node:internal/process/task_queues:103:5)
2026-05-11T00:14:52:     at async onImport.tracePromise.__proto__ (node:internal/modules/esm/loader:661:26)
2026-05-11T00:14:52:     at async asyncRunEntryPointWithESMLoader (node:internal/modules/run_main:101:5)
2026-05-11T00:14:52: Emitted 'error' event on Server instance at:
2026-05-11T00:14:52:     at emitErrorNT (node:net:1976:8)
2026-05-11T00:14:52:     at process.processTicksAndRejections (node:internal/process/task_queues:89:21) {
2026-05-11T00:14:52:   code: 'EADDRINUSE',
2026-05-11T00:14:52:   errno: -4091,
2026-05-11T00:14:52:   syscall: 'listen',
2026-05-11T00:14:52:   address: '::',
2026-05-11T00:14:52:   port: 4000
2026-05-11T00:14:52: }
2026-05-11T00:14:52: 
2026-05-11T00:14:52: Node.js v24.13.1
2026-05-11T00:14:54: node:events:486
2026-05-11T00:14:54:       throw er; // Unhandled 'error' event
2026-05-11T00:14:54:       ^
2026-05-11T00:14:54: 
2026-05-11T00:14:54: Error: listen EADDRINUSE: address already in use :::4000
2026-05-11T00:14:54:     at Server.setupListenHandle [as _listen2] (node:net:1940:16)
2026-05-11T00:14:54:     at listenInCluster (node:net:1997:12)
2026-05-11T00:14:54:     at Server.listen (node:net:2102:7)
2026-05-11T00:14:54:     at app.listen (C:\Users\Anmol\OneDrive\Desktop\B\coding-portal\backend\node_modules\express\lib\application.js:635:24)
2026-05-11T00:14:54:     at <anonymous> (C:\Users\Anmol\OneDrive\Desktop\B\coding-portal\backend\src\index.ts:42:5)
2026-05-11T00:14:54:     at ModuleJob.run (node:internal/modules/esm/module_job:430:25)
2026-05-11T00:14:54:     at process.processTicksAndRejections (node:internal/process/task_queues:103:5)
2026-05-11T00:14:54:     at async onImport.tracePromise.__proto__ (node:internal/modules/esm/loader:661:26)
2026-05-11T00:14:54:     at async asyncRunEntryPointWithESMLoader (node:internal/modules/run_main:101:5)
2026-05-11T00:14:54: Emitted 'error' event on Server instance at:
2026-05-11T00:14:54:     at emitErrorNT (node:net:1976:8)
2026-05-11T00:14:54:     at process.processTicksAndRejections (node:internal/process/task_queues:89:21) {
2026-05-11T00:14:54:   code: 'EADDRINUSE',
2026-05-11T00:14:54:   errno: -4091,
2026-05-11T00:14:54:   syscall: 'listen',
2026-05-11T00:14:54:   address: '::',
2026-05-11T00:14:54:   port: 4000
2026-05-11T00:14:54: }
2026-05-11T00:14:54: 
2026-05-11T00:14:54: Node.js v24.13.1
2026-05-11T00:14:56: node:events:486
2026-05-11T00:14:56:       throw er; // Unhandled 'error' event
2026-05-11T00:14:56:       ^
2026-05-11T00:14:56: 
2026-05-11T00:14:56: Error: listen EADDRINUSE: address already in use :::4000
2026-05-11T00:14:56:     at Server.setupListenHandle [as _listen2] (node:net:1940:16)
2026-05-11T00:14:56:     at listenInCluster (node:net:1997:12)
2026-05-11T00:14:56:     at Server.listen (node:net:2102:7)
2026-05-11T00:14:56:     at app.listen (C:\Users\Anmol\OneDrive\Desktop\B\coding-portal\backend\node_modules\express\lib\application.js:635:24)
2026-05-11T00:14:56:     at <anonymous> (C:\Users\Anmol\OneDrive\Desktop\B\coding-portal\backend\src\index.ts:42:5)
2026-05-11T00:14:56:     at ModuleJob.run (node:internal/modules/esm/module_job:430:25)
2026-05-11T00:14:56:     at process.processTicksAndRejections (node:internal/process/task_queues:103:5)
2026-05-11T00:14:56:     at async onImport.tracePromise.__proto__ (node:internal/modules/esm/loader:661:26)
2026-05-11T00:14:56:     at async asyncRunEntryPointWithESMLoader (node:internal/modules/run_main:101:5)
2026-05-11T00:14:56: Emitted 'error' event on Server instance at:
2026-05-11T00:14:56:     at emitErrorNT (node:net:1976:8)
2026-05-11T00:14:56:     at process.processTicksAndRejections (node:internal/process/task_queues:89:21) {
2026-05-11T00:14:56:   code: 'EADDRINUSE',
2026-05-11T00:14:56:   errno: -4091,
2026-05-11T00:14:56:   syscall: 'listen',
2026-05-11T00:14:56:   address: '::',
2026-05-11T00:14:56:   port: 4000
2026-05-11T00:14:56: }
2026-05-11T00:14:56: 
2026-05-11T00:14:56: Node.js v24.13.1
2026-05-11T00:14:59: node:events:486
2026-05-11T00:14:59:       throw er; // Unhandled 'error' event
2026-05-11T00:14:59:       ^
2026-05-11T00:14:59: 
2026-05-11T00:14:59: Error: listen EADDRINUSE: address already in use :::4000
2026-05-11T00:14:59:     at Server.setupListenHandle [as _listen2] (node:net:1940:16)
2026-05-11T00:14:59:     at listenInCluster (node:net:1997:12)
2026-05-11T00:14:59:     at Server.listen (node:net:2102:7)
2026-05-11T00:14:59:     at app.listen (C:\Users\Anmol\OneDrive\Desktop\B\coding-portal\backend\node_modules\express\lib\application.js:635:24)
2026-05-11T00:14:59:     at <anonymous> (C:\Users\Anmol\OneDrive\Desktop\B\coding-portal\backend\src\index.ts:42:5)
2026-05-11T00:14:59:     at ModuleJob.run (node:internal/modules/esm/module_job:430:25)
2026-05-11T00:14:59:     at process.processTicksAndRejections (node:internal/process/task_queues:103:5)
2026-05-11T00:14:59:     at async onImport.tracePromise.__proto__ (node:internal/modules/esm/loader:661:26)
2026-05-11T00:14:59:     at async asyncRunEntryPointWithESMLoader (node:internal/modules/run_main:101:5)
2026-05-11T00:14:59: Emitted 'error' event on Server instance at:
2026-05-11T00:14:59:     at emitErrorNT (node:net:1976:8)
2026-05-11T00:14:59:     at process.processTicksAndRejections (node:internal/process/task_queues:89:21) {
2026-05-11T00:14:59:   code: 'EADDRINUSE',
2026-05-11T00:14:59:   errno: -4091,
2026-05-11T00:14:59:   syscall: 'listen',
2026-05-11T00:14:59:   address: '::',
2026-05-11T00:14:59:   port: 4000
2026-05-11T00:14:59: }
2026-05-11T00:14:59: 
2026-05-11T00:14:59: Node.js v24.13.1
2026-05-11T00:15:01: node:events:486
2026-05-11T00:15:01:       throw er; // Unhandled 'error' event
2026-05-11T00:15:01:       ^
2026-05-11T00:15:01: 
2026-05-11T00:15:01: Error: listen EADDRINUSE: address already in use :::4000
2026-05-11T00:15:01:     at Server.setupListenHandle [as _listen2] (node:net:1940:16)
2026-05-11T00:15:01:     at listenInCluster (node:net:1997:12)
2026-05-11T00:15:01:     at Server.listen (node:net:2102:7)
2026-05-11T00:15:01:     at app.listen (C:\Users\Anmol\OneDrive\Desktop\B\coding-portal\backend\node_modules\express\lib\application.js:635:24)
2026-05-11T00:15:01:     at <anonymous> (C:\Users\Anmol\OneDrive\Desktop\B\coding-portal\backend\src\index.ts:42:5)
2026-05-11T00:15:01:     at ModuleJob.run (node:internal/modules/esm/module_job:430:25)
2026-05-11T00:15:01:     at process.processTicksAndRejections (node:internal/process/task_queues:103:5)
2026-05-11T00:15:01:     at async onImport.tracePromise.__proto__ (node:internal/modules/esm/loader:661:26)
2026-05-11T00:15:01:     at async asyncRunEntryPointWithESMLoader (node:internal/modules/run_main:101:5)
2026-05-11T00:15:01: Emitted 'error' event on Server instance at:
2026-05-11T00:15:01:     at emitErrorNT (node:net:1976:8)
2026-05-11T00:15:01:     at process.processTicksAndRejections (node:internal/process/task_queues:89:21) {
2026-05-11T00:15:01:   code: 'EADDRINUSE',
2026-05-11T00:15:01:   errno: -4091,
2026-05-11T00:15:01:   syscall: 'listen',
2026-05-11T00:15:01:   address: '::',
2026-05-11T00:15:01:   port: 4000
2026-05-11T00:15:01: }
2026-05-11T00:15:01: 
2026-05-11T00:15:01: Node.js v24.13.1
2026-05-11T00:15:04: node:events:486
2026-05-11T00:15:04:       throw er; // Unhandled 'error' event
2026-05-11T00:15:04:       ^
2026-05-11T00:15:04: 
2026-05-11T00:15:04: Error: listen EADDRINUSE: address already in use :::4000
2026-05-11T00:15:04:     at Server.setupListenHandle [as _listen2] (node:net:1940:16)
2026-05-11T00:15:04:     at listenInCluster (node:net:1997:12)
2026-05-11T00:15:04:     at Server.listen (node:net:2102:7)
2026-05-11T00:15:04:     at app.listen (C:\Users\Anmol\OneDrive\Desktop\B\coding-portal\backend\node_modules\express\lib\application.js:635:24)
2026-05-11T00:15:04:     at <anonymous> (C:\Users\Anmol\OneDrive\Desktop\B\coding-portal\backend\src\index.ts:42:5)
2026-05-11T00:15:04:     at ModuleJob.run (node:internal/modules/esm/module_job:430:25)
2026-05-11T00:15:04:     at process.processTicksAndRejections (node:internal/process/task_queues:103:5)
2026-05-11T00:15:04:     at async onImport.tracePromise.__proto__ (node:internal/modules/esm/loader:661:26)
2026-05-11T00:15:04:     at async asyncRunEntryPointWithESMLoader (node:internal/modules/run_main:101:5)
2026-05-11T00:15:04: Emitted 'error' event on Server instance at:
2026-05-11T00:15:04:     at emitErrorNT (node:net:1976:8)
2026-05-11T00:15:04:     at process.processTicksAndRejections (node:internal/process/task_queues:89:21) {
2026-05-11T00:15:04:   code: 'EADDRINUSE',
2026-05-11T00:15:04:   errno: -4091,
2026-05-11T00:15:04:   syscall: 'listen',
2026-05-11T00:15:04:   address: '::',
2026-05-11T00:15:04:   port: 4000
2026-05-11T00:15:04: }
2026-05-11T00:15:04: 
2026-05-11T00:15:04: Node.js v24.13.1
2026-05-11T00:15:06: node:events:486
2026-05-11T00:15:06:       throw er; // Unhandled 'error' event
2026-05-11T00:15:06:       ^
2026-05-11T00:15:06: 
2026-05-11T00:15:06: Error: listen EADDRINUSE: address already in use :::4000
2026-05-11T00:15:06:     at Server.setupListenHandle [as _listen2] (node:net:1940:16)
2026-05-11T00:15:06:     at listenInCluster (node:net:1997:12)
2026-05-11T00:15:06:     at Server.listen (node:net:2102:7)
2026-05-11T00:15:06:     at app.listen (C:\Users\Anmol\OneDrive\Desktop\B\coding-portal\backend\node_modules\express\lib\application.js:635:24)
2026-05-11T00:15:06:     at <anonymous> (C:\Users\Anmol\OneDrive\Desktop\B\coding-portal\backend\src\index.ts:42:5)
2026-05-11T00:15:06:     at ModuleJob.run (node:internal/modules/esm/module_job:430:25)
2026-05-11T00:15:06:     at process.processTicksAndRejections (node:internal/process/task_queues:103:5)
2026-05-11T00:15:06:     at async onImport.tracePromise.__proto__ (node:internal/modules/esm/loader:661:26)
2026-05-11T00:15:06:     at async asyncRunEntryPointWithESMLoader (node:internal/modules/run_main:101:5)
2026-05-11T00:15:06: Emitted 'error' event on Server instance at:
2026-05-11T00:15:06:     at emitErrorNT (node:net:1976:8)
2026-05-11T00:15:06:     at process.processTicksAndRejections (node:internal/process/task_queues:89:21) {
2026-05-11T00:15:06:   code: 'EADDRINUSE',
2026-05-11T00:15:06:   errno: -4091,
2026-05-11T00:15:06:   syscall: 'listen',
2026-05-11T00:15:06:   address: '::',
2026-05-11T00:15:06:   port: 4000
2026-05-11T00:15:06: }
2026-05-11T00:15:06: 
2026-05-11T00:15:06: Node.js v24.13.1
2026-05-11T00:15:08: node:events:486
2026-05-11T00:15:08:       throw er; // Unhandled 'error' event
2026-05-11T00:15:08:       ^
2026-05-11T00:15:08: 
2026-05-11T00:15:08: Error: listen EADDRINUSE: address already in use :::4000
2026-05-11T00:15:08:     at Server.setupListenHandle [as _listen2] (node:net:1940:16)
2026-05-11T00:15:08:     at listenInCluster (node:net:1997:12)
2026-05-11T00:15:08:     at Server.listen (node:net:2102:7)
2026-05-11T00:15:08:     at app.listen (C:\Users\Anmol\OneDrive\Desktop\B\coding-portal\backend\node_modules\express\lib\application.js:635:24)
2026-05-11T00:15:08:     at <anonymous> (C:\Users\Anmol\OneDrive\Desktop\B\coding-portal\backend\src\index.ts:42:5)
2026-05-11T00:15:08:     at ModuleJob.run (node:internal/modules/esm/module_job:430:25)
2026-05-11T00:15:08:     at process.processTicksAndRejections (node:internal/process/task_queues:103:5)
2026-05-11T00:15:08:     at async onImport.tracePromise.__proto__ (node:internal/modules/esm/loader:661:26)
2026-05-11T00:15:08:     at async asyncRunEntryPointWithESMLoader (node:internal/modules/run_main:101:5)
2026-05-11T00:15:08: Emitted 'error' event on Server instance at:
2026-05-11T00:15:08:     at emitErrorNT (node:net:1976:8)
2026-05-11T00:15:08:     at process.processTicksAndRejections (node:internal/process/task_queues:89:21) {
2026-05-11T00:15:08:   code: 'EADDRINUSE',
2026-05-11T00:15:08:   errno: -4091,
2026-05-11T00:15:08:   syscall: 'listen',
2026-05-11T00:15:08:   address: '::',
2026-05-11T00:15:08:   port: 4000
2026-05-11T00:15:08: }
2026-05-11T00:15:08: 
2026-05-11T00:15:08: Node.js v24.13.1
2026-05-11T00:15:11: node:events:486
2026-05-11T00:15:11:       throw er; // Unhandled 'error' event
2026-05-11T00:15:11:       ^
2026-05-11T00:15:11: 
2026-05-11T00:15:11: Error: listen EADDRINUSE: address already in use :::4000
2026-05-11T00:15:11:     at Server.setupListenHandle [as _listen2] (node:net:1940:16)
2026-05-11T00:15:11:     at listenInCluster (node:net:1997:12)
2026-05-11T00:15:11:     at Server.listen (node:net:2102:7)
2026-05-11T00:15:11:     at app.listen (C:\Users\Anmol\OneDrive\Desktop\B\coding-portal\backend\node_modules\express\lib\application.js:635:24)
2026-05-11T00:15:11:     at <anonymous> (C:\Users\Anmol\OneDrive\Desktop\B\coding-portal\backend\src\index.ts:42:5)
2026-05-11T00:15:11:     at ModuleJob.run (node:internal/modules/esm/module_job:430:25)
2026-05-11T00:15:11:     at process.processTicksAndRejections (node:internal/process/task_queues:103:5)
2026-05-11T00:15:11:     at async onImport.tracePromise.__proto__ (node:internal/modules/esm/loader:661:26)
2026-05-11T00:15:11:     at async asyncRunEntryPointWithESMLoader (node:internal/modules/run_main:101:5)
2026-05-11T00:15:11: Emitted 'error' event on Server instance at:
2026-05-11T00:15:11:     at emitErrorNT (node:net:1976:8)
2026-05-11T00:15:11:     at process.processTicksAndRejections (node:internal/process/task_queues:89:21) {
2026-05-11T00:15:11:   code: 'EADDRINUSE',
2026-05-11T00:15:11:   errno: -4091,
2026-05-11T00:15:11:   syscall: 'listen',
2026-05-11T00:15:11:   address: '::',
2026-05-11T00:15:11:   port: 4000
2026-05-11T00:15:11: }
2026-05-11T00:15:11: 
2026-05-11T00:15:11: Node.js v24.13.1
2026-05-11T00:15:13: node:events:486
2026-05-11T00:15:13:       throw er; // Unhandled 'error' event
2026-05-11T00:15:13:       ^
2026-05-11T00:15:13: 
2026-05-11T00:15:13: Error: listen EADDRINUSE: address already in use :::4000
2026-05-11T00:15:13:     at Server.setupListenHandle [as _listen2] (node:net:1940:16)
2026-05-11T00:15:13:     at listenInCluster (node:net:1997:12)
2026-05-11T00:15:13:     at Server.listen (node:net:2102:7)
2026-05-11T00:15:13:     at app.listen (C:\Users\Anmol\OneDrive\Desktop\B\coding-portal\backend\node_modules\express\lib\application.js:635:24)
2026-05-11T00:15:13:     at <anonymous> (C:\Users\Anmol\OneDrive\Desktop\B\coding-portal\backend\src\index.ts:42:5)
2026-05-11T00:15:13:     at ModuleJob.run (node:internal/modules/esm/module_job:430:25)
2026-05-11T00:15:13:     at process.processTicksAndRejections (node:internal/process/task_queues:103:5)
2026-05-11T00:15:13:     at async onImport.tracePromise.__proto__ (node:internal/modules/esm/loader:661:26)
2026-05-11T00:15:13:     at async asyncRunEntryPointWithESMLoader (node:internal/modules/run_main:101:5)
2026-05-11T00:15:13: Emitted 'error' event on Server instance at:
2026-05-11T00:15:13:     at emitErrorNT (node:net:1976:8)
2026-05-11T00:15:13:     at process.processTicksAndRejections (node:internal/process/task_queues:89:21) {
2026-05-11T00:15:13:   code: 'EADDRINUSE',
2026-05-11T00:15:13:   errno: -4091,
2026-05-11T00:15:13:   syscall: 'listen',
2026-05-11T00:15:13:   address: '::',
2026-05-11T00:15:13:   port: 4000
2026-05-11T00:15:13: }
2026-05-11T00:15:13: 
2026-05-11T00:15:13: Node.js v24.13.1
2026-05-11T00:15:16: node:events:486
2026-05-11T00:15:16:       throw er; // Unhandled 'error' event
2026-05-11T00:15:16:       ^
2026-05-11T00:15:16: 
2026-05-11T00:15:16: Error: listen EADDRINUSE: address already in use :::4000
2026-05-11T00:15:16:     at Server.setupListenHandle [as _listen2] (node:net:1940:16)
2026-05-11T00:15:16:     at listenInCluster (node:net:1997:12)
2026-05-11T00:15:16:     at Server.listen (node:net:2102:7)
2026-05-11T00:15:16:     at app.listen (C:\Users\Anmol\OneDrive\Desktop\B\coding-portal\backend\node_modules\express\lib\application.js:635:24)
2026-05-11T00:15:16:     at <anonymous> (C:\Users\Anmol\OneDrive\Desktop\B\coding-portal\backend\src\index.ts:42:5)
2026-05-11T00:15:16:     at ModuleJob.run (node:internal/modules/esm/module_job:430:25)
2026-05-11T00:15:16:     at process.processTicksAndRejections (node:internal/process/task_queues:103:5)
2026-05-11T00:15:16:     at async onImport.tracePromise.__proto__ (node:internal/modules/esm/loader:661:26)
2026-05-11T00:15:16:     at async asyncRunEntryPointWithESMLoader (node:internal/modules/run_main:101:5)
2026-05-11T00:15:16: Emitted 'error' event on Server instance at:
2026-05-11T00:15:16:     at emitErrorNT (node:net:1976:8)
2026-05-11T00:15:16:     at process.processTicksAndRejections (node:internal/process/task_queues:89:21) {
2026-05-11T00:15:16:   code: 'EADDRINUSE',
2026-05-11T00:15:16:   errno: -4091,
2026-05-11T00:15:16:   syscall: 'listen',
2026-05-11T00:15:16:   address: '::',
2026-05-11T00:15:16:   port: 4000
2026-05-11T00:15:16: }
2026-05-11T00:15:16: 
2026-05-11T00:15:16: Node.js v24.13.1
2026-05-11T00:15:22: node:events:486
2026-05-11T00:15:22:       throw er; // Unhandled 'error' event
2026-05-11T00:15:22:       ^
2026-05-11T00:15:22: 
2026-05-11T00:15:22: Error: listen EADDRINUSE: address already in use :::4000
2026-05-11T00:15:22:     at Server.setupListenHandle [as _listen2] (node:net:1940:16)
2026-05-11T00:15:22:     at listenInCluster (node:net:1997:12)
2026-05-11T00:15:22:     at Server.listen (node:net:2102:7)
2026-05-11T00:15:22:     at app.listen (C:\Users\Anmol\OneDrive\Desktop\B\coding-portal\backend\node_modules\express\lib\application.js:635:24)
2026-05-11T00:15:22:     at <anonymous> (C:\Users\Anmol\OneDrive\Desktop\B\coding-portal\backend\src\index.ts:42:5)
2026-05-11T00:15:22:     at ModuleJob.run (node:internal/modules/esm/module_job:430:25)
2026-05-11T00:15:22:     at process.processTicksAndRejections (node:internal/process/task_queues:103:5)
2026-05-11T00:15:22:     at async onImport.tracePromise.__proto__ (node:internal/modules/esm/loader:661:26)
2026-05-11T00:15:22:     at async asyncRunEntryPointWithESMLoader (node:internal/modules/run_main:101:5)
2026-05-11T00:15:22: Emitted 'error' event on Server instance at:
2026-05-11T00:15:22:     at emitErrorNT (node:net:1976:8)
2026-05-11T00:15:22:     at process.processTicksAndRejections (node:internal/process/task_queues:89:21) {
2026-05-11T00:15:22:   code: 'EADDRINUSE',
2026-05-11T00:15:22:   errno: -4091,
2026-05-11T00:15:22:   syscall: 'listen',
2026-05-11T00:15:22:   address: '::',
2026-05-11T00:15:22:   port: 4000
2026-05-11T00:15:22: }
2026-05-11T00:15:22: 
2026-05-11T00:15:22: Node.js v24.13.1
2026-05-11T00:15:24: node:events:486
2026-05-11T00:15:24:       throw er; // Unhandled 'error' event
2026-05-11T00:15:24:       ^
2026-05-11T00:15:24: 
2026-05-11T00:15:24: Error: listen EADDRINUSE: address already in use :::4000
2026-05-11T00:15:24:     at Server.setupListenHandle [as _listen2] (node:net:1940:16)
2026-05-11T00:15:24:     at listenInCluster (node:net:1997:12)
2026-05-11T00:15:24:     at Server.listen (node:net:2102:7)
2026-05-11T00:15:24:     at app.listen (C:\Users\Anmol\OneDrive\Desktop\B\coding-portal\backend\node_modules\express\lib\application.js:635:24)
2026-05-11T00:15:24:     at <anonymous> (C:\Users\Anmol\OneDrive\Desktop\B\coding-portal\backend\src\index.ts:42:5)
2026-05-11T00:15:24:     at ModuleJob.run (node:internal/modules/esm/module_job:430:25)
2026-05-11T00:15:24:     at process.processTicksAndRejections (node:internal/process/task_queues:103:5)
2026-05-11T00:15:24:     at async onImport.tracePromise.__proto__ (node:internal/modules/esm/loader:661:26)
2026-05-11T00:15:24:     at async asyncRunEntryPointWithESMLoader (node:internal/modules/run_main:101:5)
2026-05-11T00:15:24: Emitted 'error' event on Server instance at:
2026-05-11T00:15:24:     at emitErrorNT (node:net:1976:8)
2026-05-11T00:15:24:     at process.processTicksAndRejections (node:internal/process/task_queues:89:21) {
2026-05-11T00:15:24:   code: 'EADDRINUSE',
2026-05-11T00:15:24:   errno: -4091,
2026-05-11T00:15:24:   syscall: 'listen',
2026-05-11T00:15:24:   address: '::',
2026-05-11T00:15:24:   port: 4000
2026-05-11T00:15:24: }
2026-05-11T00:15:24: 
2026-05-11T00:15:24: Node.js v24.13.1
2026-05-11T00:15:32: node:events:486
2026-05-11T00:15:32:       throw er; // Unhandled 'error' event
2026-05-11T00:15:32:       ^
2026-05-11T00:15:32: 
2026-05-11T00:15:32: Error: listen EADDRINUSE: address already in use :::4000
2026-05-11T00:15:32:     at Server.setupListenHandle [as _listen2] (node:net:1940:16)
2026-05-11T00:15:32:     at listenInCluster (node:net:1997:12)
2026-05-11T00:15:32:     at Server.listen (node:net:2102:7)
2026-05-11T00:15:32:     at app.listen (C:\Users\Anmol\OneDrive\Desktop\B\coding-portal\backend\node_modules\express\lib\application.js:635:24)
2026-05-11T00:15:32:     at <anonymous> (C:\Users\Anmol\OneDrive\Desktop\B\coding-portal\backend\src\index.ts:42:5)
2026-05-11T00:15:32:     at ModuleJob.run (node:internal/modules/esm/module_job:430:25)
2026-05-11T00:15:32:     at process.processTicksAndRejections (node:internal/process/task_queues:103:5)
2026-05-11T00:15:32:     at async onImport.tracePromise.__proto__ (node:internal/modules/esm/loader:661:26)
2026-05-11T00:15:32:     at async asyncRunEntryPointWithESMLoader (node:internal/modules/run_main:101:5)
2026-05-11T00:15:32: Emitted 'error' event on Server instance at:
2026-05-11T00:15:32:     at emitErrorNT (node:net:1976:8)
2026-05-11T00:15:32:     at process.processTicksAndRejections (node:internal/process/task_queues:89:21) {
2026-05-11T00:15:32:   code: 'EADDRINUSE',
2026-05-11T00:15:32:   errno: -4091,
2026-05-11T00:15:32:   syscall: 'listen',
2026-05-11T00:15:32:   address: '::',
2026-05-11T00:15:32:   port: 4000
2026-05-11T00:15:32: }
2026-05-11T00:15:32: 
2026-05-11T00:15:32: Node.js v24.13.1
2026-05-11T00:15:36: node:events:486
2026-05-11T00:15:36:       throw er; // Unhandled 'error' event
2026-05-11T00:15:36:       ^
2026-05-11T00:15:36: 
2026-05-11T00:15:36: Error: listen EADDRINUSE: address already in use :::4000
2026-05-11T00:15:36:     at Server.setupListenHandle [as _listen2] (node:net:1940:16)
2026-05-11T00:15:36:     at listenInCluster (node:net:1997:12)
2026-05-11T00:15:36:     at Server.listen (node:net:2102:7)
2026-05-11T00:15:36:     at app.listen (C:\Users\Anmol\OneDrive\Desktop\B\coding-portal\backend\node_modules\express\lib\application.js:635:24)
2026-05-11T00:15:36:     at <anonymous> (C:\Users\Anmol\OneDrive\Desktop\B\coding-portal\backend\src\index.ts:42:5)
2026-05-11T00:15:36:     at ModuleJob.run (node:internal/modules/esm/module_job:430:25)
2026-05-11T00:15:36:     at process.processTicksAndRejections (node:internal/process/task_queues:103:5)
2026-05-11T00:15:36:     at async onImport.tracePromise.__proto__ (node:internal/modules/esm/loader:661:26)
2026-05-11T00:15:36:     at async asyncRunEntryPointWithESMLoader (node:internal/modules/run_main:101:5)
2026-05-11T00:15:36: Emitted 'error' event on Server instance at:
2026-05-11T00:15:36:     at emitErrorNT (node:net:1976:8)
2026-05-11T00:15:36:     at process.processTicksAndRejections (node:internal/process/task_queues:89:21) {
2026-05-11T00:15:36:   code: 'EADDRINUSE',
2026-05-11T00:15:36:   errno: -4091,
2026-05-11T00:15:36:   syscall: 'listen',
2026-05-11T00:15:36:   address: '::',
2026-05-11T00:15:36:   port: 4000
2026-05-11T00:15:36: }
2026-05-11T00:15:36: 
2026-05-11T00:15:36: Node.js v24.13.1
2026-05-11T00:15:47: node:events:486
2026-05-11T00:15:47:       throw er; // Unhandled 'error' event
2026-05-11T00:15:47:       ^
2026-05-11T00:15:47: 
2026-05-11T00:15:47: Error: listen EADDRINUSE: address already in use :::4000
2026-05-11T00:15:47:     at Server.setupListenHandle [as _listen2] (node:net:1940:16)
2026-05-11T00:15:47:     at listenInCluster (node:net:1997:12)
2026-05-11T00:15:47:     at Server.listen (node:net:2102:7)
2026-05-11T00:15:47:     at app.listen (C:\Users\Anmol\OneDrive\Desktop\B\coding-portal\backend\node_modules\express\lib\application.js:635:24)
2026-05-11T00:15:47:     at <anonymous> (C:\Users\Anmol\OneDrive\Desktop\B\coding-portal\backend\src\index.ts:42:5)
2026-05-11T00:15:47:     at ModuleJob.run (node:internal/modules/esm/module_job:430:25)
2026-05-11T00:15:47:     at process.processTicksAndRejections (node:internal/process/task_queues:103:5)
2026-05-11T00:15:47:     at async onImport.tracePromise.__proto__ (node:internal/modules/esm/loader:661:26)
2026-05-11T00:15:47:     at async asyncRunEntryPointWithESMLoader (node:internal/modules/run_main:101:5)
2026-05-11T00:15:47: Emitted 'error' event on Server instance at:
2026-05-11T00:15:47:     at emitErrorNT (node:net:1976:8)
2026-05-11T00:15:47:     at process.processTicksAndRejections (node:internal/process/task_queues:89:21) {
2026-05-11T00:15:47:   code: 'EADDRINUSE',
2026-05-11T00:15:47:   errno: -4091,
2026-05-11T00:15:47:   syscall: 'listen',
2026-05-11T00:15:47:   address: '::',
2026-05-11T00:15:47:   port: 4000
2026-05-11T00:15:47: }
2026-05-11T00:15:47: 
2026-05-11T00:15:47: Node.js v24.13.1
2026-05-11T00:15:50: node:events:486
2026-05-11T00:15:50:       throw er; // Unhandled 'error' event
2026-05-11T00:15:50:       ^
2026-05-11T00:15:50: 
2026-05-11T00:15:50: Error: listen EADDRINUSE: address already in use :::4000
2026-05-11T00:15:50:     at Server.setupListenHandle [as _listen2] (node:net:1940:16)
2026-05-11T00:15:50:     at listenInCluster (node:net:1997:12)
2026-05-11T00:15:50:     at Server.listen (node:net:2102:7)
2026-05-11T00:15:50:     at app.listen (C:\Users\Anmol\OneDrive\Desktop\B\coding-portal\backend\node_modules\express\lib\application.js:635:24)
2026-05-11T00:15:50:     at <anonymous> (C:\Users\Anmol\OneDrive\Desktop\B\coding-portal\backend\src\index.ts:42:5)
2026-05-11T00:15:50:     at ModuleJob.run (node:internal/modules/esm/module_job:430:25)
2026-05-11T00:15:50:     at process.processTicksAndRejections (node:internal/process/task_queues:103:5)
2026-05-11T00:15:50:     at async onImport.tracePromise.__proto__ (node:internal/modules/esm/loader:661:26)
2026-05-11T00:15:50:     at async asyncRunEntryPointWithESMLoader (node:internal/modules/run_main:101:5)
2026-05-11T00:15:50: Emitted 'error' event on Server instance at:
2026-05-11T00:15:50:     at emitErrorNT (node:net:1976:8)
2026-05-11T00:15:50:     at process.processTicksAndRejections (node:internal/process/task_queues:89:21) {
2026-05-11T00:15:50:   code: 'EADDRINUSE',
2026-05-11T00:15:50:   errno: -4091,
2026-05-11T00:15:50:   syscall: 'listen',
2026-05-11T00:15:50:   address: '::',
2026-05-11T00:15:50:   port: 4000
2026-05-11T00:15:50: }
2026-05-11T00:15:50: 
2026-05-11T00:15:50: Node.js v24.13.1
2026-05-11T00:15:54: node:events:486
2026-05-11T00:15:54:       throw er; // Unhandled 'error' event
2026-05-11T00:15:54:       ^
2026-05-11T00:15:54: 
2026-05-11T00:15:54: Error: listen EADDRINUSE: address already in use :::4000
2026-05-11T00:15:54:     at Server.setupListenHandle [as _listen2] (node:net:1940:16)
2026-05-11T00:15:54:     at listenInCluster (node:net:1997:12)
2026-05-11T00:15:54:     at Server.listen (node:net:2102:7)
2026-05-11T00:15:54:     at app.listen (C:\Users\Anmol\OneDrive\Desktop\B\coding-portal\backend\node_modules\express\lib\application.js:635:24)
2026-05-11T00:15:54:     at <anonymous> (C:\Users\Anmol\OneDrive\Desktop\B\coding-portal\backend\src\index.ts:42:5)
2026-05-11T00:15:54:     at ModuleJob.run (node:internal/modules/esm/module_job:430:25)
2026-05-11T00:15:54:     at process.processTicksAndRejections (node:internal/process/task_queues:103:5)
2026-05-11T00:15:54:     at async onImport.tracePromise.__proto__ (node:internal/modules/esm/loader:661:26)
2026-05-11T00:15:54:     at async asyncRunEntryPointWithESMLoader (node:internal/modules/run_main:101:5)
2026-05-11T00:15:54: Emitted 'error' event on Server instance at:
2026-05-11T00:15:54:     at emitErrorNT (node:net:1976:8)
2026-05-11T00:15:54:     at process.processTicksAndRejections (node:internal/process/task_queues:89:21) {
2026-05-11T00:15:54:   code: 'EADDRINUSE',
2026-05-11T00:15:54:   errno: -4091,
2026-05-11T00:15:54:   syscall: 'listen',
2026-05-11T00:15:54:   address: '::',
2026-05-11T00:15:54:   port: 4000
2026-05-11T00:15:54: }
2026-05-11T00:15:54: 
2026-05-11T00:15:54: Node.js v24.13.1
2026-05-11T00:15:56: node:events:486
2026-05-11T00:15:56:       throw er; // Unhandled 'error' event
2026-05-11T00:15:56:       ^
2026-05-11T00:15:56: 
2026-05-11T00:15:56: Error: listen EADDRINUSE: address already in use :::4000
2026-05-11T00:15:56:     at Server.setupListenHandle [as _listen2] (node:net:1940:16)
2026-05-11T00:15:56:     at listenInCluster (node:net:1997:12)
2026-05-11T00:15:56:     at Server.listen (node:net:2102:7)
2026-05-11T00:15:56:     at app.listen (C:\Users\Anmol\OneDrive\Desktop\B\coding-portal\backend\node_modules\express\lib\application.js:635:24)
2026-05-11T00:15:56:     at <anonymous> (C:\Users\Anmol\OneDrive\Desktop\B\coding-portal\backend\src\index.ts:42:5)
2026-05-11T00:15:56:     at ModuleJob.run (node:internal/modules/esm/module_job:430:25)
2026-05-11T00:15:56:     at process.processTicksAndRejections (node:internal/process/task_queues:103:5)
2026-05-11T00:15:56:     at async onImport.tracePromise.__proto__ (node:internal/modules/esm/loader:661:26)
2026-05-11T00:15:56:     at async asyncRunEntryPointWithESMLoader (node:internal/modules/run_main:101:5)
2026-05-11T00:15:56: Emitted 'error' event on Server instance at:
2026-05-11T00:15:56:     at emitErrorNT (node:net:1976:8)
2026-05-11T00:15:56:     at process.processTicksAndRejections (node:internal/process/task_queues:89:21) {
2026-05-11T00:15:56:   code: 'EADDRINUSE',
2026-05-11T00:15:56:   errno: -4091,
2026-05-11T00:15:56:   syscall: 'listen',
2026-05-11T00:15:56:   address: '::',
2026-05-11T00:15:56:   port: 4000
2026-05-11T00:15:56: }
2026-05-11T00:15:56: 
2026-05-11T00:15:56: Node.js v24.13.1
2026-05-11T00:16:00: node:events:486
2026-05-11T00:16:00:       throw er; // Unhandled 'error' event
2026-05-11T00:16:00:       ^
2026-05-11T00:16:00: 
2026-05-11T00:16:00: Error: listen EADDRINUSE: address already in use :::4000
2026-05-11T00:16:00:     at Server.setupListenHandle [as _listen2] (node:net:1940:16)
2026-05-11T00:16:00:     at listenInCluster (node:net:1997:12)
2026-05-11T00:16:00:     at Server.listen (node:net:2102:7)
2026-05-11T00:16:00:     at app.listen (C:\Users\Anmol\OneDrive\Desktop\B\coding-portal\backend\node_modules\express\lib\application.js:635:24)
2026-05-11T00:16:00:     at <anonymous> (C:\Users\Anmol\OneDrive\Desktop\B\coding-portal\backend\src\index.ts:42:5)
2026-05-11T00:16:00:     at ModuleJob.run (node:internal/modules/esm/module_job:430:25)
2026-05-11T00:16:00:     at process.processTicksAndRejections (node:internal/process/task_queues:103:5)
2026-05-11T00:16:00:     at async onImport.tracePromise.__proto__ (node:internal/modules/esm/loader:661:26)
2026-05-11T00:16:00:     at async asyncRunEntryPointWithESMLoader (node:internal/modules/run_main:101:5)
2026-05-11T00:16:00: Emitted 'error' event on Server instance at:
2026-05-11T00:16:00:     at emitErrorNT (node:net:1976:8)
2026-05-11T00:16:00:     at process.processTicksAndRejections (node:internal/process/task_queues:89:21) {
2026-05-11T00:16:00:   code: 'EADDRINUSE',
2026-05-11T00:16:00:   errno: -4091,
2026-05-11T00:16:00:   syscall: 'listen',
2026-05-11T00:16:00:   address: '::',
2026-05-11T00:16:00:   port: 4000
2026-05-11T00:16:00: }
2026-05-11T00:16:00: 
2026-05-11T00:16:00: Node.js v24.13.1
2026-05-11T00:16:03: node:events:486
2026-05-11T00:16:03:       throw er; // Unhandled 'error' event
2026-05-11T00:16:03:       ^
2026-05-11T00:16:03: 
2026-05-11T00:16:03: Error: listen EADDRINUSE: address already in use :::4000
2026-05-11T00:16:03:     at Server.setupListenHandle [as _listen2] (node:net:1940:16)
2026-05-11T00:16:03:     at listenInCluster (node:net:1997:12)
2026-05-11T00:16:03:     at Server.listen (node:net:2102:7)
2026-05-11T00:16:03:     at app.listen (C:\Users\Anmol\OneDrive\Desktop\B\coding-portal\backend\node_modules\express\lib\application.js:635:24)
2026-05-11T00:16:03:     at <anonymous> (C:\Users\Anmol\OneDrive\Desktop\B\coding-portal\backend\src\index.ts:42:5)
2026-05-11T00:16:03:     at ModuleJob.run (node:internal/modules/esm/module_job:430:25)
2026-05-11T00:16:03:     at process.processTicksAndRejections (node:internal/process/task_queues:103:5)
2026-05-11T00:16:03:     at async onImport.tracePromise.__proto__ (node:internal/modules/esm/loader:661:26)
2026-05-11T00:16:03:     at async asyncRunEntryPointWithESMLoader (node:internal/modules/run_main:101:5)
2026-05-11T00:16:03: Emitted 'error' event on Server instance at:
2026-05-11T00:16:03:     at emitErrorNT (node:net:1976:8)
2026-05-11T00:16:03:     at process.processTicksAndRejections (node:internal/process/task_queues:89:21) {
2026-05-11T00:16:03:   code: 'EADDRINUSE',
2026-05-11T00:16:03:   errno: -4091,
2026-05-11T00:16:03:   syscall: 'listen',
2026-05-11T00:16:03:   address: '::',
2026-05-11T00:16:03:   port: 4000
2026-05-11T00:16:03: }
2026-05-11T00:16:03: 
2026-05-11T00:16:03: Node.js v24.13.1
2026-05-11T00:16:05: node:events:486
2026-05-11T00:16:05:       throw er; // Unhandled 'error' event
2026-05-11T00:16:05:       ^
2026-05-11T00:16:05: 
2026-05-11T00:16:05: Error: listen EADDRINUSE: address already in use :::4000
2026-05-11T00:16:05:     at Server.setupListenHandle [as _listen2] (node:net:1940:16)
2026-05-11T00:16:05:     at listenInCluster (node:net:1997:12)
2026-05-11T00:16:05:     at Server.listen (node:net:2102:7)
2026-05-11T00:16:05:     at app.listen (C:\Users\Anmol\OneDrive\Desktop\B\coding-portal\backend\node_modules\express\lib\application.js:635:24)
2026-05-11T00:16:05:     at <anonymous> (C:\Users\Anmol\OneDrive\Desktop\B\coding-portal\backend\src\index.ts:42:5)
2026-05-11T00:16:05:     at ModuleJob.run (node:internal/modules/esm/module_job:430:25)
2026-05-11T00:16:05:     at process.processTicksAndRejections (node:internal/process/task_queues:103:5)
2026-05-11T00:16:05:     at async onImport.tracePromise.__proto__ (node:internal/modules/esm/loader:661:26)
2026-05-11T00:16:05:     at async asyncRunEntryPointWithESMLoader (node:internal/modules/run_main:101:5)
2026-05-11T00:16:05: Emitted 'error' event on Server instance at:
2026-05-11T00:16:05:     at emitErrorNT (node:net:1976:8)
2026-05-11T00:16:05:     at process.processTicksAndRejections (node:internal/process/task_queues:89:21) {
2026-05-11T00:16:05:   code: 'EADDRINUSE',
2026-05-11T00:16:05:   errno: -4091,
2026-05-11T00:16:05:   syscall: 'listen',
2026-05-11T00:16:05:   address: '::',
2026-05-11T00:16:05:   port: 4000
2026-05-11T00:16:05: }
2026-05-11T00:16:05: 
2026-05-11T00:16:05: Node.js v24.13.1
2026-05-11T00:16:09: node:events:486
2026-05-11T00:16:09:       throw er; // Unhandled 'error' event
2026-05-11T00:16:09:       ^
2026-05-11T00:16:09: 
2026-05-11T00:16:09: Error: listen EADDRINUSE: address already in use :::4000
2026-05-11T00:16:09:     at Server.setupListenHandle [as _listen2] (node:net:1940:16)
2026-05-11T00:16:09:     at listenInCluster (node:net:1997:12)
2026-05-11T00:16:09:     at Server.listen (node:net:2102:7)
2026-05-11T00:16:09:     at app.listen (C:\Users\Anmol\OneDrive\Desktop\B\coding-portal\backend\node_modules\express\lib\application.js:635:24)
2026-05-11T00:16:09:     at <anonymous> (C:\Users\Anmol\OneDrive\Desktop\B\coding-portal\backend\src\index.ts:42:5)
2026-05-11T00:16:09:     at ModuleJob.run (node:internal/modules/esm/module_job:430:25)
2026-05-11T00:16:09:     at process.processTicksAndRejections (node:internal/process/task_queues:103:5)
2026-05-11T00:16:09:     at async onImport.tracePromise.__proto__ (node:internal/modules/esm/loader:661:26)
2026-05-11T00:16:09:     at async asyncRunEntryPointWithESMLoader (node:internal/modules/run_main:101:5)
2026-05-11T00:16:09: Emitted 'error' event on Server instance at:
2026-05-11T00:16:09:     at emitErrorNT (node:net:1976:8)
2026-05-11T00:16:09:     at process.processTicksAndRejections (node:internal/process/task_queues:89:21) {
2026-05-11T00:16:09:   code: 'EADDRINUSE',
2026-05-11T00:16:09:   errno: -4091,
2026-05-11T00:16:09:   syscall: 'listen',
2026-05-11T00:16:09:   address: '::',
2026-05-11T00:16:09:   port: 4000
2026-05-11T00:16:09: }
2026-05-11T00:16:09: 
2026-05-11T00:16:09: Node.js v24.13.1
2026-05-11T00:16:12: node:events:486
2026-05-11T00:16:12:       throw er; // Unhandled 'error' event
2026-05-11T00:16:12:       ^
2026-05-11T00:16:12: 
2026-05-11T00:16:12: Error: listen EADDRINUSE: address already in use :::4000
2026-05-11T00:16:12:     at Server.setupListenHandle [as _listen2] (node:net:1940:16)
2026-05-11T00:16:12:     at listenInCluster (node:net:1997:12)
2026-05-11T00:16:12:     at Server.listen (node:net:2102:7)
2026-05-11T00:16:12:     at app.listen (C:\Users\Anmol\OneDrive\Desktop\B\coding-portal\backend\node_modules\express\lib\application.js:635:24)
2026-05-11T00:16:12:     at <anonymous> (C:\Users\Anmol\OneDrive\Desktop\B\coding-portal\backend\src\index.ts:42:5)
2026-05-11T00:16:12:     at ModuleJob.run (node:internal/modules/esm/module_job:430:25)
2026-05-11T00:16:12:     at process.processTicksAndRejections (node:internal/process/task_queues:103:5)
2026-05-11T00:16:12:     at async onImport.tracePromise.__proto__ (node:internal/modules/esm/loader:661:26)
2026-05-11T00:16:12:     at async asyncRunEntryPointWithESMLoader (node:internal/modules/run_main:101:5)
2026-05-11T00:16:12: Emitted 'error' event on Server instance at:
2026-05-11T00:16:12:     at emitErrorNT (node:net:1976:8)
2026-05-11T00:16:12:     at process.processTicksAndRejections (node:internal/process/task_queues:89:21) {
2026-05-11T00:16:12:   code: 'EADDRINUSE',
2026-05-11T00:16:12:   errno: -4091,
2026-05-11T00:16:12:   syscall: 'listen',
2026-05-11T00:16:12:   address: '::',
2026-05-11T00:16:12:   port: 4000
2026-05-11T00:16:12: }
2026-05-11T00:16:12: 
2026-05-11T00:16:12: Node.js v24.13.1
2026-05-11T00:16:16: node:events:486
2026-05-11T00:16:16:       throw er; // Unhandled 'error' event
2026-05-11T00:16:16:       ^
2026-05-11T00:16:16: 
2026-05-11T00:16:16: Error: listen EADDRINUSE: address already in use :::4000
2026-05-11T00:16:16:     at Server.setupListenHandle [as _listen2] (node:net:1940:16)
2026-05-11T00:16:16:     at listenInCluster (node:net:1997:12)
2026-05-11T00:16:16:     at Server.listen (node:net:2102:7)
2026-05-11T00:16:16:     at app.listen (C:\Users\Anmol\OneDrive\Desktop\B\coding-portal\backend\node_modules\express\lib\application.js:635:24)
2026-05-11T00:16:16:     at <anonymous> (C:\Users\Anmol\OneDrive\Desktop\B\coding-portal\backend\src\index.ts:42:5)
2026-05-11T00:16:16:     at ModuleJob.run (node:internal/modules/esm/module_job:430:25)
2026-05-11T00:16:16:     at process.processTicksAndRejections (node:internal/process/task_queues:103:5)
2026-05-11T00:16:16:     at async onImport.tracePromise.__proto__ (node:internal/modules/esm/loader:661:26)
2026-05-11T00:16:16:     at async asyncRunEntryPointWithESMLoader (node:internal/modules/run_main:101:5)
2026-05-11T00:16:16: Emitted 'error' event on Server instance at:
2026-05-11T00:16:16:     at emitErrorNT (node:net:1976:8)
2026-05-11T00:16:16:     at process.processTicksAndRejections (node:internal/process/task_queues:89:21) {
2026-05-11T00:16:16:   code: 'EADDRINUSE',
2026-05-11T00:16:16:   errno: -4091,
2026-05-11T00:16:16:   syscall: 'listen',
2026-05-11T00:16:16:   address: '::',
2026-05-11T00:16:16:   port: 4000
2026-05-11T00:16:16: }
2026-05-11T00:16:16: 
2026-05-11T00:16:16: Node.js v24.13.1
2026-05-11T00:16:19: node:events:486
2026-05-11T00:16:19:       throw er; // Unhandled 'error' event
2026-05-11T00:16:19:       ^
2026-05-11T00:16:19: 
2026-05-11T00:16:19: Error: listen EADDRINUSE: address already in use :::4000
2026-05-11T00:16:19:     at Server.setupListenHandle [as _listen2] (node:net:1940:16)
2026-05-11T00:16:19:     at listenInCluster (node:net:1997:12)
2026-05-11T00:16:19:     at Server.listen (node:net:2102:7)
2026-05-11T00:16:19:     at app.listen (C:\Users\Anmol\OneDrive\Desktop\B\coding-portal\backend\node_modules\express\lib\application.js:635:24)
2026-05-11T00:16:19:     at <anonymous> (C:\Users\Anmol\OneDrive\Desktop\B\coding-portal\backend\src\index.ts:42:5)
2026-05-11T00:16:19:     at ModuleJob.run (node:internal/modules/esm/module_job:430:25)
2026-05-11T00:16:19:     at process.processTicksAndRejections (node:internal/process/task_queues:103:5)
2026-05-11T00:16:19:     at async onImport.tracePromise.__proto__ (node:internal/modules/esm/loader:661:26)
2026-05-11T00:16:19:     at async asyncRunEntryPointWithESMLoader (node:internal/modules/run_main:101:5)
2026-05-11T00:16:19: Emitted 'error' event on Server instance at:
2026-05-11T00:16:19:     at emitErrorNT (node:net:1976:8)
2026-05-11T00:16:19:     at process.processTicksAndRejections (node:internal/process/task_queues:89:21) {
2026-05-11T00:16:19:   code: 'EADDRINUSE',
2026-05-11T00:16:19:   errno: -4091,
2026-05-11T00:16:19:   syscall: 'listen',
2026-05-11T00:16:19:   address: '::',
2026-05-11T00:16:19:   port: 4000
2026-05-11T00:16:19: }
2026-05-11T00:16:19: 
2026-05-11T00:16:19: Node.js v24.13.1
2026-05-11T00:16:22: node:events:486
2026-05-11T00:16:22:       throw er; // Unhandled 'error' event
2026-05-11T00:16:22:       ^
2026-05-11T00:16:22: 
2026-05-11T00:16:22: Error: listen EADDRINUSE: address already in use :::4000
2026-05-11T00:16:22:     at Server.setupListenHandle [as _listen2] (node:net:1940:16)
2026-05-11T00:16:22:     at listenInCluster (node:net:1997:12)
2026-05-11T00:16:22:     at Server.listen (node:net:2102:7)
2026-05-11T00:16:22:     at app.listen (C:\Users\Anmol\OneDrive\Desktop\B\coding-portal\backend\node_modules\express\lib\application.js:635:24)
2026-05-11T00:16:22:     at <anonymous> (C:\Users\Anmol\OneDrive\Desktop\B\coding-portal\backend\src\index.ts:42:5)
2026-05-11T00:16:22:     at ModuleJob.run (node:internal/modules/esm/module_job:430:25)
2026-05-11T00:16:22:     at process.processTicksAndRejections (node:internal/process/task_queues:103:5)
2026-05-11T00:16:22:     at async onImport.tracePromise.__proto__ (node:internal/modules/esm/loader:661:26)
2026-05-11T00:16:22:     at async asyncRunEntryPointWithESMLoader (node:internal/modules/run_main:101:5)
2026-05-11T00:16:22: Emitted 'error' event on Server instance at:
2026-05-11T00:16:22:     at emitErrorNT (node:net:1976:8)
2026-05-11T00:16:22:     at process.processTicksAndRejections (node:internal/process/task_queues:89:21) {
2026-05-11T00:16:22:   code: 'EADDRINUSE',
2026-05-11T00:16:22:   errno: -4091,
2026-05-11T00:16:22:   syscall: 'listen',
2026-05-11T00:16:22:   address: '::',
2026-05-11T00:16:22:   port: 4000
2026-05-11T00:16:22: }
2026-05-11T00:16:22: 
2026-05-11T00:16:22: Node.js v24.13.1
2026-05-11T00:16:25: node:events:486
2026-05-11T00:16:25:       throw er; // Unhandled 'error' event
2026-05-11T00:16:25:       ^
2026-05-11T00:16:25: 
2026-05-11T00:16:25: Error: listen EADDRINUSE: address already in use :::4000
2026-05-11T00:16:25:     at Server.setupListenHandle [as _listen2] (node:net:1940:16)
2026-05-11T00:16:25:     at listenInCluster (node:net:1997:12)
2026-05-11T00:16:25:     at Server.listen (node:net:2102:7)
2026-05-11T00:16:25:     at app.listen (C:\Users\Anmol\OneDrive\Desktop\B\coding-portal\backend\node_modules\express\lib\application.js:635:24)
2026-05-11T00:16:25:     at <anonymous> (C:\Users\Anmol\OneDrive\Desktop\B\coding-portal\backend\src\index.ts:42:5)
2026-05-11T00:16:25:     at ModuleJob.run (node:internal/modules/esm/module_job:430:25)
2026-05-11T00:16:25:     at process.processTicksAndRejections (node:internal/process/task_queues:103:5)
2026-05-11T00:16:25:     at async onImport.tracePromise.__proto__ (node:internal/modules/esm/loader:661:26)
2026-05-11T00:16:25:     at async asyncRunEntryPointWithESMLoader (node:internal/modules/run_main:101:5)
2026-05-11T00:16:25: Emitted 'error' event on Server instance at:
2026-05-11T00:16:25:     at emitErrorNT (node:net:1976:8)
2026-05-11T00:16:25:     at process.processTicksAndRejections (node:internal/process/task_queues:89:21) {
2026-05-11T00:16:25:   code: 'EADDRINUSE',
2026-05-11T00:16:25:   errno: -4091,
2026-05-11T00:16:25:   syscall: 'listen',
2026-05-11T00:16:25:   address: '::',
2026-05-11T00:16:25:   port: 4000
2026-05-11T00:16:25: }
2026-05-11T00:16:25: 
2026-05-11T00:16:25: Node.js v24.13.1
2026-05-11T00:16:28: node:events:486
2026-05-11T00:16:28:       throw er; // Unhandled 'error' event
2026-05-11T00:16:28:       ^
2026-05-11T00:16:28: 
2026-05-11T00:16:28: Error: listen EADDRINUSE: address already in use :::4000
2026-05-11T00:16:28:     at Server.setupListenHandle [as _listen2] (node:net:1940:16)
2026-05-11T00:16:28:     at listenInCluster (node:net:1997:12)
2026-05-11T00:16:28:     at Server.listen (node:net:2102:7)
2026-05-11T00:16:28:     at app.listen (C:\Users\Anmol\OneDrive\Desktop\B\coding-portal\backend\node_modules\express\lib\application.js:635:24)
2026-05-11T00:16:28:     at <anonymous> (C:\Users\Anmol\OneDrive\Desktop\B\coding-portal\backend\src\index.ts:42:5)
2026-05-11T00:16:28:     at ModuleJob.run (node:internal/modules/esm/module_job:430:25)
2026-05-11T00:16:28:     at process.processTicksAndRejections (node:internal/process/task_queues:103:5)
2026-05-11T00:16:28:     at async onImport.tracePromise.__proto__ (node:internal/modules/esm/loader:661:26)
2026-05-11T00:16:28:     at async asyncRunEntryPointWithESMLoader (node:internal/modules/run_main:101:5)
2026-05-11T00:16:28: Emitted 'error' event on Server instance at:
2026-05-11T00:16:28:     at emitErrorNT (node:net:1976:8)
2026-05-11T00:16:28:     at process.processTicksAndRejections (node:internal/process/task_queues:89:21) {
2026-05-11T00:16:28:   code: 'EADDRINUSE',
2026-05-11T00:16:28:   errno: -4091,
2026-05-11T00:16:28:   syscall: 'listen',
2026-05-11T00:16:28:   address: '::',
2026-05-11T00:16:28:   port: 4000
2026-05-11T00:16:28: }
2026-05-11T00:16:28: 
2026-05-11T00:16:28: Node.js v24.13.1
2026-05-11T00:16:31: node:events:486
2026-05-11T00:16:31:       throw er; // Unhandled 'error' event
2026-05-11T00:16:31:       ^
2026-05-11T00:16:31: 
2026-05-11T00:16:31: Error: listen EADDRINUSE: address already in use :::4000
2026-05-11T00:16:31:     at Server.setupListenHandle [as _listen2] (node:net:1940:16)
2026-05-11T00:16:31:     at listenInCluster (node:net:1997:12)
2026-05-11T00:16:31:     at Server.listen (node:net:2102:7)
2026-05-11T00:16:31:     at app.listen (C:\Users\Anmol\OneDrive\Desktop\B\coding-portal\backend\node_modules\express\lib\application.js:635:24)
2026-05-11T00:16:31:     at <anonymous> (C:\Users\Anmol\OneDrive\Desktop\B\coding-portal\backend\src\index.ts:42:5)
2026-05-11T00:16:31:     at ModuleJob.run (node:internal/modules/esm/module_job:430:25)
2026-05-11T00:16:31:     at process.processTicksAndRejections (node:internal/process/task_queues:103:5)
2026-05-11T00:16:31:     at async onImport.tracePromise.__proto__ (node:internal/modules/esm/loader:661:26)
2026-05-11T00:16:31:     at async asyncRunEntryPointWithESMLoader (node:internal/modules/run_main:101:5)
2026-05-11T00:16:31: Emitted 'error' event on Server instance at:
2026-05-11T00:16:31:     at emitErrorNT (node:net:1976:8)
2026-05-11T00:16:31:     at process.processTicksAndRejections (node:internal/process/task_queues:89:21) {
2026-05-11T00:16:31:   code: 'EADDRINUSE',
2026-05-11T00:16:31:   errno: -4091,
2026-05-11T00:16:31:   syscall: 'listen',
2026-05-11T00:16:31:   address: '::',
2026-05-11T00:16:31:   port: 4000
2026-05-11T00:16:31: }
2026-05-11T00:16:31: 
2026-05-11T00:16:31: Node.js v24.13.1
2026-05-11T00:16:34: node:events:486
2026-05-11T00:16:34:       throw er; // Unhandled 'error' event
2026-05-11T00:16:34:       ^
2026-05-11T00:16:34: 
2026-05-11T00:16:34: Error: listen EADDRINUSE: address already in use :::4000
2026-05-11T00:16:34:     at Server.setupListenHandle [as _listen2] (node:net:1940:16)
2026-05-11T00:16:34:     at listenInCluster (node:net:1997:12)
2026-05-11T00:16:34:     at Server.listen (node:net:2102:7)
2026-05-11T00:16:34:     at app.listen (C:\Users\Anmol\OneDrive\Desktop\B\coding-portal\backend\node_modules\express\lib\application.js:635:24)
2026-05-11T00:16:34:     at <anonymous> (C:\Users\Anmol\OneDrive\Desktop\B\coding-portal\backend\src\index.ts:42:5)
2026-05-11T00:16:34:     at ModuleJob.run (node:internal/modules/esm/module_job:430:25)
2026-05-11T00:16:34:     at process.processTicksAndRejections (node:internal/process/task_queues:103:5)
2026-05-11T00:16:34:     at async onImport.tracePromise.__proto__ (node:internal/modules/esm/loader:661:26)
2026-05-11T00:16:34:     at async asyncRunEntryPointWithESMLoader (node:internal/modules/run_main:101:5)
2026-05-11T00:16:34: Emitted 'error' event on Server instance at:
2026-05-11T00:16:34:     at emitErrorNT (node:net:1976:8)
2026-05-11T00:16:34:     at process.processTicksAndRejections (node:internal/process/task_queues:89:21) {
2026-05-11T00:16:34:   code: 'EADDRINUSE',
2026-05-11T00:16:34:   errno: -4091,
2026-05-11T00:16:34:   syscall: 'listen',
2026-05-11T00:16:34:   address: '::',
2026-05-11T00:16:34:   port: 4000
2026-05-11T00:16:34: }
2026-05-11T00:16:34: 
2026-05-11T00:16:34: Node.js v24.13.1
2026-05-11T00:16:37: node:events:486
2026-05-11T00:16:37:       throw er; // Unhandled 'error' event
2026-05-11T00:16:37:       ^
2026-05-11T00:16:37: 
2026-05-11T00:16:37: Error: listen EADDRINUSE: address already in use :::4000
2026-05-11T00:16:37:     at Server.setupListenHandle [as _listen2] (node:net:1940:16)
2026-05-11T00:16:37:     at listenInCluster (node:net:1997:12)
2026-05-11T00:16:37:     at Server.listen (node:net:2102:7)
2026-05-11T00:16:37:     at app.listen (C:\Users\Anmol\OneDrive\Desktop\B\coding-portal\backend\node_modules\express\lib\application.js:635:24)
2026-05-11T00:16:37:     at <anonymous> (C:\Users\Anmol\OneDrive\Desktop\B\coding-portal\backend\src\index.ts:42:5)
2026-05-11T00:16:37:     at ModuleJob.run (node:internal/modules/esm/module_job:430:25)
2026-05-11T00:16:37:     at process.processTicksAndRejections (node:internal/process/task_queues:103:5)
2026-05-11T00:16:37:     at async onImport.tracePromise.__proto__ (node:internal/modules/esm/loader:661:26)
2026-05-11T00:16:37:     at async asyncRunEntryPointWithESMLoader (node:internal/modules/run_main:101:5)
2026-05-11T00:16:37: Emitted 'error' event on Server instance at:
2026-05-11T00:16:37:     at emitErrorNT (node:net:1976:8)
2026-05-11T00:16:37:     at process.processTicksAndRejections (node:internal/process/task_queues:89:21) {
2026-05-11T00:16:37:   code: 'EADDRINUSE',
2026-05-11T00:16:37:   errno: -4091,
2026-05-11T00:16:37:   syscall: 'listen',
2026-05-11T00:16:37:   address: '::',
2026-05-11T00:16:37:   port: 4000
2026-05-11T00:16:37: }
2026-05-11T00:16:37: 
2026-05-11T00:16:37: Node.js v24.13.1
2026-05-11T00:16:40: node:events:486
2026-05-11T00:16:40:       throw er; // Unhandled 'error' event
2026-05-11T00:16:40:       ^
2026-05-11T00:16:40: 
2026-05-11T00:16:40: Error: listen EADDRINUSE: address already in use :::4000
2026-05-11T00:16:40:     at Server.setupListenHandle [as _listen2] (node:net:1940:16)
2026-05-11T00:16:40:     at listenInCluster (node:net:1997:12)
2026-05-11T00:16:40:     at Server.listen (node:net:2102:7)
2026-05-11T00:16:40:     at app.listen (C:\Users\Anmol\OneDrive\Desktop\B\coding-portal\backend\node_modules\express\lib\application.js:635:24)
2026-05-11T00:16:40:     at <anonymous> (C:\Users\Anmol\OneDrive\Desktop\B\coding-portal\backend\src\index.ts:42:5)
2026-05-11T00:16:40:     at ModuleJob.run (node:internal/modules/esm/module_job:430:25)
2026-05-11T00:16:40:     at process.processTicksAndRejections (node:internal/process/task_queues:103:5)
2026-05-11T00:16:40:     at async onImport.tracePromise.__proto__ (node:internal/modules/esm/loader:661:26)
2026-05-11T00:16:40:     at async asyncRunEntryPointWithESMLoader (node:internal/modules/run_main:101:5)
2026-05-11T00:16:40: Emitted 'error' event on Server instance at:
2026-05-11T00:16:40:     at emitErrorNT (node:net:1976:8)
2026-05-11T00:16:40:     at process.processTicksAndRejections (node:internal/process/task_queues:89:21) {
2026-05-11T00:16:40:   code: 'EADDRINUSE',
2026-05-11T00:16:40:   errno: -4091,
2026-05-11T00:16:40:   syscall: 'listen',
2026-05-11T00:16:40:   address: '::',
2026-05-11T00:16:40:   port: 4000
2026-05-11T00:16:40: }
2026-05-11T00:16:40: 
2026-05-11T00:16:40: Node.js v24.13.1
2026-05-11T00:16:43: node:events:486
2026-05-11T00:16:43:       throw er; // Unhandled 'error' event
2026-05-11T00:16:43:       ^
2026-05-11T00:16:43: 
2026-05-11T00:16:43: Error: listen EADDRINUSE: address already in use :::4000
2026-05-11T00:16:43:     at Server.setupListenHandle [as _listen2] (node:net:1940:16)
2026-05-11T00:16:43:     at listenInCluster (node:net:1997:12)
2026-05-11T00:16:43:     at Server.listen (node:net:2102:7)
2026-05-11T00:16:43:     at app.listen (C:\Users\Anmol\OneDrive\Desktop\B\coding-portal\backend\node_modules\express\lib\application.js:635:24)
2026-05-11T00:16:43:     at <anonymous> (C:\Users\Anmol\OneDrive\Desktop\B\coding-portal\backend\src\index.ts:42:5)
2026-05-11T00:16:43:     at ModuleJob.run (node:internal/modules/esm/module_job:430:25)
2026-05-11T00:16:43:     at process.processTicksAndRejections (node:internal/process/task_queues:103:5)
2026-05-11T00:16:43:     at async onImport.tracePromise.__proto__ (node:internal/modules/esm/loader:661:26)
2026-05-11T00:16:43:     at async asyncRunEntryPointWithESMLoader (node:internal/modules/run_main:101:5)
2026-05-11T00:16:43: Emitted 'error' event on Server instance at:
2026-05-11T00:16:43:     at emitErrorNT (node:net:1976:8)
2026-05-11T00:16:43:     at process.processTicksAndRejections (node:internal/process/task_queues:89:21) {
2026-05-11T00:16:43:   code: 'EADDRINUSE',
2026-05-11T00:16:43:   errno: -4091,
2026-05-11T00:16:43:   syscall: 'listen',
2026-05-11T00:16:43:   address: '::',
2026-05-11T00:16:43:   port: 4000
2026-05-11T00:16:43: }
2026-05-11T00:16:43: 
2026-05-11T00:16:43: Node.js v24.13.1
2026-05-11T00:16:46: node:events:486
2026-05-11T00:16:46:       throw er; // Unhandled 'error' event
2026-05-11T00:16:46:       ^
2026-05-11T00:16:46: 
2026-05-11T00:16:46: Error: listen EADDRINUSE: address already in use :::4000
2026-05-11T00:16:46:     at Server.setupListenHandle [as _listen2] (node:net:1940:16)
2026-05-11T00:16:46:     at listenInCluster (node:net:1997:12)
2026-05-11T00:16:46:     at Server.listen (node:net:2102:7)
2026-05-11T00:16:46:     at app.listen (C:\Users\Anmol\OneDrive\Desktop\B\coding-portal\backend\node_modules\express\lib\application.js:635:24)
2026-05-11T00:16:46:     at <anonymous> (C:\Users\Anmol\OneDrive\Desktop\B\coding-portal\backend\src\index.ts:42:5)
2026-05-11T00:16:46:     at ModuleJob.run (node:internal/modules/esm/module_job:430:25)
2026-05-11T00:16:46:     at process.processTicksAndRejections (node:internal/process/task_queues:103:5)
2026-05-11T00:16:46:     at async onImport.tracePromise.__proto__ (node:internal/modules/esm/loader:661:26)
2026-05-11T00:16:46:     at async asyncRunEntryPointWithESMLoader (node:internal/modules/run_main:101:5)
2026-05-11T00:16:46: Emitted 'error' event on Server instance at:
2026-05-11T00:16:46:     at emitErrorNT (node:net:1976:8)
2026-05-11T00:16:46:     at process.processTicksAndRejections (node:internal/process/task_queues:89:21) {
2026-05-11T00:16:46:   code: 'EADDRINUSE',
2026-05-11T00:16:46:   errno: -4091,
2026-05-11T00:16:46:   syscall: 'listen',
2026-05-11T00:16:46:   address: '::',
2026-05-11T00:16:46:   port: 4000
2026-05-11T00:16:46: }
2026-05-11T00:16:46: 
2026-05-11T00:16:46: Node.js v24.13.1
2026-05-11T00:16:49: node:events:486
2026-05-11T00:16:49:       throw er; // Unhandled 'error' event
2026-05-11T00:16:49:       ^
2026-05-11T00:16:49: 
2026-05-11T00:16:49: Error: listen EADDRINUSE: address already in use :::4000
2026-05-11T00:16:49:     at Server.setupListenHandle [as _listen2] (node:net:1940:16)
2026-05-11T00:16:49:     at listenInCluster (node:net:1997:12)
2026-05-11T00:16:49:     at Server.listen (node:net:2102:7)
2026-05-11T00:16:49:     at app.listen (C:\Users\Anmol\OneDrive\Desktop\B\coding-portal\backend\node_modules\express\lib\application.js:635:24)
2026-05-11T00:16:49:     at <anonymous> (C:\Users\Anmol\OneDrive\Desktop\B\coding-portal\backend\src\index.ts:42:5)
2026-05-11T00:16:49:     at ModuleJob.run (node:internal/modules/esm/module_job:430:25)
2026-05-11T00:16:49:     at process.processTicksAndRejections (node:internal/process/task_queues:103:5)
2026-05-11T00:16:49:     at async onImport.tracePromise.__proto__ (node:internal/modules/esm/loader:661:26)
2026-05-11T00:16:49:     at async asyncRunEntryPointWithESMLoader (node:internal/modules/run_main:101:5)
2026-05-11T00:16:49: Emitted 'error' event on Server instance at:
2026-05-11T00:16:49:     at emitErrorNT (node:net:1976:8)
2026-05-11T00:16:49:     at process.processTicksAndRejections (node:internal/process/task_queues:89:21) {
2026-05-11T00:16:49:   code: 'EADDRINUSE',
2026-05-11T00:16:49:   errno: -4091,
2026-05-11T00:16:49:   syscall: 'listen',
2026-05-11T00:16:49:   address: '::',
2026-05-11T00:16:49:   port: 4000
2026-05-11T00:16:49: }
2026-05-11T00:16:49: 
2026-05-11T00:16:49: Node.js v24.13.1
2026-05-11T00:16:52: node:events:486
2026-05-11T00:16:52:       throw er; // Unhandled 'error' event
2026-05-11T00:16:52:       ^
2026-05-11T00:16:52: 
2026-05-11T00:16:52: Error: listen EADDRINUSE: address already in use :::4000
2026-05-11T00:16:52:     at Server.setupListenHandle [as _listen2] (node:net:1940:16)
2026-05-11T00:16:52:     at listenInCluster (node:net:1997:12)
2026-05-11T00:16:52:     at Server.listen (node:net:2102:7)
2026-05-11T00:16:52:     at app.listen (C:\Users\Anmol\OneDrive\Desktop\B\coding-portal\backend\node_modules\express\lib\application.js:635:24)
2026-05-11T00:16:52:     at <anonymous> (C:\Users\Anmol\OneDrive\Desktop\B\coding-portal\backend\src\index.ts:42:5)
2026-05-11T00:16:52:     at ModuleJob.run (node:internal/modules/esm/module_job:430:25)
2026-05-11T00:16:52:     at process.processTicksAndRejections (node:internal/process/task_queues:103:5)
2026-05-11T00:16:52:     at async onImport.tracePromise.__proto__ (node:internal/modules/esm/loader:661:26)
2026-05-11T00:16:52:     at async asyncRunEntryPointWithESMLoader (node:internal/modules/run_main:101:5)
2026-05-11T00:16:52: Emitted 'error' event on Server instance at:
2026-05-11T00:16:52:     at emitErrorNT (node:net:1976:8)
2026-05-11T00:16:52:     at process.processTicksAndRejections (node:internal/process/task_queues:89:21) {
2026-05-11T00:16:52:   code: 'EADDRINUSE',
2026-05-11T00:16:52:   errno: -4091,
2026-05-11T00:16:52:   syscall: 'listen',
2026-05-11T00:16:52:   address: '::',
2026-05-11T00:16:52:   port: 4000
2026-05-11T00:16:52: }
2026-05-11T00:16:52: 
2026-05-11T00:16:52: Node.js v24.13.1
2026-05-11T00:16:55: node:events:486
2026-05-11T00:16:55:       throw er; // Unhandled 'error' event
2026-05-11T00:16:55:       ^
2026-05-11T00:16:55: 
2026-05-11T00:16:55: Error: listen EADDRINUSE: address already in use :::4000
2026-05-11T00:16:55:     at Server.setupListenHandle [as _listen2] (node:net:1940:16)
2026-05-11T00:16:55:     at listenInCluster (node:net:1997:12)
2026-05-11T00:16:55:     at Server.listen (node:net:2102:7)
2026-05-11T00:16:55:     at app.listen (C:\Users\Anmol\OneDrive\Desktop\B\coding-portal\backend\node_modules\express\lib\application.js:635:24)
2026-05-11T00:16:55:     at <anonymous> (C:\Users\Anmol\OneDrive\Desktop\B\coding-portal\backend\src\index.ts:42:5)
2026-05-11T00:16:55:     at ModuleJob.run (node:internal/modules/esm/module_job:430:25)
2026-05-11T00:16:55:     at process.processTicksAndRejections (node:internal/process/task_queues:103:5)
2026-05-11T00:16:55:     at async onImport.tracePromise.__proto__ (node:internal/modules/esm/loader:661:26)
2026-05-11T00:16:55:     at async asyncRunEntryPointWithESMLoader (node:internal/modules/run_main:101:5)
2026-05-11T00:16:55: Emitted 'error' event on Server instance at:
2026-05-11T00:16:55:     at emitErrorNT (node:net:1976:8)
2026-05-11T00:16:55:     at process.processTicksAndRejections (node:internal/process/task_queues:89:21) {
2026-05-11T00:16:55:   code: 'EADDRINUSE',
2026-05-11T00:16:55:   errno: -4091,
2026-05-11T00:16:55:   syscall: 'listen',
2026-05-11T00:16:55:   address: '::',
2026-05-11T00:16:55:   port: 4000
2026-05-11T00:16:55: }
2026-05-11T00:16:55: 
2026-05-11T00:16:55: Node.js v24.13.1
2026-05-11T00:16:57: node:events:486
2026-05-11T00:16:57:       throw er; // Unhandled 'error' event
2026-05-11T00:16:57:       ^
2026-05-11T00:16:57: 
2026-05-11T00:16:57: Error: listen EADDRINUSE: address already in use :::4000
2026-05-11T00:16:57:     at Server.setupListenHandle [as _listen2] (node:net:1940:16)
2026-05-11T00:16:57:     at listenInCluster (node:net:1997:12)
2026-05-11T00:16:57:     at Server.listen (node:net:2102:7)
2026-05-11T00:16:57:     at app.listen (C:\Users\Anmol\OneDrive\Desktop\B\coding-portal\backend\node_modules\express\lib\application.js:635:24)
2026-05-11T00:16:57:     at <anonymous> (C:\Users\Anmol\OneDrive\Desktop\B\coding-portal\backend\src\index.ts:42:5)
2026-05-11T00:16:57:     at ModuleJob.run (node:internal/modules/esm/module_job:430:25)
2026-05-11T00:16:57:     at process.processTicksAndRejections (node:internal/process/task_queues:103:5)
2026-05-11T00:16:57:     at async onImport.tracePromise.__proto__ (node:internal/modules/esm/loader:661:26)
2026-05-11T00:16:57:     at async asyncRunEntryPointWithESMLoader (node:internal/modules/run_main:101:5)
2026-05-11T00:16:57: Emitted 'error' event on Server instance at:
2026-05-11T00:16:57:     at emitErrorNT (node:net:1976:8)
2026-05-11T00:16:57:     at process.processTicksAndRejections (node:internal/process/task_queues:89:21) {
2026-05-11T00:16:57:   code: 'EADDRINUSE',
2026-05-11T00:16:57:   errno: -4091,
2026-05-11T00:16:57:   syscall: 'listen',
2026-05-11T00:16:57:   address: '::',
2026-05-11T00:16:57:   port: 4000
2026-05-11T00:16:57: }
2026-05-11T00:16:57: 
2026-05-11T00:16:57: Node.js v24.13.1
2026-05-11T00:17:01: node:events:486
2026-05-11T00:17:01:       throw er; // Unhandled 'error' event
2026-05-11T00:17:01:       ^
2026-05-11T00:17:01: 
2026-05-11T00:17:01: Error: listen EADDRINUSE: address already in use :::4000
2026-05-11T00:17:01:     at Server.setupListenHandle [as _listen2] (node:net:1940:16)
2026-05-11T00:17:01:     at listenInCluster (node:net:1997:12)
2026-05-11T00:17:01:     at Server.listen (node:net:2102:7)
2026-05-11T00:17:01:     at app.listen (C:\Users\Anmol\OneDrive\Desktop\B\coding-portal\backend\node_modules\express\lib\application.js:635:24)
2026-05-11T00:17:01:     at <anonymous> (C:\Users\Anmol\OneDrive\Desktop\B\coding-portal\backend\src\index.ts:42:5)
2026-05-11T00:17:01:     at ModuleJob.run (node:internal/modules/esm/module_job:430:25)
2026-05-11T00:17:01:     at process.processTicksAndRejections (node:internal/process/task_queues:103:5)
2026-05-11T00:17:01:     at async onImport.tracePromise.__proto__ (node:internal/modules/esm/loader:661:26)
2026-05-11T00:17:01:     at async asyncRunEntryPointWithESMLoader (node:internal/modules/run_main:101:5)
2026-05-11T00:17:01: Emitted 'error' event on Server instance at:
2026-05-11T00:17:01:     at emitErrorNT (node:net:1976:8)
2026-05-11T00:17:01:     at process.processTicksAndRejections (node:internal/process/task_queues:89:21) {
2026-05-11T00:17:01:   code: 'EADDRINUSE',
2026-05-11T00:17:01:   errno: -4091,
2026-05-11T00:17:01:   syscall: 'listen',
2026-05-11T00:17:01:   address: '::',
2026-05-11T00:17:01:   port: 4000
2026-05-11T00:17:01: }
2026-05-11T00:17:01: 
2026-05-11T00:17:01: Node.js v24.13.1
2026-05-11T00:17:04: node:events:486
2026-05-11T00:17:04:       throw er; // Unhandled 'error' event
2026-05-11T00:17:04:       ^
2026-05-11T00:17:04: 
2026-05-11T00:17:04: Error: listen EADDRINUSE: address already in use :::4000
2026-05-11T00:17:04:     at Server.setupListenHandle [as _listen2] (node:net:1940:16)
2026-05-11T00:17:04:     at listenInCluster (node:net:1997:12)
2026-05-11T00:17:04:     at Server.listen (node:net:2102:7)
2026-05-11T00:17:04:     at app.listen (C:\Users\Anmol\OneDrive\Desktop\B\coding-portal\backend\node_modules\express\lib\application.js:635:24)
2026-05-11T00:17:04:     at <anonymous> (C:\Users\Anmol\OneDrive\Desktop\B\coding-portal\backend\src\index.ts:42:5)
2026-05-11T00:17:04:     at ModuleJob.run (node:internal/modules/esm/module_job:430:25)
2026-05-11T00:17:04:     at process.processTicksAndRejections (node:internal/process/task_queues:103:5)
2026-05-11T00:17:04:     at async onImport.tracePromise.__proto__ (node:internal/modules/esm/loader:661:26)
2026-05-11T00:17:04:     at async asyncRunEntryPointWithESMLoader (node:internal/modules/run_main:101:5)
2026-05-11T00:17:04: Emitted 'error' event on Server instance at:
2026-05-11T00:17:04:     at emitErrorNT (node:net:1976:8)
2026-05-11T00:17:04:     at process.processTicksAndRejections (node:internal/process/task_queues:89:21) {
2026-05-11T00:17:04:   code: 'EADDRINUSE',
2026-05-11T00:17:04:   errno: -4091,
2026-05-11T00:17:04:   syscall: 'listen',
2026-05-11T00:17:04:   address: '::',
2026-05-11T00:17:04:   port: 4000
2026-05-11T00:17:04: }
2026-05-11T00:17:04: 
2026-05-11T00:17:04: Node.js v24.13.1
2026-05-11T00:17:07: node:events:486
2026-05-11T00:17:07:       throw er; // Unhandled 'error' event
2026-05-11T00:17:07:       ^
2026-05-11T00:17:07: 
2026-05-11T00:17:07: Error: listen EADDRINUSE: address already in use :::4000
2026-05-11T00:17:07:     at Server.setupListenHandle [as _listen2] (node:net:1940:16)
2026-05-11T00:17:07:     at listenInCluster (node:net:1997:12)
2026-05-11T00:17:07:     at Server.listen (node:net:2102:7)
2026-05-11T00:17:07:     at app.listen (C:\Users\Anmol\OneDrive\Desktop\B\coding-portal\backend\node_modules\express\lib\application.js:635:24)
2026-05-11T00:17:07:     at <anonymous> (C:\Users\Anmol\OneDrive\Desktop\B\coding-portal\backend\src\index.ts:42:5)
2026-05-11T00:17:07:     at ModuleJob.run (node:internal/modules/esm/module_job:430:25)
2026-05-11T00:17:07:     at process.processTicksAndRejections (node:internal/process/task_queues:103:5)
2026-05-11T00:17:07:     at async onImport.tracePromise.__proto__ (node:internal/modules/esm/loader:661:26)
2026-05-11T00:17:07:     at async asyncRunEntryPointWithESMLoader (node:internal/modules/run_main:101:5)
2026-05-11T00:17:07: Emitted 'error' event on Server instance at:
2026-05-11T00:17:07:     at emitErrorNT (node:net:1976:8)
2026-05-11T00:17:07:     at process.processTicksAndRejections (node:internal/process/task_queues:89:21) {
2026-05-11T00:17:07:   code: 'EADDRINUSE',
2026-05-11T00:17:07:   errno: -4091,
2026-05-11T00:17:07:   syscall: 'listen',
2026-05-11T00:17:07:   address: '::',
2026-05-11T00:17:07:   port: 4000
2026-05-11T00:17:07: }
2026-05-11T00:17:07: 
2026-05-11T00:17:07: Node.js v24.13.1
2026-05-11T00:17:09: node:events:486
2026-05-11T00:17:09:       throw er; // Unhandled 'error' event
2026-05-11T00:17:09:       ^
2026-05-11T00:17:09: 
2026-05-11T00:17:09: Error: listen EADDRINUSE: address already in use :::4000
2026-05-11T00:17:09:     at Server.setupListenHandle [as _listen2] (node:net:1940:16)
2026-05-11T00:17:09:     at listenInCluster (node:net:1997:12)
2026-05-11T00:17:09:     at Server.listen (node:net:2102:7)
2026-05-11T00:17:09:     at app.listen (C:\Users\Anmol\OneDrive\Desktop\B\coding-portal\backend\node_modules\express\lib\application.js:635:24)
2026-05-11T00:17:09:     at <anonymous> (C:\Users\Anmol\OneDrive\Desktop\B\coding-portal\backend\src\index.ts:42:5)
2026-05-11T00:17:09:     at ModuleJob.run (node:internal/modules/esm/module_job:430:25)
2026-05-11T00:17:09:     at process.processTicksAndRejections (node:internal/process/task_queues:103:5)
2026-05-11T00:17:09:     at async onImport.tracePromise.__proto__ (node:internal/modules/esm/loader:661:26)
2026-05-11T00:17:09:     at async asyncRunEntryPointWithESMLoader (node:internal/modules/run_main:101:5)
2026-05-11T00:17:09: Emitted 'error' event on Server instance at:
2026-05-11T00:17:09:     at emitErrorNT (node:net:1976:8)
2026-05-11T00:17:09:     at process.processTicksAndRejections (node:internal/process/task_queues:89:21) {
2026-05-11T00:17:09:   code: 'EADDRINUSE',
2026-05-11T00:17:09:   errno: -4091,
2026-05-11T00:17:09:   syscall: 'listen',
2026-05-11T00:17:09:   address: '::',
2026-05-11T00:17:09:   port: 4000
2026-05-11T00:17:09: }
2026-05-11T00:17:09: 
2026-05-11T00:17:09: Node.js v24.13.1
2026-05-11T00:17:12: node:events:486
2026-05-11T00:17:12:       throw er; // Unhandled 'error' event
2026-05-11T00:17:12:       ^
2026-05-11T00:17:12: 
2026-05-11T00:17:12: Error: listen EADDRINUSE: address already in use :::4000
2026-05-11T00:17:12:     at Server.setupListenHandle [as _listen2] (node:net:1940:16)
2026-05-11T00:17:12:     at listenInCluster (node:net:1997:12)
2026-05-11T00:17:12:     at Server.listen (node:net:2102:7)
2026-05-11T00:17:12:     at app.listen (C:\Users\Anmol\OneDrive\Desktop\B\coding-portal\backend\node_modules\express\lib\application.js:635:24)
2026-05-11T00:17:12:     at <anonymous> (C:\Users\Anmol\OneDrive\Desktop\B\coding-portal\backend\src\index.ts:42:5)
2026-05-11T00:17:12:     at ModuleJob.run (node:internal/modules/esm/module_job:430:25)
2026-05-11T00:17:12:     at process.processTicksAndRejections (node:internal/process/task_queues:103:5)
2026-05-11T00:17:12:     at async onImport.tracePromise.__proto__ (node:internal/modules/esm/loader:661:26)
2026-05-11T00:17:12:     at async asyncRunEntryPointWithESMLoader (node:internal/modules/run_main:101:5)
2026-05-11T00:17:12: Emitted 'error' event on Server instance at:
2026-05-11T00:17:12:     at emitErrorNT (node:net:1976:8)
2026-05-11T00:17:12:     at process.processTicksAndRejections (node:internal/process/task_queues:89:21) {
2026-05-11T00:17:12:   code: 'EADDRINUSE',
2026-05-11T00:17:12:   errno: -4091,
2026-05-11T00:17:12:   syscall: 'listen',
2026-05-11T00:17:12:   address: '::',
2026-05-11T00:17:12:   port: 4000
2026-05-11T00:17:12: }
2026-05-11T00:17:12: 
2026-05-11T00:17:12: Node.js v24.13.1
2026-05-11T00:17:15: node:events:486
2026-05-11T00:17:15:       throw er; // Unhandled 'error' event
2026-05-11T00:17:15:       ^
2026-05-11T00:17:15: 
2026-05-11T00:17:15: Error: listen EADDRINUSE: address already in use :::4000
2026-05-11T00:17:15:     at Server.setupListenHandle [as _listen2] (node:net:1940:16)
2026-05-11T00:17:15:     at listenInCluster (node:net:1997:12)
2026-05-11T00:17:15:     at Server.listen (node:net:2102:7)
2026-05-11T00:17:15:     at app.listen (C:\Users\Anmol\OneDrive\Desktop\B\coding-portal\backend\node_modules\express\lib\application.js:635:24)
2026-05-11T00:17:15:     at <anonymous> (C:\Users\Anmol\OneDrive\Desktop\B\coding-portal\backend\src\index.ts:42:5)
2026-05-11T00:17:15:     at ModuleJob.run (node:internal/modules/esm/module_job:430:25)
2026-05-11T00:17:15:     at process.processTicksAndRejections (node:internal/process/task_queues:103:5)
2026-05-11T00:17:15:     at async onImport.tracePromise.__proto__ (node:internal/modules/esm/loader:661:26)
2026-05-11T00:17:15:     at async asyncRunEntryPointWithESMLoader (node:internal/modules/run_main:101:5)
2026-05-11T00:17:15: Emitted 'error' event on Server instance at:
2026-05-11T00:17:15:     at emitErrorNT (node:net:1976:8)
2026-05-11T00:17:15:     at process.processTicksAndRejections (node:internal/process/task_queues:89:21) {
2026-05-11T00:17:15:   code: 'EADDRINUSE',
2026-05-11T00:17:15:   errno: -4091,
2026-05-11T00:17:15:   syscall: 'listen',
2026-05-11T00:17:15:   address: '::',
2026-05-11T00:17:15:   port: 4000
2026-05-11T00:17:15: }
2026-05-11T00:17:15: 
2026-05-11T00:17:15: Node.js v24.13.1
2026-05-11T00:17:18: node:events:486
2026-05-11T00:17:18:       throw er; // Unhandled 'error' event
2026-05-11T00:17:18:       ^
2026-05-11T00:17:18: 
2026-05-11T00:17:18: Error: listen EADDRINUSE: address already in use :::4000
2026-05-11T00:17:18:     at Server.setupListenHandle [as _listen2] (node:net:1940:16)
2026-05-11T00:17:18:     at listenInCluster (node:net:1997:12)
2026-05-11T00:17:18:     at Server.listen (node:net:2102:7)
2026-05-11T00:17:18:     at app.listen (C:\Users\Anmol\OneDrive\Desktop\B\coding-portal\backend\node_modules\express\lib\application.js:635:24)
2026-05-11T00:17:18:     at <anonymous> (C:\Users\Anmol\OneDrive\Desktop\B\coding-portal\backend\src\index.ts:42:5)
2026-05-11T00:17:18:     at ModuleJob.run (node:internal/modules/esm/module_job:430:25)
2026-05-11T00:17:18:     at process.processTicksAndRejections (node:internal/process/task_queues:103:5)
2026-05-11T00:17:18:     at async onImport.tracePromise.__proto__ (node:internal/modules/esm/loader:661:26)
2026-05-11T00:17:18:     at async asyncRunEntryPointWithESMLoader (node:internal/modules/run_main:101:5)
2026-05-11T00:17:18: Emitted 'error' event on Server instance at:
2026-05-11T00:17:18:     at emitErrorNT (node:net:1976:8)
2026-05-11T00:17:18:     at process.processTicksAndRejections (node:internal/process/task_queues:89:21) {
2026-05-11T00:17:18:   code: 'EADDRINUSE',
2026-05-11T00:17:18:   errno: -4091,
2026-05-11T00:17:18:   syscall: 'listen',
2026-05-11T00:17:18:   address: '::',
2026-05-11T00:17:18:   port: 4000
2026-05-11T00:17:18: }
2026-05-11T00:17:18: 
2026-05-11T00:17:18: Node.js v24.13.1
2026-05-11T00:17:22: node:events:486
2026-05-11T00:17:22:       throw er; // Unhandled 'error' event
2026-05-11T00:17:22:       ^
2026-05-11T00:17:22: 
2026-05-11T00:17:22: Error: listen EADDRINUSE: address already in use :::4000
2026-05-11T00:17:22:     at Server.setupListenHandle [as _listen2] (node:net:1940:16)
2026-05-11T00:17:22:     at listenInCluster (node:net:1997:12)
2026-05-11T00:17:22:     at Server.listen (node:net:2102:7)
2026-05-11T00:17:22:     at app.listen (C:\Users\Anmol\OneDrive\Desktop\B\coding-portal\backend\node_modules\express\lib\application.js:635:24)
2026-05-11T00:17:22:     at <anonymous> (C:\Users\Anmol\OneDrive\Desktop\B\coding-portal\backend\src\index.ts:42:5)
2026-05-11T00:17:22:     at ModuleJob.run (node:internal/modules/esm/module_job:430:25)
2026-05-11T00:17:22:     at process.processTicksAndRejections (node:internal/process/task_queues:103:5)
2026-05-11T00:17:22:     at async onImport.tracePromise.__proto__ (node:internal/modules/esm/loader:661:26)
2026-05-11T00:17:22:     at async asyncRunEntryPointWithESMLoader (node:internal/modules/run_main:101:5)
2026-05-11T00:17:22: Emitted 'error' event on Server instance at:
2026-05-11T00:17:22:     at emitErrorNT (node:net:1976:8)
2026-05-11T00:17:22:     at process.processTicksAndRejections (node:internal/process/task_queues:89:21) {
2026-05-11T00:17:22:   code: 'EADDRINUSE',
2026-05-11T00:17:22:   errno: -4091,
2026-05-11T00:17:22:   syscall: 'listen',
2026-05-11T00:17:22:   address: '::',
2026-05-11T00:17:22:   port: 4000
2026-05-11T00:17:22: }
2026-05-11T00:17:22: 
2026-05-11T00:17:22: Node.js v24.13.1
2026-05-11T00:17:25: node:events:486
2026-05-11T00:17:25:       throw er; // Unhandled 'error' event
2026-05-11T00:17:25:       ^
2026-05-11T00:17:25: 
2026-05-11T00:17:25: Error: listen EADDRINUSE: address already in use :::4000
2026-05-11T00:17:25:     at Server.setupListenHandle [as _listen2] (node:net:1940:16)
2026-05-11T00:17:25:     at listenInCluster (node:net:1997:12)
2026-05-11T00:17:25:     at Server.listen (node:net:2102:7)
2026-05-11T00:17:25:     at app.listen (C:\Users\Anmol\OneDrive\Desktop\B\coding-portal\backend\node_modules\express\lib\application.js:635:24)
2026-05-11T00:17:25:     at <anonymous> (C:\Users\Anmol\OneDrive\Desktop\B\coding-portal\backend\src\index.ts:42:5)
2026-05-11T00:17:25:     at ModuleJob.run (node:internal/modules/esm/module_job:430:25)
2026-05-11T00:17:25:     at process.processTicksAndRejections (node:internal/process/task_queues:103:5)
2026-05-11T00:17:25:     at async onImport.tracePromise.__proto__ (node:internal/modules/esm/loader:661:26)
2026-05-11T00:17:25:     at async asyncRunEntryPointWithESMLoader (node:internal/modules/run_main:101:5)
2026-05-11T00:17:25: Emitted 'error' event on Server instance at:
2026-05-11T00:17:25:     at emitErrorNT (node:net:1976:8)
2026-05-11T00:17:25:     at process.processTicksAndRejections (node:internal/process/task_queues:89:21) {
2026-05-11T00:17:25:   code: 'EADDRINUSE',
2026-05-11T00:17:25:   errno: -4091,
2026-05-11T00:17:25:   syscall: 'listen',
2026-05-11T00:17:25:   address: '::',
2026-05-11T00:17:25:   port: 4000
2026-05-11T00:17:25: }
2026-05-11T00:17:25: 
2026-05-11T00:17:25: Node.js v24.13.1
2026-05-11T00:17:28: node:events:486
2026-05-11T00:17:28:       throw er; // Unhandled 'error' event
2026-05-11T00:17:28:       ^
2026-05-11T00:17:28: 
2026-05-11T00:17:28: Error: listen EADDRINUSE: address already in use :::4000
2026-05-11T00:17:28:     at Server.setupListenHandle [as _listen2] (node:net:1940:16)
2026-05-11T00:17:28:     at listenInCluster (node:net:1997:12)
2026-05-11T00:17:28:     at Server.listen (node:net:2102:7)
2026-05-11T00:17:28:     at app.listen (C:\Users\Anmol\OneDrive\Desktop\B\coding-portal\backend\node_modules\express\lib\application.js:635:24)
2026-05-11T00:17:28:     at <anonymous> (C:\Users\Anmol\OneDrive\Desktop\B\coding-portal\backend\src\index.ts:42:5)
2026-05-11T00:17:28:     at ModuleJob.run (node:internal/modules/esm/module_job:430:25)
2026-05-11T00:17:28:     at process.processTicksAndRejections (node:internal/process/task_queues:103:5)
2026-05-11T00:17:28:     at async onImport.tracePromise.__proto__ (node:internal/modules/esm/loader:661:26)
2026-05-11T00:17:28:     at async asyncRunEntryPointWithESMLoader (node:internal/modules/run_main:101:5)
2026-05-11T00:17:28: Emitted 'error' event on Server instance at:
2026-05-11T00:17:28:     at emitErrorNT (node:net:1976:8)
2026-05-11T00:17:28:     at process.processTicksAndRejections (node:internal/process/task_queues:89:21) {
2026-05-11T00:17:28:   code: 'EADDRINUSE',
2026-05-11T00:17:28:   errno: -4091,
2026-05-11T00:17:28:   syscall: 'listen',
2026-05-11T00:17:28:   address: '::',
2026-05-11T00:17:28:   port: 4000
2026-05-11T00:17:28: }
2026-05-11T00:17:28: 
2026-05-11T00:17:28: Node.js v24.13.1
2026-05-11T00:17:31: node:events:486
2026-05-11T00:17:31:       throw er; // Unhandled 'error' event
2026-05-11T00:17:31:       ^
2026-05-11T00:17:31: 
2026-05-11T00:17:31: Error: listen EADDRINUSE: address already in use :::4000
2026-05-11T00:17:31:     at Server.setupListenHandle [as _listen2] (node:net:1940:16)
2026-05-11T00:17:31:     at listenInCluster (node:net:1997:12)
2026-05-11T00:17:31:     at Server.listen (node:net:2102:7)
2026-05-11T00:17:31:     at app.listen (C:\Users\Anmol\OneDrive\Desktop\B\coding-portal\backend\node_modules\express\lib\application.js:635:24)
2026-05-11T00:17:31:     at <anonymous> (C:\Users\Anmol\OneDrive\Desktop\B\coding-portal\backend\src\index.ts:42:5)
2026-05-11T00:17:31:     at ModuleJob.run (node:internal/modules/esm/module_job:430:25)
2026-05-11T00:17:31:     at process.processTicksAndRejections (node:internal/process/task_queues:103:5)
2026-05-11T00:17:31:     at async onImport.tracePromise.__proto__ (node:internal/modules/esm/loader:661:26)
2026-05-11T00:17:31:     at async asyncRunEntryPointWithESMLoader (node:internal/modules/run_main:101:5)
2026-05-11T00:17:31: Emitted 'error' event on Server instance at:
2026-05-11T00:17:31:     at emitErrorNT (node:net:1976:8)
2026-05-11T00:17:31:     at process.processTicksAndRejections (node:internal/process/task_queues:89:21) {
2026-05-11T00:17:31:   code: 'EADDRINUSE',
2026-05-11T00:17:31:   errno: -4091,
2026-05-11T00:17:31:   syscall: 'listen',
2026-05-11T00:17:31:   address: '::',
2026-05-11T00:17:31:   port: 4000
2026-05-11T00:17:31: }
2026-05-11T00:17:31: 
2026-05-11T00:17:31: Node.js v24.13.1
2026-05-11T00:17:34: node:events:486
2026-05-11T00:17:34:       throw er; // Unhandled 'error' event
2026-05-11T00:17:34:       ^
2026-05-11T00:17:34: 
2026-05-11T00:17:34: Error: listen EADDRINUSE: address already in use :::4000
2026-05-11T00:17:34:     at Server.setupListenHandle [as _listen2] (node:net:1940:16)
2026-05-11T00:17:34:     at listenInCluster (node:net:1997:12)
2026-05-11T00:17:34:     at Server.listen (node:net:2102:7)
2026-05-11T00:17:34:     at app.listen (C:\Users\Anmol\OneDrive\Desktop\B\coding-portal\backend\node_modules\express\lib\application.js:635:24)
2026-05-11T00:17:34:     at <anonymous> (C:\Users\Anmol\OneDrive\Desktop\B\coding-portal\backend\src\index.ts:42:5)
2026-05-11T00:17:34:     at ModuleJob.run (node:internal/modules/esm/module_job:430:25)
2026-05-11T00:17:34:     at process.processTicksAndRejections (node:internal/process/task_queues:103:5)
2026-05-11T00:17:34:     at async onImport.tracePromise.__proto__ (node:internal/modules/esm/loader:661:26)
2026-05-11T00:17:34:     at async asyncRunEntryPointWithESMLoader (node:internal/modules/run_main:101:5)
2026-05-11T00:17:34: Emitted 'error' event on Server instance at:
2026-05-11T00:17:34:     at emitErrorNT (node:net:1976:8)
2026-05-11T00:17:34:     at process.processTicksAndRejections (node:internal/process/task_queues:89:21) {
2026-05-11T00:17:34:   code: 'EADDRINUSE',
2026-05-11T00:17:34:   errno: -4091,
2026-05-11T00:17:34:   syscall: 'listen',
2026-05-11T00:17:34:   address: '::',
2026-05-11T00:17:34:   port: 4000
2026-05-11T00:17:34: }
2026-05-11T00:17:34: 
2026-05-11T00:17:34: Node.js v24.13.1
2026-05-11T00:17:38: node:events:486
2026-05-11T00:17:38:       throw er; // Unhandled 'error' event
2026-05-11T00:17:38:       ^
2026-05-11T00:17:38: 
2026-05-11T00:17:38: Error: listen EADDRINUSE: address already in use :::4000
2026-05-11T00:17:38:     at Server.setupListenHandle [as _listen2] (node:net:1940:16)
2026-05-11T00:17:38:     at listenInCluster (node:net:1997:12)
2026-05-11T00:17:38:     at Server.listen (node:net:2102:7)
2026-05-11T00:17:38:     at app.listen (C:\Users\Anmol\OneDrive\Desktop\B\coding-portal\backend\node_modules\express\lib\application.js:635:24)
2026-05-11T00:17:38:     at <anonymous> (C:\Users\Anmol\OneDrive\Desktop\B\coding-portal\backend\src\index.ts:42:5)
2026-05-11T00:17:38:     at ModuleJob.run (node:internal/modules/esm/module_job:430:25)
2026-05-11T00:17:38:     at process.processTicksAndRejections (node:internal/process/task_queues:103:5)
2026-05-11T00:17:38:     at async onImport.tracePromise.__proto__ (node:internal/modules/esm/loader:661:26)
2026-05-11T00:17:38:     at async asyncRunEntryPointWithESMLoader (node:internal/modules/run_main:101:5)
2026-05-11T00:17:38: Emitted 'error' event on Server instance at:
2026-05-11T00:17:38:     at emitErrorNT (node:net:1976:8)
2026-05-11T00:17:38:     at process.processTicksAndRejections (node:internal/process/task_queues:89:21) {
2026-05-11T00:17:38:   code: 'EADDRINUSE',
2026-05-11T00:17:38:   errno: -4091,
2026-05-11T00:17:38:   syscall: 'listen',
2026-05-11T00:17:38:   address: '::',
2026-05-11T00:17:38:   port: 4000
2026-05-11T00:17:38: }
2026-05-11T00:17:38: 
2026-05-11T00:17:38: Node.js v24.13.1
2026-05-11T00:17:40: node:events:486
2026-05-11T00:17:40:       throw er; // Unhandled 'error' event
2026-05-11T00:17:40:       ^
2026-05-11T00:17:40: 
2026-05-11T00:17:40: Error: listen EADDRINUSE: address already in use :::4000
2026-05-11T00:17:40:     at Server.setupListenHandle [as _listen2] (node:net:1940:16)
2026-05-11T00:17:40:     at listenInCluster (node:net:1997:12)
2026-05-11T00:17:40:     at Server.listen (node:net:2102:7)
2026-05-11T00:17:40:     at app.listen (C:\Users\Anmol\OneDrive\Desktop\B\coding-portal\backend\node_modules\express\lib\application.js:635:24)
2026-05-11T00:17:40:     at <anonymous> (C:\Users\Anmol\OneDrive\Desktop\B\coding-portal\backend\src\index.ts:42:5)
2026-05-11T00:17:40:     at ModuleJob.run (node:internal/modules/esm/module_job:430:25)
2026-05-11T00:17:40:     at process.processTicksAndRejections (node:internal/process/task_queues:103:5)
2026-05-11T00:17:40:     at async onImport.tracePromise.__proto__ (node:internal/modules/esm/loader:661:26)
2026-05-11T00:17:40:     at async asyncRunEntryPointWithESMLoader (node:internal/modules/run_main:101:5)
2026-05-11T00:17:40: Emitted 'error' event on Server instance at:
2026-05-11T00:17:40:     at emitErrorNT (node:net:1976:8)
2026-05-11T00:17:40:     at process.processTicksAndRejections (node:internal/process/task_queues:89:21) {
2026-05-11T00:17:40:   code: 'EADDRINUSE',
2026-05-11T00:17:40:   errno: -4091,
2026-05-11T00:17:40:   syscall: 'listen',
2026-05-11T00:17:40:   address: '::',
2026-05-11T00:17:40:   port: 4000
2026-05-11T00:17:40: }
2026-05-11T00:17:40: 
2026-05-11T00:17:40: Node.js v24.13.1
2026-05-11T00:17:43: node:events:486
2026-05-11T00:17:43:       throw er; // Unhandled 'error' event
2026-05-11T00:17:43:       ^
2026-05-11T00:17:43: 
2026-05-11T00:17:43: Error: listen EADDRINUSE: address already in use :::4000
2026-05-11T00:17:43:     at Server.setupListenHandle [as _listen2] (node:net:1940:16)
2026-05-11T00:17:43:     at listenInCluster (node:net:1997:12)
2026-05-11T00:17:43:     at Server.listen (node:net:2102:7)
2026-05-11T00:17:43:     at app.listen (C:\Users\Anmol\OneDrive\Desktop\B\coding-portal\backend\node_modules\express\lib\application.js:635:24)
2026-05-11T00:17:43:     at <anonymous> (C:\Users\Anmol\OneDrive\Desktop\B\coding-portal\backend\src\index.ts:42:5)
2026-05-11T00:17:43:     at ModuleJob.run (node:internal/modules/esm/module_job:430:25)
2026-05-11T00:17:43:     at process.processTicksAndRejections (node:internal/process/task_queues:103:5)
2026-05-11T00:17:43:     at async onImport.tracePromise.__proto__ (node:internal/modules/esm/loader:661:26)
2026-05-11T00:17:43:     at async asyncRunEntryPointWithESMLoader (node:internal/modules/run_main:101:5)
2026-05-11T00:17:43: Emitted 'error' event on Server instance at:
2026-05-11T00:17:43:     at emitErrorNT (node:net:1976:8)
2026-05-11T00:17:43:     at process.processTicksAndRejections (node:internal/process/task_queues:89:21) {
2026-05-11T00:17:43:   code: 'EADDRINUSE',
2026-05-11T00:17:43:   errno: -4091,
2026-05-11T00:17:43:   syscall: 'listen',
2026-05-11T00:17:43:   address: '::',
2026-05-11T00:17:43:   port: 4000
2026-05-11T00:17:43: }
2026-05-11T00:17:43: 
2026-05-11T00:17:43: Node.js v24.13.1
2026-05-11T00:17:46: node:events:486
2026-05-11T00:17:46:       throw er; // Unhandled 'error' event
2026-05-11T00:17:46:       ^
2026-05-11T00:17:46: 
2026-05-11T00:17:46: Error: listen EADDRINUSE: address already in use :::4000
2026-05-11T00:17:46:     at Server.setupListenHandle [as _listen2] (node:net:1940:16)
2026-05-11T00:17:46:     at listenInCluster (node:net:1997:12)
2026-05-11T00:17:46:     at Server.listen (node:net:2102:7)
2026-05-11T00:17:46:     at app.listen (C:\Users\Anmol\OneDrive\Desktop\B\coding-portal\backend\node_modules\express\lib\application.js:635:24)
2026-05-11T00:17:46:     at <anonymous> (C:\Users\Anmol\OneDrive\Desktop\B\coding-portal\backend\src\index.ts:42:5)
2026-05-11T00:17:46:     at ModuleJob.run (node:internal/modules/esm/module_job:430:25)
2026-05-11T00:17:46:     at process.processTicksAndRejections (node:internal/process/task_queues:103:5)
2026-05-11T00:17:46:     at async onImport.tracePromise.__proto__ (node:internal/modules/esm/loader:661:26)
2026-05-11T00:17:46:     at async asyncRunEntryPointWithESMLoader (node:internal/modules/run_main:101:5)
2026-05-11T00:17:46: Emitted 'error' event on Server instance at:
2026-05-11T00:17:46:     at emitErrorNT (node:net:1976:8)
2026-05-11T00:17:46:     at process.processTicksAndRejections (node:internal/process/task_queues:89:21) {
2026-05-11T00:17:46:   code: 'EADDRINUSE',
2026-05-11T00:17:46:   errno: -4091,
2026-05-11T00:17:46:   syscall: 'listen',
2026-05-11T00:17:46:   address: '::',
2026-05-11T00:17:46:   port: 4000
2026-05-11T00:17:46: }
2026-05-11T00:17:46: 
2026-05-11T00:17:46: Node.js v24.13.1
2026-05-11T00:17:56: node:events:486
2026-05-11T00:17:56:       throw er; // Unhandled 'error' event
2026-05-11T00:17:56:       ^
2026-05-11T00:17:56: 
2026-05-11T00:17:56: Error: listen EADDRINUSE: address already in use :::4000
2026-05-11T00:17:56:     at Server.setupListenHandle [as _listen2] (node:net:1940:16)
2026-05-11T00:17:56:     at listenInCluster (node:net:1997:12)
2026-05-11T00:17:56:     at Server.listen (node:net:2102:7)
2026-05-11T00:17:56:     at app.listen (C:\Users\Anmol\OneDrive\Desktop\B\coding-portal\backend\node_modules\express\lib\application.js:635:24)
2026-05-11T00:17:56:     at <anonymous> (C:\Users\Anmol\OneDrive\Desktop\B\coding-portal\backend\src\index.ts:42:5)
2026-05-11T00:17:56:     at ModuleJob.run (node:internal/modules/esm/module_job:430:25)
2026-05-11T00:17:56:     at process.processTicksAndRejections (node:internal/process/task_queues:103:5)
2026-05-11T00:17:56:     at async onImport.tracePromise.__proto__ (node:internal/modules/esm/loader:661:26)
2026-05-11T00:17:56:     at async asyncRunEntryPointWithESMLoader (node:internal/modules/run_main:101:5)
2026-05-11T00:17:56: Emitted 'error' event on Server instance at:
2026-05-11T00:17:56:     at emitErrorNT (node:net:1976:8)
2026-05-11T00:17:56:     at process.processTicksAndRejections (node:internal/process/task_queues:89:21) {
2026-05-11T00:17:56:   code: 'EADDRINUSE',
2026-05-11T00:17:56:   errno: -4091,
2026-05-11T00:17:56:   syscall: 'listen',
2026-05-11T00:17:56:   address: '::',
2026-05-11T00:17:56:   port: 4000
2026-05-11T00:17:56: }
2026-05-11T00:17:56: 
2026-05-11T00:17:56: Node.js v24.13.1
2026-05-11T00:17:58: node:events:486
2026-05-11T00:17:58:       throw er; // Unhandled 'error' event
2026-05-11T00:17:58:       ^
2026-05-11T00:17:58: 
2026-05-11T00:17:58: Error: listen EADDRINUSE: address already in use :::4000
2026-05-11T00:17:58:     at Server.setupListenHandle [as _listen2] (node:net:1940:16)
2026-05-11T00:17:58:     at listenInCluster (node:net:1997:12)
2026-05-11T00:17:58:     at Server.listen (node:net:2102:7)
2026-05-11T00:17:58:     at app.listen (C:\Users\Anmol\OneDrive\Desktop\B\coding-portal\backend\node_modules\express\lib\application.js:635:24)
2026-05-11T00:17:58:     at <anonymous> (C:\Users\Anmol\OneDrive\Desktop\B\coding-portal\backend\src\index.ts:42:5)
2026-05-11T00:17:58:     at ModuleJob.run (node:internal/modules/esm/module_job:430:25)
2026-05-11T00:17:58:     at process.processTicksAndRejections (node:internal/process/task_queues:103:5)
2026-05-11T00:17:58:     at async onImport.tracePromise.__proto__ (node:internal/modules/esm/loader:661:26)
2026-05-11T00:17:58:     at async asyncRunEntryPointWithESMLoader (node:internal/modules/run_main:101:5)
2026-05-11T00:17:58: Emitted 'error' event on Server instance at:
2026-05-11T00:17:58:     at emitErrorNT (node:net:1976:8)
2026-05-11T00:17:58:     at process.processTicksAndRejections (node:internal/process/task_queues:89:21) {
2026-05-11T00:17:58:   code: 'EADDRINUSE',
2026-05-11T00:17:58:   errno: -4091,
2026-05-11T00:17:58:   syscall: 'listen',
2026-05-11T00:17:58:   address: '::',
2026-05-11T00:17:58:   port: 4000
2026-05-11T00:17:58: }
2026-05-11T00:17:58: 
2026-05-11T00:17:58: Node.js v24.13.1
2026-05-11T00:18:02: node:events:486
2026-05-11T00:18:02:       throw er; // Unhandled 'error' event
2026-05-11T00:18:02:       ^
2026-05-11T00:18:02: 
2026-05-11T00:18:02: Error: listen EADDRINUSE: address already in use :::4000
2026-05-11T00:18:02:     at Server.setupListenHandle [as _listen2] (node:net:1940:16)
2026-05-11T00:18:02:     at listenInCluster (node:net:1997:12)
2026-05-11T00:18:02:     at Server.listen (node:net:2102:7)
2026-05-11T00:18:02:     at app.listen (C:\Users\Anmol\OneDrive\Desktop\B\coding-portal\backend\node_modules\express\lib\application.js:635:24)
2026-05-11T00:18:02:     at <anonymous> (C:\Users\Anmol\OneDrive\Desktop\B\coding-portal\backend\src\index.ts:42:5)
2026-05-11T00:18:02:     at ModuleJob.run (node:internal/modules/esm/module_job:430:25)
2026-05-11T00:18:02:     at process.processTicksAndRejections (node:internal/process/task_queues:103:5)
2026-05-11T00:18:02:     at async onImport.tracePromise.__proto__ (node:internal/modules/esm/loader:661:26)
2026-05-11T00:18:02:     at async asyncRunEntryPointWithESMLoader (node:internal/modules/run_main:101:5)
2026-05-11T00:18:02: Emitted 'error' event on Server instance at:
2026-05-11T00:18:02:     at emitErrorNT (node:net:1976:8)
2026-05-11T00:18:02:     at process.processTicksAndRejections (node:internal/process/task_queues:89:21) {
2026-05-11T00:18:02:   code: 'EADDRINUSE',
2026-05-11T00:18:02:   errno: -4091,
2026-05-11T00:18:02:   syscall: 'listen',
2026-05-11T00:18:02:   address: '::',
2026-05-11T00:18:02:   port: 4000
2026-05-11T00:18:02: }
2026-05-11T00:18:02: 
2026-05-11T00:18:02: Node.js v24.13.1
2026-05-11T00:18:08: node:events:486
2026-05-11T00:18:08:       throw er; // Unhandled 'error' event
2026-05-11T00:18:08:       ^
2026-05-11T00:18:08: 
2026-05-11T00:18:08: Error: listen EADDRINUSE: address already in use :::4000
2026-05-11T00:18:08:     at Server.setupListenHandle [as _listen2] (node:net:1940:16)
2026-05-11T00:18:08:     at listenInCluster (node:net:1997:12)
2026-05-11T00:18:08:     at Server.listen (node:net:2102:7)
2026-05-11T00:18:08:     at app.listen (C:\Users\Anmol\OneDrive\Desktop\B\coding-portal\backend\node_modules\express\lib\application.js:635:24)
2026-05-11T00:18:08:     at <anonymous> (C:\Users\Anmol\OneDrive\Desktop\B\coding-portal\backend\src\index.ts:42:5)
2026-05-11T00:18:08:     at ModuleJob.run (node:internal/modules/esm/module_job:430:25)
2026-05-11T00:18:08:     at process.processTicksAndRejections (node:internal/process/task_queues:103:5)
2026-05-11T00:18:08:     at async onImport.tracePromise.__proto__ (node:internal/modules/esm/loader:661:26)
2026-05-11T00:18:08:     at async asyncRunEntryPointWithESMLoader (node:internal/modules/run_main:101:5)
2026-05-11T00:18:08: Emitted 'error' event on Server instance at:
2026-05-11T00:18:08:     at emitErrorNT (node:net:1976:8)
2026-05-11T00:18:08:     at process.processTicksAndRejections (node:internal/process/task_queues:89:21) {
2026-05-11T00:18:08:   code: 'EADDRINUSE',
2026-05-11T00:18:08:   errno: -4091,
2026-05-11T00:18:08:   syscall: 'listen',
2026-05-11T00:18:08:   address: '::',
2026-05-11T00:18:08:   port: 4000
2026-05-11T00:18:08: }
2026-05-11T00:18:08: 
2026-05-11T00:18:08: Node.js v24.13.1
2026-05-11T00:18:10: node:events:486
2026-05-11T00:18:10:       throw er; // Unhandled 'error' event
2026-05-11T00:18:10:       ^
2026-05-11T00:18:10: 
2026-05-11T00:18:10: Error: listen EADDRINUSE: address already in use :::4000
2026-05-11T00:18:10:     at Server.setupListenHandle [as _listen2] (node:net:1940:16)
2026-05-11T00:18:10:     at listenInCluster (node:net:1997:12)
2026-05-11T00:18:10:     at Server.listen (node:net:2102:7)
2026-05-11T00:18:10:     at app.listen (C:\Users\Anmol\OneDrive\Desktop\B\coding-portal\backend\node_modules\express\lib\application.js:635:24)
2026-05-11T00:18:10:     at <anonymous> (C:\Users\Anmol\OneDrive\Desktop\B\coding-portal\backend\src\index.ts:42:5)
2026-05-11T00:18:10:     at ModuleJob.run (node:internal/modules/esm/module_job:430:25)
2026-05-11T00:18:10:     at process.processTicksAndRejections (node:internal/process/task_queues:103:5)
2026-05-11T00:18:10:     at async onImport.tracePromise.__proto__ (node:internal/modules/esm/loader:661:26)
2026-05-11T00:18:10:     at async asyncRunEntryPointWithESMLoader (node:internal/modules/run_main:101:5)
2026-05-11T00:18:10: Emitted 'error' event on Server instance at:
2026-05-11T00:18:10:     at emitErrorNT (node:net:1976:8)
2026-05-11T00:18:10:     at process.processTicksAndRejections (node:internal/process/task_queues:89:21) {
2026-05-11T00:18:10:   code: 'EADDRINUSE',
2026-05-11T00:18:10:   errno: -4091,
2026-05-11T00:18:10:   syscall: 'listen',
2026-05-11T00:18:10:   address: '::',
2026-05-11T00:18:10:   port: 4000
2026-05-11T00:18:10: }
2026-05-11T00:18:10: 
2026-05-11T00:18:10: Node.js v24.13.1
2026-05-11T00:18:13: node:events:486
2026-05-11T00:18:13:       throw er; // Unhandled 'error' event
2026-05-11T00:18:13:       ^
2026-05-11T00:18:13: 
2026-05-11T00:18:13: Error: listen EADDRINUSE: address already in use :::4000
2026-05-11T00:18:13:     at Server.setupListenHandle [as _listen2] (node:net:1940:16)
2026-05-11T00:18:13:     at listenInCluster (node:net:1997:12)
2026-05-11T00:18:13:     at Server.listen (node:net:2102:7)
2026-05-11T00:18:13:     at app.listen (C:\Users\Anmol\OneDrive\Desktop\B\coding-portal\backend\node_modules\express\lib\application.js:635:24)
2026-05-11T00:18:13:     at <anonymous> (C:\Users\Anmol\OneDrive\Desktop\B\coding-portal\backend\src\index.ts:42:5)
2026-05-11T00:18:13:     at ModuleJob.run (node:internal/modules/esm/module_job:430:25)
2026-05-11T00:18:13:     at process.processTicksAndRejections (node:internal/process/task_queues:103:5)
2026-05-11T00:18:13:     at async onImport.tracePromise.__proto__ (node:internal/modules/esm/loader:661:26)
2026-05-11T00:18:13:     at async asyncRunEntryPointWithESMLoader (node:internal/modules/run_main:101:5)
2026-05-11T00:18:13: Emitted 'error' event on Server instance at:
2026-05-11T00:18:13:     at emitErrorNT (node:net:1976:8)
2026-05-11T00:18:13:     at process.processTicksAndRejections (node:internal/process/task_queues:89:21) {
2026-05-11T00:18:13:   code: 'EADDRINUSE',
2026-05-11T00:18:13:   errno: -4091,
2026-05-11T00:18:13:   syscall: 'listen',
2026-05-11T00:18:13:   address: '::',
2026-05-11T00:18:13:   port: 4000
2026-05-11T00:18:13: }
2026-05-11T00:18:13: 
2026-05-11T00:18:13: Node.js v24.13.1
2026-05-11T00:18:16: node:events:486
2026-05-11T00:18:16:       throw er; // Unhandled 'error' event
2026-05-11T00:18:16:       ^
2026-05-11T00:18:16: 
2026-05-11T00:18:16: Error: listen EADDRINUSE: address already in use :::4000
2026-05-11T00:18:16:     at Server.setupListenHandle [as _listen2] (node:net:1940:16)
2026-05-11T00:18:16:     at listenInCluster (node:net:1997:12)
2026-05-11T00:18:16:     at Server.listen (node:net:2102:7)
2026-05-11T00:18:16:     at app.listen (C:\Users\Anmol\OneDrive\Desktop\B\coding-portal\backend\node_modules\express\lib\application.js:635:24)
2026-05-11T00:18:16:     at <anonymous> (C:\Users\Anmol\OneDrive\Desktop\B\coding-portal\backend\src\index.ts:42:5)
2026-05-11T00:18:16:     at ModuleJob.run (node:internal/modules/esm/module_job:430:25)
2026-05-11T00:18:16:     at process.processTicksAndRejections (node:internal/process/task_queues:103:5)
2026-05-11T00:18:16:     at async onImport.tracePromise.__proto__ (node:internal/modules/esm/loader:661:26)
2026-05-11T00:18:16:     at async asyncRunEntryPointWithESMLoader (node:internal/modules/run_main:101:5)
2026-05-11T00:18:16: Emitted 'error' event on Server instance at:
2026-05-11T00:18:16:     at emitErrorNT (node:net:1976:8)
2026-05-11T00:18:16:     at process.processTicksAndRejections (node:internal/process/task_queues:89:21) {
2026-05-11T00:18:16:   code: 'EADDRINUSE',
2026-05-11T00:18:16:   errno: -4091,
2026-05-11T00:18:16:   syscall: 'listen',
2026-05-11T00:18:16:   address: '::',
2026-05-11T00:18:16:   port: 4000
2026-05-11T00:18:16: }
2026-05-11T00:18:16: 
2026-05-11T00:18:16: Node.js v24.13.1
2026-05-11T00:18:19: node:events:486
2026-05-11T00:18:19:       throw er; // Unhandled 'error' event
2026-05-11T00:18:19:       ^
2026-05-11T00:18:19: 
2026-05-11T00:18:19: Error: listen EADDRINUSE: address already in use :::4000
2026-05-11T00:18:19:     at Server.setupListenHandle [as _listen2] (node:net:1940:16)
2026-05-11T00:18:19:     at listenInCluster (node:net:1997:12)
2026-05-11T00:18:19:     at Server.listen (node:net:2102:7)
2026-05-11T00:18:19:     at app.listen (C:\Users\Anmol\OneDrive\Desktop\B\coding-portal\backend\node_modules\express\lib\application.js:635:24)
2026-05-11T00:18:19:     at <anonymous> (C:\Users\Anmol\OneDrive\Desktop\B\coding-portal\backend\src\index.ts:42:5)
2026-05-11T00:18:19:     at ModuleJob.run (node:internal/modules/esm/module_job:430:25)
2026-05-11T00:18:19:     at process.processTicksAndRejections (node:internal/process/task_queues:103:5)
2026-05-11T00:18:19:     at async onImport.tracePromise.__proto__ (node:internal/modules/esm/loader:661:26)
2026-05-11T00:18:19:     at async asyncRunEntryPointWithESMLoader (node:internal/modules/run_main:101:5)
2026-05-11T00:18:19: Emitted 'error' event on Server instance at:
2026-05-11T00:18:19:     at emitErrorNT (node:net:1976:8)
2026-05-11T00:18:19:     at process.processTicksAndRejections (node:internal/process/task_queues:89:21) {
2026-05-11T00:18:19:   code: 'EADDRINUSE',
2026-05-11T00:18:19:   errno: -4091,
2026-05-11T00:18:19:   syscall: 'listen',
2026-05-11T00:18:19:   address: '::',
2026-05-11T00:18:19:   port: 4000
2026-05-11T00:18:19: }
2026-05-11T00:18:19: 
2026-05-11T00:18:19: Node.js v24.13.1
2026-05-11T00:18:21: node:events:486
2026-05-11T00:18:21:       throw er; // Unhandled 'error' event
2026-05-11T00:18:21:       ^
2026-05-11T00:18:21: 
2026-05-11T00:18:21: Error: listen EADDRINUSE: address already in use :::4000
2026-05-11T00:18:21:     at Server.setupListenHandle [as _listen2] (node:net:1940:16)
2026-05-11T00:18:21:     at listenInCluster (node:net:1997:12)
2026-05-11T00:18:21:     at Server.listen (node:net:2102:7)
2026-05-11T00:18:21:     at app.listen (C:\Users\Anmol\OneDrive\Desktop\B\coding-portal\backend\node_modules\express\lib\application.js:635:24)
2026-05-11T00:18:21:     at <anonymous> (C:\Users\Anmol\OneDrive\Desktop\B\coding-portal\backend\src\index.ts:42:5)
2026-05-11T00:18:21:     at ModuleJob.run (node:internal/modules/esm/module_job:430:25)
2026-05-11T00:18:21:     at process.processTicksAndRejections (node:internal/process/task_queues:103:5)
2026-05-11T00:18:21:     at async onImport.tracePromise.__proto__ (node:internal/modules/esm/loader:661:26)
2026-05-11T00:18:21:     at async asyncRunEntryPointWithESMLoader (node:internal/modules/run_main:101:5)
2026-05-11T00:18:21: Emitted 'error' event on Server instance at:
2026-05-11T00:18:21:     at emitErrorNT (node:net:1976:8)
2026-05-11T00:18:21:     at process.processTicksAndRejections (node:internal/process/task_queues:89:21) {
2026-05-11T00:18:21:   code: 'EADDRINUSE',
2026-05-11T00:18:21:   errno: -4091,
2026-05-11T00:18:21:   syscall: 'listen',
2026-05-11T00:18:21:   address: '::',
2026-05-11T00:18:21:   port: 4000
2026-05-11T00:18:21: }
2026-05-11T00:18:21: 
2026-05-11T00:18:21: Node.js v24.13.1
2026-05-11T00:18:24: node:events:486
2026-05-11T00:18:24:       throw er; // Unhandled 'error' event
2026-05-11T00:18:24:       ^
2026-05-11T00:18:24: 
2026-05-11T00:18:24: Error: listen EADDRINUSE: address already in use :::4000
2026-05-11T00:18:24:     at Server.setupListenHandle [as _listen2] (node:net:1940:16)
2026-05-11T00:18:24:     at listenInCluster (node:net:1997:12)
2026-05-11T00:18:24:     at Server.listen (node:net:2102:7)
2026-05-11T00:18:24:     at app.listen (C:\Users\Anmol\OneDrive\Desktop\B\coding-portal\backend\node_modules\express\lib\application.js:635:24)
2026-05-11T00:18:24:     at <anonymous> (C:\Users\Anmol\OneDrive\Desktop\B\coding-portal\backend\src\index.ts:42:5)
2026-05-11T00:18:24:     at ModuleJob.run (node:internal/modules/esm/module_job:430:25)
2026-05-11T00:18:24:     at process.processTicksAndRejections (node:internal/process/task_queues:103:5)
2026-05-11T00:18:24:     at async onImport.tracePromise.__proto__ (node:internal/modules/esm/loader:661:26)
2026-05-11T00:18:24:     at async asyncRunEntryPointWithESMLoader (node:internal/modules/run_main:101:5)
2026-05-11T00:18:24: Emitted 'error' event on Server instance at:
2026-05-11T00:18:24:     at emitErrorNT (node:net:1976:8)
2026-05-11T00:18:24:     at process.processTicksAndRejections (node:internal/process/task_queues:89:21) {
2026-05-11T00:18:24:   code: 'EADDRINUSE',
2026-05-11T00:18:24:   errno: -4091,
2026-05-11T00:18:24:   syscall: 'listen',
2026-05-11T00:18:24:   address: '::',
2026-05-11T00:18:24:   port: 4000
2026-05-11T00:18:24: }
2026-05-11T00:18:24: 
2026-05-11T00:18:24: Node.js v24.13.1
2026-05-11T00:18:27: node:events:486
2026-05-11T00:18:27:       throw er; // Unhandled 'error' event
2026-05-11T00:18:27:       ^
2026-05-11T00:18:27: 
2026-05-11T00:18:27: Error: listen EADDRINUSE: address already in use :::4000
2026-05-11T00:18:27:     at Server.setupListenHandle [as _listen2] (node:net:1940:16)
2026-05-11T00:18:27:     at listenInCluster (node:net:1997:12)
2026-05-11T00:18:27:     at Server.listen (node:net:2102:7)
2026-05-11T00:18:27:     at app.listen (C:\Users\Anmol\OneDrive\Desktop\B\coding-portal\backend\node_modules\express\lib\application.js:635:24)
2026-05-11T00:18:27:     at <anonymous> (C:\Users\Anmol\OneDrive\Desktop\B\coding-portal\backend\src\index.ts:42:5)
2026-05-11T00:18:27:     at ModuleJob.run (node:internal/modules/esm/module_job:430:25)
2026-05-11T00:18:27:     at process.processTicksAndRejections (node:internal/process/task_queues:103:5)
2026-05-11T00:18:27:     at async onImport.tracePromise.__proto__ (node:internal/modules/esm/loader:661:26)
2026-05-11T00:18:27:     at async asyncRunEntryPointWithESMLoader (node:internal/modules/run_main:101:5)
2026-05-11T00:18:27: Emitted 'error' event on Server instance at:
2026-05-11T00:18:27:     at emitErrorNT (node:net:1976:8)
2026-05-11T00:18:27:     at process.processTicksAndRejections (node:internal/process/task_queues:89:21) {
2026-05-11T00:18:27:   code: 'EADDRINUSE',
2026-05-11T00:18:27:   errno: -4091,
2026-05-11T00:18:27:   syscall: 'listen',
2026-05-11T00:18:27:   address: '::',
2026-05-11T00:18:27:   port: 4000
2026-05-11T00:18:27: }
2026-05-11T00:18:27: 
2026-05-11T00:18:27: Node.js v24.13.1
2026-05-11T00:18:29: node:events:486
2026-05-11T00:18:29:       throw er; // Unhandled 'error' event
2026-05-11T00:18:29:       ^
2026-05-11T00:18:29: 
2026-05-11T00:18:29: Error: listen EADDRINUSE: address already in use :::4000
2026-05-11T00:18:29:     at Server.setupListenHandle [as _listen2] (node:net:1940:16)
2026-05-11T00:18:29:     at listenInCluster (node:net:1997:12)
2026-05-11T00:18:29:     at Server.listen (node:net:2102:7)
2026-05-11T00:18:29:     at app.listen (C:\Users\Anmol\OneDrive\Desktop\B\coding-portal\backend\node_modules\express\lib\application.js:635:24)
2026-05-11T00:18:29:     at <anonymous> (C:\Users\Anmol\OneDrive\Desktop\B\coding-portal\backend\src\index.ts:42:5)
2026-05-11T00:18:29:     at ModuleJob.run (node:internal/modules/esm/module_job:430:25)
2026-05-11T00:18:29:     at process.processTicksAndRejections (node:internal/process/task_queues:103:5)
2026-05-11T00:18:29:     at async onImport.tracePromise.__proto__ (node:internal/modules/esm/loader:661:26)
2026-05-11T00:18:29:     at async asyncRunEntryPointWithESMLoader (node:internal/modules/run_main:101:5)
2026-05-11T00:18:29: Emitted 'error' event on Server instance at:
2026-05-11T00:18:29:     at emitErrorNT (node:net:1976:8)
2026-05-11T00:18:29:     at process.processTicksAndRejections (node:internal/process/task_queues:89:21) {
2026-05-11T00:18:29:   code: 'EADDRINUSE',
2026-05-11T00:18:29:   errno: -4091,
2026-05-11T00:18:29:   syscall: 'listen',
2026-05-11T00:18:29:   address: '::',
2026-05-11T00:18:29:   port: 4000
2026-05-11T00:18:29: }
2026-05-11T00:18:29: 
2026-05-11T00:18:29: Node.js v24.13.1
2026-05-11T00:18:32: node:events:486
2026-05-11T00:18:32:       throw er; // Unhandled 'error' event
2026-05-11T00:18:32:       ^
2026-05-11T00:18:32: 
2026-05-11T00:18:32: Error: listen EADDRINUSE: address already in use :::4000
2026-05-11T00:18:32:     at Server.setupListenHandle [as _listen2] (node:net:1940:16)
2026-05-11T00:18:32:     at listenInCluster (node:net:1997:12)
2026-05-11T00:18:32:     at Server.listen (node:net:2102:7)
2026-05-11T00:18:32:     at app.listen (C:\Users\Anmol\OneDrive\Desktop\B\coding-portal\backend\node_modules\express\lib\application.js:635:24)
2026-05-11T00:18:32:     at <anonymous> (C:\Users\Anmol\OneDrive\Desktop\B\coding-portal\backend\src\index.ts:42:5)
2026-05-11T00:18:32:     at ModuleJob.run (node:internal/modules/esm/module_job:430:25)
2026-05-11T00:18:32:     at process.processTicksAndRejections (node:internal/process/task_queues:103:5)
2026-05-11T00:18:32:     at async onImport.tracePromise.__proto__ (node:internal/modules/esm/loader:661:26)
2026-05-11T00:18:32:     at async asyncRunEntryPointWithESMLoader (node:internal/modules/run_main:101:5)
2026-05-11T00:18:32: Emitted 'error' event on Server instance at:
2026-05-11T00:18:32:     at emitErrorNT (node:net:1976:8)
2026-05-11T00:18:32:     at process.processTicksAndRejections (node:internal/process/task_queues:89:21) {
2026-05-11T00:18:32:   code: 'EADDRINUSE',
2026-05-11T00:18:32:   errno: -4091,
2026-05-11T00:18:32:   syscall: 'listen',
2026-05-11T00:18:32:   address: '::',
2026-05-11T00:18:32:   port: 4000
2026-05-11T00:18:32: }
2026-05-11T00:18:32: 
2026-05-11T00:18:32: Node.js v24.13.1
2026-05-11T00:18:36: node:events:486
2026-05-11T00:18:36:       throw er; // Unhandled 'error' event
2026-05-11T00:18:36:       ^
2026-05-11T00:18:36: 
2026-05-11T00:18:36: Error: listen EADDRINUSE: address already in use :::4000
2026-05-11T00:18:36:     at Server.setupListenHandle [as _listen2] (node:net:1940:16)
2026-05-11T00:18:36:     at listenInCluster (node:net:1997:12)
2026-05-11T00:18:36:     at Server.listen (node:net:2102:7)
2026-05-11T00:18:36:     at app.listen (C:\Users\Anmol\OneDrive\Desktop\B\coding-portal\backend\node_modules\express\lib\application.js:635:24)
2026-05-11T00:18:36:     at <anonymous> (C:\Users\Anmol\OneDrive\Desktop\B\coding-portal\backend\src\index.ts:42:5)
2026-05-11T00:18:36:     at ModuleJob.run (node:internal/modules/esm/module_job:430:25)
2026-05-11T00:18:36:     at process.processTicksAndRejections (node:internal/process/task_queues:103:5)
2026-05-11T00:18:36:     at async onImport.tracePromise.__proto__ (node:internal/modules/esm/loader:661:26)
2026-05-11T00:18:36:     at async asyncRunEntryPointWithESMLoader (node:internal/modules/run_main:101:5)
2026-05-11T00:18:36: Emitted 'error' event on Server instance at:
2026-05-11T00:18:36:     at emitErrorNT (node:net:1976:8)
2026-05-11T00:18:36:     at process.processTicksAndRejections (node:internal/process/task_queues:89:21) {
2026-05-11T00:18:36:   code: 'EADDRINUSE',
2026-05-11T00:18:36:   errno: -4091,
2026-05-11T00:18:36:   syscall: 'listen',
2026-05-11T00:18:36:   address: '::',
2026-05-11T00:18:36:   port: 4000
2026-05-11T00:18:36: }
2026-05-11T00:18:36: 
2026-05-11T00:18:36: Node.js v24.13.1
2026-05-11T00:18:39: node:events:486
2026-05-11T00:18:39:       throw er; // Unhandled 'error' event
2026-05-11T00:18:39:       ^
2026-05-11T00:18:39: 
2026-05-11T00:18:39: Error: listen EADDRINUSE: address already in use :::4000
2026-05-11T00:18:39:     at Server.setupListenHandle [as _listen2] (node:net:1940:16)
2026-05-11T00:18:39:     at listenInCluster (node:net:1997:12)
2026-05-11T00:18:39:     at Server.listen (node:net:2102:7)
2026-05-11T00:18:39:     at app.listen (C:\Users\Anmol\OneDrive\Desktop\B\coding-portal\backend\node_modules\express\lib\application.js:635:24)
2026-05-11T00:18:39:     at <anonymous> (C:\Users\Anmol\OneDrive\Desktop\B\coding-portal\backend\src\index.ts:42:5)
2026-05-11T00:18:39:     at ModuleJob.run (node:internal/modules/esm/module_job:430:25)
2026-05-11T00:18:39:     at process.processTicksAndRejections (node:internal/process/task_queues:103:5)
2026-05-11T00:18:39:     at async onImport.tracePromise.__proto__ (node:internal/modules/esm/loader:661:26)
2026-05-11T00:18:39:     at async asyncRunEntryPointWithESMLoader (node:internal/modules/run_main:101:5)
2026-05-11T00:18:39: Emitted 'error' event on Server instance at:
2026-05-11T00:18:39:     at emitErrorNT (node:net:1976:8)
2026-05-11T00:18:39:     at process.processTicksAndRejections (node:internal/process/task_queues:89:21) {
2026-05-11T00:18:39:   code: 'EADDRINUSE',
2026-05-11T00:18:39:   errno: -4091,
2026-05-11T00:18:39:   syscall: 'listen',
2026-05-11T00:18:39:   address: '::',
2026-05-11T00:18:39:   port: 4000
2026-05-11T00:18:39: }
2026-05-11T00:18:39: 
2026-05-11T00:18:39: Node.js v24.13.1
2026-05-11T00:18:44: node:events:486
2026-05-11T00:18:44:       throw er; // Unhandled 'error' event
2026-05-11T00:18:44:       ^
2026-05-11T00:18:44: 
2026-05-11T00:18:44: Error: listen EADDRINUSE: address already in use :::4000
2026-05-11T00:18:44:     at Server.setupListenHandle [as _listen2] (node:net:1940:16)
2026-05-11T00:18:44:     at listenInCluster (node:net:1997:12)
2026-05-11T00:18:44:     at Server.listen (node:net:2102:7)
2026-05-11T00:18:44:     at app.listen (C:\Users\Anmol\OneDrive\Desktop\B\coding-portal\backend\node_modules\express\lib\application.js:635:24)
2026-05-11T00:18:44:     at <anonymous> (C:\Users\Anmol\OneDrive\Desktop\B\coding-portal\backend\src\index.ts:42:5)
2026-05-11T00:18:44:     at ModuleJob.run (node:internal/modules/esm/module_job:430:25)
2026-05-11T00:18:44:     at process.processTicksAndRejections (node:internal/process/task_queues:103:5)
2026-05-11T00:18:44:     at async onImport.tracePromise.__proto__ (node:internal/modules/esm/loader:661:26)
2026-05-11T00:18:44:     at async asyncRunEntryPointWithESMLoader (node:internal/modules/run_main:101:5)
2026-05-11T00:18:44: Emitted 'error' event on Server instance at:
2026-05-11T00:18:44:     at emitErrorNT (node:net:1976:8)
2026-05-11T00:18:44:     at process.processTicksAndRejections (node:internal/process/task_queues:89:21) {
2026-05-11T00:18:44:   code: 'EADDRINUSE',
2026-05-11T00:18:44:   errno: -4091,
2026-05-11T00:18:44:   syscall: 'listen',
2026-05-11T00:18:44:   address: '::',
2026-05-11T00:18:44:   port: 4000
2026-05-11T00:18:44: }
2026-05-11T00:18:44: 
2026-05-11T00:18:44: Node.js v24.13.1
2026-05-11T00:18:47: node:events:486
2026-05-11T00:18:47:       throw er; // Unhandled 'error' event
2026-05-11T00:18:47:       ^
2026-05-11T00:18:47: 
2026-05-11T00:18:47: Error: listen EADDRINUSE: address already in use :::4000
2026-05-11T00:18:47:     at Server.setupListenHandle [as _listen2] (node:net:1940:16)
2026-05-11T00:18:47:     at listenInCluster (node:net:1997:12)
2026-05-11T00:18:47:     at Server.listen (node:net:2102:7)
2026-05-11T00:18:47:     at app.listen (C:\Users\Anmol\OneDrive\Desktop\B\coding-portal\backend\node_modules\express\lib\application.js:635:24)
2026-05-11T00:18:47:     at <anonymous> (C:\Users\Anmol\OneDrive\Desktop\B\coding-portal\backend\src\index.ts:42:5)
2026-05-11T00:18:47:     at ModuleJob.run (node:internal/modules/esm/module_job:430:25)
2026-05-11T00:18:47:     at process.processTicksAndRejections (node:internal/process/task_queues:103:5)
2026-05-11T00:18:47:     at async onImport.tracePromise.__proto__ (node:internal/modules/esm/loader:661:26)
2026-05-11T00:18:47:     at async asyncRunEntryPointWithESMLoader (node:internal/modules/run_main:101:5)
2026-05-11T00:18:47: Emitted 'error' event on Server instance at:
2026-05-11T00:18:47:     at emitErrorNT (node:net:1976:8)
2026-05-11T00:18:47:     at process.processTicksAndRejections (node:internal/process/task_queues:89:21) {
2026-05-11T00:18:47:   code: 'EADDRINUSE',
2026-05-11T00:18:47:   errno: -4091,
2026-05-11T00:18:47:   syscall: 'listen',
2026-05-11T00:18:47:   address: '::',
2026-05-11T00:18:47:   port: 4000
2026-05-11T00:18:47: }
2026-05-11T00:18:47: 
2026-05-11T00:18:47: Node.js v24.13.1
2026-05-11T00:18:50: node:events:486
2026-05-11T00:18:50:       throw er; // Unhandled 'error' event
2026-05-11T00:18:50:       ^
2026-05-11T00:18:50: 
2026-05-11T00:18:50: Error: listen EADDRINUSE: address already in use :::4000
2026-05-11T00:18:50:     at Server.setupListenHandle [as _listen2] (node:net:1940:16)
2026-05-11T00:18:50:     at listenInCluster (node:net:1997:12)
2026-05-11T00:18:50:     at Server.listen (node:net:2102:7)
2026-05-11T00:18:50:     at app.listen (C:\Users\Anmol\OneDrive\Desktop\B\coding-portal\backend\node_modules\express\lib\application.js:635:24)
2026-05-11T00:18:50:     at <anonymous> (C:\Users\Anmol\OneDrive\Desktop\B\coding-portal\backend\src\index.ts:42:5)
2026-05-11T00:18:50:     at ModuleJob.run (node:internal/modules/esm/module_job:430:25)
2026-05-11T00:18:50:     at process.processTicksAndRejections (node:internal/process/task_queues:103:5)
2026-05-11T00:18:50:     at async onImport.tracePromise.__proto__ (node:internal/modules/esm/loader:661:26)
2026-05-11T00:18:50:     at async asyncRunEntryPointWithESMLoader (node:internal/modules/run_main:101:5)
2026-05-11T00:18:50: Emitted 'error' event on Server instance at:
2026-05-11T00:18:50:     at emitErrorNT (node:net:1976:8)
2026-05-11T00:18:50:     at process.processTicksAndRejections (node:internal/process/task_queues:89:21) {
2026-05-11T00:18:50:   code: 'EADDRINUSE',
2026-05-11T00:18:50:   errno: -4091,
2026-05-11T00:18:50:   syscall: 'listen',
2026-05-11T00:18:50:   address: '::',
2026-05-11T00:18:50:   port: 4000
2026-05-11T00:18:50: }
2026-05-11T00:18:50: 
2026-05-11T00:18:50: Node.js v24.13.1
2026-05-11T00:18:55: node:events:486
2026-05-11T00:18:55:       throw er; // Unhandled 'error' event
2026-05-11T00:18:55:       ^
2026-05-11T00:18:55: 
2026-05-11T00:18:55: Error: listen EADDRINUSE: address already in use :::4000
2026-05-11T00:18:55:     at Server.setupListenHandle [as _listen2] (node:net:1940:16)
2026-05-11T00:18:55:     at listenInCluster (node:net:1997:12)
2026-05-11T00:18:55:     at Server.listen (node:net:2102:7)
2026-05-11T00:18:55:     at app.listen (C:\Users\Anmol\OneDrive\Desktop\B\coding-portal\backend\node_modules\express\lib\application.js:635:24)
2026-05-11T00:18:55:     at <anonymous> (C:\Users\Anmol\OneDrive\Desktop\B\coding-portal\backend\src\index.ts:42:5)
2026-05-11T00:18:55:     at ModuleJob.run (node:internal/modules/esm/module_job:430:25)
2026-05-11T00:18:55:     at process.processTicksAndRejections (node:internal/process/task_queues:103:5)
2026-05-11T00:18:55:     at async onImport.tracePromise.__proto__ (node:internal/modules/esm/loader:661:26)
2026-05-11T00:18:55:     at async asyncRunEntryPointWithESMLoader (node:internal/modules/run_main:101:5)
2026-05-11T00:18:55: Emitted 'error' event on Server instance at:
2026-05-11T00:18:55:     at emitErrorNT (node:net:1976:8)
2026-05-11T00:18:55:     at process.processTicksAndRejections (node:internal/process/task_queues:89:21) {
2026-05-11T00:18:55:   code: 'EADDRINUSE',
2026-05-11T00:18:55:   errno: -4091,
2026-05-11T00:18:55:   syscall: 'listen',
2026-05-11T00:18:55:   address: '::',
2026-05-11T00:18:55:   port: 4000
2026-05-11T00:18:55: }
2026-05-11T00:18:55: 
2026-05-11T00:18:55: Node.js v24.13.1
2026-05-11T00:19:00: node:events:486
2026-05-11T00:19:00:       throw er; // Unhandled 'error' event
2026-05-11T00:19:00:       ^
2026-05-11T00:19:00: 
2026-05-11T00:19:00: Error: listen EADDRINUSE: address already in use :::4000
2026-05-11T00:19:00:     at Server.setupListenHandle [as _listen2] (node:net:1940:16)
2026-05-11T00:19:00:     at listenInCluster (node:net:1997:12)
2026-05-11T00:19:00:     at Server.listen (node:net:2102:7)
2026-05-11T00:19:00:     at app.listen (C:\Users\Anmol\OneDrive\Desktop\B\coding-portal\backend\node_modules\express\lib\application.js:635:24)
2026-05-11T00:19:00:     at <anonymous> (C:\Users\Anmol\OneDrive\Desktop\B\coding-portal\backend\src\index.ts:42:5)
2026-05-11T00:19:00:     at ModuleJob.run (node:internal/modules/esm/module_job:430:25)
2026-05-11T00:19:00:     at process.processTicksAndRejections (node:internal/process/task_queues:103:5)
2026-05-11T00:19:00:     at async onImport.tracePromise.__proto__ (node:internal/modules/esm/loader:661:26)
2026-05-11T00:19:00:     at async asyncRunEntryPointWithESMLoader (node:internal/modules/run_main:101:5)
2026-05-11T00:19:00: Emitted 'error' event on Server instance at:
2026-05-11T00:19:00:     at emitErrorNT (node:net:1976:8)
2026-05-11T00:19:00:     at process.processTicksAndRejections (node:internal/process/task_queues:89:21) {
2026-05-11T00:19:00:   code: 'EADDRINUSE',
2026-05-11T00:19:00:   errno: -4091,
2026-05-11T00:19:00:   syscall: 'listen',
2026-05-11T00:19:00:   address: '::',
2026-05-11T00:19:00:   port: 4000
2026-05-11T00:19:00: }
2026-05-11T00:19:00: 
2026-05-11T00:19:00: Node.js v24.13.1
2026-05-11T00:19:06: node:events:486
2026-05-11T00:19:06:       throw er; // Unhandled 'error' event
2026-05-11T00:19:06:       ^
2026-05-11T00:19:06: 
2026-05-11T00:19:06: Error: listen EADDRINUSE: address already in use :::4000
2026-05-11T00:19:06:     at Server.setupListenHandle [as _listen2] (node:net:1940:16)
2026-05-11T00:19:06:     at listenInCluster (node:net:1997:12)
2026-05-11T00:19:06:     at Server.listen (node:net:2102:7)
2026-05-11T00:19:06:     at app.listen (C:\Users\Anmol\OneDrive\Desktop\B\coding-portal\backend\node_modules\express\lib\application.js:635:24)
2026-05-11T00:19:06:     at <anonymous> (C:\Users\Anmol\OneDrive\Desktop\B\coding-portal\backend\src\index.ts:42:5)
2026-05-11T00:19:06:     at ModuleJob.run (node:internal/modules/esm/module_job:430:25)
2026-05-11T00:19:06:     at process.processTicksAndRejections (node:internal/process/task_queues:103:5)
2026-05-11T00:19:06:     at async onImport.tracePromise.__proto__ (node:internal/modules/esm/loader:661:26)
2026-05-11T00:19:06:     at async asyncRunEntryPointWithESMLoader (node:internal/modules/run_main:101:5)
2026-05-11T00:19:06: Emitted 'error' event on Server instance at:
2026-05-11T00:19:06:     at emitErrorNT (node:net:1976:8)
2026-05-11T00:19:06:     at process.processTicksAndRejections (node:internal/process/task_queues:89:21) {
2026-05-11T00:19:06:   code: 'EADDRINUSE',
2026-05-11T00:19:06:   errno: -4091,
2026-05-11T00:19:06:   syscall: 'listen',
2026-05-11T00:19:06:   address: '::',
2026-05-11T00:19:06:   port: 4000
2026-05-11T00:19:06: }
2026-05-11T00:19:06: 
2026-05-11T00:19:06: Node.js v24.13.1
2026-05-11T00:19:09: node:events:486
2026-05-11T00:19:09:       throw er; // Unhandled 'error' event
2026-05-11T00:19:09:       ^
2026-05-11T00:19:09: 
2026-05-11T00:19:09: Error: listen EADDRINUSE: address already in use :::4000
2026-05-11T00:19:09:     at Server.setupListenHandle [as _listen2] (node:net:1940:16)
2026-05-11T00:19:09:     at listenInCluster (node:net:1997:12)
2026-05-11T00:19:09:     at Server.listen (node:net:2102:7)
2026-05-11T00:19:09:     at app.listen (C:\Users\Anmol\OneDrive\Desktop\B\coding-portal\backend\node_modules\express\lib\application.js:635:24)
2026-05-11T00:19:09:     at <anonymous> (C:\Users\Anmol\OneDrive\Desktop\B\coding-portal\backend\src\index.ts:42:5)
2026-05-11T00:19:09:     at ModuleJob.run (node:internal/modules/esm/module_job:430:25)
2026-05-11T00:19:09:     at process.processTicksAndRejections (node:internal/process/task_queues:103:5)
2026-05-11T00:19:09:     at async onImport.tracePromise.__proto__ (node:internal/modules/esm/loader:661:26)
2026-05-11T00:19:09:     at async asyncRunEntryPointWithESMLoader (node:internal/modules/run_main:101:5)
2026-05-11T00:19:09: Emitted 'error' event on Server instance at:
2026-05-11T00:19:09:     at emitErrorNT (node:net:1976:8)
2026-05-11T00:19:09:     at process.processTicksAndRejections (node:internal/process/task_queues:89:21) {
2026-05-11T00:19:09:   code: 'EADDRINUSE',
2026-05-11T00:19:09:   errno: -4091,
2026-05-11T00:19:09:   syscall: 'listen',
2026-05-11T00:19:09:   address: '::',
2026-05-11T00:19:09:   port: 4000
2026-05-11T00:19:09: }
2026-05-11T00:19:09: 
2026-05-11T00:19:09: Node.js v24.13.1
2026-05-11T00:19:13: node:events:486
2026-05-11T00:19:13:       throw er; // Unhandled 'error' event
2026-05-11T00:19:13:       ^
2026-05-11T00:19:13: 
2026-05-11T00:19:13: Error: listen EADDRINUSE: address already in use :::4000
2026-05-11T00:19:13:     at Server.setupListenHandle [as _listen2] (node:net:1940:16)
2026-05-11T00:19:13:     at listenInCluster (node:net:1997:12)
2026-05-11T00:19:13:     at Server.listen (node:net:2102:7)
2026-05-11T00:19:13:     at app.listen (C:\Users\Anmol\OneDrive\Desktop\B\coding-portal\backend\node_modules\express\lib\application.js:635:24)
2026-05-11T00:19:13:     at <anonymous> (C:\Users\Anmol\OneDrive\Desktop\B\coding-portal\backend\src\index.ts:42:5)
2026-05-11T00:19:13:     at ModuleJob.run (node:internal/modules/esm/module_job:430:25)
2026-05-11T00:19:13:     at process.processTicksAndRejections (node:internal/process/task_queues:103:5)
2026-05-11T00:19:13:     at async onImport.tracePromise.__proto__ (node:internal/modules/esm/loader:661:26)
2026-05-11T00:19:13:     at async asyncRunEntryPointWithESMLoader (node:internal/modules/run_main:101:5)
2026-05-11T00:19:13: Emitted 'error' event on Server instance at:
2026-05-11T00:19:13:     at emitErrorNT (node:net:1976:8)
2026-05-11T00:19:13:     at process.processTicksAndRejections (node:internal/process/task_queues:89:21) {
2026-05-11T00:19:13:   code: 'EADDRINUSE',
2026-05-11T00:19:13:   errno: -4091,
2026-05-11T00:19:13:   syscall: 'listen',
2026-05-11T00:19:13:   address: '::',
2026-05-11T00:19:13:   port: 4000
2026-05-11T00:19:13: }
2026-05-11T00:19:13: 
2026-05-11T00:19:13: Node.js v24.13.1
2026-05-11T00:19:17: node:events:486
2026-05-11T00:19:17:       throw er; // Unhandled 'error' event
2026-05-11T00:19:17:       ^
2026-05-11T00:19:17: 
2026-05-11T00:19:17: Error: listen EADDRINUSE: address already in use :::4000
2026-05-11T00:19:17:     at Server.setupListenHandle [as _listen2] (node:net:1940:16)
2026-05-11T00:19:17:     at listenInCluster (node:net:1997:12)
2026-05-11T00:19:17:     at Server.listen (node:net:2102:7)
2026-05-11T00:19:17:     at app.listen (C:\Users\Anmol\OneDrive\Desktop\B\coding-portal\backend\node_modules\express\lib\application.js:635:24)
2026-05-11T00:19:17:     at <anonymous> (C:\Users\Anmol\OneDrive\Desktop\B\coding-portal\backend\src\index.ts:42:5)
2026-05-11T00:19:17:     at ModuleJob.run (node:internal/modules/esm/module_job:430:25)
2026-05-11T00:19:17:     at process.processTicksAndRejections (node:internal/process/task_queues:103:5)
2026-05-11T00:19:17:     at async onImport.tracePromise.__proto__ (node:internal/modules/esm/loader:661:26)
2026-05-11T00:19:17:     at async asyncRunEntryPointWithESMLoader (node:internal/modules/run_main:101:5)
2026-05-11T00:19:17: Emitted 'error' event on Server instance at:
2026-05-11T00:19:17:     at emitErrorNT (node:net:1976:8)
2026-05-11T00:19:17:     at process.processTicksAndRejections (node:internal/process/task_queues:89:21) {
2026-05-11T00:19:17:   code: 'EADDRINUSE',
2026-05-11T00:19:17:   errno: -4091,
2026-05-11T00:19:17:   syscall: 'listen',
2026-05-11T00:19:17:   address: '::',
2026-05-11T00:19:17:   port: 4000
2026-05-11T00:19:17: }
2026-05-11T00:19:17: 
2026-05-11T00:19:17: Node.js v24.13.1
2026-05-11T00:19:20: node:events:486
2026-05-11T00:19:20:       throw er; // Unhandled 'error' event
2026-05-11T00:19:20:       ^
2026-05-11T00:19:20: 
2026-05-11T00:19:20: Error: listen EADDRINUSE: address already in use :::4000
2026-05-11T00:19:20:     at Server.setupListenHandle [as _listen2] (node:net:1940:16)
2026-05-11T00:19:20:     at listenInCluster (node:net:1997:12)
2026-05-11T00:19:20:     at Server.listen (node:net:2102:7)
2026-05-11T00:19:20:     at app.listen (C:\Users\Anmol\OneDrive\Desktop\B\coding-portal\backend\node_modules\express\lib\application.js:635:24)
2026-05-11T00:19:20:     at <anonymous> (C:\Users\Anmol\OneDrive\Desktop\B\coding-portal\backend\src\index.ts:42:5)
2026-05-11T00:19:20:     at ModuleJob.run (node:internal/modules/esm/module_job:430:25)
2026-05-11T00:19:20:     at process.processTicksAndRejections (node:internal/process/task_queues:103:5)
2026-05-11T00:19:20:     at async onImport.tracePromise.__proto__ (node:internal/modules/esm/loader:661:26)
2026-05-11T00:19:20:     at async asyncRunEntryPointWithESMLoader (node:internal/modules/run_main:101:5)
2026-05-11T00:19:20: Emitted 'error' event on Server instance at:
2026-05-11T00:19:20:     at emitErrorNT (node:net:1976:8)
2026-05-11T00:19:20:     at process.processTicksAndRejections (node:internal/process/task_queues:89:21) {
2026-05-11T00:19:20:   code: 'EADDRINUSE',
2026-05-11T00:19:20:   errno: -4091,
2026-05-11T00:19:20:   syscall: 'listen',
2026-05-11T00:19:20:   address: '::',
2026-05-11T00:19:20:   port: 4000
2026-05-11T00:19:20: }
2026-05-11T00:19:20: 
2026-05-11T00:19:20: Node.js v24.13.1
2026-05-11T00:19:26: node:events:486
2026-05-11T00:19:26:       throw er; // Unhandled 'error' event
2026-05-11T00:19:26:       ^
2026-05-11T00:19:26: 
2026-05-11T00:19:26: Error: listen EADDRINUSE: address already in use :::4000
2026-05-11T00:19:26:     at Server.setupListenHandle [as _listen2] (node:net:1940:16)
2026-05-11T00:19:26:     at listenInCluster (node:net:1997:12)
2026-05-11T00:19:26:     at Server.listen (node:net:2102:7)
2026-05-11T00:19:26:     at app.listen (C:\Users\Anmol\OneDrive\Desktop\B\coding-portal\backend\node_modules\express\lib\application.js:635:24)
2026-05-11T00:19:26:     at <anonymous> (C:\Users\Anmol\OneDrive\Desktop\B\coding-portal\backend\src\index.ts:42:5)
2026-05-11T00:19:26:     at ModuleJob.run (node:internal/modules/esm/module_job:430:25)
2026-05-11T00:19:26:     at process.processTicksAndRejections (node:internal/process/task_queues:103:5)
2026-05-11T00:19:26:     at async onImport.tracePromise.__proto__ (node:internal/modules/esm/loader:661:26)
2026-05-11T00:19:26:     at async asyncRunEntryPointWithESMLoader (node:internal/modules/run_main:101:5)
2026-05-11T00:19:26: Emitted 'error' event on Server instance at:
2026-05-11T00:19:26:     at emitErrorNT (node:net:1976:8)
2026-05-11T00:19:26:     at process.processTicksAndRejections (node:internal/process/task_queues:89:21) {
2026-05-11T00:19:26:   code: 'EADDRINUSE',
2026-05-11T00:19:26:   errno: -4091,
2026-05-11T00:19:26:   syscall: 'listen',
2026-05-11T00:19:26:   address: '::',
2026-05-11T00:19:26:   port: 4000
2026-05-11T00:19:26: }
2026-05-11T00:19:26: 
2026-05-11T00:19:26: Node.js v24.13.1
2026-05-11T00:19:28: node:events:486
2026-05-11T00:19:28:       throw er; // Unhandled 'error' event
2026-05-11T00:19:28:       ^
2026-05-11T00:19:28: 
2026-05-11T00:19:28: Error: listen EADDRINUSE: address already in use :::4000
2026-05-11T00:19:28:     at Server.setupListenHandle [as _listen2] (node:net:1940:16)
2026-05-11T00:19:28:     at listenInCluster (node:net:1997:12)
2026-05-11T00:19:28:     at Server.listen (node:net:2102:7)
2026-05-11T00:19:28:     at app.listen (C:\Users\Anmol\OneDrive\Desktop\B\coding-portal\backend\node_modules\express\lib\application.js:635:24)
2026-05-11T00:19:28:     at <anonymous> (C:\Users\Anmol\OneDrive\Desktop\B\coding-portal\backend\src\index.ts:42:5)
2026-05-11T00:19:28:     at ModuleJob.run (node:internal/modules/esm/module_job:430:25)
2026-05-11T00:19:28:     at process.processTicksAndRejections (node:internal/process/task_queues:103:5)
2026-05-11T00:19:28:     at async onImport.tracePromise.__proto__ (node:internal/modules/esm/loader:661:26)
2026-05-11T00:19:28:     at async asyncRunEntryPointWithESMLoader (node:internal/modules/run_main:101:5)
2026-05-11T00:19:28: Emitted 'error' event on Server instance at:
2026-05-11T00:19:28:     at emitErrorNT (node:net:1976:8)
2026-05-11T00:19:28:     at process.processTicksAndRejections (node:internal/process/task_queues:89:21) {
2026-05-11T00:19:28:   code: 'EADDRINUSE',
2026-05-11T00:19:28:   errno: -4091,
2026-05-11T00:19:28:   syscall: 'listen',
2026-05-11T00:19:28:   address: '::',
2026-05-11T00:19:28:   port: 4000
2026-05-11T00:19:28: }
2026-05-11T00:19:28: 
2026-05-11T00:19:28: Node.js v24.13.1
2026-05-11T00:19:33: node:events:486
2026-05-11T00:19:33:       throw er; // Unhandled 'error' event
2026-05-11T00:19:33:       ^
2026-05-11T00:19:33: 
2026-05-11T00:19:33: Error: listen EADDRINUSE: address already in use :::4000
2026-05-11T00:19:33:     at Server.setupListenHandle [as _listen2] (node:net:1940:16)
2026-05-11T00:19:33:     at listenInCluster (node:net:1997:12)
2026-05-11T00:19:33:     at Server.listen (node:net:2102:7)
2026-05-11T00:19:33:     at app.listen (C:\Users\Anmol\OneDrive\Desktop\B\coding-portal\backend\node_modules\express\lib\application.js:635:24)
2026-05-11T00:19:33:     at <anonymous> (C:\Users\Anmol\OneDrive\Desktop\B\coding-portal\backend\src\index.ts:42:5)
2026-05-11T00:19:33:     at ModuleJob.run (node:internal/modules/esm/module_job:430:25)
2026-05-11T00:19:33:     at process.processTicksAndRejections (node:internal/process/task_queues:103:5)
2026-05-11T00:19:33:     at async onImport.tracePromise.__proto__ (node:internal/modules/esm/loader:661:26)
2026-05-11T00:19:33:     at async asyncRunEntryPointWithESMLoader (node:internal/modules/run_main:101:5)
2026-05-11T00:19:33: Emitted 'error' event on Server instance at:
2026-05-11T00:19:33:     at emitErrorNT (node:net:1976:8)
2026-05-11T00:19:33:     at process.processTicksAndRejections (node:internal/process/task_queues:89:21) {
2026-05-11T00:19:33:   code: 'EADDRINUSE',
2026-05-11T00:19:33:   errno: -4091,
2026-05-11T00:19:33:   syscall: 'listen',
2026-05-11T00:19:33:   address: '::',
2026-05-11T00:19:33:   port: 4000
2026-05-11T00:19:33: }
2026-05-11T00:19:33: 
2026-05-11T00:19:33: Node.js v24.13.1
2026-05-11T00:19:38: node:events:486
2026-05-11T00:19:38:       throw er; // Unhandled 'error' event
2026-05-11T00:19:38:       ^
2026-05-11T00:19:38: 
2026-05-11T00:19:38: Error: listen EADDRINUSE: address already in use :::4000
2026-05-11T00:19:38:     at Server.setupListenHandle [as _listen2] (node:net:1940:16)
2026-05-11T00:19:38:     at listenInCluster (node:net:1997:12)
2026-05-11T00:19:38:     at Server.listen (node:net:2102:7)
2026-05-11T00:19:38:     at app.listen (C:\Users\Anmol\OneDrive\Desktop\B\coding-portal\backend\node_modules\express\lib\application.js:635:24)
2026-05-11T00:19:38:     at <anonymous> (C:\Users\Anmol\OneDrive\Desktop\B\coding-portal\backend\src\index.ts:42:5)
2026-05-11T00:19:38:     at ModuleJob.run (node:internal/modules/esm/module_job:430:25)
2026-05-11T00:19:38:     at process.processTicksAndRejections (node:internal/process/task_queues:103:5)
2026-05-11T00:19:38:     at async onImport.tracePromise.__proto__ (node:internal/modules/esm/loader:661:26)
2026-05-11T00:19:38:     at async asyncRunEntryPointWithESMLoader (node:internal/modules/run_main:101:5)
2026-05-11T00:19:38: Emitted 'error' event on Server instance at:
2026-05-11T00:19:38:     at emitErrorNT (node:net:1976:8)
2026-05-11T00:19:38:     at process.processTicksAndRejections (node:internal/process/task_queues:89:21) {
2026-05-11T00:19:38:   code: 'EADDRINUSE',
2026-05-11T00:19:38:   errno: -4091,
2026-05-11T00:19:38:   syscall: 'listen',
2026-05-11T00:19:38:   address: '::',
2026-05-11T00:19:38:   port: 4000
2026-05-11T00:19:38: }
2026-05-11T00:19:38: 
2026-05-11T00:19:38: Node.js v24.13.1
2026-05-11T00:19:41: node:events:486
2026-05-11T00:19:41:       throw er; // Unhandled 'error' event
2026-05-11T00:19:41:       ^
2026-05-11T00:19:41: 
2026-05-11T00:19:41: Error: listen EADDRINUSE: address already in use :::4000
2026-05-11T00:19:41:     at Server.setupListenHandle [as _listen2] (node:net:1940:16)
2026-05-11T00:19:41:     at listenInCluster (node:net:1997:12)
2026-05-11T00:19:41:     at Server.listen (node:net:2102:7)
2026-05-11T00:19:41:     at app.listen (C:\Users\Anmol\OneDrive\Desktop\B\coding-portal\backend\node_modules\express\lib\application.js:635:24)
2026-05-11T00:19:41:     at <anonymous> (C:\Users\Anmol\OneDrive\Desktop\B\coding-portal\backend\src\index.ts:42:5)
2026-05-11T00:19:41:     at ModuleJob.run (node:internal/modules/esm/module_job:430:25)
2026-05-11T00:19:41:     at process.processTicksAndRejections (node:internal/process/task_queues:103:5)
2026-05-11T00:19:41:     at async onImport.tracePromise.__proto__ (node:internal/modules/esm/loader:661:26)
2026-05-11T00:19:41:     at async asyncRunEntryPointWithESMLoader (node:internal/modules/run_main:101:5)
2026-05-11T00:19:41: Emitted 'error' event on Server instance at:
2026-05-11T00:19:41:     at emitErrorNT (node:net:1976:8)
2026-05-11T00:19:41:     at process.processTicksAndRejections (node:internal/process/task_queues:89:21) {
2026-05-11T00:19:41:   code: 'EADDRINUSE',
2026-05-11T00:19:41:   errno: -4091,
2026-05-11T00:19:41:   syscall: 'listen',
2026-05-11T00:19:41:   address: '::',
2026-05-11T00:19:41:   port: 4000
2026-05-11T00:19:41: }
2026-05-11T00:19:41: 
2026-05-11T00:19:41: Node.js v24.13.1
2026-05-11T00:19:45: node:events:486
2026-05-11T00:19:45:       throw er; // Unhandled 'error' event
2026-05-11T00:19:45:       ^
2026-05-11T00:19:45: 
2026-05-11T00:19:45: Error: listen EADDRINUSE: address already in use :::4000
2026-05-11T00:19:45:     at Server.setupListenHandle [as _listen2] (node:net:1940:16)
2026-05-11T00:19:45:     at listenInCluster (node:net:1997:12)
2026-05-11T00:19:45:     at Server.listen (node:net:2102:7)
2026-05-11T00:19:45:     at app.listen (C:\Users\Anmol\OneDrive\Desktop\B\coding-portal\backend\node_modules\express\lib\application.js:635:24)
2026-05-11T00:19:45:     at <anonymous> (C:\Users\Anmol\OneDrive\Desktop\B\coding-portal\backend\src\index.ts:42:5)
2026-05-11T00:19:45:     at ModuleJob.run (node:internal/modules/esm/module_job:430:25)
2026-05-11T00:19:45:     at process.processTicksAndRejections (node:internal/process/task_queues:103:5)
2026-05-11T00:19:45:     at async onImport.tracePromise.__proto__ (node:internal/modules/esm/loader:661:26)
2026-05-11T00:19:45:     at async asyncRunEntryPointWithESMLoader (node:internal/modules/run_main:101:5)
2026-05-11T00:19:45: Emitted 'error' event on Server instance at:
2026-05-11T00:19:45:     at emitErrorNT (node:net:1976:8)
2026-05-11T00:19:45:     at process.processTicksAndRejections (node:internal/process/task_queues:89:21) {
2026-05-11T00:19:45:   code: 'EADDRINUSE',
2026-05-11T00:19:45:   errno: -4091,
2026-05-11T00:19:45:   syscall: 'listen',
2026-05-11T00:19:45:   address: '::',
2026-05-11T00:19:45:   port: 4000
2026-05-11T00:19:45: }
2026-05-11T00:19:45: 
2026-05-11T00:19:45: Node.js v24.13.1
2026-05-11T00:19:48: node:events:486
2026-05-11T00:19:48:       throw er; // Unhandled 'error' event
2026-05-11T00:19:48:       ^
2026-05-11T00:19:48: 
2026-05-11T00:19:48: Error: listen EADDRINUSE: address already in use :::4000
2026-05-11T00:19:48:     at Server.setupListenHandle [as _listen2] (node:net:1940:16)
2026-05-11T00:19:48:     at listenInCluster (node:net:1997:12)
2026-05-11T00:19:48:     at Server.listen (node:net:2102:7)
2026-05-11T00:19:48:     at app.listen (C:\Users\Anmol\OneDrive\Desktop\B\coding-portal\backend\node_modules\express\lib\application.js:635:24)
2026-05-11T00:19:48:     at <anonymous> (C:\Users\Anmol\OneDrive\Desktop\B\coding-portal\backend\src\index.ts:42:5)
2026-05-11T00:19:48:     at ModuleJob.run (node:internal/modules/esm/module_job:430:25)
2026-05-11T00:19:48:     at process.processTicksAndRejections (node:internal/process/task_queues:103:5)
2026-05-11T00:19:48:     at async onImport.tracePromise.__proto__ (node:internal/modules/esm/loader:661:26)
2026-05-11T00:19:48:     at async asyncRunEntryPointWithESMLoader (node:internal/modules/run_main:101:5)
2026-05-11T00:19:48: Emitted 'error' event on Server instance at:
2026-05-11T00:19:48:     at emitErrorNT (node:net:1976:8)
2026-05-11T00:19:48:     at process.processTicksAndRejections (node:internal/process/task_queues:89:21) {
2026-05-11T00:19:48:   code: 'EADDRINUSE',
2026-05-11T00:19:48:   errno: -4091,
2026-05-11T00:19:48:   syscall: 'listen',
2026-05-11T00:19:48:   address: '::',
2026-05-11T00:19:48:   port: 4000
2026-05-11T00:19:48: }
2026-05-11T00:19:48: 
2026-05-11T00:19:48: Node.js v24.13.1
2026-05-11T00:19:52: node:events:486
2026-05-11T00:19:52:       throw er; // Unhandled 'error' event
2026-05-11T00:19:52:       ^
2026-05-11T00:19:52: 
2026-05-11T00:19:52: Error: listen EADDRINUSE: address already in use :::4000
2026-05-11T00:19:52:     at Server.setupListenHandle [as _listen2] (node:net:1940:16)
2026-05-11T00:19:52:     at listenInCluster (node:net:1997:12)
2026-05-11T00:19:52:     at Server.listen (node:net:2102:7)
2026-05-11T00:19:52:     at app.listen (C:\Users\Anmol\OneDrive\Desktop\B\coding-portal\backend\node_modules\express\lib\application.js:635:24)
2026-05-11T00:19:52:     at <anonymous> (C:\Users\Anmol\OneDrive\Desktop\B\coding-portal\backend\src\index.ts:42:5)
2026-05-11T00:19:52:     at ModuleJob.run (node:internal/modules/esm/module_job:430:25)
2026-05-11T00:19:52:     at process.processTicksAndRejections (node:internal/process/task_queues:103:5)
2026-05-11T00:19:52:     at async onImport.tracePromise.__proto__ (node:internal/modules/esm/loader:661:26)
2026-05-11T00:19:52:     at async asyncRunEntryPointWithESMLoader (node:internal/modules/run_main:101:5)
2026-05-11T00:19:52: Emitted 'error' event on Server instance at:
2026-05-11T00:19:52:     at emitErrorNT (node:net:1976:8)
2026-05-11T00:19:52:     at process.processTicksAndRejections (node:internal/process/task_queues:89:21) {
2026-05-11T00:19:52:   code: 'EADDRINUSE',
2026-05-11T00:19:52:   errno: -4091,
2026-05-11T00:19:52:   syscall: 'listen',
2026-05-11T00:19:52:   address: '::',
2026-05-11T00:19:52:   port: 4000
2026-05-11T00:19:52: }
2026-05-11T00:19:52: 
2026-05-11T00:19:52: Node.js v24.13.1
2026-05-11T00:19:55: node:events:486
2026-05-11T00:19:55:       throw er; // Unhandled 'error' event
2026-05-11T00:19:55:       ^
2026-05-11T00:19:55: 
2026-05-11T00:19:55: Error: listen EADDRINUSE: address already in use :::4000
2026-05-11T00:19:55:     at Server.setupListenHandle [as _listen2] (node:net:1940:16)
2026-05-11T00:19:55:     at listenInCluster (node:net:1997:12)
2026-05-11T00:19:55:     at Server.listen (node:net:2102:7)
2026-05-11T00:19:55:     at app.listen (C:\Users\Anmol\OneDrive\Desktop\B\coding-portal\backend\node_modules\express\lib\application.js:635:24)
2026-05-11T00:19:55:     at <anonymous> (C:\Users\Anmol\OneDrive\Desktop\B\coding-portal\backend\src\index.ts:42:5)
2026-05-11T00:19:55:     at ModuleJob.run (node:internal/modules/esm/module_job:430:25)
2026-05-11T00:19:55:     at process.processTicksAndRejections (node:internal/process/task_queues:103:5)
2026-05-11T00:19:55:     at async onImport.tracePromise.__proto__ (node:internal/modules/esm/loader:661:26)
2026-05-11T00:19:55:     at async asyncRunEntryPointWithESMLoader (node:internal/modules/run_main:101:5)
2026-05-11T00:19:55: Emitted 'error' event on Server instance at:
2026-05-11T00:19:55:     at emitErrorNT (node:net:1976:8)
2026-05-11T00:19:55:     at process.processTicksAndRejections (node:internal/process/task_queues:89:21) {
2026-05-11T00:19:55:   code: 'EADDRINUSE',
2026-05-11T00:19:55:   errno: -4091,
2026-05-11T00:19:55:   syscall: 'listen',
2026-05-11T00:19:55:   address: '::',
2026-05-11T00:19:55:   port: 4000
2026-05-11T00:19:55: }
2026-05-11T00:19:55: 
2026-05-11T00:19:55: Node.js v24.13.1
2026-05-11T00:19:58: node:events:486
2026-05-11T00:19:58:       throw er; // Unhandled 'error' event
2026-05-11T00:19:58:       ^
2026-05-11T00:19:58: 
2026-05-11T00:19:58: Error: listen EADDRINUSE: address already in use :::4000
2026-05-11T00:19:58:     at Server.setupListenHandle [as _listen2] (node:net:1940:16)
2026-05-11T00:19:58:     at listenInCluster (node:net:1997:12)
2026-05-11T00:19:58:     at Server.listen (node:net:2102:7)
2026-05-11T00:19:58:     at app.listen (C:\Users\Anmol\OneDrive\Desktop\B\coding-portal\backend\node_modules\express\lib\application.js:635:24)
2026-05-11T00:19:58:     at <anonymous> (C:\Users\Anmol\OneDrive\Desktop\B\coding-portal\backend\src\index.ts:42:5)
2026-05-11T00:19:58:     at ModuleJob.run (node:internal/modules/esm/module_job:430:25)
2026-05-11T00:19:58:     at process.processTicksAndRejections (node:internal/process/task_queues:103:5)
2026-05-11T00:19:58:     at async onImport.tracePromise.__proto__ (node:internal/modules/esm/loader:661:26)
2026-05-11T00:19:58:     at async asyncRunEntryPointWithESMLoader (node:internal/modules/run_main:101:5)
2026-05-11T00:19:58: Emitted 'error' event on Server instance at:
2026-05-11T00:19:58:     at emitErrorNT (node:net:1976:8)
2026-05-11T00:19:58:     at process.processTicksAndRejections (node:internal/process/task_queues:89:21) {
2026-05-11T00:19:58:   code: 'EADDRINUSE',
2026-05-11T00:19:58:   errno: -4091,
2026-05-11T00:19:58:   syscall: 'listen',
2026-05-11T00:19:58:   address: '::',
2026-05-11T00:19:58:   port: 4000
2026-05-11T00:19:58: }
2026-05-11T00:19:58: 
2026-05-11T00:19:58: Node.js v24.13.1
2026-05-11T00:20:02: node:events:486
2026-05-11T00:20:02:       throw er; // Unhandled 'error' event
2026-05-11T00:20:02:       ^
2026-05-11T00:20:02: 
2026-05-11T00:20:02: Error: listen EADDRINUSE: address already in use :::4000
2026-05-11T00:20:02:     at Server.setupListenHandle [as _listen2] (node:net:1940:16)
2026-05-11T00:20:02:     at listenInCluster (node:net:1997:12)
2026-05-11T00:20:02:     at Server.listen (node:net:2102:7)
2026-05-11T00:20:02:     at app.listen (C:\Users\Anmol\OneDrive\Desktop\B\coding-portal\backend\node_modules\express\lib\application.js:635:24)
2026-05-11T00:20:02:     at <anonymous> (C:\Users\Anmol\OneDrive\Desktop\B\coding-portal\backend\src\index.ts:42:5)
2026-05-11T00:20:02:     at ModuleJob.run (node:internal/modules/esm/module_job:430:25)
2026-05-11T00:20:02:     at process.processTicksAndRejections (node:internal/process/task_queues:103:5)
2026-05-11T00:20:02:     at async onImport.tracePromise.__proto__ (node:internal/modules/esm/loader:661:26)
2026-05-11T00:20:02:     at async asyncRunEntryPointWithESMLoader (node:internal/modules/run_main:101:5)
2026-05-11T00:20:02: Emitted 'error' event on Server instance at:
2026-05-11T00:20:02:     at emitErrorNT (node:net:1976:8)
2026-05-11T00:20:02:     at process.processTicksAndRejections (node:internal/process/task_queues:89:21) {
2026-05-11T00:20:02:   code: 'EADDRINUSE',
2026-05-11T00:20:02:   errno: -4091,
2026-05-11T00:20:02:   syscall: 'listen',
2026-05-11T00:20:02:   address: '::',
2026-05-11T00:20:02:   port: 4000
2026-05-11T00:20:02: }
2026-05-11T00:20:02: 
2026-05-11T00:20:02: Node.js v24.13.1
2026-05-11T00:20:05: node:events:486
2026-05-11T00:20:05:       throw er; // Unhandled 'error' event
2026-05-11T00:20:05:       ^
2026-05-11T00:20:05: 
2026-05-11T00:20:05: Error: listen EADDRINUSE: address already in use :::4000
2026-05-11T00:20:05:     at Server.setupListenHandle [as _listen2] (node:net:1940:16)
2026-05-11T00:20:05:     at listenInCluster (node:net:1997:12)
2026-05-11T00:20:05:     at Server.listen (node:net:2102:7)
2026-05-11T00:20:05:     at app.listen (C:\Users\Anmol\OneDrive\Desktop\B\coding-portal\backend\node_modules\express\lib\application.js:635:24)
2026-05-11T00:20:05:     at <anonymous> (C:\Users\Anmol\OneDrive\Desktop\B\coding-portal\backend\src\index.ts:42:5)
2026-05-11T00:20:05:     at ModuleJob.run (node:internal/modules/esm/module_job:430:25)
2026-05-11T00:20:05:     at process.processTicksAndRejections (node:internal/process/task_queues:103:5)
2026-05-11T00:20:05:     at async onImport.tracePromise.__proto__ (node:internal/modules/esm/loader:661:26)
2026-05-11T00:20:05:     at async asyncRunEntryPointWithESMLoader (node:internal/modules/run_main:101:5)
2026-05-11T00:20:05: Emitted 'error' event on Server instance at:
2026-05-11T00:20:05:     at emitErrorNT (node:net:1976:8)
2026-05-11T00:20:05:     at process.processTicksAndRejections (node:internal/process/task_queues:89:21) {
2026-05-11T00:20:05:   code: 'EADDRINUSE',
2026-05-11T00:20:05:   errno: -4091,
2026-05-11T00:20:05:   syscall: 'listen',
2026-05-11T00:20:05:   address: '::',
2026-05-11T00:20:05:   port: 4000
2026-05-11T00:20:05: }
2026-05-11T00:20:05: 
2026-05-11T00:20:05: Node.js v24.13.1
2026-05-11T00:20:08: node:events:486
2026-05-11T00:20:08:       throw er; // Unhandled 'error' event
2026-05-11T00:20:08:       ^
2026-05-11T00:20:08: 
2026-05-11T00:20:08: Error: listen EADDRINUSE: address already in use :::4000
2026-05-11T00:20:08:     at Server.setupListenHandle [as _listen2] (node:net:1940:16)
2026-05-11T00:20:08:     at listenInCluster (node:net:1997:12)
2026-05-11T00:20:08:     at Server.listen (node:net:2102:7)
2026-05-11T00:20:08:     at app.listen (C:\Users\Anmol\OneDrive\Desktop\B\coding-portal\backend\node_modules\express\lib\application.js:635:24)
2026-05-11T00:20:08:     at <anonymous> (C:\Users\Anmol\OneDrive\Desktop\B\coding-portal\backend\src\index.ts:42:5)
2026-05-11T00:20:08:     at ModuleJob.run (node:internal/modules/esm/module_job:430:25)
2026-05-11T00:20:08:     at process.processTicksAndRejections (node:internal/process/task_queues:103:5)
2026-05-11T00:20:08:     at async onImport.tracePromise.__proto__ (node:internal/modules/esm/loader:661:26)
2026-05-11T00:20:08:     at async asyncRunEntryPointWithESMLoader (node:internal/modules/run_main:101:5)
2026-05-11T00:20:08: Emitted 'error' event on Server instance at:
2026-05-11T00:20:08:     at emitErrorNT (node:net:1976:8)
2026-05-11T00:20:08:     at process.processTicksAndRejections (node:internal/process/task_queues:89:21) {
2026-05-11T00:20:08:   code: 'EADDRINUSE',
2026-05-11T00:20:08:   errno: -4091,
2026-05-11T00:20:08:   syscall: 'listen',
2026-05-11T00:20:08:   address: '::',
2026-05-11T00:20:08:   port: 4000
2026-05-11T00:20:08: }
2026-05-11T00:20:08: 
2026-05-11T00:20:08: Node.js v24.13.1
2026-05-11T00:20:11: node:events:486
2026-05-11T00:20:11:       throw er; // Unhandled 'error' event
2026-05-11T00:20:11:       ^
2026-05-11T00:20:11: 
2026-05-11T00:20:11: Error: listen EADDRINUSE: address already in use :::4000
2026-05-11T00:20:11:     at Server.setupListenHandle [as _listen2] (node:net:1940:16)
2026-05-11T00:20:11:     at listenInCluster (node:net:1997:12)
2026-05-11T00:20:11:     at Server.listen (node:net:2102:7)
2026-05-11T00:20:11:     at app.listen (C:\Users\Anmol\OneDrive\Desktop\B\coding-portal\backend\node_modules\express\lib\application.js:635:24)
2026-05-11T00:20:11:     at <anonymous> (C:\Users\Anmol\OneDrive\Desktop\B\coding-portal\backend\src\index.ts:42:5)
2026-05-11T00:20:11:     at ModuleJob.run (node:internal/modules/esm/module_job:430:25)
2026-05-11T00:20:11:     at process.processTicksAndRejections (node:internal/process/task_queues:103:5)
2026-05-11T00:20:11:     at async onImport.tracePromise.__proto__ (node:internal/modules/esm/loader:661:26)
2026-05-11T00:20:11:     at async asyncRunEntryPointWithESMLoader (node:internal/modules/run_main:101:5)
2026-05-11T00:20:11: Emitted 'error' event on Server instance at:
2026-05-11T00:20:11:     at emitErrorNT (node:net:1976:8)
2026-05-11T00:20:11:     at process.processTicksAndRejections (node:internal/process/task_queues:89:21) {
2026-05-11T00:20:11:   code: 'EADDRINUSE',
2026-05-11T00:20:11:   errno: -4091,
2026-05-11T00:20:11:   syscall: 'listen',
2026-05-11T00:20:11:   address: '::',
2026-05-11T00:20:11:   port: 4000
2026-05-11T00:20:11: }
2026-05-11T00:20:11: 
2026-05-11T00:20:11: Node.js v24.13.1
2026-05-11T00:20:14: node:events:486
2026-05-11T00:20:14:       throw er; // Unhandled 'error' event
2026-05-11T00:20:14:       ^
2026-05-11T00:20:14: 
2026-05-11T00:20:14: Error: listen EADDRINUSE: address already in use :::4000
2026-05-11T00:20:14:     at Server.setupListenHandle [as _listen2] (node:net:1940:16)
2026-05-11T00:20:14:     at listenInCluster (node:net:1997:12)
2026-05-11T00:20:14:     at Server.listen (node:net:2102:7)
2026-05-11T00:20:14:     at app.listen (C:\Users\Anmol\OneDrive\Desktop\B\coding-portal\backend\node_modules\express\lib\application.js:635:24)
2026-05-11T00:20:14:     at <anonymous> (C:\Users\Anmol\OneDrive\Desktop\B\coding-portal\backend\src\index.ts:42:5)
2026-05-11T00:20:14:     at ModuleJob.run (node:internal/modules/esm/module_job:430:25)
2026-05-11T00:20:14:     at process.processTicksAndRejections (node:internal/process/task_queues:103:5)
2026-05-11T00:20:14:     at async onImport.tracePromise.__proto__ (node:internal/modules/esm/loader:661:26)
2026-05-11T00:20:14:     at async asyncRunEntryPointWithESMLoader (node:internal/modules/run_main:101:5)
2026-05-11T00:20:14: Emitted 'error' event on Server instance at:
2026-05-11T00:20:14:     at emitErrorNT (node:net:1976:8)
2026-05-11T00:20:14:     at process.processTicksAndRejections (node:internal/process/task_queues:89:21) {
2026-05-11T00:20:14:   code: 'EADDRINUSE',
2026-05-11T00:20:14:   errno: -4091,
2026-05-11T00:20:14:   syscall: 'listen',
2026-05-11T00:20:14:   address: '::',
2026-05-11T00:20:14:   port: 4000
2026-05-11T00:20:14: }
2026-05-11T00:20:14: 
2026-05-11T00:20:14: Node.js v24.13.1
2026-05-11T00:20:17: node:events:486
2026-05-11T00:20:17:       throw er; // Unhandled 'error' event
2026-05-11T00:20:17:       ^
2026-05-11T00:20:17: 
2026-05-11T00:20:17: Error: listen EADDRINUSE: address already in use :::4000
2026-05-11T00:20:17:     at Server.setupListenHandle [as _listen2] (node:net:1940:16)
2026-05-11T00:20:17:     at listenInCluster (node:net:1997:12)
2026-05-11T00:20:17:     at Server.listen (node:net:2102:7)
2026-05-11T00:20:17:     at app.listen (C:\Users\Anmol\OneDrive\Desktop\B\coding-portal\backend\node_modules\express\lib\application.js:635:24)
2026-05-11T00:20:17:     at <anonymous> (C:\Users\Anmol\OneDrive\Desktop\B\coding-portal\backend\src\index.ts:42:5)
2026-05-11T00:20:17:     at ModuleJob.run (node:internal/modules/esm/module_job:430:25)
2026-05-11T00:20:17:     at process.processTicksAndRejections (node:internal/process/task_queues:103:5)
2026-05-11T00:20:17:     at async onImport.tracePromise.__proto__ (node:internal/modules/esm/loader:661:26)
2026-05-11T00:20:17:     at async asyncRunEntryPointWithESMLoader (node:internal/modules/run_main:101:5)
2026-05-11T00:20:17: Emitted 'error' event on Server instance at:
2026-05-11T00:20:17:     at emitErrorNT (node:net:1976:8)
2026-05-11T00:20:17:     at process.processTicksAndRejections (node:internal/process/task_queues:89:21) {
2026-05-11T00:20:17:   code: 'EADDRINUSE',
2026-05-11T00:20:17:   errno: -4091,
2026-05-11T00:20:17:   syscall: 'listen',
2026-05-11T00:20:17:   address: '::',
2026-05-11T00:20:17:   port: 4000
2026-05-11T00:20:17: }
2026-05-11T00:20:17: 
2026-05-11T00:20:17: Node.js v24.13.1
2026-05-11T00:20:20: node:events:486
2026-05-11T00:20:20:       throw er; // Unhandled 'error' event
2026-05-11T00:20:20:       ^
2026-05-11T00:20:20: 
2026-05-11T00:20:20: Error: listen EADDRINUSE: address already in use :::4000
2026-05-11T00:20:20:     at Server.setupListenHandle [as _listen2] (node:net:1940:16)
2026-05-11T00:20:20:     at listenInCluster (node:net:1997:12)
2026-05-11T00:20:20:     at Server.listen (node:net:2102:7)
2026-05-11T00:20:20:     at app.listen (C:\Users\Anmol\OneDrive\Desktop\B\coding-portal\backend\node_modules\express\lib\application.js:635:24)
2026-05-11T00:20:20:     at <anonymous> (C:\Users\Anmol\OneDrive\Desktop\B\coding-portal\backend\src\index.ts:42:5)
2026-05-11T00:20:20:     at ModuleJob.run (node:internal/modules/esm/module_job:430:25)
2026-05-11T00:20:20:     at process.processTicksAndRejections (node:internal/process/task_queues:103:5)
2026-05-11T00:20:20:     at async onImport.tracePromise.__proto__ (node:internal/modules/esm/loader:661:26)
2026-05-11T00:20:20:     at async asyncRunEntryPointWithESMLoader (node:internal/modules/run_main:101:5)
2026-05-11T00:20:20: Emitted 'error' event on Server instance at:
2026-05-11T00:20:20:     at emitErrorNT (node:net:1976:8)
2026-05-11T00:20:20:     at process.processTicksAndRejections (node:internal/process/task_queues:89:21) {
2026-05-11T00:20:20:   code: 'EADDRINUSE',
2026-05-11T00:20:20:   errno: -4091,
2026-05-11T00:20:20:   syscall: 'listen',
2026-05-11T00:20:20:   address: '::',
2026-05-11T00:20:20:   port: 4000
2026-05-11T00:20:20: }
2026-05-11T00:20:20: 
2026-05-11T00:20:20: Node.js v24.13.1
2026-05-11T00:20:26: node:events:486
2026-05-11T00:20:26:       throw er; // Unhandled 'error' event
2026-05-11T00:20:26:       ^
2026-05-11T00:20:26: 
2026-05-11T00:20:26: Error: listen EADDRINUSE: address already in use :::4000
2026-05-11T00:20:26:     at Server.setupListenHandle [as _listen2] (node:net:1940:16)
2026-05-11T00:20:26:     at listenInCluster (node:net:1997:12)
2026-05-11T00:20:26:     at Server.listen (node:net:2102:7)
2026-05-11T00:20:26:     at app.listen (C:\Users\Anmol\OneDrive\Desktop\B\coding-portal\backend\node_modules\express\lib\application.js:635:24)
2026-05-11T00:20:26:     at <anonymous> (C:\Users\Anmol\OneDrive\Desktop\B\coding-portal\backend\src\index.ts:42:5)
2026-05-11T00:20:26:     at ModuleJob.run (node:internal/modules/esm/module_job:430:25)
2026-05-11T00:20:26:     at process.processTicksAndRejections (node:internal/process/task_queues:103:5)
2026-05-11T00:20:26:     at async onImport.tracePromise.__proto__ (node:internal/modules/esm/loader:661:26)
2026-05-11T00:20:26:     at async asyncRunEntryPointWithESMLoader (node:internal/modules/run_main:101:5)
2026-05-11T00:20:26: Emitted 'error' event on Server instance at:
2026-05-11T00:20:26:     at emitErrorNT (node:net:1976:8)
2026-05-11T00:20:26:     at process.processTicksAndRejections (node:internal/process/task_queues:89:21) {
2026-05-11T00:20:26:   code: 'EADDRINUSE',
2026-05-11T00:20:26:   errno: -4091,
2026-05-11T00:20:26:   syscall: 'listen',
2026-05-11T00:20:26:   address: '::',
2026-05-11T00:20:26:   port: 4000
2026-05-11T00:20:26: }
2026-05-11T00:20:26: 
2026-05-11T00:20:26: Node.js v24.13.1
2026-05-11T00:20:29: node:events:486
2026-05-11T00:20:29:       throw er; // Unhandled 'error' event
2026-05-11T00:20:29:       ^
2026-05-11T00:20:29: 
2026-05-11T00:20:29: Error: listen EADDRINUSE: address already in use :::4000
2026-05-11T00:20:29:     at Server.setupListenHandle [as _listen2] (node:net:1940:16)
2026-05-11T00:20:29:     at listenInCluster (node:net:1997:12)
2026-05-11T00:20:29:     at Server.listen (node:net:2102:7)
2026-05-11T00:20:29:     at app.listen (C:\Users\Anmol\OneDrive\Desktop\B\coding-portal\backend\node_modules\express\lib\application.js:635:24)
2026-05-11T00:20:29:     at <anonymous> (C:\Users\Anmol\OneDrive\Desktop\B\coding-portal\backend\src\index.ts:42:5)
2026-05-11T00:20:29:     at ModuleJob.run (node:internal/modules/esm/module_job:430:25)
2026-05-11T00:20:29:     at process.processTicksAndRejections (node:internal/process/task_queues:103:5)
2026-05-11T00:20:29:     at async onImport.tracePromise.__proto__ (node:internal/modules/esm/loader:661:26)
2026-05-11T00:20:29:     at async asyncRunEntryPointWithESMLoader (node:internal/modules/run_main:101:5)
2026-05-11T00:20:29: Emitted 'error' event on Server instance at:
2026-05-11T00:20:29:     at emitErrorNT (node:net:1976:8)
2026-05-11T00:20:29:     at process.processTicksAndRejections (node:internal/process/task_queues:89:21) {
2026-05-11T00:20:29:   code: 'EADDRINUSE',
2026-05-11T00:20:29:   errno: -4091,
2026-05-11T00:20:29:   syscall: 'listen',
2026-05-11T00:20:29:   address: '::',
2026-05-11T00:20:29:   port: 4000
2026-05-11T00:20:29: }
2026-05-11T00:20:29: 
2026-05-11T00:20:29: Node.js v24.13.1
2026-05-11T00:20:32: node:events:486
2026-05-11T00:20:32:       throw er; // Unhandled 'error' event
2026-05-11T00:20:32:       ^
2026-05-11T00:20:32: 
2026-05-11T00:20:32: Error: listen EADDRINUSE: address already in use :::4000
2026-05-11T00:20:32:     at Server.setupListenHandle [as _listen2] (node:net:1940:16)
2026-05-11T00:20:32:     at listenInCluster (node:net:1997:12)
2026-05-11T00:20:32:     at Server.listen (node:net:2102:7)
2026-05-11T00:20:32:     at app.listen (C:\Users\Anmol\OneDrive\Desktop\B\coding-portal\backend\node_modules\express\lib\application.js:635:24)
2026-05-11T00:20:32:     at <anonymous> (C:\Users\Anmol\OneDrive\Desktop\B\coding-portal\backend\src\index.ts:42:5)
2026-05-11T00:20:32:     at ModuleJob.run (node:internal/modules/esm/module_job:430:25)
2026-05-11T00:20:32:     at process.processTicksAndRejections (node:internal/process/task_queues:103:5)
2026-05-11T00:20:32:     at async onImport.tracePromise.__proto__ (node:internal/modules/esm/loader:661:26)
2026-05-11T00:20:32:     at async asyncRunEntryPointWithESMLoader (node:internal/modules/run_main:101:5)
2026-05-11T00:20:32: Emitted 'error' event on Server instance at:
2026-05-11T00:20:32:     at emitErrorNT (node:net:1976:8)
2026-05-11T00:20:32:     at process.processTicksAndRejections (node:internal/process/task_queues:89:21) {
2026-05-11T00:20:32:   code: 'EADDRINUSE',
2026-05-11T00:20:32:   errno: -4091,
2026-05-11T00:20:32:   syscall: 'listen',
2026-05-11T00:20:32:   address: '::',
2026-05-11T00:20:32:   port: 4000
2026-05-11T00:20:32: }
2026-05-11T00:20:32: 
2026-05-11T00:20:32: Node.js v24.13.1
2026-05-11T00:20:34: node:events:486
2026-05-11T00:20:34:       throw er; // Unhandled 'error' event
2026-05-11T00:20:34:       ^
2026-05-11T00:20:34: 
2026-05-11T00:20:34: Error: listen EADDRINUSE: address already in use :::4000
2026-05-11T00:20:34:     at Server.setupListenHandle [as _listen2] (node:net:1940:16)
2026-05-11T00:20:34:     at listenInCluster (node:net:1997:12)
2026-05-11T00:20:34:     at Server.listen (node:net:2102:7)
2026-05-11T00:20:34:     at app.listen (C:\Users\Anmol\OneDrive\Desktop\B\coding-portal\backend\node_modules\express\lib\application.js:635:24)
2026-05-11T00:20:34:     at <anonymous> (C:\Users\Anmol\OneDrive\Desktop\B\coding-portal\backend\src\index.ts:42:5)
2026-05-11T00:20:34:     at ModuleJob.run (node:internal/modules/esm/module_job:430:25)
2026-05-11T00:20:34:     at process.processTicksAndRejections (node:internal/process/task_queues:103:5)
2026-05-11T00:20:34:     at async onImport.tracePromise.__proto__ (node:internal/modules/esm/loader:661:26)
2026-05-11T00:20:34:     at async asyncRunEntryPointWithESMLoader (node:internal/modules/run_main:101:5)
2026-05-11T00:20:34: Emitted 'error' event on Server instance at:
2026-05-11T00:20:34:     at emitErrorNT (node:net:1976:8)
2026-05-11T00:20:34:     at process.processTicksAndRejections (node:internal/process/task_queues:89:21) {
2026-05-11T00:20:34:   code: 'EADDRINUSE',
2026-05-11T00:20:34:   errno: -4091,
2026-05-11T00:20:34:   syscall: 'listen',
2026-05-11T00:20:34:   address: '::',
2026-05-11T00:20:34:   port: 4000
2026-05-11T00:20:34: }
2026-05-11T00:20:34: 
2026-05-11T00:20:34: Node.js v24.13.1
2026-05-11T00:20:36: node:events:486
2026-05-11T00:20:36:       throw er; // Unhandled 'error' event
2026-05-11T00:20:36:       ^
2026-05-11T00:20:36: 
2026-05-11T00:20:36: Error: listen EADDRINUSE: address already in use :::4000
2026-05-11T00:20:36:     at Server.setupListenHandle [as _listen2] (node:net:1940:16)
2026-05-11T00:20:36:     at listenInCluster (node:net:1997:12)
2026-05-11T00:20:36:     at Server.listen (node:net:2102:7)
2026-05-11T00:20:36:     at app.listen (C:\Users\Anmol\OneDrive\Desktop\B\coding-portal\backend\node_modules\express\lib\application.js:635:24)
2026-05-11T00:20:36:     at <anonymous> (C:\Users\Anmol\OneDrive\Desktop\B\coding-portal\backend\src\index.ts:42:5)
2026-05-11T00:20:36:     at ModuleJob.run (node:internal/modules/esm/module_job:430:25)
2026-05-11T00:20:36:     at process.processTicksAndRejections (node:internal/process/task_queues:103:5)
2026-05-11T00:20:36:     at async onImport.tracePromise.__proto__ (node:internal/modules/esm/loader:661:26)
2026-05-11T00:20:36:     at async asyncRunEntryPointWithESMLoader (node:internal/modules/run_main:101:5)
2026-05-11T00:20:36: Emitted 'error' event on Server instance at:
2026-05-11T00:20:36:     at emitErrorNT (node:net:1976:8)
2026-05-11T00:20:36:     at process.processTicksAndRejections (node:internal/process/task_queues:89:21) {
2026-05-11T00:20:36:   code: 'EADDRINUSE',
2026-05-11T00:20:36:   errno: -4091,
2026-05-11T00:20:36:   syscall: 'listen',
2026-05-11T00:20:36:   address: '::',
2026-05-11T00:20:36:   port: 4000
2026-05-11T00:20:36: }
2026-05-11T00:20:36: 
2026-05-11T00:20:36: Node.js v24.13.1
2026-05-11T00:20:40: node:events:486
2026-05-11T00:20:40:       throw er; // Unhandled 'error' event
2026-05-11T00:20:40:       ^
2026-05-11T00:20:40: 
2026-05-11T00:20:40: Error: listen EADDRINUSE: address already in use :::4000
2026-05-11T00:20:40:     at Server.setupListenHandle [as _listen2] (node:net:1940:16)
2026-05-11T00:20:40:     at listenInCluster (node:net:1997:12)
2026-05-11T00:20:40:     at Server.listen (node:net:2102:7)
2026-05-11T00:20:40:     at app.listen (C:\Users\Anmol\OneDrive\Desktop\B\coding-portal\backend\node_modules\express\lib\application.js:635:24)
2026-05-11T00:20:40:     at <anonymous> (C:\Users\Anmol\OneDrive\Desktop\B\coding-portal\backend\src\index.ts:42:5)
2026-05-11T00:20:40:     at ModuleJob.run (node:internal/modules/esm/module_job:430:25)
2026-05-11T00:20:40:     at process.processTicksAndRejections (node:internal/process/task_queues:103:5)
2026-05-11T00:20:40:     at async onImport.tracePromise.__proto__ (node:internal/modules/esm/loader:661:26)
2026-05-11T00:20:40:     at async asyncRunEntryPointWithESMLoader (node:internal/modules/run_main:101:5)
2026-05-11T00:20:40: Emitted 'error' event on Server instance at:
2026-05-11T00:20:40:     at emitErrorNT (node:net:1976:8)
2026-05-11T00:20:40:     at process.processTicksAndRejections (node:internal/process/task_queues:89:21) {
2026-05-11T00:20:40:   code: 'EADDRINUSE',
2026-05-11T00:20:40:   errno: -4091,
2026-05-11T00:20:40:   syscall: 'listen',
2026-05-11T00:20:40:   address: '::',
2026-05-11T00:20:40:   port: 4000
2026-05-11T00:20:40: }
2026-05-11T00:20:40: 
2026-05-11T00:20:40: Node.js v24.13.1
2026-05-11T12:56:38: Backend running on http://localhost:4000
2026-05-11T22:13:10: Backend running on http://localhost:4000
2026-05-11T23:24:44: [0mPOST /api/auth/sso [32m200[0m 375.055 ms - 771[0m
2026-05-11T23:24:44: [0mGET /api/profile/me [32m200[0m 49.715 ms - 1149[0m
2026-05-11T23:24:44: [0mGET /api/problems [36m304[0m 119.554 ms - -[0m
2026-05-11T23:25:19: [0mGET /api/problems?language=C [32m200[0m 27.647 ms - 34533[0m
2026-05-11T23:25:19: [0mGET /api/problems [36m304[0m 24.955 ms - -[0m
2026-05-11T23:25:27: [0mGET /api/problems?language=C [36m304[0m 12.210 ms - -[0m
2026-05-11T23:25:27: [0mGET /api/problems [36m304[0m 14.222 ms - -[0m
2026-05-11T23:25:31: [0mGET /api/problems?language=CPP [32m200[0m 17.013 ms - 34533[0m
2026-05-11T23:25:31: [0mGET /api/problems [36m304[0m 23.960 ms - -[0m
2026-05-11T23:25:35: [0mGET /api/problems [36m304[0m 26.734 ms - -[0m
2026-05-11T23:25:35: [0mGET /api/problems?language=CSS [36m304[0m 26.000 ms - -[0m
2026-05-11T23:25:42: [0mGET /api/problems [36m304[0m 19.875 ms - -[0m
2026-05-11T23:25:42: [0mGET /api/problems?language=HTML [36m304[0m 17.447 ms - -[0m
2026-05-11T23:25:46: [0mGET /api/problems [36m304[0m 21.029 ms - -[0m
2026-05-11T23:25:46: [0mGET /api/problems?language=JAVASCRIPT [32m200[0m 23.171 ms - 45158[0m
2026-05-11T23:25:50: [0mGET /api/problems?language=JAVA [32m200[0m 19.253 ms - 40173[0m
2026-05-11T23:25:50: [0mGET /api/problems [36m304[0m 20.313 ms - -[0m
2026-05-11T23:25:54: [0mGET /api/problems [36m304[0m 19.884 ms - -[0m
2026-05-11T23:25:54: [0mGET /api/problems?language=PYTHON [32m200[0m 24.647 ms - 45158[0m
2026-05-11T23:25:58: [0mGET /api/problems [36m304[0m 21.624 ms - -[0m
2026-05-11T23:25:58: [0mGET /api/problems?language=CPP [36m304[0m 24.310 ms - -[0m
2026-05-11T23:26:00: [0mGET /api/problems?language=C [36m304[0m 14.718 ms - -[0m
2026-05-11T23:26:00: [0mGET /api/problems [36m304[0m 16.134 ms - -[0m
2026-05-11T23:26:05: [0mGET /api/problems?difficulty=EASY [32m200[0m 7.075 ms - 10863[0m
2026-05-11T23:26:05: [0mGET /api/problems [36m304[0m 14.914 ms - -[0m
2026-05-11T23:26:47: [0mGET /api/journeys [32m200[0m 47.036 ms - 15451[0m
2026-05-11T23:26:47: [0mGET /api/journeys [36m304[0m 16.264 ms - -[0m
2026-05-11T23:26:49: [0mGET /api/submissions/me [32m200[0m 10.386 ms - 18[0m
2026-05-11T23:26:49: [0mGET /api/submissions/me [36m304[0m 12.066 ms - -[0m
2026-05-11T23:26:51: [0mGET /api/profile/me [36m304[0m 22.628 ms - -[0m
2026-05-11T23:26:51: [0mGET /api/profile/me [36m304[0m 25.653 ms - -[0m
2026-05-11T23:29:17: Backend running on http://localhost:4000
2026-05-12T22:20:18: Backend running on http://localhost:4000
2026-05-12T22:20:34: [0mGET /api/health [32m200[0m 9.363 ms - 15[0m
2026-05-12T22:20:36: [0mGET /api/health [32m200[0m 1.787 ms - 15[0m
2026-05-12T22:20:56: [SSO] Token rejected { reason: 'missing_parts', tokenPreview: 'test-token-12345' }
2026-05-12T22:20:56: [0mPOST /api/auth/sso [33m401[0m 10.919 ms - 67[0m
2026-05-12T22:26:33: [0mGET /api/auth/me [33m401[0m 3.940 ms - 26[0m
2026-05-12T22:26:34: [0mPOST /api/auth/sso [32m200[0m 197.670 ms - 431[0m
2026-05-12T22:26:34: [0mGET /api/profile/me [32m200[0m 54.953 ms - 809[0m
2026-05-12T22:26:34: [0mGET /api/problems [32m200[0m 34.542 ms - 54463[0m
2026-05-12T23:39:10: [0mGET /api/auth/me [33m401[0m 8.662 ms - 26[0m
2026-05-12T23:40:35: [0mGET /api/auth/me [32m200[0m 182.901 ms - 378[0m
2026-05-12T23:40:35: [0mGET /api/profile/me [36m304[0m 54.894 ms - -[0m
2026-05-12T23:40:35: [0mGET /api/problems [36m304[0m 59.867 ms - -[0m
2026-05-12T23:40:43: [0mGET /api/profile/me [36m304[0m 28.052 ms - -[0m
2026-05-12T23:40:43: [0mGET /api/profile/me [36m304[0m 30.390 ms - -[0m
2026-05-12T23:41:58: [0mGET /api/problems [36m304[0m 41.944 ms - -[0m
2026-05-12T23:41:58: [0mGET /api/problems [36m304[0m 20.219 ms - -[0m
2026-05-12T23:41:59: [0mGET /api/journeys [32m200[0m 40.191 ms - 15451[0m
2026-05-12T23:41:59: [0mGET /api/journeys [36m304[0m 27.361 ms - -[0m
2026-05-12T23:42:05: [0mGET /api/submissions/me [32m200[0m 6.360 ms - 18[0m
2026-05-12T23:42:05: [0mGET /api/submissions/me [36m304[0m 6.882 ms - -[0m
2026-05-12T23:42:09: [0mGET /api/profile/me [36m304[0m 29.932 ms - -[0m
2026-05-12T23:42:09: [0mGET /api/profile/me [36m304[0m 31.715 ms - -[0m
2026-05-13T00:06:27: Backend running on http://localhost:4000
2026-05-13T00:06:31: Backend running on http://localhost:4000
2026-05-13T12:33:10: Backend running on http://localhost:4000
2026-05-13T13:04:13: [0mGET /api/problems [0m-[0m - ms - -[0m
2026-05-13T13:10:02: Backend running on http://localhost:4000
2026-05-13T13:22:16: [0mGET /api/health [32m200[0m 13.849 ms - 15[0m
2026-05-13T13:49:30: [0mGET /api/health [32m200[0m 5.621 ms - 15[0m
2026-05-13T14:05:22: Backend running on http://localhost:4000
2026-05-13T14:42:26: [0mGET /api/auth/me [33m401[0m 41.169 ms - 26[0m
2026-05-13T14:42:29: [0mGET /api/problems [36m304[0m 146.302 ms - -[0m
2026-05-13T14:42:59: [0mGET /api/auth/me [33m401[0m 7.385 ms - 26[0m
2026-05-13T14:43:02: [0mGET /api/problems [36m304[0m 22.338 ms - -[0m
2026-05-13T14:46:58: [0mGET /api/auth/me [33m401[0m 7.637 ms - 26[0m
2026-05-13T14:46:59: [0mPOST /api/auth/sso [32m200[0m 37.349 ms - 431[0m
2026-05-13T14:46:59: [0mGET /api/profile/me [32m200[0m 35.404 ms - 809[0m
2026-05-13T14:47:00: [0mGET /api/problems [36m304[0m 19.127 ms - -[0m
2026-05-13T14:48:02: [0mGET /api/profile/me [36m304[0m 33.247 ms - -[0m
2026-05-13T14:48:02: [0mGET /api/profile/me [36m304[0m 30.177 ms - -[0m
2026-05-13T14:48:24: [0mGET /api/submissions/me [32m200[0m 5.490 ms - 18[0m
2026-05-13T14:48:24: [0mGET /api/submissions/me [36m304[0m 4.413 ms - -[0m
2026-05-13T14:48:28: [0mGET /api/submissions/me?language=C [32m200[0m 4.139 ms - 18[0m
2026-05-13T14:48:30: [0mGET /api/submissions/me?language=CPP [32m200[0m 2.020 ms - 18[0m
2026-05-13T14:48:32: [0mGET /api/submissions/me [36m304[0m 2.114 ms - -[0m
2026-05-13T14:48:33: [0mGET /api/problems [36m304[0m 20.443 ms - -[0m
2026-05-13T14:48:33: [0mGET /api/problems [36m304[0m 19.746 ms - -[0m
2026-05-13T14:48:37: [0mGET /api/profile/me [36m304[0m 40.350 ms - -[0m
2026-05-13T14:48:37: [0mGET /api/profile/me [36m304[0m 17.920 ms - -[0m
2026-05-13T14:55:47: [0mGET /api/auth/me [32m200[0m 15.814 ms - 378[0m
2026-05-13T14:55:47: [0mGET /api/profile/me [36m304[0m 17.154 ms - -[0m
2026-05-13T14:55:47: [0mGET /api/profile/me [36m304[0m 41.254 ms - -[0m
2026-05-13T14:56:00: [0mGET /api/auth/me [36m304[0m 3.563 ms - -[0m
2026-05-13T14:56:01: [0mGET /api/profile/me [36m304[0m 16.934 ms - -[0m
2026-05-13T14:56:01: [0mGET /api/profile/me [36m304[0m 47.387 ms - -[0m
2026-05-13T14:56:56: [0mGET /api/auth/me [36m304[0m 3.000 ms - -[0m
2026-05-13T14:56:56: [0mGET /api/profile/me [36m304[0m 17.401 ms - -[0m
2026-05-13T14:56:56: [0mGET /api/profile/me [36m304[0m 33.869 ms - -[0m
2026-05-13T14:57:21: [0mGET /api/auth/me [36m304[0m 3.552 ms - -[0m
2026-05-13T14:57:21: [0mGET /api/profile/me [36m304[0m 12.648 ms - -[0m
2026-05-13T14:57:21: [0mGET /api/problems [36m304[0m 99.820 ms - -[0m
2026-05-13T14:57:23: [0mGET /api/profile/me [36m304[0m 30.847 ms - -[0m
2026-05-13T14:57:23: [0mGET /api/profile/me [36m304[0m 27.777 ms - -[0m
2026-05-13T14:57:25: [0mGET /api/auth/me [36m304[0m 3.989 ms - -[0m
2026-05-13T14:57:26: [0mGET /api/profile/me [36m304[0m 18.662 ms - -[0m
2026-05-13T14:57:26: [0mGET /api/profile/me [36m304[0m 33.576 ms - -[0m
2026-05-13T14:58:43: Backend running on http://localhost:4000
2026-05-13T14:59:15: [0mGET /api/auth/me [33m401[0m 11.899 ms - 26[0m
2026-05-13T14:59:15: [0mPOST /api/auth/sso [32m200[0m 48.694 ms - 771[0m
2026-05-13T14:59:15: [0mGET /api/profile/me [32m200[0m 38.646 ms - 1149[0m
2026-05-13T14:59:16: [0mGET /api/profile/me [36m304[0m 42.764 ms - -[0m
2026-05-13T20:07:11: Backend running on http://localhost:4000
2026-05-14T20:57:15: Backend running on http://localhost:4000
2026-05-14T21:08:47: [0mGET /api/auth/me [33m401[0m 43.511 ms - 26[0m
2026-05-14T21:08:47: [0mPOST /api/auth/sso [32m200[0m 239.132 ms - 771[0m
2026-05-14T21:08:47: [0mGET /api/profile/me [36m304[0m 49.135 ms - -[0m
2026-05-14T21:08:47: [0mGET /api/problems [36m304[0m 82.154 ms - -[0m
2026-05-14T23:03:59: [0mGET /api/problems [36m304[0m 716.481 ms - -[0m
2026-05-15T01:21:58: [0mGET /api/auth/me [32m200[0m 761.448 ms - 810[0m
2026-05-15T01:21:58: [0mGET /api/profile/me [36m304[0m 122.031 ms - -[0m
2026-05-15T01:21:58: [0mGET /api/problems [36m304[0m 97.400 ms - -[0m
2026-05-15T01:22:55: [0mGET /api/auth/me [36m304[0m 32.635 ms - -[0m
2026-05-15T01:22:55: [0mGET /api/profile/me [36m304[0m 83.175 ms - -[0m
2026-05-15T01:22:55: [0mGET /api/problems [36m304[0m 72.183 ms - -[0m
2026-05-15T01:24:51: [0mGET /api/auth/me [36m304[0m 11.370 ms - -[0m
2026-05-15T01:24:56: [0mGET /api/profile/me [36m304[0m 15.174 ms - -[0m
2026-05-15T01:24:56: [0mGET /api/problems [36m304[0m 35.163 ms - -[0m
2026-05-15T01:29:22: [0mGET /api/problems/array-sum-v1 [32m200[0m 40.177 ms - 1557[0m
2026-05-15T01:29:22: [0mGET /api/problems/array-sum-v1 [36m304[0m 5.846 ms - -[0m
2026-05-15T01:29:58: [0mGET /api/problems/array-sum-v1 [36m304[0m 37.924 ms - -[0m
2026-05-15T01:29:59: [0mPOST /api/submissions/execute [32m200[0m 1909.632 ms - 440[0m
2026-05-15T01:29:59: [0mGET /api/problems/array-sum-v1 [32m200[0m 10.328 ms - 1706[0m
2026-05-15T01:30:34: [0mGET /api/problems/array-sum-v1 [36m304[0m 43.389 ms - -[0m
2026-05-15T01:30:34: [0mPOST /api/submissions/execute [32m200[0m 894.769 ms - 574[0m
2026-05-15T01:30:34: [0mGET /api/problems/array-sum-v1 [32m200[0m 13.333 ms - 1859[0m
2026-05-15T01:30:40: [0mGET /api/submissions/me [32m200[0m 6.081 ms - 1784[0m
2026-05-15T01:30:40: [0mGET /api/submissions/me [36m304[0m 2.774 ms - -[0m
2026-05-15T01:30:43: [0mGET /api/journeys [32m200[0m 48.221 ms - 15451[0m
2026-05-15T01:30:43: [0mGET /api/journeys [36m304[0m 35.457 ms - -[0m
2026-05-15T01:30:51: [0mGET /api/problems [32m200[0m 18.122 ms - 54462[0m
2026-05-15T01:30:51: [0mGET /api/problems [36m304[0m 13.493 ms - -[0m
2026-05-15T01:30:53: [0mGET /api/problems/ds-bst-search-v1 [32m200[0m 8.077 ms - 1746[0m
2026-05-15T01:30:53: [0mGET /api/problems/ds-bst-search-v1 [36m304[0m 5.962 ms - -[0m
2026-05-15T01:31:39: [0mGET /api/problems/ds-bst-search-v1 [36m304[0m 13.974 ms - -[0m
2026-05-15T01:31:40: [0mPOST /api/submissions/execute [32m200[0m 860.126 ms - 456[0m
2026-05-15T01:31:40: [0mGET /api/problems/ds-bst-search-v1 [32m200[0m 12.829 ms - 1895[0m
2026-05-15T01:31:54: [0mGET /api/problems/ds-bst-search-v1 [36m304[0m 11.935 ms - -[0m
2026-05-15T01:31:55: [0mPOST /api/submissions/execute [32m200[0m 547.561 ms - 590[0m
2026-05-15T01:31:55: [0mGET /api/problems/ds-bst-search-v1 [32m200[0m 4.051 ms - 2048[0m
2026-05-15T01:31:56: [0mGET /api/journeys [32m200[0m 13.785 ms - 15451[0m
2026-05-15T01:31:56: [0mGET /api/journeys [36m304[0m 12.422 ms - -[0m
2026-05-15T01:32:00: [0mGET /api/submissions/me [32m200[0m 4.674 ms - 5059[0m
2026-05-15T01:32:00: [0mGET /api/submissions/me [36m304[0m 4.427 ms - -[0m
2026-05-15T01:32:02: [0mGET /api/profile/me [32m200[0m 29.376 ms - 1149[0m
2026-05-15T01:32:02: [0mGET /api/profile/me [36m304[0m 25.753 ms - -[0m
2026-05-15T01:32:06: [0mGET /api/problems [32m200[0m 39.546 ms - 54461[0m
2026-05-15T01:32:06: [0mGET /api/problems [36m304[0m 27.572 ms - -[0m
2026-05-15T01:32:09: [0mGET /api/problems/balanced-brackets-v1 [32m200[0m 6.835 ms - 1478[0m
2026-05-15T01:32:09: [0mGET /api/problems/balanced-brackets-v1 [36m304[0m 7.022 ms - -[0m
2026-05-15T01:33:00: [0mGET /api/problems/balanced-brackets-v1 [36m304[0m 32.286 ms - -[0m
2026-05-15T01:33:00: [0mPOST /api/submissions/execute [32m200[0m 329.118 ms - 468[0m
2026-05-15T01:33:00: [0mGET /api/problems/balanced-brackets-v1 [32m200[0m 7.445 ms - 1632[0m
2026-05-15T01:33:07: [0mGET /api/problems/balanced-brackets-v1 [36m304[0m 11.512 ms - -[0m
2026-05-15T01:33:08: [0mPOST /api/submissions/execute [32m200[0m 765.919 ms - 438[0m
2026-05-15T01:33:08: [0mGET /api/problems/balanced-brackets-v1 [32m200[0m 13.256 ms - 1782[0m
2026-05-15T01:33:21: [0mGET /api/problems/balanced-brackets-v1 [36m304[0m 6.990 ms - -[0m
2026-05-15T01:33:21: [0mPOST /api/submissions/execute [32m200[0m 579.412 ms - 572[0m
2026-05-15T01:33:21: [0mGET /api/problems/balanced-brackets-v1 [32m200[0m 5.449 ms - 1935[0m
2026-05-15T01:33:23: [0mGET /api/submissions/me [32m200[0m 8.331 ms - 8354[0m
2026-05-15T01:33:23: [0mGET /api/submissions/me [36m304[0m 4.687 ms - -[0m
2026-05-15T01:33:28: [0mGET /api/journeys [32m200[0m 12.855 ms - 15451[0m
2026-05-15T01:33:28: [0mGET /api/journeys [36m304[0m 10.712 ms - -[0m
2026-05-15T01:33:39: [0mGET /api/problems [32m200[0m 11.713 ms - 54460[0m
2026-05-15T01:33:39: [0mGET /api/problems [36m304[0m 14.034 ms - -[0m
2026-05-15T01:33:45: [0mGET /api/problems/css-flexbox-v1 [32m200[0m 5.853 ms - 1233[0m
2026-05-15T01:33:45: [0mGET /api/problems/css-flexbox-v1 [36m304[0m 6.390 ms - -[0m
2026-05-15T01:34:20: [0mGET /api/problems/css-flexbox-v1 [36m304[0m 16.567 ms - -[0m
2026-05-15T01:34:20: AxiosError: Request failed with status code 400
2026-05-15T01:34:20:     at settle (file:///C:/Users/Anmol/OneDrive/Desktop/B/coding-portal/backend/node_modules/axios/lib/core/settle.js:20:7)
2026-05-15T01:34:20:     at IncomingMessage.handleStreamEnd (file:///C:/Users/Anmol/OneDrive/Desktop/B/coding-portal/backend/node_modules/axios/lib/adapters/http.js:849:13)
2026-05-15T01:34:20:     at IncomingMessage.emit (node:events:520:35)
2026-05-15T01:34:20:     at endReadableNT (node:internal/streams/readable:1701:12)
2026-05-15T01:34:20:     at process.processTicksAndRejections (node:internal/process/task_queues:89:21)
2026-05-15T01:34:20:     at Axios.request (file:///C:/Users/Anmol/OneDrive/Desktop/B/coding-portal/backend/node_modules/axios/lib/core/Axios.js:46:41)
2026-05-15T01:34:20:     at process.processTicksAndRejections (node:internal/process/task_queues:103:5)
2026-05-15T01:34:20:     at async executeInJudge (C:\Users\Anmol\OneDrive\Desktop\B\coding-portal\backend\src\services\judgeClient.ts:51:20)
2026-05-15T01:34:20:     at async <anonymous> (C:\Users\Anmol\OneDrive\Desktop\B\coding-portal\backend\src\routes\submissionRoutes.ts:86:25) {
2026-05-15T01:34:20:   isAxiosError: true,
2026-05-15T01:34:20:   code: 'ERR_BAD_REQUEST',
2026-05-15T01:34:20:   config: {
2026-05-15T01:34:20:     transitional: {
2026-05-15T01:34:20:       silentJSONParsing: true,
2026-05-15T01:34:20:       forcedJSONParsing: true,
2026-05-15T01:34:20:       clarifyTimeoutError: false,
2026-05-15T01:34:20:       legacyInterceptorReqResOrdering: true
2026-05-15T01:34:20:     },
2026-05-15T01:34:20:     adapter: [ 'xhr', 'http', 'fetch' ],
2026-05-15T01:34:20:     transformRequest: [ [Function: transformRequest] ],
2026-05-15T01:34:20:     transformResponse: [ [Function: transformResponse] ],
2026-05-15T01:34:20:     timeout: 120000,
2026-05-15T01:34:20:     xsrfCookieName: 'XSRF-TOKEN',
2026-05-15T01:34:20:     xsrfHeaderName: 'X-XSRF-TOKEN',
2026-05-15T01:34:20:     maxContentLength: -1,
2026-05-15T01:34:20:     maxBodyLength: -1,
2026-05-15T01:34:20:     env: { FormData: [Function], Blob: [class Blob] },
2026-05-15T01:34:20:     validateStatus: [Function: validateStatus],
2026-05-15T01:34:20:     headers: Object [AxiosHeaders] {
2026-05-15T01:34:20:       Accept: 'application/json, text/plain, */*',
2026-05-15T01:34:20:       'Content-Type': 'application/json',
2026-05-15T01:34:20:       'User-Agent': 'axios/1.15.0',
2026-05-15T01:34:20:       'Content-Length': '589',
2026-05-15T01:34:20:       'Accept-Encoding': 'gzip, compress, deflate, br'
2026-05-15T01:34:20:     },
2026-05-15T01:34:20:     method: 'post',
2026-05-15T01:34:20:     url: 'http://localhost:5001/execute',
2026-05-15T01:34:20:     data: '{"sourceCode":"/* Write your CSS here */\\nbody {\\n    margin: 0;\\n    padding: 0;\\n}\\n.flex-container {\\n    display: flex;\\n    flex-direction: row;\\n    flex-wrap: wrap;\\n    align-items: center;\\n    justify-content: space-evenly;\\n    gap: 10px;\\n}","language":"CSS","mode":"run","timeLimitMs":2000,"memoryLimitMb":256,"testCases":[{"id":"cmoyarvds00f2spog9s2intqi","input":"none","expectedOutput":"CSS flexbox with row, wrap, center, gap","isHidden":false},{"id":"cmoyarvds00f3spogn4hph9op","input":"none","expectedOutput":"CSS flexbox with row, wrap, center, gap","isHidden":false}]}',
2026-05-15T01:34:20:     allowAbsoluteUrls: true
2026-05-15T01:34:20:   },
2026-05-15T01:34:20:   request: <ref *1> ClientRequest {
2026-05-15T01:34:20:     _events: [Object: null prototype] {
2026-05-15T01:34:20:       abort: [Function (anonymous)],
2026-05-15T01:34:20:       aborted: [Function (anonymous)],
2026-05-15T01:34:20:       connect: [Function (anonymous)],
2026-05-15T01:34:20:       error: [Function (anonymous)],
2026-05-15T01:34:20:       socket: [Function (anonymous)],
2026-05-15T01:34:20:       timeout: [Function (anonymous)],
2026-05-15T01:34:20:       finish: [Function: requestOnFinish]
2026-05-15T01:34:20:     },
2026-05-15T01:34:20:     _eventsCount: 7,
2026-05-15T01:34:20:     _maxListeners: undefined,
2026-05-15T01:34:20:     outputData: [],
2026-05-15T01:34:20:     outputSize: 0,
2026-05-15T01:34:20:     writable: true,
2026-05-15T01:34:20:     destroyed: true,
2026-05-15T01:34:20:     _last: false,
2026-05-15T01:34:20:     chunkedEncoding: false,
2026-05-15T01:34:20:     shouldKeepAlive: true,
2026-05-15T01:34:20:     maxRequestsOnConnectionReached: false,
2026-05-15T01:34:20:     _defaultKeepAlive: true,
2026-05-15T01:34:20:     useChunkedEncodingByDefault: true,
2026-05-15T01:34:20:     sendDate: false,
2026-05-15T01:34:20:     _removedConnection: false,
2026-05-15T01:34:20:     _removedContLen: false,
2026-05-15T01:34:20:     _removedTE: false,
2026-05-15T01:34:20:     strictContentLength: false,
2026-05-15T01:34:20:     _contentLength: 589,
2026-05-15T01:34:20:     _hasBody: true,
2026-05-15T01:34:20:     _trailer: '',
2026-05-15T01:34:20:     finished: true,
2026-05-15T01:34:20:     _headerSent: true,
2026-05-15T01:34:20:     _closed: true,
2026-05-15T01:34:20:     _header: 'POST /execute HTTP/1.1\r\n' +
2026-05-15T01:34:20:       'Accept: application/json, text/plain, */*\r\n' +
2026-05-15T01:34:20:       'Content-Type: application/json\r\n' +
2026-05-15T01:34:20:       'User-Agent: axios/1.15.0\r\n' +
2026-05-15T01:34:20:       'Content-Length: 589\r\n' +
2026-05-15T01:34:20:       'Accept-Encoding: gzip, compress, deflate, br\r\n' +
2026-05-15T01:34:20:       'Host: localhost:5001\r\n' +
2026-05-15T01:34:20:       'Connection: keep-alive\r\n' +
2026-05-15T01:34:20:       '\r\n',
2026-05-15T01:34:20:     _keepAliveTimeout: 0,
2026-05-15T01:34:20:     _onPendingData: [Function: nop],
2026-05-15T01:34:20:     agent: Agent {
2026-05-15T01:34:20:       _events: [Object: null prototype],
2026-05-15T01:34:20:       _eventsCount: 2,
2026-05-15T01:34:20:       _maxListeners: undefined,
2026-05-15T01:34:20:       options: [Object: null prototype],
2026-05-15T01:34:20:       defaultPort: 80,
2026-05-15T01:34:20:       protocol: 'http:',
2026-05-15T01:34:20:       requests: [Object: null prototype] {},
2026-05-15T01:34:20:       sockets: [Object: null prototype] {},
2026-05-15T01:34:20:       freeSockets: [Object: null prototype],
2026-05-15T01:34:20:       keepAliveMsecs: 1000,
2026-05-15T01:34:20:       keepAlive: true,
2026-05-15T01:34:20:       maxSockets: Infinity,
2026-05-15T01:34:20:       maxFreeSockets: 256,
2026-05-15T01:34:20:       scheduling: 'lifo',
2026-05-15T01:34:20:       maxTotalSockets: Infinity,
2026-05-15T01:34:20:       totalSocketCount: 1,
2026-05-15T01:34:20:       agentKeepAliveTimeoutBuffer: 1000,
2026-05-15T01:34:20:       Symbol(shapeMode): false,
2026-05-15T01:34:20:       Symbol(kCapture): false
2026-05-15T01:34:20:     },
2026-05-15T01:34:20:     socketPath: undefined,
2026-05-15T01:34:20:     method: 'POST',
2026-05-15T01:34:20:     maxHeaderSize: undefined,
2026-05-15T01:34:20:     insecureHTTPParser: undefined,
2026-05-15T01:34:20:     joinDuplicateHeaders: undefined,
2026-05-15T01:34:20:     path: '/execute',
2026-05-15T01:34:20:     _ended: true,
2026-05-15T01:34:20:     res: IncomingMessage {
2026-05-15T01:34:20:       _events: [Object],
2026-05-15T01:34:20:       _readableState: [ReadableState],
2026-05-15T01:34:20:       _maxListeners: undefined,
2026-05-15T01:34:20:       socket: null,
2026-05-15T01:34:20:       httpVersionMajor: 1,
2026-05-15T01:34:20:       httpVersionMinor: 1,
2026-05-15T01:34:20:       httpVersion: '1.1',
2026-05-15T01:34:20:       complete: true,
2026-05-15T01:34:20:       rawHeaders: [Array],
2026-05-15T01:34:20:       rawTrailers: [],
2026-05-15T01:34:20:       joinDuplicateHeaders: undefined,
2026-05-15T01:34:20:       aborted: false,
2026-05-15T01:34:20:       upgrade: false,
2026-05-15T01:34:20:       url: '',
2026-05-15T01:34:20:       method: null,
2026-05-15T01:34:20:       statusCode: 400,
2026-05-15T01:34:20:       statusMessage: 'Bad Request',
2026-05-15T01:34:20:       client: [Socket],
2026-05-15T01:34:20:       _consuming: false,
2026-05-15T01:34:20:       _dumped: false,
2026-05-15T01:34:20:       req: [Circular *1],
2026-05-15T01:34:20:       _eventsCount: 4,
2026-05-15T01:34:20:       responseUrl: 'http://localhost:5001/execute',
2026-05-15T01:34:20:       redirects: [],
2026-05-15T01:34:20:       Symbol(shapeMode): true,
2026-05-15T01:34:20:       Symbol(kCapture): false,
2026-05-15T01:34:20:       Symbol(kHeaders): [Object],
2026-05-15T01:34:20:       Symbol(kHeadersCount): 36,
2026-05-15T01:34:20:       Symbol(kTrailers): null,
2026-05-15T01:34:20:       Symbol(kTrailersCount): 0
2026-05-15T01:34:20:     },
2026-05-15T01:34:20:     aborted: false,
2026-05-15T01:34:20:     timeoutCb: null,
2026-05-15T01:34:20:     upgradeOrConnect: false,
2026-05-15T01:34:20:     parser: null,
2026-05-15T01:34:20:     maxHeadersCount: null,
2026-05-15T01:34:20:     reusedSocket: false,
2026-05-15T01:34:20:     host: 'localhost',
2026-05-15T01:34:20:     protocol: 'http:',
2026-05-15T01:34:20:     _redirectable: Writable {
2026-05-15T01:34:20:       _events: [Object],
2026-05-15T01:34:20:       _writableState: [WritableState],
2026-05-15T01:34:20:       _maxListeners: undefined,
2026-05-15T01:34:20:       _options: [Object],
2026-05-15T01:34:20:       _ended: true,
2026-05-15T01:34:20:       _ending: true,
2026-05-15T01:34:20:       _redirectCount: 0,
2026-05-15T01:34:20:       _redirects: [],
2026-05-15T01:34:20:       _requestBodyLength: 589,
2026-05-15T01:34:20:       _requestBodyBuffers: [],
2026-05-15T01:34:20:       _eventsCount: 3,
2026-05-15T01:34:20:       _onNativeResponse: [Function (anonymous)],
2026-05-15T01:34:20:       _headerFilter: /^(?:Authorization|Proxy-Authorization|Cookie)$/i,
2026-05-15T01:34:20:       _currentRequest: [Circular *1],
2026-05-15T01:34:20:       _currentUrl: 'http://localhost:5001/execute',
2026-05-15T01:34:20:       _timeout: null,
2026-05-15T01:34:20:       Symbol(shapeMode): true,
2026-05-15T01:34:20:       Symbol(kCapture): false
2026-05-15T01:34:20:     },
2026-05-15T01:34:20:     Symbol(shapeMode): false,
2026-05-15T01:34:20:     Symbol(kCapture): false,
2026-05-15T01:34:20:     Symbol(kBytesWritten): 0,
2026-05-15T01:34:20:     Symbol(kNeedDrain): false,
2026-05-15T01:34:20:     Symbol(corked): 0,
2026-05-15T01:34:20:     Symbol(kChunkedBuffer): [],
2026-05-15T01:34:20:     Symbol(kChunkedLength): 0,
2026-05-15T01:34:20:     Symbol(kSocket): Socket {
2026-05-15T01:34:20:       connecting: false,
2026-05-15T01:34:20:       _hadError: false,
2026-05-15T01:34:20:       _parent: null,
2026-05-15T01:34:20:       _host: 'localhost',
2026-05-15T01:34:20:       _closeAfterHandlingError: false,
2026-05-15T01:34:20:       _events: [Object],
2026-05-15T01:34:20:       _readableState: [ReadableState],
2026-05-15T01:34:20:       _writableState: [WritableState],
2026-05-15T01:34:20:       allowHalfOpen: false,
2026-05-15T01:34:20:       _maxListeners: undefined,
2026-05-15T01:34:20:       _eventsCount: 6,
2026-05-15T01:34:20:       _sockname: null,
2026-05-15T01:34:20:       _pendingData: null,
2026-05-15T01:34:20:       _pendingEncoding: '',
2026-05-15T01:34:20:       server: null,
2026-05-15T01:34:20:       _server: null,
2026-05-15T01:34:20:       timeout: 4000,
2026-05-15T01:34:20:       parser: null,
2026-05-15T01:34:20:       _httpMessage: null,
2026-05-15T01:34:20:       autoSelectFamilyAttemptedAddresses: [Array],
2026-05-15T01:34:20:       Symbol(async_id_symbol): -1,
2026-05-15T01:34:20:       Symbol(kHandle): [TCP],
2026-05-15T01:34:20:       Symbol(lastWriteQueueSize): 0,
2026-05-15T01:34:20:       Symbol(timeout): Timeout {
2026-05-15T01:34:20:         _idleTimeout: 4000,
2026-05-15T01:34:20:         _idlePrev: [TimersList],
2026-05-15T01:34:20:         _idleNext: [TimersList],
2026-05-15T01:34:20:         _idleStart: 16629695,
2026-05-15T01:34:20:         _onTimeout: [Function: bound ],
2026-05-15T01:34:20:         _timerArgs: undefined,
2026-05-15T01:34:20:         _repeat: null,
2026-05-15T01:34:20:         _destroyed: false,
2026-05-15T01:34:20:         Symbol(refed): false,
2026-05-15T01:34:20:         Symbol(kHasPrimitive): false,
2026-05-15T01:34:20:         Symbol(asyncId): 1735,
2026-05-15T01:34:20:         Symbol(triggerId): 1733,
2026-05-15T01:34:20:         Symbol(kAsyncContextFrame): undefined
2026-05-15T01:34:20:       },
2026-05-15T01:34:20:       Symbol(kBuffer): null,
2026-05-15T01:34:20:       Symbol(kBufferCb): null,
2026-05-15T01:34:20:       Symbol(kBufferGen): null,
2026-05-15T01:34:20:       Symbol(shapeMode): true,
2026-05-15T01:34:20:       Symbol(kCapture): false,
2026-05-15T01:34:20:       Symbol(kSetNoDelay): true,
2026-05-15T01:34:20:       Symbol(kSetKeepAlive): true,
2026-05-15T01:34:20:       Symbol(kSetKeepAliveInitialDelay): 1,
2026-05-15T01:34:20:       Symbol(kBytesRead): 0,
2026-05-15T01:34:20:       Symbol(kBytesWritten): 0
2026-05-15T01:34:20:     },
2026-05-15T01:34:20:     Symbol(kOutHeaders): [Object: null prototype] {
2026-05-15T01:34:20:       accept: [Array],
2026-05-15T01:34:20:       'content-type': [Array],
2026-05-15T01:34:20:       'user-agent': [Array],
2026-05-15T01:34:20:       'content-length': [Array],
2026-05-15T01:34:20:       'accept-encoding': [Array],
2026-05-15T01:34:20:       host: [Array]
2026-05-15T01:34:20:     },
2026-05-15T01:34:20:     Symbol(errored): null,
2026-05-15T01:34:20:     Symbol(kHighWaterMark): 16384,
2026-05-15T01:34:20:     Symbol(kRejectNonStandardBodyWrites): false,
2026-05-15T01:34:20:     Symbol(kUniqueHeaders): null
2026-05-15T01:34:20:   },
2026-05-15T01:34:20:   response: {
2026-05-15T01:34:20:     status: 400,
2026-05-15T01:34:20:     statusText: 'Bad Request',
2026-05-15T01:34:20:     headers: Object [AxiosHeaders] {
2026-05-15T01:34:20:       'content-security-policy': "default-src 'self';base-uri 'self';font-src 'self' https: data:;form-action 'self';frame-ancestors 'self';img-src 'self' data:;object-src 'none';script-src 'self';script-src-attr 'none';style-src 'self' https: 'unsafe-inline';upgrade-insecure-requests",
2026-05-15T01:34:20:       'cross-origin-opener-policy': 'same-origin',
2026-05-15T01:34:20:       'cross-origin-resource-policy': 'same-origin',
2026-05-15T01:34:20:       'origin-agent-cluster': '?1',
2026-05-15T01:34:20:       'referrer-policy': 'no-referrer',
2026-05-15T01:34:20:       'strict-transport-security': 'max-age=31536000; includeSubDomains',
2026-05-15T01:34:20:       'x-content-type-options': 'nosniff',
2026-05-15T01:34:20:       'x-dns-prefetch-control': 'off',
2026-05-15T01:34:20:       'x-download-options': 'noopen',
2026-05-15T01:34:20:       'x-frame-options': 'SAMEORIGIN',
2026-05-15T01:34:20:       'x-permitted-cross-domain-policies': 'none',
2026-05-15T01:34:20:       'x-xss-protection': '0',
2026-05-15T01:34:20:       'content-type': 'application/json; charset=utf-8',
2026-05-15T01:34:20:       'content-length': '77',
2026-05-15T01:34:20:       etag: 'W/"4d-njSbWSevx/xLEnDq2B7bZFr8r/Y"',
2026-05-15T01:34:20:       date: 'Thu, 14 May 2026 20:04:20 GMT',
2026-05-15T01:34:20:       connection: 'keep-alive',
2026-05-15T01:34:20:       'keep-alive': 'timeout=5'
2026-05-15T01:34:20:     },
2026-05-15T01:34:20:     config: {
2026-05-15T01:34:20:       transitional: [Object],
2026-05-15T01:34:20:       adapter: [Array],
2026-05-15T01:34:20:       transformRequest: [Array],
2026-05-15T01:34:20:       transformResponse: [Array],
2026-05-15T01:34:20:       timeout: 120000,
2026-05-15T01:34:20:       xsrfCookieName: 'XSRF-TOKEN',
2026-05-15T01:34:20:       xsrfHeaderName: 'X-XSRF-TOKEN',
2026-05-15T01:34:20:       maxContentLength: -1,
2026-05-15T01:34:20:       maxBodyLength: -1,
2026-05-15T01:34:20:       env: [Object],
2026-05-15T01:34:20:       validateStatus: [Function: validateStatus],
2026-05-15T01:34:20:       headers: [Object [AxiosHeaders]],
2026-05-15T01:34:20:       method: 'post',
2026-05-15T01:34:20:       url: 'http://localhost:5001/execute',
2026-05-15T01:34:20:       data: '{"sourceCode":"/* Write your CSS here */\\nbody {\\n    margin: 0;\\n    padding: 0;\\n}\\n.flex-container {\\n    display: flex;\\n    flex-direction: row;\\n    flex-wrap: wrap;\\n    align-items: center;\\n    justify-content: space-evenly;\\n    gap: 10px;\\n}","language":"CSS","mode":"run","timeLimitMs":2000,"memoryLimitMb":256,"testCases":[{"id":"cmoyarvds00f2spog9s2intqi","input":"none","expectedOutput":"CSS flexbox with row, wrap, center, gap","isHidden":false},{"id":"cmoyarvds00f3spogn4hph9op","input":"none","expectedOutput":"CSS flexbox with row, wrap, center, gap","isHidden":false}]}',
2026-05-15T01:34:20:       allowAbsoluteUrls: true
2026-05-15T01:34:20:     },
2026-05-15T01:34:20:     request: <ref *1> ClientRequest {
2026-05-15T01:34:20:       _events: [Object: null prototype],
2026-05-15T01:34:20:       _eventsCount: 7,
2026-05-15T01:34:20:       _maxListeners: undefined,
2026-05-15T01:34:20:       outputData: [],
2026-05-15T01:34:20:       outputSize: 0,
2026-05-15T01:34:20:       writable: true,
2026-05-15T01:34:20:       destroyed: true,
2026-05-15T01:34:20:       _last: false,
2026-05-15T01:34:20:       chunkedEncoding: false,
2026-05-15T01:34:20:       shouldKeepAlive: true,
2026-05-15T01:34:20:       maxRequestsOnConnectionReached: false,
2026-05-15T01:34:20:       _defaultKeepAlive: true,
2026-05-15T01:34:20:       useChunkedEncodingByDefault: true,
2026-05-15T01:34:20:       sendDate: false,
2026-05-15T01:34:20:       _removedConnection: false,
2026-05-15T01:34:20:       _removedContLen: false,
2026-05-15T01:34:20:       _removedTE: false,
2026-05-15T01:34:20:       strictContentLength: false,
2026-05-15T01:34:20:       _contentLength: 589,
2026-05-15T01:34:20:       _hasBody: true,
2026-05-15T01:34:20:       _trailer: '',
2026-05-15T01:34:20:       finished: true,
2026-05-15T01:34:20:       _headerSent: true,
2026-05-15T01:34:20:       _closed: true,
2026-05-15T01:34:20:       _header: 'POST /execute HTTP/1.1\r\n' +
2026-05-15T01:34:20:         'Accept: application/json, text/plain, */*\r\n' +
2026-05-15T01:34:20:         'Content-Type: application/json\r\n' +
2026-05-15T01:34:20:         'User-Agent: axios/1.15.0\r\n' +
2026-05-15T01:34:20:         'Content-Length: 589\r\n' +
2026-05-15T01:34:20:         'Accept-Encoding: gzip, compress, deflate, br\r\n' +
2026-05-15T01:34:20:         'Host: localhost:5001\r\n' +
2026-05-15T01:34:20:         'Connection: keep-alive\r\n' +
2026-05-15T01:34:20:         '\r\n',
2026-05-15T01:34:20:       _keepAliveTimeout: 0,
2026-05-15T01:34:20:       _onPendingData: [Function: nop],
2026-05-15T01:34:20:       agent: [Agent],
2026-05-15T01:34:20:       socketPath: undefined,
2026-05-15T01:34:20:       method: 'POST',
2026-05-15T01:34:20:       maxHeaderSize: undefined,
2026-05-15T01:34:20:       insecureHTTPParser: undefined,
2026-05-15T01:34:20:       joinDuplicateHeaders: undefined,
2026-05-15T01:34:20:       path: '/execute',
2026-05-15T01:34:20:       _ended: true,
2026-05-15T01:34:20:       res: [IncomingMessage],
2026-05-15T01:34:20:       aborted: false,
2026-05-15T01:34:20:       timeoutCb: null,
2026-05-15T01:34:20:       upgradeOrConnect: false,
2026-05-15T01:34:20:       parser: null,
2026-05-15T01:34:20:       maxHeadersCount: null,
2026-05-15T01:34:20:       reusedSocket: false,
2026-05-15T01:34:20:       host: 'localhost',
2026-05-15T01:34:20:       protocol: 'http:',
2026-05-15T01:34:20:       _redirectable: [Writable],
2026-05-15T01:34:20:       Symbol(shapeMode): false,
2026-05-15T01:34:20:       Symbol(kCapture): false,
2026-05-15T01:34:20:       Symbol(kBytesWritten): 0,
2026-05-15T01:34:20:       Symbol(kNeedDrain): false,
2026-05-15T01:34:20:       Symbol(corked): 0,
2026-05-15T01:34:20:       Symbol(kChunkedBuffer): [],
2026-05-15T01:34:20:       Symbol(kChunkedLength): 0,
2026-05-15T01:34:20:       Symbol(kSocket): [Socket],
2026-05-15T01:34:20:       Symbol(kOutHeaders): [Object: null prototype],
2026-05-15T01:34:20:       Symbol(errored): null,
2026-05-15T01:34:20:       Symbol(kHighWaterMark): 16384,
2026-05-15T01:34:20:       Symbol(kRejectNonStandardBodyWrites): false,
2026-05-15T01:34:20:       Symbol(kUniqueHeaders): null
2026-05-15T01:34:20:     },
2026-05-15T01:34:20:     data: {
2026-05-15T01:34:20:       verdict: 'INTERNAL_ERROR',
2026-05-15T01:34:20:       message: 'Invalid request',
2026-05-15T01:34:20:       testCaseResults: []
2026-05-15T01:34:20:     }
2026-05-15T01:34:20:   },
2026-05-15T01:34:20:   status: 400
2026-05-15T01:34:20: }
2026-05-15T01:34:20: [0mPOST /api/submissions/execute [31m500[0m 50.160 ms - 81[0m
2026-05-15T01:34:20: [0mGET /api/problems/css-flexbox-v1 [36m304[0m 4.898 ms - -[0m
2026-05-15T01:34:28: [0mGET /api/problems/css-flexbox-v1 [36m304[0m 12.025 ms - -[0m
2026-05-15T01:34:28: AxiosError: Request failed with status code 400
2026-05-15T01:34:28:     at settle (file:///C:/Users/Anmol/OneDrive/Desktop/B/coding-portal/backend/node_modules/axios/lib/core/settle.js:20:7)
2026-05-15T01:34:28:     at IncomingMessage.handleStreamEnd (file:///C:/Users/Anmol/OneDrive/Desktop/B/coding-portal/backend/node_modules/axios/lib/adapters/http.js:849:13)
2026-05-15T01:34:28:     at IncomingMessage.emit (node:events:520:35)
2026-05-15T01:34:28:     at endReadableNT (node:internal/streams/readable:1701:12)
2026-05-15T01:34:28:     at process.processTicksAndRejections (node:internal/process/task_queues:89:21)
2026-05-15T01:34:28:     at Axios.request (file:///C:/Users/Anmol/OneDrive/Desktop/B/coding-portal/backend/node_modules/axios/lib/core/Axios.js:46:41)
2026-05-15T01:34:28:     at process.processTicksAndRejections (node:internal/process/task_queues:103:5)
2026-05-15T01:34:28:     at async executeInJudge (C:\Users\Anmol\OneDrive\Desktop\B\coding-portal\backend\src\services\judgeClient.ts:51:20)
2026-05-15T01:34:28:     at async <anonymous> (C:\Users\Anmol\OneDrive\Desktop\B\coding-portal\backend\src\routes\submissionRoutes.ts:86:25) {
2026-05-15T01:34:28:   isAxiosError: true,
2026-05-15T01:34:28:   code: 'ERR_BAD_REQUEST',
2026-05-15T01:34:28:   config: {
2026-05-15T01:34:28:     transitional: {
2026-05-15T01:34:28:       silentJSONParsing: true,
2026-05-15T01:34:28:       forcedJSONParsing: true,
2026-05-15T01:34:28:       clarifyTimeoutError: false,
2026-05-15T01:34:28:       legacyInterceptorReqResOrdering: true
2026-05-15T01:34:28:     },
2026-05-15T01:34:28:     adapter: [ 'xhr', 'http', 'fetch' ],
2026-05-15T01:34:28:     transformRequest: [ [Function: transformRequest] ],
2026-05-15T01:34:28:     transformResponse: [ [Function: transformResponse] ],
2026-05-15T01:34:28:     timeout: 120000,
2026-05-15T01:34:28:     xsrfCookieName: 'XSRF-TOKEN',
2026-05-15T01:34:28:     xsrfHeaderName: 'X-XSRF-TOKEN',
2026-05-15T01:34:28:     maxContentLength: -1,
2026-05-15T01:34:28:     maxBodyLength: -1,
2026-05-15T01:34:28:     env: { FormData: [Function], Blob: [class Blob] },
2026-05-15T01:34:28:     validateStatus: [Function: validateStatus],
2026-05-15T01:34:28:     headers: Object [AxiosHeaders] {
2026-05-15T01:34:28:       Accept: 'application/json, text/plain, */*',
2026-05-15T01:34:28:       'Content-Type': 'application/json',
2026-05-15T01:34:28:       'User-Agent': 'axios/1.15.0',
2026-05-15T01:34:28:       'Content-Length': '520',
2026-05-15T01:34:28:       'Accept-Encoding': 'gzip, compress, deflate, br'
2026-05-15T01:34:28:     },
2026-05-15T01:34:28:     method: 'post',
2026-05-15T01:34:28:     url: 'http://localhost:5001/execute',
2026-05-15T01:34:28:     data: '{"sourceCode":"\\n.flex-container {\\n    display: flex;\\n    flex-direction: row;\\n    flex-wrap: wrap;\\n    align-items: center;\\n    justify-content: space-evenly;\\n    gap: 10px;\\n}","language":"CSS","mode":"run","timeLimitMs":2000,"memoryLimitMb":256,"testCases":[{"id":"cmoyarvds00f2spog9s2intqi","input":"none","expectedOutput":"CSS flexbox with row, wrap, center, gap","isHidden":false},{"id":"cmoyarvds00f3spogn4hph9op","input":"none","expectedOutput":"CSS flexbox with row, wrap, center, gap","isHidden":false}]}',
2026-05-15T01:34:28:     allowAbsoluteUrls: true
2026-05-15T01:34:28:   },
2026-05-15T01:34:28:   request: <ref *1> ClientRequest {
2026-05-15T01:34:28:     _events: [Object: null prototype] {
2026-05-15T01:34:28:       abort: [Function (anonymous)],
2026-05-15T01:34:28:       aborted: [Function (anonymous)],
2026-05-15T01:34:28:       connect: [Function (anonymous)],
2026-05-15T01:34:28:       error: [Function (anonymous)],
2026-05-15T01:34:28:       socket: [Function (anonymous)],
2026-05-15T01:34:28:       timeout: [Function (anonymous)],
2026-05-15T01:34:28:       finish: [Function: requestOnFinish]
2026-05-15T01:34:28:     },
2026-05-15T01:34:28:     _eventsCount: 7,
2026-05-15T01:34:28:     _maxListeners: undefined,
2026-05-15T01:34:28:     outputData: [],
2026-05-15T01:34:28:     outputSize: 0,
2026-05-15T01:34:28:     writable: true,
2026-05-15T01:34:28:     destroyed: true,
2026-05-15T01:34:28:     _last: false,
2026-05-15T01:34:28:     chunkedEncoding: false,
2026-05-15T01:34:28:     shouldKeepAlive: true,
2026-05-15T01:34:28:     maxRequestsOnConnectionReached: false,
2026-05-15T01:34:28:     _defaultKeepAlive: true,
2026-05-15T01:34:28:     useChunkedEncodingByDefault: true,
2026-05-15T01:34:28:     sendDate: false,
2026-05-15T01:34:28:     _removedConnection: false,
2026-05-15T01:34:28:     _removedContLen: false,
2026-05-15T01:34:28:     _removedTE: false,
2026-05-15T01:34:28:     strictContentLength: false,
2026-05-15T01:34:28:     _contentLength: 520,
2026-05-15T01:34:28:     _hasBody: true,
2026-05-15T01:34:28:     _trailer: '',
2026-05-15T01:34:28:     finished: true,
2026-05-15T01:34:28:     _headerSent: true,
2026-05-15T01:34:28:     _closed: true,
2026-05-15T01:34:28:     _header: 'POST /execute HTTP/1.1\r\n' +
2026-05-15T01:34:28:       'Accept: application/json, text/plain, */*\r\n' +
2026-05-15T01:34:28:       'Content-Type: application/json\r\n' +
2026-05-15T01:34:28:       'User-Agent: axios/1.15.0\r\n' +
2026-05-15T01:34:28:       'Content-Length: 520\r\n' +
2026-05-15T01:34:28:       'Accept-Encoding: gzip, compress, deflate, br\r\n' +
2026-05-15T01:34:28:       'Host: localhost:5001\r\n' +
2026-05-15T01:34:28:       'Connection: keep-alive\r\n' +
2026-05-15T01:34:28:       '\r\n',
2026-05-15T01:34:28:     _keepAliveTimeout: 0,
2026-05-15T01:34:28:     _onPendingData: [Function: nop],
2026-05-15T01:34:28:     agent: Agent {
2026-05-15T01:34:28:       _events: [Object: null prototype],
2026-05-15T01:34:28:       _eventsCount: 2,
2026-05-15T01:34:28:       _maxListeners: undefined,
2026-05-15T01:34:28:       options: [Object: null prototype],
2026-05-15T01:34:28:       defaultPort: 80,
2026-05-15T01:34:28:       protocol: 'http:',
2026-05-15T01:34:28:       requests: [Object: null prototype] {},
2026-05-15T01:34:28:       sockets: [Object: null prototype] {},
2026-05-15T01:34:28:       freeSockets: [Object: null prototype],
2026-05-15T01:34:28:       keepAliveMsecs: 1000,
2026-05-15T01:34:28:       keepAlive: true,
2026-05-15T01:34:28:       maxSockets: Infinity,
2026-05-15T01:34:28:       maxFreeSockets: 256,
2026-05-15T01:34:28:       scheduling: 'lifo',
2026-05-15T01:34:28:       maxTotalSockets: Infinity,
2026-05-15T01:34:28:       totalSocketCount: 1,
2026-05-15T01:34:28:       agentKeepAliveTimeoutBuffer: 1000,
2026-05-15T01:34:28:       Symbol(shapeMode): false,
2026-05-15T01:34:28:       Symbol(kCapture): false
2026-05-15T01:34:28:     },
2026-05-15T01:34:28:     socketPath: undefined,
2026-05-15T01:34:28:     method: 'POST',
2026-05-15T01:34:28:     maxHeaderSize: undefined,
2026-05-15T01:34:28:     insecureHTTPParser: undefined,
2026-05-15T01:34:28:     joinDuplicateHeaders: undefined,
2026-05-15T01:34:28:     path: '/execute',
2026-05-15T01:34:28:     _ended: true,
2026-05-15T01:34:28:     res: IncomingMessage {
2026-05-15T01:34:28:       _events: [Object],
2026-05-15T01:34:28:       _readableState: [ReadableState],
2026-05-15T01:34:28:       _maxListeners: undefined,
2026-05-15T01:34:28:       socket: null,
2026-05-15T01:34:28:       httpVersionMajor: 1,
2026-05-15T01:34:28:       httpVersionMinor: 1,
2026-05-15T01:34:28:       httpVersion: '1.1',
2026-05-15T01:34:28:       complete: true,
2026-05-15T01:34:28:       rawHeaders: [Array],
2026-05-15T01:34:28:       rawTrailers: [],
2026-05-15T01:34:28:       joinDuplicateHeaders: undefined,
2026-05-15T01:34:28:       aborted: false,
2026-05-15T01:34:28:       upgrade: false,
2026-05-15T01:34:28:       url: '',
2026-05-15T01:34:28:       method: null,
2026-05-15T01:34:28:       statusCode: 400,
2026-05-15T01:34:28:       statusMessage: 'Bad Request',
2026-05-15T01:34:28:       client: [Socket],
2026-05-15T01:34:28:       _consuming: false,
2026-05-15T01:34:28:       _dumped: false,
2026-05-15T01:34:28:       req: [Circular *1],
2026-05-15T01:34:28:       _eventsCount: 4,
2026-05-15T01:34:28:       responseUrl: 'http://localhost:5001/execute',
2026-05-15T01:34:28:       redirects: [],
2026-05-15T01:34:28:       Symbol(shapeMode): true,
2026-05-15T01:34:28:       Symbol(kCapture): false,
2026-05-15T01:34:28:       Symbol(kHeaders): [Object],
2026-05-15T01:34:28:       Symbol(kHeadersCount): 36,
2026-05-15T01:34:28:       Symbol(kTrailers): null,
2026-05-15T01:34:28:       Symbol(kTrailersCount): 0
2026-05-15T01:34:28:     },
2026-05-15T01:34:28:     aborted: false,
2026-05-15T01:34:28:     timeoutCb: null,
2026-05-15T01:34:28:     upgradeOrConnect: false,
2026-05-15T01:34:28:     parser: null,
2026-05-15T01:34:28:     maxHeadersCount: null,
2026-05-15T01:34:28:     reusedSocket: false,
2026-05-15T01:34:28:     host: 'localhost',
2026-05-15T01:34:28:     protocol: 'http:',
2026-05-15T01:34:28:     _redirectable: Writable {
2026-05-15T01:34:28:       _events: [Object],
2026-05-15T01:34:28:       _writableState: [WritableState],
2026-05-15T01:34:28:       _maxListeners: undefined,
2026-05-15T01:34:28:       _options: [Object],
2026-05-15T01:34:28:       _ended: true,
2026-05-15T01:34:28:       _ending: true,
2026-05-15T01:34:28:       _redirectCount: 0,
2026-05-15T01:34:28:       _redirects: [],
2026-05-15T01:34:28:       _requestBodyLength: 520,
2026-05-15T01:34:28:       _requestBodyBuffers: [],
2026-05-15T01:34:28:       _eventsCount: 3,
2026-05-15T01:34:28:       _onNativeResponse: [Function (anonymous)],
2026-05-15T01:34:28:       _headerFilter: /^(?:Authorization|Proxy-Authorization|Cookie)$/i,
2026-05-15T01:34:28:       _currentRequest: [Circular *1],
2026-05-15T01:34:28:       _currentUrl: 'http://localhost:5001/execute',
2026-05-15T01:34:28:       _timeout: null,
2026-05-15T01:34:28:       Symbol(shapeMode): true,
2026-05-15T01:34:28:       Symbol(kCapture): false
2026-05-15T01:34:28:     },
2026-05-15T01:34:28:     Symbol(shapeMode): false,
2026-05-15T01:34:28:     Symbol(kCapture): false,
2026-05-15T01:34:28:     Symbol(kBytesWritten): 0,
2026-05-15T01:34:28:     Symbol(kNeedDrain): false,
2026-05-15T01:34:28:     Symbol(corked): 0,
2026-05-15T01:34:28:     Symbol(kChunkedBuffer): [],
2026-05-15T01:34:28:     Symbol(kChunkedLength): 0,
2026-05-15T01:34:28:     Symbol(kSocket): Socket {
2026-05-15T01:34:28:       connecting: false,
2026-05-15T01:34:28:       _hadError: false,
2026-05-15T01:34:28:       _parent: null,
2026-05-15T01:34:28:       _host: 'localhost',
2026-05-15T01:34:28:       _closeAfterHandlingError: false,
2026-05-15T01:34:28:       _events: [Object],
2026-05-15T01:34:28:       _readableState: [ReadableState],
2026-05-15T01:34:28:       _writableState: [WritableState],
2026-05-15T01:34:28:       allowHalfOpen: false,
2026-05-15T01:34:28:       _maxListeners: undefined,
2026-05-15T01:34:28:       _eventsCount: 6,
2026-05-15T01:34:28:       _sockname: null,
2026-05-15T01:34:28:       _pendingData: null,
2026-05-15T01:34:28:       _pendingEncoding: '',
2026-05-15T01:34:28:       server: null,
2026-05-15T01:34:28:       _server: null,
2026-05-15T01:34:28:       timeout: 4000,
2026-05-15T01:34:28:       parser: null,
2026-05-15T01:34:28:       _httpMessage: null,
2026-05-15T01:34:28:       autoSelectFamilyAttemptedAddresses: [Array],
2026-05-15T01:34:28:       Symbol(async_id_symbol): -1,
2026-05-15T01:34:28:       Symbol(kHandle): [TCP],
2026-05-15T01:34:28:       Symbol(lastWriteQueueSize): 0,
2026-05-15T01:34:28:       Symbol(timeout): Timeout {
2026-05-15T01:34:28:         _idleTimeout: 4000,
2026-05-15T01:34:28:         _idlePrev: [TimersList],
2026-05-15T01:34:28:         _idleNext: [TimersList],
2026-05-15T01:34:28:         _idleStart: 16637492,
2026-05-15T01:34:28:         _onTimeout: [Function: bound ],
2026-05-15T01:34:28:         _timerArgs: undefined,
2026-05-15T01:34:28:         _repeat: null,
2026-05-15T01:34:28:         _destroyed: false,
2026-05-15T01:34:28:         Symbol(refed): false,
2026-05-15T01:34:28:         Symbol(kHasPrimitive): false,
2026-05-15T01:34:28:         Symbol(asyncId): 1835,
2026-05-15T01:34:28:         Symbol(triggerId): 1833,
2026-05-15T01:34:28:         Symbol(kAsyncContextFrame): undefined
2026-05-15T01:34:28:       },
2026-05-15T01:34:28:       Symbol(kBuffer): null,
2026-05-15T01:34:28:       Symbol(kBufferCb): null,
2026-05-15T01:34:28:       Symbol(kBufferGen): null,
2026-05-15T01:34:28:       Symbol(shapeMode): true,
2026-05-15T01:34:28:       Symbol(kCapture): false,
2026-05-15T01:34:28:       Symbol(kSetNoDelay): true,
2026-05-15T01:34:28:       Symbol(kSetKeepAlive): true,
2026-05-15T01:34:28:       Symbol(kSetKeepAliveInitialDelay): 1,
2026-05-15T01:34:28:       Symbol(kBytesRead): 0,
2026-05-15T01:34:28:       Symbol(kBytesWritten): 0
2026-05-15T01:34:28:     },
2026-05-15T01:34:28:     Symbol(kOutHeaders): [Object: null prototype] {
2026-05-15T01:34:28:       accept: [Array],
2026-05-15T01:34:28:       'content-type': [Array],
2026-05-15T01:34:28:       'user-agent': [Array],
2026-05-15T01:34:28:       'content-length': [Array],
2026-05-15T01:34:28:       'accept-encoding': [Array],
2026-05-15T01:34:28:       host: [Array]
2026-05-15T01:34:28:     },
2026-05-15T01:34:28:     Symbol(errored): null,
2026-05-15T01:34:28:     Symbol(kHighWaterMark): 16384,
2026-05-15T01:34:28:     Symbol(kRejectNonStandardBodyWrites): false,
2026-05-15T01:34:28:     Symbol(kUniqueHeaders): null
2026-05-15T01:34:28:   },
2026-05-15T01:34:28:   response: {
2026-05-15T01:34:28:     status: 400,
2026-05-15T01:34:28:     statusText: 'Bad Request',
2026-05-15T01:34:28:     headers: Object [AxiosHeaders] {
2026-05-15T01:34:28:       'content-security-policy': "default-src 'self';base-uri 'self';font-src 'self' https: data:;form-action 'self';frame-ancestors 'self';img-src 'self' data:;object-src 'none';script-src 'self';script-src-attr 'none';style-src 'self' https: 'unsafe-inline';upgrade-insecure-requests",
2026-05-15T01:34:28:       'cross-origin-opener-policy': 'same-origin',
2026-05-15T01:34:28:       'cross-origin-resource-policy': 'same-origin',
2026-05-15T01:34:28:       'origin-agent-cluster': '?1',
2026-05-15T01:34:28:       'referrer-policy': 'no-referrer',
2026-05-15T01:34:28:       'strict-transport-security': 'max-age=31536000; includeSubDomains',
2026-05-15T01:34:28:       'x-content-type-options': 'nosniff',
2026-05-15T01:34:28:       'x-dns-prefetch-control': 'off',
2026-05-15T01:34:28:       'x-download-options': 'noopen',
2026-05-15T01:34:28:       'x-frame-options': 'SAMEORIGIN',
2026-05-15T01:34:28:       'x-permitted-cross-domain-policies': 'none',
2026-05-15T01:34:28:       'x-xss-protection': '0',
2026-05-15T01:34:28:       'content-type': 'application/json; charset=utf-8',
2026-05-15T01:34:28:       'content-length': '77',
2026-05-15T01:34:28:       etag: 'W/"4d-njSbWSevx/xLEnDq2B7bZFr8r/Y"',
2026-05-15T01:34:28:       date: 'Thu, 14 May 2026 20:04:28 GMT',
2026-05-15T01:34:28:       connection: 'keep-alive',
2026-05-15T01:34:28:       'keep-alive': 'timeout=5'
2026-05-15T01:34:28:     },
2026-05-15T01:34:28:     config: {
2026-05-15T01:34:28:       transitional: [Object],
2026-05-15T01:34:28:       adapter: [Array],
2026-05-15T01:34:28:       transformRequest: [Array],
2026-05-15T01:34:28:       transformResponse: [Array],
2026-05-15T01:34:28:       timeout: 120000,
2026-05-15T01:34:28:       xsrfCookieName: 'XSRF-TOKEN',
2026-05-15T01:34:28:       xsrfHeaderName: 'X-XSRF-TOKEN',
2026-05-15T01:34:28:       maxContentLength: -1,
2026-05-15T01:34:28:       maxBodyLength: -1,
2026-05-15T01:34:28:       env: [Object],
2026-05-15T01:34:28:       validateStatus: [Function: validateStatus],
2026-05-15T01:34:28:       headers: [Object [AxiosHeaders]],
2026-05-15T01:34:28:       method: 'post',
2026-05-15T01:34:28:       url: 'http://localhost:5001/execute',
2026-05-15T01:34:28:       data: '{"sourceCode":"\\n.flex-container {\\n    display: flex;\\n    flex-direction: row;\\n    flex-wrap: wrap;\\n    align-items: center;\\n    justify-content: space-evenly;\\n    gap: 10px;\\n}","language":"CSS","mode":"run","timeLimitMs":2000,"memoryLimitMb":256,"testCases":[{"id":"cmoyarvds00f2spog9s2intqi","input":"none","expectedOutput":"CSS flexbox with row, wrap, center, gap","isHidden":false},{"id":"cmoyarvds00f3spogn4hph9op","input":"none","expectedOutput":"CSS flexbox with row, wrap, center, gap","isHidden":false}]}',
2026-05-15T01:34:28:       allowAbsoluteUrls: true
2026-05-15T01:34:28:     },
2026-05-15T01:34:28:     request: <ref *1> ClientRequest {
2026-05-15T01:34:28:       _events: [Object: null prototype],
2026-05-15T01:34:28:       _eventsCount: 7,
2026-05-15T01:34:28:       _maxListeners: undefined,
2026-05-15T01:34:28:       outputData: [],
2026-05-15T01:34:28:       outputSize: 0,
2026-05-15T01:34:28:       writable: true,
2026-05-15T01:34:28:       destroyed: true,
2026-05-15T01:34:28:       _last: false,
2026-05-15T01:34:28:       chunkedEncoding: false,
2026-05-15T01:34:28:       shouldKeepAlive: true,
2026-05-15T01:34:28:       maxRequestsOnConnectionReached: false,
2026-05-15T01:34:28:       _defaultKeepAlive: true,
2026-05-15T01:34:28:       useChunkedEncodingByDefault: true,
2026-05-15T01:34:28:       sendDate: false,
2026-05-15T01:34:28:       _removedConnection: false,
2026-05-15T01:34:28:       _removedContLen: false,
2026-05-15T01:34:28:       _removedTE: false,
2026-05-15T01:34:28:       strictContentLength: false,
2026-05-15T01:34:28:       _contentLength: 520,
2026-05-15T01:34:28:       _hasBody: true,
2026-05-15T01:34:28:       _trailer: '',
2026-05-15T01:34:28:       finished: true,
2026-05-15T01:34:28:       _headerSent: true,
2026-05-15T01:34:28:       _closed: true,
2026-05-15T01:34:28:       _header: 'POST /execute HTTP/1.1\r\n' +
2026-05-15T01:34:28:         'Accept: application/json, text/plain, */*\r\n' +
2026-05-15T01:34:28:         'Content-Type: application/json\r\n' +
2026-05-15T01:34:28:         'User-Agent: axios/1.15.0\r\n' +
2026-05-15T01:34:28:         'Content-Length: 520\r\n' +
2026-05-15T01:34:28:         'Accept-Encoding: gzip, compress, deflate, br\r\n' +
2026-05-15T01:34:28:         'Host: localhost:5001\r\n' +
2026-05-15T01:34:28:         'Connection: keep-alive\r\n' +
2026-05-15T01:34:28:         '\r\n',
2026-05-15T01:34:28:       _keepAliveTimeout: 0,
2026-05-15T01:34:28:       _onPendingData: [Function: nop],
2026-05-15T01:34:28:       agent: [Agent],
2026-05-15T01:34:28:       socketPath: undefined,
2026-05-15T01:34:28:       method: 'POST',
2026-05-15T01:34:28:       maxHeaderSize: undefined,
2026-05-15T01:34:28:       insecureHTTPParser: undefined,
2026-05-15T01:34:28:       joinDuplicateHeaders: undefined,
2026-05-15T01:34:28:       path: '/execute',
2026-05-15T01:34:28:       _ended: true,
2026-05-15T01:34:28:       res: [IncomingMessage],
2026-05-15T01:34:28:       aborted: false,
2026-05-15T01:34:28:       timeoutCb: null,
2026-05-15T01:34:28:       upgradeOrConnect: false,
2026-05-15T01:34:28:       parser: null,
2026-05-15T01:34:28:       maxHeadersCount: null,
2026-05-15T01:34:28:       reusedSocket: false,
2026-05-15T01:34:28:       host: 'localhost',
2026-05-15T01:34:28:       protocol: 'http:',
2026-05-15T01:34:28:       _redirectable: [Writable],
2026-05-15T01:34:28:       Symbol(shapeMode): false,
2026-05-15T01:34:28:       Symbol(kCapture): false,
2026-05-15T01:34:28:       Symbol(kBytesWritten): 0,
2026-05-15T01:34:28:       Symbol(kNeedDrain): false,
2026-05-15T01:34:28:       Symbol(corked): 0,
2026-05-15T01:34:28:       Symbol(kChunkedBuffer): [],
2026-05-15T01:34:28:       Symbol(kChunkedLength): 0,
2026-05-15T01:34:28:       Symbol(kSocket): [Socket],
2026-05-15T01:34:28:       Symbol(kOutHeaders): [Object: null prototype],
2026-05-15T01:34:28:       Symbol(errored): null,
2026-05-15T01:34:28:       Symbol(kHighWaterMark): 16384,
2026-05-15T01:34:28:       Symbol(kRejectNonStandardBodyWrites): false,
2026-05-15T01:34:28:       Symbol(kUniqueHeaders): null
2026-05-15T01:34:28:     },
2026-05-15T01:34:28:     data: {
2026-05-15T01:34:28:       verdict: 'INTERNAL_ERROR',
2026-05-15T01:34:28:       message: 'Invalid request',
2026-05-15T01:34:28:       testCaseResults: []
2026-05-15T01:34:28:     }
2026-05-15T01:34:28:   },
2026-05-15T01:34:28:   status: 400
2026-05-15T01:34:28: }
2026-05-15T01:34:28: [0mPOST /api/submissions/execute [31m500[0m 27.553 ms - 81[0m
2026-05-15T01:34:28: [0mGET /api/problems/css-flexbox-v1 [36m304[0m 4.653 ms - -[0m
2026-05-15T01:34:41: [0mGET /api/problems/css-flexbox-v1 [36m304[0m 23.351 ms - -[0m
2026-05-15T01:34:41: AxiosError: Request failed with status code 400
2026-05-15T01:34:41:     at settle (file:///C:/Users/Anmol/OneDrive/Desktop/B/coding-portal/backend/node_modules/axios/lib/core/settle.js:20:7)
2026-05-15T01:34:41:     at IncomingMessage.handleStreamEnd (file:///C:/Users/Anmol/OneDrive/Desktop/B/coding-portal/backend/node_modules/axios/lib/adapters/http.js:849:13)
2026-05-15T01:34:41:     at IncomingMessage.emit (node:events:520:35)
2026-05-15T01:34:41:     at endReadableNT (node:internal/streams/readable:1701:12)
2026-05-15T01:34:41:     at process.processTicksAndRejections (node:internal/process/task_queues:89:21)
2026-05-15T01:34:41:     at Axios.request (file:///C:/Users/Anmol/OneDrive/Desktop/B/coding-portal/backend/node_modules/axios/lib/core/Axios.js:46:41)
2026-05-15T01:34:41:     at process.processTicksAndRejections (node:internal/process/task_queues:103:5)
2026-05-15T01:34:41:     at async executeInJudge (C:\Users\Anmol\OneDrive\Desktop\B\coding-portal\backend\src\services\judgeClient.ts:51:20)
2026-05-15T01:34:41:     at async <anonymous> (C:\Users\Anmol\OneDrive\Desktop\B\coding-portal\backend\src\routes\submissionRoutes.ts:86:25) {
2026-05-15T01:34:41:   isAxiosError: true,
2026-05-15T01:34:41:   code: 'ERR_BAD_REQUEST',
2026-05-15T01:34:41:   config: {
2026-05-15T01:34:41:     transitional: {
2026-05-15T01:34:41:       silentJSONParsing: true,
2026-05-15T01:34:41:       forcedJSONParsing: true,
2026-05-15T01:34:41:       clarifyTimeoutError: false,
2026-05-15T01:34:41:       legacyInterceptorReqResOrdering: true
2026-05-15T01:34:41:     },
2026-05-15T01:34:41:     adapter: [ 'xhr', 'http', 'fetch' ],
2026-05-15T01:34:41:     transformRequest: [ [Function: transformRequest] ],
2026-05-15T01:34:41:     transformResponse: [ [Function: transformResponse] ],
2026-05-15T01:34:41:     timeout: 120000,
2026-05-15T01:34:41:     xsrfCookieName: 'XSRF-TOKEN',
2026-05-15T01:34:41:     xsrfHeaderName: 'X-XSRF-TOKEN',
2026-05-15T01:34:41:     maxContentLength: -1,
2026-05-15T01:34:41:     maxBodyLength: -1,
2026-05-15T01:34:41:     env: { FormData: [Function], Blob: [class Blob] },
2026-05-15T01:34:41:     validateStatus: [Function: validateStatus],
2026-05-15T01:34:41:     headers: Object [AxiosHeaders] {
2026-05-15T01:34:41:       Accept: 'application/json, text/plain, */*',
2026-05-15T01:34:41:       'Content-Type': 'application/json',
2026-05-15T01:34:41:       'User-Agent': 'axios/1.15.0',
2026-05-15T01:34:41:       'Content-Length': '518',
2026-05-15T01:34:41:       'Accept-Encoding': 'gzip, compress, deflate, br'
2026-05-15T01:34:41:     },
2026-05-15T01:34:41:     method: 'post',
2026-05-15T01:34:41:     url: 'http://localhost:5001/execute',
2026-05-15T01:34:41:     data: '{"sourceCode":".flex-container {\\n    display: flex;\\n    flex-direction: row;\\n    flex-wrap: wrap;\\n    align-items: center;\\n    justify-content: space-evenly;\\n    gap: 10px;\\n}","language":"CSS","mode":"run","timeLimitMs":2000,"memoryLimitMb":256,"testCases":[{"id":"cmoyarvds00f2spog9s2intqi","input":"none","expectedOutput":"CSS flexbox with row, wrap, center, gap","isHidden":false},{"id":"cmoyarvds00f3spogn4hph9op","input":"none","expectedOutput":"CSS flexbox with row, wrap, center, gap","isHidden":false}]}',
2026-05-15T01:34:41:     allowAbsoluteUrls: true
2026-05-15T01:34:41:   },
2026-05-15T01:34:41:   request: <ref *1> ClientRequest {
2026-05-15T01:34:41:     _events: [Object: null prototype] {
2026-05-15T01:34:41:       abort: [Function (anonymous)],
2026-05-15T01:34:41:       aborted: [Function (anonymous)],
2026-05-15T01:34:41:       connect: [Function (anonymous)],
2026-05-15T01:34:41:       error: [Function (anonymous)],
2026-05-15T01:34:41:       socket: [Function (anonymous)],
2026-05-15T01:34:41:       timeout: [Function (anonymous)],
2026-05-15T01:34:41:       finish: [Function: requestOnFinish]
2026-05-15T01:34:41:     },
2026-05-15T01:34:41:     _eventsCount: 7,
2026-05-15T01:34:41:     _maxListeners: undefined,
2026-05-15T01:34:41:     outputData: [],
2026-05-15T01:34:41:     outputSize: 0,
2026-05-15T01:34:41:     writable: true,
2026-05-15T01:34:41:     destroyed: true,
2026-05-15T01:34:41:     _last: false,
2026-05-15T01:34:41:     chunkedEncoding: false,
2026-05-15T01:34:41:     shouldKeepAlive: true,
2026-05-15T01:34:41:     maxRequestsOnConnectionReached: false,
2026-05-15T01:34:41:     _defaultKeepAlive: true,
2026-05-15T01:34:41:     useChunkedEncodingByDefault: true,
2026-05-15T01:34:41:     sendDate: false,
2026-05-15T01:34:41:     _removedConnection: false,
2026-05-15T01:34:41:     _removedContLen: false,
2026-05-15T01:34:41:     _removedTE: false,
2026-05-15T01:34:41:     strictContentLength: false,
2026-05-15T01:34:41:     _contentLength: 518,
2026-05-15T01:34:41:     _hasBody: true,
2026-05-15T01:34:41:     _trailer: '',
2026-05-15T01:34:41:     finished: true,
2026-05-15T01:34:41:     _headerSent: true,
2026-05-15T01:34:41:     _closed: true,
2026-05-15T01:34:41:     _header: 'POST /execute HTTP/1.1\r\n' +
2026-05-15T01:34:41:       'Accept: application/json, text/plain, */*\r\n' +
2026-05-15T01:34:41:       'Content-Type: application/json\r\n' +
2026-05-15T01:34:41:       'User-Agent: axios/1.15.0\r\n' +
2026-05-15T01:34:41:       'Content-Length: 518\r\n' +
2026-05-15T01:34:41:       'Accept-Encoding: gzip, compress, deflate, br\r\n' +
2026-05-15T01:34:41:       'Host: localhost:5001\r\n' +
2026-05-15T01:34:41:       'Connection: keep-alive\r\n' +
2026-05-15T01:34:41:       '\r\n',
2026-05-15T01:34:41:     _keepAliveTimeout: 0,
2026-05-15T01:34:41:     _onPendingData: [Function: nop],
2026-05-15T01:34:41:     agent: Agent {
2026-05-15T01:34:41:       _events: [Object: null prototype],
2026-05-15T01:34:41:       _eventsCount: 2,
2026-05-15T01:34:41:       _maxListeners: undefined,
2026-05-15T01:34:41:       options: [Object: null prototype],
2026-05-15T01:34:41:       defaultPort: 80,
2026-05-15T01:34:41:       protocol: 'http:',
2026-05-15T01:34:41:       requests: [Object: null prototype] {},
2026-05-15T01:34:41:       sockets: [Object: null prototype] {},
2026-05-15T01:34:41:       freeSockets: [Object: null prototype],
2026-05-15T01:34:41:       keepAliveMsecs: 1000,
2026-05-15T01:34:41:       keepAlive: true,
2026-05-15T01:34:41:       maxSockets: Infinity,
2026-05-15T01:34:41:       maxFreeSockets: 256,
2026-05-15T01:34:41:       scheduling: 'lifo',
2026-05-15T01:34:41:       maxTotalSockets: Infinity,
2026-05-15T01:34:41:       totalSocketCount: 1,
2026-05-15T01:34:41:       agentKeepAliveTimeoutBuffer: 1000,
2026-05-15T01:34:41:       Symbol(shapeMode): false,
2026-05-15T01:34:41:       Symbol(kCapture): false
2026-05-15T01:34:41:     },
2026-05-15T01:34:41:     socketPath: undefined,
2026-05-15T01:34:41:     method: 'POST',
2026-05-15T01:34:41:     maxHeaderSize: undefined,
2026-05-15T01:34:41:     insecureHTTPParser: undefined,
2026-05-15T01:34:41:     joinDuplicateHeaders: undefined,
2026-05-15T01:34:41:     path: '/execute',
2026-05-15T01:34:41:     _ended: true,
2026-05-15T01:34:41:     res: IncomingMessage {
2026-05-15T01:34:41:       _events: [Object],
2026-05-15T01:34:41:       _readableState: [ReadableState],
2026-05-15T01:34:41:       _maxListeners: undefined,
2026-05-15T01:34:41:       socket: null,
2026-05-15T01:34:41:       httpVersionMajor: 1,
2026-05-15T01:34:41:       httpVersionMinor: 1,
2026-05-15T01:34:41:       httpVersion: '1.1',
2026-05-15T01:34:41:       complete: true,
2026-05-15T01:34:41:       rawHeaders: [Array],
2026-05-15T01:34:41:       rawTrailers: [],
2026-05-15T01:34:41:       joinDuplicateHeaders: undefined,
2026-05-15T01:34:41:       aborted: false,
2026-05-15T01:34:41:       upgrade: false,
2026-05-15T01:34:41:       url: '',
2026-05-15T01:34:41:       method: null,
2026-05-15T01:34:41:       statusCode: 400,
2026-05-15T01:34:41:       statusMessage: 'Bad Request',
2026-05-15T01:34:41:       client: [Socket],
2026-05-15T01:34:41:       _consuming: false,
2026-05-15T01:34:41:       _dumped: false,
2026-05-15T01:34:41:       req: [Circular *1],
2026-05-15T01:34:41:       _eventsCount: 4,
2026-05-15T01:34:41:       responseUrl: 'http://localhost:5001/execute',
2026-05-15T01:34:41:       redirects: [],
2026-05-15T01:34:41:       Symbol(shapeMode): true,
2026-05-15T01:34:41:       Symbol(kCapture): false,
2026-05-15T01:34:41:       Symbol(kHeaders): [Object],
2026-05-15T01:34:41:       Symbol(kHeadersCount): 36,
2026-05-15T01:34:41:       Symbol(kTrailers): null,
2026-05-15T01:34:41:       Symbol(kTrailersCount): 0
2026-05-15T01:34:41:     },
2026-05-15T01:34:41:     aborted: false,
2026-05-15T01:34:41:     timeoutCb: null,
2026-05-15T01:34:41:     upgradeOrConnect: false,
2026-05-15T01:34:41:     parser: null,
2026-05-15T01:34:41:     maxHeadersCount: null,
2026-05-15T01:34:41:     reusedSocket: false,
2026-05-15T01:34:41:     host: 'localhost',
2026-05-15T01:34:41:     protocol: 'http:',
2026-05-15T01:34:41:     _redirectable: Writable {
2026-05-15T01:34:41:       _events: [Object],
2026-05-15T01:34:41:       _writableState: [WritableState],
2026-05-15T01:34:41:       _maxListeners: undefined,
2026-05-15T01:34:41:       _options: [Object],
2026-05-15T01:34:41:       _ended: true,
2026-05-15T01:34:41:       _ending: true,
2026-05-15T01:34:41:       _redirectCount: 0,
2026-05-15T01:34:41:       _redirects: [],
2026-05-15T01:34:41:       _requestBodyLength: 518,
2026-05-15T01:34:41:       _requestBodyBuffers: [],
2026-05-15T01:34:41:       _eventsCount: 3,
2026-05-15T01:34:41:       _onNativeResponse: [Function (anonymous)],
2026-05-15T01:34:41:       _headerFilter: /^(?:Authorization|Proxy-Authorization|Cookie)$/i,
2026-05-15T01:34:41:       _currentRequest: [Circular *1],
2026-05-15T01:34:41:       _currentUrl: 'http://localhost:5001/execute',
2026-05-15T01:34:41:       _timeout: null,
2026-05-15T01:34:41:       Symbol(shapeMode): true,
2026-05-15T01:34:41:       Symbol(kCapture): false
2026-05-15T01:34:41:     },
2026-05-15T01:34:41:     Symbol(shapeMode): false,
2026-05-15T01:34:41:     Symbol(kCapture): false,
2026-05-15T01:34:41:     Symbol(kBytesWritten): 0,
2026-05-15T01:34:41:     Symbol(kNeedDrain): false,
2026-05-15T01:34:41:     Symbol(corked): 0,
2026-05-15T01:34:41:     Symbol(kChunkedBuffer): [],
2026-05-15T01:34:41:     Symbol(kChunkedLength): 0,
2026-05-15T01:34:41:     Symbol(kSocket): Socket {
2026-05-15T01:34:41:       connecting: false,
2026-05-15T01:34:41:       _hadError: false,
2026-05-15T01:34:41:       _parent: null,
2026-05-15T01:34:41:       _host: 'localhost',
2026-05-15T01:34:41:       _closeAfterHandlingError: false,
2026-05-15T01:34:41:       _events: [Object],
2026-05-15T01:34:41:       _readableState: [ReadableState],
2026-05-15T01:34:41:       _writableState: [WritableState],
2026-05-15T01:34:41:       allowHalfOpen: false,
2026-05-15T01:34:41:       _maxListeners: undefined,
2026-05-15T01:34:41:       _eventsCount: 6,
2026-05-15T01:34:41:       _sockname: null,
2026-05-15T01:34:41:       _pendingData: null,
2026-05-15T01:34:41:       _pendingEncoding: '',
2026-05-15T01:34:41:       server: null,
2026-05-15T01:34:41:       _server: null,
2026-05-15T01:34:41:       timeout: 4000,
2026-05-15T01:34:41:       parser: null,
2026-05-15T01:34:41:       _httpMessage: null,
2026-05-15T01:34:41:       autoSelectFamilyAttemptedAddresses: [Array],
2026-05-15T01:34:41:       Symbol(async_id_symbol): -1,
2026-05-15T01:34:41:       Symbol(kHandle): [TCP],
2026-05-15T01:34:41:       Symbol(lastWriteQueueSize): 0,
2026-05-15T01:34:41:       Symbol(timeout): Timeout {
2026-05-15T01:34:41:         _idleTimeout: 4000,
2026-05-15T01:34:41:         _idlePrev: [TimersList],
2026-05-15T01:34:41:         _idleNext: [TimersList],
2026-05-15T01:34:41:         _idleStart: 16650565,
2026-05-15T01:34:41:         _onTimeout: [Function: bound ],
2026-05-15T01:34:41:         _timerArgs: undefined,
2026-05-15T01:34:41:         _repeat: null,
2026-05-15T01:34:41:         _destroyed: false,
2026-05-15T01:34:41:         Symbol(refed): false,
2026-05-15T01:34:41:         Symbol(kHasPrimitive): false,
2026-05-15T01:34:41:         Symbol(asyncId): 1934,
2026-05-15T01:34:41:         Symbol(triggerId): 1932,
2026-05-15T01:34:41:         Symbol(kAsyncContextFrame): undefined
2026-05-15T01:34:41:       },
2026-05-15T01:34:41:       Symbol(kBuffer): null,
2026-05-15T01:34:41:       Symbol(kBufferCb): null,
2026-05-15T01:34:41:       Symbol(kBufferGen): null,
2026-05-15T01:34:41:       Symbol(shapeMode): true,
2026-05-15T01:34:41:       Symbol(kCapture): false,
2026-05-15T01:34:41:       Symbol(kSetNoDelay): true,
2026-05-15T01:34:41:       Symbol(kSetKeepAlive): true,
2026-05-15T01:34:41:       Symbol(kSetKeepAliveInitialDelay): 1,
2026-05-15T01:34:41:       Symbol(kBytesRead): 0,
2026-05-15T01:34:41:       Symbol(kBytesWritten): 0
2026-05-15T01:34:41:     },
2026-05-15T01:34:41:     Symbol(kOutHeaders): [Object: null prototype] {
2026-05-15T01:34:41:       accept: [Array],
2026-05-15T01:34:41:       'content-type': [Array],
2026-05-15T01:34:41:       'user-agent': [Array],
2026-05-15T01:34:41:       'content-length': [Array],
2026-05-15T01:34:41:       'accept-encoding': [Array],
2026-05-15T01:34:41:       host: [Array]
2026-05-15T01:34:41:     },
2026-05-15T01:34:41:     Symbol(errored): null,
2026-05-15T01:34:41:     Symbol(kHighWaterMark): 16384,
2026-05-15T01:34:41:     Symbol(kRejectNonStandardBodyWrites): false,
2026-05-15T01:34:41:     Symbol(kUniqueHeaders): null
2026-05-15T01:34:41:   },
2026-05-15T01:34:41:   response: {
2026-05-15T01:34:41:     status: 400,
2026-05-15T01:34:41:     statusText: 'Bad Request',
2026-05-15T01:34:41:     headers: Object [AxiosHeaders] {
2026-05-15T01:34:41:       'content-security-policy': "default-src 'self';base-uri 'self';font-src 'self' https: data:;form-action 'self';frame-ancestors 'self';img-src 'self' data:;object-src 'none';script-src 'self';script-src-attr 'none';style-src 'self' https: 'unsafe-inline';upgrade-insecure-requests",
2026-05-15T01:34:41:       'cross-origin-opener-policy': 'same-origin',
2026-05-15T01:34:41:       'cross-origin-resource-policy': 'same-origin',
2026-05-15T01:34:41:       'origin-agent-cluster': '?1',
2026-05-15T01:34:41:       'referrer-policy': 'no-referrer',
2026-05-15T01:34:41:       'strict-transport-security': 'max-age=31536000; includeSubDomains',
2026-05-15T01:34:41:       'x-content-type-options': 'nosniff',
2026-05-15T01:34:41:       'x-dns-prefetch-control': 'off',
2026-05-15T01:34:41:       'x-download-options': 'noopen',
2026-05-15T01:34:41:       'x-frame-options': 'SAMEORIGIN',
2026-05-15T01:34:41:       'x-permitted-cross-domain-policies': 'none',
2026-05-15T01:34:41:       'x-xss-protection': '0',
2026-05-15T01:34:41:       'content-type': 'application/json; charset=utf-8',
2026-05-15T01:34:41:       'content-length': '77',
2026-05-15T01:34:41:       etag: 'W/"4d-njSbWSevx/xLEnDq2B7bZFr8r/Y"',
2026-05-15T01:34:41:       date: 'Thu, 14 May 2026 20:04:41 GMT',
2026-05-15T01:34:41:       connection: 'keep-alive',
2026-05-15T01:34:41:       'keep-alive': 'timeout=5'
2026-05-15T01:34:41:     },
2026-05-15T01:34:41:     config: {
2026-05-15T01:34:41:       transitional: [Object],
2026-05-15T01:34:41:       adapter: [Array],
2026-05-15T01:34:41:       transformRequest: [Array],
2026-05-15T01:34:41:       transformResponse: [Array],
2026-05-15T01:34:41:       timeout: 120000,
2026-05-15T01:34:41:       xsrfCookieName: 'XSRF-TOKEN',
2026-05-15T01:34:41:       xsrfHeaderName: 'X-XSRF-TOKEN',
2026-05-15T01:34:41:       maxContentLength: -1,
2026-05-15T01:34:41:       maxBodyLength: -1,
2026-05-15T01:34:41:       env: [Object],
2026-05-15T01:34:41:       validateStatus: [Function: validateStatus],
2026-05-15T01:34:41:       headers: [Object [AxiosHeaders]],
2026-05-15T01:34:41:       method: 'post',
2026-05-15T01:34:41:       url: 'http://localhost:5001/execute',
2026-05-15T01:34:41:       data: '{"sourceCode":".flex-container {\\n    display: flex;\\n    flex-direction: row;\\n    flex-wrap: wrap;\\n    align-items: center;\\n    justify-content: space-evenly;\\n    gap: 10px;\\n}","language":"CSS","mode":"run","timeLimitMs":2000,"memoryLimitMb":256,"testCases":[{"id":"cmoyarvds00f2spog9s2intqi","input":"none","expectedOutput":"CSS flexbox with row, wrap, center, gap","isHidden":false},{"id":"cmoyarvds00f3spogn4hph9op","input":"none","expectedOutput":"CSS flexbox with row, wrap, center, gap","isHidden":false}]}',
2026-05-15T01:34:41:       allowAbsoluteUrls: true
2026-05-15T01:34:41:     },
2026-05-15T01:34:41:     request: <ref *1> ClientRequest {
2026-05-15T01:34:41:       _events: [Object: null prototype],
2026-05-15T01:34:41:       _eventsCount: 7,
2026-05-15T01:34:41:       _maxListeners: undefined,
2026-05-15T01:34:41:       outputData: [],
2026-05-15T01:34:41:       outputSize: 0,
2026-05-15T01:34:41:       writable: true,
2026-05-15T01:34:41:       destroyed: true,
2026-05-15T01:34:41:       _last: false,
2026-05-15T01:34:41:       chunkedEncoding: false,
2026-05-15T01:34:41:       shouldKeepAlive: true,
2026-05-15T01:34:41:       maxRequestsOnConnectionReached: false,
2026-05-15T01:34:41:       _defaultKeepAlive: true,
2026-05-15T01:34:41:       useChunkedEncodingByDefault: true,
2026-05-15T01:34:41:       sendDate: false,
2026-05-15T01:34:41:       _removedConnection: false,
2026-05-15T01:34:41:       _removedContLen: false,
2026-05-15T01:34:41:       _removedTE: false,
2026-05-15T01:34:41:       strictContentLength: false,
2026-05-15T01:34:41:       _contentLength: 518,
2026-05-15T01:34:41:       _hasBody: true,
2026-05-15T01:34:41:       _trailer: '',
2026-05-15T01:34:41:       finished: true,
2026-05-15T01:34:41:       _headerSent: true,
2026-05-15T01:34:41:       _closed: true,
2026-05-15T01:34:41:       _header: 'POST /execute HTTP/1.1\r\n' +
2026-05-15T01:34:41:         'Accept: application/json, text/plain, */*\r\n' +
2026-05-15T01:34:41:         'Content-Type: application/json\r\n' +
2026-05-15T01:34:41:         'User-Agent: axios/1.15.0\r\n' +
2026-05-15T01:34:41:         'Content-Length: 518\r\n' +
2026-05-15T01:34:41:         'Accept-Encoding: gzip, compress, deflate, br\r\n' +
2026-05-15T01:34:41:         'Host: localhost:5001\r\n' +
2026-05-15T01:34:41:         'Connection: keep-alive\r\n' +
2026-05-15T01:34:41:         '\r\n',
2026-05-15T01:34:41:       _keepAliveTimeout: 0,
2026-05-15T01:34:41:       _onPendingData: [Function: nop],
2026-05-15T01:34:41:       agent: [Agent],
2026-05-15T01:34:41:       socketPath: undefined,
2026-05-15T01:34:41:       method: 'POST',
2026-05-15T01:34:41:       maxHeaderSize: undefined,
2026-05-15T01:34:41:       insecureHTTPParser: undefined,
2026-05-15T01:34:41:       joinDuplicateHeaders: undefined,
2026-05-15T01:34:41:       path: '/execute',
2026-05-15T01:34:41:       _ended: true,
2026-05-15T01:34:41:       res: [IncomingMessage],
2026-05-15T01:34:41:       aborted: false,
2026-05-15T01:34:41:       timeoutCb: null,
2026-05-15T01:34:41:       upgradeOrConnect: false,
2026-05-15T01:34:41:       parser: null,
2026-05-15T01:34:41:       maxHeadersCount: null,
2026-05-15T01:34:41:       reusedSocket: false,
2026-05-15T01:34:41:       host: 'localhost',
2026-05-15T01:34:41:       protocol: 'http:',
2026-05-15T01:34:41:       _redirectable: [Writable],
2026-05-15T01:34:41:       Symbol(shapeMode): false,
2026-05-15T01:34:41:       Symbol(kCapture): false,
2026-05-15T01:34:41:       Symbol(kBytesWritten): 0,
2026-05-15T01:34:41:       Symbol(kNeedDrain): false,
2026-05-15T01:34:41:       Symbol(corked): 0,
2026-05-15T01:34:41:       Symbol(kChunkedBuffer): [],
2026-05-15T01:34:41:       Symbol(kChunkedLength): 0,
2026-05-15T01:34:41:       Symbol(kSocket): [Socket],
2026-05-15T01:34:41:       Symbol(kOutHeaders): [Object: null prototype],
2026-05-15T01:34:41:       Symbol(errored): null,
2026-05-15T01:34:41:       Symbol(kHighWaterMark): 16384,
2026-05-15T01:34:41:       Symbol(kRejectNonStandardBodyWrites): false,
2026-05-15T01:34:41:       Symbol(kUniqueHeaders): null
2026-05-15T01:34:41:     },
2026-05-15T01:34:41:     data: {
2026-05-15T01:34:41:       verdict: 'INTERNAL_ERROR',
2026-05-15T01:34:41:       message: 'Invalid request',
2026-05-15T01:34:41:       testCaseResults: []
2026-05-15T01:34:41:     }
2026-05-15T01:34:41:   },
2026-05-15T01:34:41:   status: 400
2026-05-15T01:34:41: }
2026-05-15T01:34:41: [0mPOST /api/submissions/execute [31m500[0m 26.215 ms - 81[0m
2026-05-15T01:34:41: [0mGET /api/problems/css-flexbox-v1 [36m304[0m 4.311 ms - -[0m
2026-05-15T01:34:51: [0mGET /api/auth/me [36m304[0m 5.251 ms - -[0m
2026-05-15T01:34:51: [0mGET /api/profile/me [32m200[0m 40.465 ms - 1149[0m
2026-05-15T01:34:51: [0mGET /api/problems/css-flexbox-v1 [36m304[0m 12.418 ms - -[0m
2026-05-15T01:35:17: [0mGET /api/problems/css-flexbox-v1 [36m304[0m 11.762 ms - -[0m
2026-05-15T01:35:17: AxiosError: Request failed with status code 400
2026-05-15T01:35:17:     at settle (file:///C:/Users/Anmol/OneDrive/Desktop/B/coding-portal/backend/node_modules/axios/lib/core/settle.js:20:7)
2026-05-15T01:35:17:     at IncomingMessage.handleStreamEnd (file:///C:/Users/Anmol/OneDrive/Desktop/B/coding-portal/backend/node_modules/axios/lib/adapters/http.js:849:13)
2026-05-15T01:35:17:     at IncomingMessage.emit (node:events:520:35)
2026-05-15T01:35:17:     at endReadableNT (node:internal/streams/readable:1701:12)
2026-05-15T01:35:17:     at process.processTicksAndRejections (node:internal/process/task_queues:89:21)
2026-05-15T01:35:17:     at Axios.request (file:///C:/Users/Anmol/OneDrive/Desktop/B/coding-portal/backend/node_modules/axios/lib/core/Axios.js:46:41)
2026-05-15T01:35:17:     at process.processTicksAndRejections (node:internal/process/task_queues:103:5)
2026-05-15T01:35:17:     at async executeInJudge (C:\Users\Anmol\OneDrive\Desktop\B\coding-portal\backend\src\services\judgeClient.ts:51:20)
2026-05-15T01:35:17:     at async <anonymous> (C:\Users\Anmol\OneDrive\Desktop\B\coding-portal\backend\src\routes\submissionRoutes.ts:86:25) {
2026-05-15T01:35:17:   isAxiosError: true,
2026-05-15T01:35:17:   code: 'ERR_BAD_REQUEST',
2026-05-15T01:35:17:   config: {
2026-05-15T01:35:17:     transitional: {
2026-05-15T01:35:17:       silentJSONParsing: true,
2026-05-15T01:35:17:       forcedJSONParsing: true,
2026-05-15T01:35:17:       clarifyTimeoutError: false,
2026-05-15T01:35:17:       legacyInterceptorReqResOrdering: true
2026-05-15T01:35:17:     },
2026-05-15T01:35:17:     adapter: [ 'xhr', 'http', 'fetch' ],
2026-05-15T01:35:17:     transformRequest: [ [Function: transformRequest] ],
2026-05-15T01:35:17:     transformResponse: [ [Function: transformResponse] ],
2026-05-15T01:35:17:     timeout: 120000,
2026-05-15T01:35:17:     xsrfCookieName: 'XSRF-TOKEN',
2026-05-15T01:35:17:     xsrfHeaderName: 'X-XSRF-TOKEN',
2026-05-15T01:35:17:     maxContentLength: -1,
2026-05-15T01:35:17:     maxBodyLength: -1,
2026-05-15T01:35:17:     env: { FormData: [Function], Blob: [class Blob] },
2026-05-15T01:35:17:     validateStatus: [Function: validateStatus],
2026-05-15T01:35:17:     headers: Object [AxiosHeaders] {
2026-05-15T01:35:17:       Accept: 'application/json, text/plain, */*',
2026-05-15T01:35:17:       'Content-Type': 'application/json',
2026-05-15T01:35:17:       'User-Agent': 'axios/1.15.0',
2026-05-15T01:35:17:       'Content-Length': '589',
2026-05-15T01:35:17:       'Accept-Encoding': 'gzip, compress, deflate, br'
2026-05-15T01:35:17:     },
2026-05-15T01:35:17:     method: 'post',
2026-05-15T01:35:17:     url: 'http://localhost:5001/execute',
2026-05-15T01:35:17:     data: '{"sourceCode":"/* Write your CSS here */\\nbody {\\n    margin: 0;\\n    padding: 0;\\n.flex-container {\\n    display: flex;\\n    flex-direction: row;\\n    flex-wrap: wrap;\\n    align-items: center;\\n    justify-content: space-evenly;\\n    gap: 10px;\\n}\\n}","language":"CSS","mode":"run","timeLimitMs":2000,"memoryLimitMb":256,"testCases":[{"id":"cmoyarvds00f2spog9s2intqi","input":"none","expectedOutput":"CSS flexbox with row, wrap, center, gap","isHidden":false},{"id":"cmoyarvds00f3spogn4hph9op","input":"none","expectedOutput":"CSS flexbox with row, wrap, center, gap","isHidden":false}]}',
2026-05-15T01:35:17:     allowAbsoluteUrls: true
2026-05-15T01:35:17:   },
2026-05-15T01:35:17:   request: <ref *1> ClientRequest {
2026-05-15T01:35:17:     _events: [Object: null prototype] {
2026-05-15T01:35:17:       abort: [Function (anonymous)],
2026-05-15T01:35:17:       aborted: [Function (anonymous)],
2026-05-15T01:35:17:       connect: [Function (anonymous)],
2026-05-15T01:35:17:       error: [Function (anonymous)],
2026-05-15T01:35:17:       socket: [Function (anonymous)],
2026-05-15T01:35:17:       timeout: [Function (anonymous)],
2026-05-15T01:35:17:       finish: [Function: requestOnFinish]
2026-05-15T01:35:17:     },
2026-05-15T01:35:17:     _eventsCount: 7,
2026-05-15T01:35:17:     _maxListeners: undefined,
2026-05-15T01:35:17:     outputData: [],
2026-05-15T01:35:17:     outputSize: 0,
2026-05-15T01:35:17:     writable: true,
2026-05-15T01:35:17:     destroyed: true,
2026-05-15T01:35:17:     _last: false,
2026-05-15T01:35:17:     chunkedEncoding: false,
2026-05-15T01:35:17:     shouldKeepAlive: true,
2026-05-15T01:35:17:     maxRequestsOnConnectionReached: false,
2026-05-15T01:35:17:     _defaultKeepAlive: true,
2026-05-15T01:35:17:     useChunkedEncodingByDefault: true,
2026-05-15T01:35:17:     sendDate: false,
2026-05-15T01:35:17:     _removedConnection: false,
2026-05-15T01:35:17:     _removedContLen: false,
2026-05-15T01:35:17:     _removedTE: false,
2026-05-15T01:35:17:     strictContentLength: false,
2026-05-15T01:35:17:     _contentLength: 589,
2026-05-15T01:35:17:     _hasBody: true,
2026-05-15T01:35:17:     _trailer: '',
2026-05-15T01:35:17:     finished: true,
2026-05-15T01:35:17:     _headerSent: true,
2026-05-15T01:35:17:     _closed: true,
2026-05-15T01:35:17:     _header: 'POST /execute HTTP/1.1\r\n' +
2026-05-15T01:35:17:       'Accept: application/json, text/plain, */*\r\n' +
2026-05-15T01:35:17:       'Content-Type: application/json\r\n' +
2026-05-15T01:35:17:       'User-Agent: axios/1.15.0\r\n' +
2026-05-15T01:35:17:       'Content-Length: 589\r\n' +
2026-05-15T01:35:17:       'Accept-Encoding: gzip, compress, deflate, br\r\n' +
2026-05-15T01:35:17:       'Host: localhost:5001\r\n' +
2026-05-15T01:35:17:       'Connection: keep-alive\r\n' +
2026-05-15T01:35:17:       '\r\n',
2026-05-15T01:35:17:     _keepAliveTimeout: 0,
2026-05-15T01:35:17:     _onPendingData: [Function: nop],
2026-05-15T01:35:17:     agent: Agent {
2026-05-15T01:35:17:       _events: [Object: null prototype],
2026-05-15T01:35:17:       _eventsCount: 2,
2026-05-15T01:35:17:       _maxListeners: undefined,
2026-05-15T01:35:17:       options: [Object: null prototype],
2026-05-15T01:35:17:       defaultPort: 80,
2026-05-15T01:35:17:       protocol: 'http:',
2026-05-15T01:35:17:       requests: [Object: null prototype] {},
2026-05-15T01:35:17:       sockets: [Object: null prototype] {},
2026-05-15T01:35:17:       freeSockets: [Object: null prototype],
2026-05-15T01:35:17:       keepAliveMsecs: 1000,
2026-05-15T01:35:17:       keepAlive: true,
2026-05-15T01:35:17:       maxSockets: Infinity,
2026-05-15T01:35:17:       maxFreeSockets: 256,
2026-05-15T01:35:17:       scheduling: 'lifo',
2026-05-15T01:35:17:       maxTotalSockets: Infinity,
2026-05-15T01:35:17:       totalSocketCount: 1,
2026-05-15T01:35:17:       agentKeepAliveTimeoutBuffer: 1000,
2026-05-15T01:35:17:       Symbol(shapeMode): false,
2026-05-15T01:35:17:       Symbol(kCapture): false
2026-05-15T01:35:17:     },
2026-05-15T01:35:17:     socketPath: undefined,
2026-05-15T01:35:17:     method: 'POST',
2026-05-15T01:35:17:     maxHeaderSize: undefined,
2026-05-15T01:35:17:     insecureHTTPParser: undefined,
2026-05-15T01:35:17:     joinDuplicateHeaders: undefined,
2026-05-15T01:35:17:     path: '/execute',
2026-05-15T01:35:17:     _ended: true,
2026-05-15T01:35:17:     res: IncomingMessage {
2026-05-15T01:35:17:       _events: [Object],
2026-05-15T01:35:17:       _readableState: [ReadableState],
2026-05-15T01:35:17:       _maxListeners: undefined,
2026-05-15T01:35:17:       socket: null,
2026-05-15T01:35:17:       httpVersionMajor: 1,
2026-05-15T01:35:17:       httpVersionMinor: 1,
2026-05-15T01:35:17:       httpVersion: '1.1',
2026-05-15T01:35:17:       complete: true,
2026-05-15T01:35:17:       rawHeaders: [Array],
2026-05-15T01:35:17:       rawTrailers: [],
2026-05-15T01:35:17:       joinDuplicateHeaders: undefined,
2026-05-15T01:35:17:       aborted: false,
2026-05-15T01:35:17:       upgrade: false,
2026-05-15T01:35:17:       url: '',
2026-05-15T01:35:17:       method: null,
2026-05-15T01:35:17:       statusCode: 400,
2026-05-15T01:35:17:       statusMessage: 'Bad Request',
2026-05-15T01:35:17:       client: [Socket],
2026-05-15T01:35:17:       _consuming: false,
2026-05-15T01:35:17:       _dumped: false,
2026-05-15T01:35:17:       req: [Circular *1],
2026-05-15T01:35:17:       _eventsCount: 4,
2026-05-15T01:35:17:       responseUrl: 'http://localhost:5001/execute',
2026-05-15T01:35:17:       redirects: [],
2026-05-15T01:35:17:       Symbol(shapeMode): true,
2026-05-15T01:35:17:       Symbol(kCapture): false,
2026-05-15T01:35:17:       Symbol(kHeaders): [Object],
2026-05-15T01:35:17:       Symbol(kHeadersCount): 36,
2026-05-15T01:35:17:       Symbol(kTrailers): null,
2026-05-15T01:35:17:       Symbol(kTrailersCount): 0
2026-05-15T01:35:17:     },
2026-05-15T01:35:17:     aborted: false,
2026-05-15T01:35:17:     timeoutCb: null,
2026-05-15T01:35:17:     upgradeOrConnect: false,
2026-05-15T01:35:17:     parser: null,
2026-05-15T01:35:17:     maxHeadersCount: null,
2026-05-15T01:35:17:     reusedSocket: false,
2026-05-15T01:35:17:     host: 'localhost',
2026-05-15T01:35:17:     protocol: 'http:',
2026-05-15T01:35:17:     _redirectable: Writable {
2026-05-15T01:35:17:       _events: [Object],
2026-05-15T01:35:17:       _writableState: [WritableState],
2026-05-15T01:35:17:       _maxListeners: undefined,
2026-05-15T01:35:17:       _options: [Object],
2026-05-15T01:35:17:       _ended: true,
2026-05-15T01:35:17:       _ending: true,
2026-05-15T01:35:17:       _redirectCount: 0,
2026-05-15T01:35:17:       _redirects: [],
2026-05-15T01:35:17:       _requestBodyLength: 589,
2026-05-15T01:35:17:       _requestBodyBuffers: [],
2026-05-15T01:35:17:       _eventsCount: 3,
2026-05-15T01:35:17:       _onNativeResponse: [Function (anonymous)],
2026-05-15T01:35:17:       _headerFilter: /^(?:Authorization|Proxy-Authorization|Cookie)$/i,
2026-05-15T01:35:17:       _currentRequest: [Circular *1],
2026-05-15T01:35:17:       _currentUrl: 'http://localhost:5001/execute',
2026-05-15T01:35:17:       _timeout: null,
2026-05-15T01:35:17:       Symbol(shapeMode): true,
2026-05-15T01:35:17:       Symbol(kCapture): false
2026-05-15T01:35:17:     },
2026-05-15T01:35:17:     Symbol(shapeMode): false,
2026-05-15T01:35:17:     Symbol(kCapture): false,
2026-05-15T01:35:17:     Symbol(kBytesWritten): 0,
2026-05-15T01:35:17:     Symbol(kNeedDrain): false,
2026-05-15T01:35:17:     Symbol(corked): 0,
2026-05-15T01:35:17:     Symbol(kChunkedBuffer): [],
2026-05-15T01:35:17:     Symbol(kChunkedLength): 0,
2026-05-15T01:35:17:     Symbol(kSocket): Socket {
2026-05-15T01:35:17:       connecting: false,
2026-05-15T01:35:17:       _hadError: false,
2026-05-15T01:35:17:       _parent: null,
2026-05-15T01:35:17:       _host: 'localhost',
2026-05-15T01:35:17:       _closeAfterHandlingError: false,
2026-05-15T01:35:17:       _events: [Object],
2026-05-15T01:35:17:       _readableState: [ReadableState],
2026-05-15T01:35:17:       _writableState: [WritableState],
2026-05-15T01:35:17:       allowHalfOpen: false,
2026-05-15T01:35:17:       _maxListeners: undefined,
2026-05-15T01:35:17:       _eventsCount: 6,
2026-05-15T01:35:17:       _sockname: null,
2026-05-15T01:35:17:       _pendingData: null,
2026-05-15T01:35:17:       _pendingEncoding: '',
2026-05-15T01:35:17:       server: null,
2026-05-15T01:35:17:       _server: null,
2026-05-15T01:35:17:       timeout: 4000,
2026-05-15T01:35:17:       parser: null,
2026-05-15T01:35:17:       _httpMessage: null,
2026-05-15T01:35:17:       autoSelectFamilyAttemptedAddresses: [Array],
2026-05-15T01:35:17:       Symbol(async_id_symbol): -1,
2026-05-15T01:35:17:       Symbol(kHandle): [TCP],
2026-05-15T01:35:17:       Symbol(lastWriteQueueSize): 0,
2026-05-15T01:35:17:       Symbol(timeout): Timeout {
2026-05-15T01:35:17:         _idleTimeout: 4000,
2026-05-15T01:35:17:         _idlePrev: [TimersList],
2026-05-15T01:35:17:         _idleNext: [TimersList],
2026-05-15T01:35:17:         _idleStart: 16686791,
2026-05-15T01:35:17:         _onTimeout: [Function: bound ],
2026-05-15T01:35:17:         _timerArgs: undefined,
2026-05-15T01:35:17:         _repeat: null,
2026-05-15T01:35:17:         _destroyed: false,
2026-05-15T01:35:17:         Symbol(refed): false,
2026-05-15T01:35:17:         Symbol(kHasPrimitive): false,
2026-05-15T01:35:17:         Symbol(asyncId): 2105,
2026-05-15T01:35:17:         Symbol(triggerId): 2103,
2026-05-15T01:35:17:         Symbol(kAsyncContextFrame): undefined
2026-05-15T01:35:17:       },
2026-05-15T01:35:17:       Symbol(kBuffer): null,
2026-05-15T01:35:17:       Symbol(kBufferCb): null,
2026-05-15T01:35:17:       Symbol(kBufferGen): null,
2026-05-15T01:35:17:       Symbol(shapeMode): true,
2026-05-15T01:35:17:       Symbol(kCapture): false,
2026-05-15T01:35:17:       Symbol(kSetNoDelay): true,
2026-05-15T01:35:17:       Symbol(kSetKeepAlive): true,
2026-05-15T01:35:17:       Symbol(kSetKeepAliveInitialDelay): 1,
2026-05-15T01:35:17:       Symbol(kBytesRead): 0,
2026-05-15T01:35:17:       Symbol(kBytesWritten): 0
2026-05-15T01:35:17:     },
2026-05-15T01:35:17:     Symbol(kOutHeaders): [Object: null prototype] {
2026-05-15T01:35:17:       accept: [Array],
2026-05-15T01:35:17:       'content-type': [Array],
2026-05-15T01:35:17:       'user-agent': [Array],
2026-05-15T01:35:17:       'content-length': [Array],
2026-05-15T01:35:17:       'accept-encoding': [Array],
2026-05-15T01:35:17:       host: [Array]
2026-05-15T01:35:17:     },
2026-05-15T01:35:17:     Symbol(errored): null,
2026-05-15T01:35:17:     Symbol(kHighWaterMark): 16384,
2026-05-15T01:35:17:     Symbol(kRejectNonStandardBodyWrites): false,
2026-05-15T01:35:17:     Symbol(kUniqueHeaders): null
2026-05-15T01:35:17:   },
2026-05-15T01:35:17:   response: {
2026-05-15T01:35:17:     status: 400,
2026-05-15T01:35:17:     statusText: 'Bad Request',
2026-05-15T01:35:17:     headers: Object [AxiosHeaders] {
2026-05-15T01:35:17:       'content-security-policy': "default-src 'self';base-uri 'self';font-src 'self' https: data:;form-action 'self';frame-ancestors 'self';img-src 'self' data:;object-src 'none';script-src 'self';script-src-attr 'none';style-src 'self' https: 'unsafe-inline';upgrade-insecure-requests",
2026-05-15T01:35:17:       'cross-origin-opener-policy': 'same-origin',
2026-05-15T01:35:17:       'cross-origin-resource-policy': 'same-origin',
2026-05-15T01:35:17:       'origin-agent-cluster': '?1',
2026-05-15T01:35:17:       'referrer-policy': 'no-referrer',
2026-05-15T01:35:17:       'strict-transport-security': 'max-age=31536000; includeSubDomains',
2026-05-15T01:35:17:       'x-content-type-options': 'nosniff',
2026-05-15T01:35:17:       'x-dns-prefetch-control': 'off',
2026-05-15T01:35:17:       'x-download-options': 'noopen',
2026-05-15T01:35:17:       'x-frame-options': 'SAMEORIGIN',
2026-05-15T01:35:17:       'x-permitted-cross-domain-policies': 'none',
2026-05-15T01:35:17:       'x-xss-protection': '0',
2026-05-15T01:35:17:       'content-type': 'application/json; charset=utf-8',
2026-05-15T01:35:17:       'content-length': '77',
2026-05-15T01:35:17:       etag: 'W/"4d-njSbWSevx/xLEnDq2B7bZFr8r/Y"',
2026-05-15T01:35:17:       date: 'Thu, 14 May 2026 20:05:17 GMT',
2026-05-15T01:35:17:       connection: 'keep-alive',
2026-05-15T01:35:17:       'keep-alive': 'timeout=5'
2026-05-15T01:35:17:     },
2026-05-15T01:35:17:     config: {
2026-05-15T01:35:17:       transitional: [Object],
2026-05-15T01:35:17:       adapter: [Array],
2026-05-15T01:35:17:       transformRequest: [Array],
2026-05-15T01:35:17:       transformResponse: [Array],
2026-05-15T01:35:17:       timeout: 120000,
2026-05-15T01:35:17:       xsrfCookieName: 'XSRF-TOKEN',
2026-05-15T01:35:17:       xsrfHeaderName: 'X-XSRF-TOKEN',
2026-05-15T01:35:17:       maxContentLength: -1,
2026-05-15T01:35:17:       maxBodyLength: -1,
2026-05-15T01:35:17:       env: [Object],
2026-05-15T01:35:17:       validateStatus: [Function: validateStatus],
2026-05-15T01:35:17:       headers: [Object [AxiosHeaders]],
2026-05-15T01:35:17:       method: 'post',
2026-05-15T01:35:17:       url: 'http://localhost:5001/execute',
2026-05-15T01:35:17:       data: '{"sourceCode":"/* Write your CSS here */\\nbody {\\n    margin: 0;\\n    padding: 0;\\n.flex-container {\\n    display: flex;\\n    flex-direction: row;\\n    flex-wrap: wrap;\\n    align-items: center;\\n    justify-content: space-evenly;\\n    gap: 10px;\\n}\\n}","language":"CSS","mode":"run","timeLimitMs":2000,"memoryLimitMb":256,"testCases":[{"id":"cmoyarvds00f2spog9s2intqi","input":"none","expectedOutput":"CSS flexbox with row, wrap, center, gap","isHidden":false},{"id":"cmoyarvds00f3spogn4hph9op","input":"none","expectedOutput":"CSS flexbox with row, wrap, center, gap","isHidden":false}]}',
2026-05-15T01:35:17:       allowAbsoluteUrls: true
2026-05-15T01:35:17:     },
2026-05-15T01:35:17:     request: <ref *1> ClientRequest {
2026-05-15T01:35:17:       _events: [Object: null prototype],
2026-05-15T01:35:17:       _eventsCount: 7,
2026-05-15T01:35:17:       _maxListeners: undefined,
2026-05-15T01:35:17:       outputData: [],
2026-05-15T01:35:17:       outputSize: 0,
2026-05-15T01:35:17:       writable: true,
2026-05-15T01:35:17:       destroyed: true,
2026-05-15T01:35:17:       _last: false,
2026-05-15T01:35:17:       chunkedEncoding: false,
2026-05-15T01:35:17:       shouldKeepAlive: true,
2026-05-15T01:35:17:       maxRequestsOnConnectionReached: false,
2026-05-15T01:35:17:       _defaultKeepAlive: true,
2026-05-15T01:35:17:       useChunkedEncodingByDefault: true,
2026-05-15T01:35:17:       sendDate: false,
2026-05-15T01:35:17:       _removedConnection: false,
2026-05-15T01:35:17:       _removedContLen: false,
2026-05-15T01:35:17:       _removedTE: false,
2026-05-15T01:35:17:       strictContentLength: false,
2026-05-15T01:35:17:       _contentLength: 589,
2026-05-15T01:35:17:       _hasBody: true,
2026-05-15T01:35:17:       _trailer: '',
2026-05-15T01:35:17:       finished: true,
2026-05-15T01:35:17:       _headerSent: true,
2026-05-15T01:35:17:       _closed: true,
2026-05-15T01:35:17:       _header: 'POST /execute HTTP/1.1\r\n' +
2026-05-15T01:35:17:         'Accept: application/json, text/plain, */*\r\n' +
2026-05-15T01:35:17:         'Content-Type: application/json\r\n' +
2026-05-15T01:35:17:         'User-Agent: axios/1.15.0\r\n' +
2026-05-15T01:35:17:         'Content-Length: 589\r\n' +
2026-05-15T01:35:17:         'Accept-Encoding: gzip, compress, deflate, br\r\n' +
2026-05-15T01:35:17:         'Host: localhost:5001\r\n' +
2026-05-15T01:35:17:         'Connection: keep-alive\r\n' +
2026-05-15T01:35:17:         '\r\n',
2026-05-15T01:35:17:       _keepAliveTimeout: 0,
2026-05-15T01:35:17:       _onPendingData: [Function: nop],
2026-05-15T01:35:17:       agent: [Agent],
2026-05-15T01:35:17:       socketPath: undefined,
2026-05-15T01:35:17:       method: 'POST',
2026-05-15T01:35:17:       maxHeaderSize: undefined,
2026-05-15T01:35:17:       insecureHTTPParser: undefined,
2026-05-15T01:35:17:       joinDuplicateHeaders: undefined,
2026-05-15T01:35:17:       path: '/execute',
2026-05-15T01:35:17:       _ended: true,
2026-05-15T01:35:17:       res: [IncomingMessage],
2026-05-15T01:35:17:       aborted: false,
2026-05-15T01:35:17:       timeoutCb: null,
2026-05-15T01:35:17:       upgradeOrConnect: false,
2026-05-15T01:35:17:       parser: null,
2026-05-15T01:35:17:       maxHeadersCount: null,
2026-05-15T01:35:17:       reusedSocket: false,
2026-05-15T01:35:17:       host: 'localhost',
2026-05-15T01:35:17:       protocol: 'http:',
2026-05-15T01:35:17:       _redirectable: [Writable],
2026-05-15T01:35:17:       Symbol(shapeMode): false,
2026-05-15T01:35:17:       Symbol(kCapture): false,
2026-05-15T01:35:17:       Symbol(kBytesWritten): 0,
2026-05-15T01:35:17:       Symbol(kNeedDrain): false,
2026-05-15T01:35:17:       Symbol(corked): 0,
2026-05-15T01:35:17:       Symbol(kChunkedBuffer): [],
2026-05-15T01:35:17:       Symbol(kChunkedLength): 0,
2026-05-15T01:35:17:       Symbol(kSocket): [Socket],
2026-05-15T01:35:17:       Symbol(kOutHeaders): [Object: null prototype],
2026-05-15T01:35:17:       Symbol(errored): null,
2026-05-15T01:35:17:       Symbol(kHighWaterMark): 16384,
2026-05-15T01:35:17:       Symbol(kRejectNonStandardBodyWrites): false,
2026-05-15T01:35:17:       Symbol(kUniqueHeaders): null
2026-05-15T01:35:17:     },
2026-05-15T01:35:17:     data: {
2026-05-15T01:35:17:       verdict: 'INTERNAL_ERROR',
2026-05-15T01:35:17:       message: 'Invalid request',
2026-05-15T01:35:17:       testCaseResults: []
2026-05-15T01:35:17:     }
2026-05-15T01:35:17:   },
2026-05-15T01:35:17:   status: 400
2026-05-15T01:35:17: }
2026-05-15T01:35:17: [0mPOST /api/submissions/execute [31m500[0m 21.175 ms - 81[0m
2026-05-15T01:35:17: [0mGET /api/problems/css-flexbox-v1 [36m304[0m 4.903 ms - -[0m
2026-05-15T01:36:40: [0mGET /api/problems/css-flexbox-v1 [36m304[0m 8.196 ms - -[0m
2026-05-15T01:36:40: AxiosError: Request failed with status code 400
2026-05-15T01:36:40:     at settle (file:///C:/Users/Anmol/OneDrive/Desktop/B/coding-portal/backend/node_modules/axios/lib/core/settle.js:20:7)
2026-05-15T01:36:40:     at IncomingMessage.handleStreamEnd (file:///C:/Users/Anmol/OneDrive/Desktop/B/coding-portal/backend/node_modules/axios/lib/adapters/http.js:849:13)
2026-05-15T01:36:40:     at IncomingMessage.emit (node:events:520:35)
2026-05-15T01:36:40:     at endReadableNT (node:internal/streams/readable:1701:12)
2026-05-15T01:36:40:     at process.processTicksAndRejections (node:internal/process/task_queues:89:21)
2026-05-15T01:36:40:     at Axios.request (file:///C:/Users/Anmol/OneDrive/Desktop/B/coding-portal/backend/node_modules/axios/lib/core/Axios.js:46:41)
2026-05-15T01:36:40:     at process.processTicksAndRejections (node:internal/process/task_queues:103:5)
2026-05-15T01:36:40:     at async executeInJudge (C:\Users\Anmol\OneDrive\Desktop\B\coding-portal\backend\src\services\judgeClient.ts:51:20)
2026-05-15T01:36:40:     at async <anonymous> (C:\Users\Anmol\OneDrive\Desktop\B\coding-portal\backend\src\routes\submissionRoutes.ts:86:25) {
2026-05-15T01:36:40:   isAxiosError: true,
2026-05-15T01:36:40:   code: 'ERR_BAD_REQUEST',
2026-05-15T01:36:40:   config: {
2026-05-15T01:36:40:     transitional: {
2026-05-15T01:36:40:       silentJSONParsing: true,
2026-05-15T01:36:40:       forcedJSONParsing: true,
2026-05-15T01:36:40:       clarifyTimeoutError: false,
2026-05-15T01:36:40:       legacyInterceptorReqResOrdering: true
2026-05-15T01:36:40:     },
2026-05-15T01:36:40:     adapter: [ 'xhr', 'http', 'fetch' ],
2026-05-15T01:36:40:     transformRequest: [ [Function: transformRequest] ],
2026-05-15T01:36:40:     transformResponse: [ [Function: transformResponse] ],
2026-05-15T01:36:40:     timeout: 120000,
2026-05-15T01:36:40:     xsrfCookieName: 'XSRF-TOKEN',
2026-05-15T01:36:40:     xsrfHeaderName: 'X-XSRF-TOKEN',
2026-05-15T01:36:40:     maxContentLength: -1,
2026-05-15T01:36:40:     maxBodyLength: -1,
2026-05-15T01:36:40:     env: { FormData: [Function], Blob: [class Blob] },
2026-05-15T01:36:40:     validateStatus: [Function: validateStatus],
2026-05-15T01:36:40:     headers: Object [AxiosHeaders] {
2026-05-15T01:36:40:       Accept: 'application/json, text/plain, */*',
2026-05-15T01:36:40:       'Content-Type': 'application/json',
2026-05-15T01:36:40:       'User-Agent': 'axios/1.15.0',
2026-05-15T01:36:40:       'Content-Length': '589',
2026-05-15T01:36:40:       'Accept-Encoding': 'gzip, compress, deflate, br'
2026-05-15T01:36:40:     },
2026-05-15T01:36:40:     method: 'post',
2026-05-15T01:36:40:     url: 'http://localhost:5001/execute',
2026-05-15T01:36:40:     data: '{"sourceCode":"/* Write your CSS here */\\nbody {\\n    margin: 0;\\n    padding: 0;\\n.flex-container {\\n    display: flex;\\n    flex-direction: row;\\n    flex-wrap: wrap;\\n    align-items: center;\\n    justify-content: space-evenly;\\n    gap: 10px;\\n}\\n}","language":"CSS","mode":"run","timeLimitMs":2000,"memoryLimitMb":256,"testCases":[{"id":"cmoyarvds00f2spog9s2intqi","input":"none","expectedOutput":"CSS flexbox with row, wrap, center, gap","isHidden":false},{"id":"cmoyarvds00f3spogn4hph9op","input":"none","expectedOutput":"CSS flexbox with row, wrap, center, gap","isHidden":false}]}',
2026-05-15T01:36:40:     allowAbsoluteUrls: true
2026-05-15T01:36:40:   },
2026-05-15T01:36:40:   request: <ref *1> ClientRequest {
2026-05-15T01:36:40:     _events: [Object: null prototype] {
2026-05-15T01:36:40:       abort: [Function (anonymous)],
2026-05-15T01:36:40:       aborted: [Function (anonymous)],
2026-05-15T01:36:40:       connect: [Function (anonymous)],
2026-05-15T01:36:40:       error: [Function (anonymous)],
2026-05-15T01:36:40:       socket: [Function (anonymous)],
2026-05-15T01:36:40:       timeout: [Function (anonymous)],
2026-05-15T01:36:40:       finish: [Function: requestOnFinish]
2026-05-15T01:36:40:     },
2026-05-15T01:36:40:     _eventsCount: 7,
2026-05-15T01:36:40:     _maxListeners: undefined,
2026-05-15T01:36:40:     outputData: [],
2026-05-15T01:36:40:     outputSize: 0,
2026-05-15T01:36:40:     writable: true,
2026-05-15T01:36:40:     destroyed: true,
2026-05-15T01:36:40:     _last: false,
2026-05-15T01:36:40:     chunkedEncoding: false,
2026-05-15T01:36:40:     shouldKeepAlive: true,
2026-05-15T01:36:40:     maxRequestsOnConnectionReached: false,
2026-05-15T01:36:40:     _defaultKeepAlive: true,
2026-05-15T01:36:40:     useChunkedEncodingByDefault: true,
2026-05-15T01:36:40:     sendDate: false,
2026-05-15T01:36:40:     _removedConnection: false,
2026-05-15T01:36:40:     _removedContLen: false,
2026-05-15T01:36:40:     _removedTE: false,
2026-05-15T01:36:40:     strictContentLength: false,
2026-05-15T01:36:40:     _contentLength: 589,
2026-05-15T01:36:40:     _hasBody: true,
2026-05-15T01:36:40:     _trailer: '',
2026-05-15T01:36:40:     finished: true,
2026-05-15T01:36:40:     _headerSent: true,
2026-05-15T01:36:40:     _closed: true,
2026-05-15T01:36:40:     _header: 'POST /execute HTTP/1.1\r\n' +
2026-05-15T01:36:40:       'Accept: application/json, text/plain, */*\r\n' +
2026-05-15T01:36:40:       'Content-Type: application/json\r\n' +
2026-05-15T01:36:40:       'User-Agent: axios/1.15.0\r\n' +
2026-05-15T01:36:40:       'Content-Length: 589\r\n' +
2026-05-15T01:36:40:       'Accept-Encoding: gzip, compress, deflate, br\r\n' +
2026-05-15T01:36:40:       'Host: localhost:5001\r\n' +
2026-05-15T01:36:40:       'Connection: keep-alive\r\n' +
2026-05-15T01:36:40:       '\r\n',
2026-05-15T01:36:40:     _keepAliveTimeout: 0,
2026-05-15T01:36:40:     _onPendingData: [Function: nop],
2026-05-15T01:36:40:     agent: Agent {
2026-05-15T01:36:40:       _events: [Object: null prototype],
2026-05-15T01:36:40:       _eventsCount: 2,
2026-05-15T01:36:40:       _maxListeners: undefined,
2026-05-15T01:36:40:       options: [Object: null prototype],
2026-05-15T01:36:40:       defaultPort: 80,
2026-05-15T01:36:40:       protocol: 'http:',
2026-05-15T01:36:40:       requests: [Object: null prototype] {},
2026-05-15T01:36:40:       sockets: [Object: null prototype] {},
2026-05-15T01:36:40:       freeSockets: [Object: null prototype],
2026-05-15T01:36:40:       keepAliveMsecs: 1000,
2026-05-15T01:36:40:       keepAlive: true,
2026-05-15T01:36:40:       maxSockets: Infinity,
2026-05-15T01:36:40:       maxFreeSockets: 256,
2026-05-15T01:36:40:       scheduling: 'lifo',
2026-05-15T01:36:40:       maxTotalSockets: Infinity,
2026-05-15T01:36:40:       totalSocketCount: 1,
2026-05-15T01:36:40:       agentKeepAliveTimeoutBuffer: 1000,
2026-05-15T01:36:40:       Symbol(shapeMode): false,
2026-05-15T01:36:40:       Symbol(kCapture): false
2026-05-15T01:36:40:     },
2026-05-15T01:36:40:     socketPath: undefined,
2026-05-15T01:36:40:     method: 'POST',
2026-05-15T01:36:40:     maxHeaderSize: undefined,
2026-05-15T01:36:40:     insecureHTTPParser: undefined,
2026-05-15T01:36:40:     joinDuplicateHeaders: undefined,
2026-05-15T01:36:40:     path: '/execute',
2026-05-15T01:36:40:     _ended: true,
2026-05-15T01:36:40:     res: IncomingMessage {
2026-05-15T01:36:40:       _events: [Object],
2026-05-15T01:36:40:       _readableState: [ReadableState],
2026-05-15T01:36:40:       _maxListeners: undefined,
2026-05-15T01:36:40:       socket: null,
2026-05-15T01:36:40:       httpVersionMajor: 1,
2026-05-15T01:36:40:       httpVersionMinor: 1,
2026-05-15T01:36:40:       httpVersion: '1.1',
2026-05-15T01:36:40:       complete: true,
2026-05-15T01:36:40:       rawHeaders: [Array],
2026-05-15T01:36:40:       rawTrailers: [],
2026-05-15T01:36:40:       joinDuplicateHeaders: undefined,
2026-05-15T01:36:40:       aborted: false,
2026-05-15T01:36:40:       upgrade: false,
2026-05-15T01:36:40:       url: '',
2026-05-15T01:36:40:       method: null,
2026-05-15T01:36:40:       statusCode: 400,
2026-05-15T01:36:40:       statusMessage: 'Bad Request',
2026-05-15T01:36:40:       client: [Socket],
2026-05-15T01:36:40:       _consuming: false,
2026-05-15T01:36:40:       _dumped: false,
2026-05-15T01:36:40:       req: [Circular *1],
2026-05-15T01:36:40:       _eventsCount: 4,
2026-05-15T01:36:40:       responseUrl: 'http://localhost:5001/execute',
2026-05-15T01:36:40:       redirects: [],
2026-05-15T01:36:40:       Symbol(shapeMode): true,
2026-05-15T01:36:40:       Symbol(kCapture): false,
2026-05-15T01:36:40:       Symbol(kHeaders): [Object],
2026-05-15T01:36:40:       Symbol(kHeadersCount): 36,
2026-05-15T01:36:40:       Symbol(kTrailers): null,
2026-05-15T01:36:40:       Symbol(kTrailersCount): 0
2026-05-15T01:36:40:     },
2026-05-15T01:36:40:     aborted: false,
2026-05-15T01:36:40:     timeoutCb: null,
2026-05-15T01:36:40:     upgradeOrConnect: false,
2026-05-15T01:36:40:     parser: null,
2026-05-15T01:36:40:     maxHeadersCount: null,
2026-05-15T01:36:40:     reusedSocket: false,
2026-05-15T01:36:40:     host: 'localhost',
2026-05-15T01:36:40:     protocol: 'http:',
2026-05-15T01:36:40:     _redirectable: Writable {
2026-05-15T01:36:40:       _events: [Object],
2026-05-15T01:36:40:       _writableState: [WritableState],
2026-05-15T01:36:40:       _maxListeners: undefined,
2026-05-15T01:36:40:       _options: [Object],
2026-05-15T01:36:40:       _ended: true,
2026-05-15T01:36:40:       _ending: true,
2026-05-15T01:36:40:       _redirectCount: 0,
2026-05-15T01:36:40:       _redirects: [],
2026-05-15T01:36:40:       _requestBodyLength: 589,
2026-05-15T01:36:40:       _requestBodyBuffers: [],
2026-05-15T01:36:40:       _eventsCount: 3,
2026-05-15T01:36:40:       _onNativeResponse: [Function (anonymous)],
2026-05-15T01:36:40:       _headerFilter: /^(?:Authorization|Proxy-Authorization|Cookie)$/i,
2026-05-15T01:36:40:       _currentRequest: [Circular *1],
2026-05-15T01:36:40:       _currentUrl: 'http://localhost:5001/execute',
2026-05-15T01:36:40:       _timeout: null,
2026-05-15T01:36:40:       Symbol(shapeMode): true,
2026-05-15T01:36:40:       Symbol(kCapture): false
2026-05-15T01:36:40:     },
2026-05-15T01:36:40:     Symbol(shapeMode): false,
2026-05-15T01:36:40:     Symbol(kCapture): false,
2026-05-15T01:36:40:     Symbol(kBytesWritten): 0,
2026-05-15T01:36:40:     Symbol(kNeedDrain): false,
2026-05-15T01:36:40:     Symbol(corked): 0,
2026-05-15T01:36:40:     Symbol(kChunkedBuffer): [],
2026-05-15T01:36:40:     Symbol(kChunkedLength): 0,
2026-05-15T01:36:40:     Symbol(kSocket): Socket {
2026-05-15T01:36:40:       connecting: false,
2026-05-15T01:36:40:       _hadError: false,
2026-05-15T01:36:40:       _parent: null,
2026-05-15T01:36:40:       _host: 'localhost',
2026-05-15T01:36:40:       _closeAfterHandlingError: false,
2026-05-15T01:36:40:       _events: [Object],
2026-05-15T01:36:40:       _readableState: [ReadableState],
2026-05-15T01:36:40:       _writableState: [WritableState],
2026-05-15T01:36:40:       allowHalfOpen: false,
2026-05-15T01:36:40:       _maxListeners: undefined,
2026-05-15T01:36:40:       _eventsCount: 6,
2026-05-15T01:36:40:       _sockname: null,
2026-05-15T01:36:40:       _pendingData: null,
2026-05-15T01:36:40:       _pendingEncoding: '',
2026-05-15T01:36:40:       server: null,
2026-05-15T01:36:40:       _server: null,
2026-05-15T01:36:40:       timeout: 4000,
2026-05-15T01:36:40:       parser: null,
2026-05-15T01:36:40:       _httpMessage: null,
2026-05-15T01:36:40:       autoSelectFamilyAttemptedAddresses: [Array],
2026-05-15T01:36:40:       Symbol(async_id_symbol): -1,
2026-05-15T01:36:40:       Symbol(kHandle): [TCP],
2026-05-15T01:36:40:       Symbol(lastWriteQueueSize): 0,
2026-05-15T01:36:40:       Symbol(timeout): Timeout {
2026-05-15T01:36:40:         _idleTimeout: 4000,
2026-05-15T01:36:40:         _idlePrev: [TimersList],
2026-05-15T01:36:40:         _idleNext: [TimersList],
2026-05-15T01:36:40:         _idleStart: 16769314,
2026-05-15T01:36:40:         _onTimeout: [Function: bound ],
2026-05-15T01:36:40:         _timerArgs: undefined,
2026-05-15T01:36:40:         _repeat: null,
2026-05-15T01:36:40:         _destroyed: false,
2026-05-15T01:36:40:         Symbol(refed): false,
2026-05-15T01:36:40:         Symbol(kHasPrimitive): false,
2026-05-15T01:36:40:         Symbol(asyncId): 2205,
2026-05-15T01:36:40:         Symbol(triggerId): 2203,
2026-05-15T01:36:40:         Symbol(kAsyncContextFrame): undefined
2026-05-15T01:36:40:       },
2026-05-15T01:36:40:       Symbol(kBuffer): null,
2026-05-15T01:36:40:       Symbol(kBufferCb): null,
2026-05-15T01:36:40:       Symbol(kBufferGen): null,
2026-05-15T01:36:40:       Symbol(shapeMode): true,
2026-05-15T01:36:40:       Symbol(kCapture): false,
2026-05-15T01:36:40:       Symbol(kSetNoDelay): true,
2026-05-15T01:36:40:       Symbol(kSetKeepAlive): true,
2026-05-15T01:36:40:       Symbol(kSetKeepAliveInitialDelay): 1,
2026-05-15T01:36:40:       Symbol(kBytesRead): 0,
2026-05-15T01:36:40:       Symbol(kBytesWritten): 0
2026-05-15T01:36:40:     },
2026-05-15T01:36:40:     Symbol(kOutHeaders): [Object: null prototype] {
2026-05-15T01:36:40:       accept: [Array],
2026-05-15T01:36:40:       'content-type': [Array],
2026-05-15T01:36:40:       'user-agent': [Array],
2026-05-15T01:36:40:       'content-length': [Array],
2026-05-15T01:36:40:       'accept-encoding': [Array],
2026-05-15T01:36:40:       host: [Array]
2026-05-15T01:36:40:     },
2026-05-15T01:36:40:     Symbol(errored): null,
2026-05-15T01:36:40:     Symbol(kHighWaterMark): 16384,
2026-05-15T01:36:40:     Symbol(kRejectNonStandardBodyWrites): false,
2026-05-15T01:36:40:     Symbol(kUniqueHeaders): null
2026-05-15T01:36:40:   },
2026-05-15T01:36:40:   response: {
2026-05-15T01:36:40:     status: 400,
2026-05-15T01:36:40:     statusText: 'Bad Request',
2026-05-15T01:36:40:     headers: Object [AxiosHeaders] {
2026-05-15T01:36:40:       'content-security-policy': "default-src 'self';base-uri 'self';font-src 'self' https: data:;form-action 'self';frame-ancestors 'self';img-src 'self' data:;object-src 'none';script-src 'self';script-src-attr 'none';style-src 'self' https: 'unsafe-inline';upgrade-insecure-requests",
2026-05-15T01:36:40:       'cross-origin-opener-policy': 'same-origin',
2026-05-15T01:36:40:       'cross-origin-resource-policy': 'same-origin',
2026-05-15T01:36:40:       'origin-agent-cluster': '?1',
2026-05-15T01:36:40:       'referrer-policy': 'no-referrer',
2026-05-15T01:36:40:       'strict-transport-security': 'max-age=31536000; includeSubDomains',
2026-05-15T01:36:40:       'x-content-type-options': 'nosniff',
2026-05-15T01:36:40:       'x-dns-prefetch-control': 'off',
2026-05-15T01:36:40:       'x-download-options': 'noopen',
2026-05-15T01:36:40:       'x-frame-options': 'SAMEORIGIN',
2026-05-15T01:36:40:       'x-permitted-cross-domain-policies': 'none',
2026-05-15T01:36:40:       'x-xss-protection': '0',
2026-05-15T01:36:40:       'content-type': 'application/json; charset=utf-8',
2026-05-15T01:36:40:       'content-length': '77',
2026-05-15T01:36:40:       etag: 'W/"4d-njSbWSevx/xLEnDq2B7bZFr8r/Y"',
2026-05-15T01:36:40:       date: 'Thu, 14 May 2026 20:06:40 GMT',
2026-05-15T01:36:40:       connection: 'keep-alive',
2026-05-15T01:36:40:       'keep-alive': 'timeout=5'
2026-05-15T01:36:40:     },
2026-05-15T01:36:40:     config: {
2026-05-15T01:36:40:       transitional: [Object],
2026-05-15T01:36:40:       adapter: [Array],
2026-05-15T01:36:40:       transformRequest: [Array],
2026-05-15T01:36:40:       transformResponse: [Array],
2026-05-15T01:36:40:       timeout: 120000,
2026-05-15T01:36:40:       xsrfCookieName: 'XSRF-TOKEN',
2026-05-15T01:36:40:       xsrfHeaderName: 'X-XSRF-TOKEN',
2026-05-15T01:36:40:       maxContentLength: -1,
2026-05-15T01:36:40:       maxBodyLength: -1,
2026-05-15T01:36:40:       env: [Object],
2026-05-15T01:36:40:       validateStatus: [Function: validateStatus],
2026-05-15T01:36:40:       headers: [Object [AxiosHeaders]],
2026-05-15T01:36:40:       method: 'post',
2026-05-15T01:36:40:       url: 'http://localhost:5001/execute',
2026-05-15T01:36:40:       data: '{"sourceCode":"/* Write your CSS here */\\nbody {\\n    margin: 0;\\n    padding: 0;\\n.flex-container {\\n    display: flex;\\n    flex-direction: row;\\n    flex-wrap: wrap;\\n    align-items: center;\\n    justify-content: space-evenly;\\n    gap: 10px;\\n}\\n}","language":"CSS","mode":"run","timeLimitMs":2000,"memoryLimitMb":256,"testCases":[{"id":"cmoyarvds00f2spog9s2intqi","input":"none","expectedOutput":"CSS flexbox with row, wrap, center, gap","isHidden":false},{"id":"cmoyarvds00f3spogn4hph9op","input":"none","expectedOutput":"CSS flexbox with row, wrap, center, gap","isHidden":false}]}',
2026-05-15T01:36:40:       allowAbsoluteUrls: true
2026-05-15T01:36:40:     },
2026-05-15T01:36:40:     request: <ref *1> ClientRequest {
2026-05-15T01:36:40:       _events: [Object: null prototype],
2026-05-15T01:36:40:       _eventsCount: 7,
2026-05-15T01:36:40:       _maxListeners: undefined,
2026-05-15T01:36:40:       outputData: [],
2026-05-15T01:36:40:       outputSize: 0,
2026-05-15T01:36:40:       writable: true,
2026-05-15T01:36:40:       destroyed: true,
2026-05-15T01:36:40:       _last: false,
2026-05-15T01:36:40:       chunkedEncoding: false,
2026-05-15T01:36:40:       shouldKeepAlive: true,
2026-05-15T01:36:40:       maxRequestsOnConnectionReached: false,
2026-05-15T01:36:40:       _defaultKeepAlive: true,
2026-05-15T01:36:40:       useChunkedEncodingByDefault: true,
2026-05-15T01:36:40:       sendDate: false,
2026-05-15T01:36:40:       _removedConnection: false,
2026-05-15T01:36:40:       _removedContLen: false,
2026-05-15T01:36:40:       _removedTE: false,
2026-05-15T01:36:40:       strictContentLength: false,
2026-05-15T01:36:40:       _contentLength: 589,
2026-05-15T01:36:40:       _hasBody: true,
2026-05-15T01:36:40:       _trailer: '',
2026-05-15T01:36:40:       finished: true,
2026-05-15T01:36:40:       _headerSent: true,
2026-05-15T01:36:40:       _closed: true,
2026-05-15T01:36:40:       _header: 'POST /execute HTTP/1.1\r\n' +
2026-05-15T01:36:40:         'Accept: application/json, text/plain, */*\r\n' +
2026-05-15T01:36:40:         'Content-Type: application/json\r\n' +
2026-05-15T01:36:40:         'User-Agent: axios/1.15.0\r\n' +
2026-05-15T01:36:40:         'Content-Length: 589\r\n' +
2026-05-15T01:36:40:         'Accept-Encoding: gzip, compress, deflate, br\r\n' +
2026-05-15T01:36:40:         'Host: localhost:5001\r\n' +
2026-05-15T01:36:40:         'Connection: keep-alive\r\n' +
2026-05-15T01:36:40:         '\r\n',
2026-05-15T01:36:40:       _keepAliveTimeout: 0,
2026-05-15T01:36:40:       _onPendingData: [Function: nop],
2026-05-15T01:36:40:       agent: [Agent],
2026-05-15T01:36:40:       socketPath: undefined,
2026-05-15T01:36:40:       method: 'POST',
2026-05-15T01:36:40:       maxHeaderSize: undefined,
2026-05-15T01:36:40:       insecureHTTPParser: undefined,
2026-05-15T01:36:40:       joinDuplicateHeaders: undefined,
2026-05-15T01:36:40:       path: '/execute',
2026-05-15T01:36:40:       _ended: true,
2026-05-15T01:36:40:       res: [IncomingMessage],
2026-05-15T01:36:40:       aborted: false,
2026-05-15T01:36:40:       timeoutCb: null,
2026-05-15T01:36:40:       upgradeOrConnect: false,
2026-05-15T01:36:40:       parser: null,
2026-05-15T01:36:40:       maxHeadersCount: null,
2026-05-15T01:36:40:       reusedSocket: false,
2026-05-15T01:36:40:       host: 'localhost',
2026-05-15T01:36:40:       protocol: 'http:',
2026-05-15T01:36:40:       _redirectable: [Writable],
2026-05-15T01:36:40:       Symbol(shapeMode): false,
2026-05-15T01:36:40:       Symbol(kCapture): false,
2026-05-15T01:36:40:       Symbol(kBytesWritten): 0,
2026-05-15T01:36:40:       Symbol(kNeedDrain): false,
2026-05-15T01:36:40:       Symbol(corked): 0,
2026-05-15T01:36:40:       Symbol(kChunkedBuffer): [],
2026-05-15T01:36:40:       Symbol(kChunkedLength): 0,
2026-05-15T01:36:40:       Symbol(kSocket): [Socket],
2026-05-15T01:36:40:       Symbol(kOutHeaders): [Object: null prototype],
2026-05-15T01:36:40:       Symbol(errored): null,
2026-05-15T01:36:40:       Symbol(kHighWaterMark): 16384,
2026-05-15T01:36:40:       Symbol(kRejectNonStandardBodyWrites): false,
2026-05-15T01:36:40:       Symbol(kUniqueHeaders): null
2026-05-15T01:36:40:     },
2026-05-15T01:36:40:     data: {
2026-05-15T01:36:40:       verdict: 'INTERNAL_ERROR',
2026-05-15T01:36:40:       message: 'Invalid request',
2026-05-15T01:36:40:       testCaseResults: []
2026-05-15T01:36:40:     }
2026-05-15T01:36:40:   },
2026-05-15T01:36:40:   status: 400
2026-05-15T01:36:40: }
2026-05-15T01:36:40: [0mPOST /api/submissions/execute [31m500[0m 19.253 ms - 81[0m
2026-05-15T01:36:40: [0mGET /api/problems/css-flexbox-v1 [36m304[0m 4.760 ms - -[0m
2026-05-15T01:36:46: [0mGET /api/problems [36m304[0m 12.920 ms - -[0m
2026-05-15T01:36:46: [0mGET /api/problems [36m304[0m 10.296 ms - -[0m
2026-05-15T01:36:51: [0mGET /api/problems/ds-binary-tree-height-v1 [32m200[0m 5.992 ms - 1720[0m
2026-05-15T01:36:51: [0mGET /api/problems/ds-binary-tree-height-v1 [36m304[0m 6.581 ms - -[0m
2026-05-16T09:28:42: Backend running on http://localhost:4000
2026-05-16T11:17:55: Backend running on http://localhost:4000
2026-05-17T01:23:51: Backend running on http://localhost:4000
2026-05-17T02:26:37: Backend running on http://localhost:4000
2026-05-17T02:26:39: Backend running on http://localhost:4000
2026-05-17T12:20:34: Backend running on http://localhost:4000
2026-05-17T12:21:53: [0mHEAD / [33m404[0m 8.197 ms - 29[0m
2026-05-17T12:22:45: [0mHEAD / [33m404[0m 0.989 ms - 29[0m
2026-05-17T12:39:44: [0mGET /api/auth/me [33m401[0m 6.572 ms - 26[0m
2026-05-17T12:39:45: [0mGET /api/problems [32m200[0m 146.869 ms - 54463[0m
2026-05-17T12:39:59: [0mGET /api/problems [36m304[0m 18.979 ms - -[0m
2026-05-17T12:39:59: [0mGET /api/problems [36m304[0m 17.347 ms - -[0m
2026-05-17T12:40:56: [0mGET /api/problems [36m304[0m 14.700 ms - -[0m
2026-05-17T12:40:56: [0mGET /api/problems [36m304[0m 14.758 ms - -[0m
2026-05-17T12:51:30: [0mGET /api/auth/me [33m401[0m 1.048 ms - 26[0m
2026-05-17T12:51:31: [0mGET /api/problems [36m304[0m 28.834 ms - -[0m
2026-05-17T12:51:49: [0mGET /api/problems [36m304[0m 12.012 ms - -[0m
2026-05-17T12:51:49: [0mGET /api/problems [36m304[0m 10.283 ms - -[0m
2026-05-17T12:51:52: [0mGET /api/auth/me [33m401[0m 0.567 ms - 26[0m
2026-05-17T12:51:54: [0mGET /api/problems [36m304[0m 11.722 ms - -[0m
2026-05-17T12:51:54: [0mGET /api/problems [36m304[0m 10.561 ms - -[0m
2026-05-17T12:51:56: [0mGET /api/auth/me [33m401[0m 0.782 ms - 26[0m
2026-05-17T12:51:57: [0mGET /api/problems [36m304[0m 13.575 ms - -[0m
2026-05-17T12:51:57: [0mGET /api/auth/me [33m401[0m 0.798 ms - 26[0m
2026-05-17T12:51:57: [0mGET /api/problems [32m200[0m 13.482 ms - 54463[0m
2026-05-17T12:51:59: [0mGET /api/auth/me [33m401[0m 0.523 ms - 26[0m
2026-05-17T12:52:00: [0mGET /api/problems [36m304[0m 13.464 ms - -[0m
2026-05-17T12:52:02: [0mGET /api/auth/me [33m401[0m 0.472 ms - 26[0m
2026-05-17T12:52:03: [0mGET /api/problems [36m304[0m 24.987 ms - -[0m
2026-05-17T12:53:57: [0mGET /api/problems [36m304[0m 13.234 ms - -[0m
2026-05-17T12:53:57: [0mGET /api/problems [36m304[0m 11.817 ms - -[0m
2026-05-17T12:54:01: [0mGET /api/problems [36m304[0m 13.440 ms - -[0m
2026-05-17T12:54:02: [0mGET /api/problems [36m304[0m 19.855 ms - -[0m
2026-05-17T12:54:05: [0mGET /api/auth/me [33m401[0m 0.642 ms - 26[0m
2026-05-17T12:54:06: [0mGET /api/problems [36m304[0m 17.542 ms - -[0m
2026-05-17T12:54:53: [0mGET /api/auth/me [33m401[0m 0.651 ms - 26[0m
2026-05-17T12:54:54: [0mGET /api/problems [36m304[0m 9.343 ms - -[0m
2026-05-17T12:55:19: [0mGET /api/auth/me [33m401[0m 0.575 ms - 26[0m
2026-05-17T12:55:20: [0mGET /api/problems [36m304[0m 13.670 ms - -[0m
2026-05-17T12:55:29: [0mGET /api/auth/me [33m401[0m 0.599 ms - 26[0m
2026-05-17T12:55:30: [0mGET /api/problems [36m304[0m 10.975 ms - -[0m
2026-05-17T12:56:52: [0mGET /api/auth/me [33m401[0m 0.462 ms - 26[0m
2026-05-17T13:00:00: [0mGET /api/auth/me [33m401[0m 0.666 ms - 26[0m
2026-05-17T13:00:01: [0mGET /api/problems [36m304[0m 12.114 ms - -[0m
2026-05-17T13:00:11: [0mGET /api/auth/me [33m401[0m 0.591 ms - 26[0m
2026-05-17T13:00:11: [0mGET /api/problems [36m304[0m 11.566 ms - -[0m
2026-05-17T13:39:39: [0mGET /api/auth/me [33m401[0m 1.169 ms - 26[0m
2026-05-17T13:39:40: [0mGET /api/problems [36m304[0m 16.083 ms - -[0m
2026-05-17T13:42:05: [0mGET /api/auth/me [33m401[0m 0.420 ms - 26[0m
2026-05-17T13:46:31: [0mGET /api/auth/me [33m401[0m 0.710 ms - 26[0m
2026-05-17T13:46:32: [0mGET /api/problems [36m304[0m 14.815 ms - -[0m
2026-05-18T09:22:54: Backend running on http://localhost:4000
2026-05-18T09:23:07: [0mGET / [33m404[0m 37.587 ms - 29[0m
2026-05-18T09:23:38: [0mGET /api/health [32m200[0m 1.563 ms - 15[0m
2026-05-18T09:38:19: [0mGET /api/auth/me [33m401[0m 20.697 ms - 26[0m
2026-05-18T09:38:20: [0mPOST /api/auth/sso [32m200[0m 103.974 ms - 771[0m
2026-05-18T09:38:20: [0mGET /api/profile/me [36m304[0m 36.899 ms - -[0m
2026-05-18T09:38:20: [0mGET /api/problems [32m200[0m 47.510 ms - 54460[0m
2026-05-18T09:38:27: [0mGET /api/journeys [36m304[0m 16.765 ms - -[0m
2026-05-18T09:38:28: [0mGET /api/journeys [36m304[0m 11.315 ms - -[0m
2026-05-18T09:38:29: [0mGET /api/submissions/me [36m304[0m 4.689 ms - -[0m
2026-05-18T09:38:29: [0mGET /api/submissions/me [36m304[0m 3.800 ms - -[0m
2026-05-18T09:38:30: [0mGET /api/profile/me [36m304[0m 21.419 ms - -[0m
2026-05-18T09:38:30: [0mGET /api/profile/me [36m304[0m 14.744 ms - -[0m
2026-05-18T09:38:33: [0mGET /api/problems [36m304[0m 13.191 ms - -[0m
2026-05-18T09:38:33: [0mGET /api/problems [36m304[0m 13.619 ms - -[0m
2026-05-18T09:38:40: [0mGET /api/problems?difficulty=EASY [32m200[0m 7.873 ms - 10860[0m
2026-05-18T09:38:40: [0mGET /api/problems [36m304[0m 15.512 ms - -[0m
2026-05-18T09:38:53: [0mGET /api/problems?difficulty=EASY [36m304[0m 10.673 ms - -[0m
2026-05-18T09:38:53: [0mGET /api/problems [36m304[0m 20.547 ms - -[0m
2026-05-18T09:39:05: [0mGET /api/problems?tag=h [32m200[0m 11.167 ms - 14725[0m
2026-05-18T09:39:05: [0mGET /api/problems?tag=h [36m304[0m 13.875 ms - -[0m
2026-05-18T09:39:08: [0mGET /api/problems?tag=ht [32m200[0m 15.478 ms - 4654[0m
2026-05-18T09:39:08: [0mGET /api/problems?tag=ht [36m304[0m 11.473 ms - -[0m
2026-05-18T09:39:11: [0mGET /api/problems?tag=htm [32m200[0m 22.735 ms - 4654[0m
2026-05-18T09:39:11: [0mGET /api/problems?tag=htm [36m304[0m 12.001 ms - -[0m
2026-05-18T09:39:14: [0mGET /api/problems?tag=html [32m200[0m 12.350 ms - 4654[0m
2026-05-18T09:39:14: [0mGET /api/problems?tag=html [36m304[0m 14.143 ms - -[0m
2026-05-18T09:39:24: [0mGET /api/problems?tag=html&language=PYTHON [32m200[0m 33.225 ms - 15[0m
2026-05-18T09:39:24: [0mGET /api/problems [36m304[0m 37.290 ms - -[0m
2026-05-18T09:39:40: [0mGET /api/problems?language=CSS [32m200[0m 23.644 ms - 4679[0m
2026-05-18T09:39:40: [0mGET /api/problems [36m304[0m 21.032 ms - -[0m
2026-05-18T09:39:49: [0mGET /api/problems?language=CSS [36m304[0m 22.246 ms - -[0m
2026-05-18T09:39:49: [0mGET /api/problems [36m304[0m 22.897 ms - -[0m
2026-05-18T12:17:39: [0mGET /api/auth/me [36m304[0m 158.740 ms - -[0m
2026-05-18T12:17:40: [0mGET /api/profile/me [36m304[0m 34.680 ms - -[0m
2026-05-18T12:17:40: [0mGET /api/problems [36m304[0m 24.067 ms - -[0m
2026-05-18T12:17:45: [0mGET /api/auth/me [36m304[0m 6.758 ms - -[0m
2026-05-18T12:17:45: [0mGET /api/profile/me [36m304[0m 30.754 ms - -[0m
2026-05-18T12:17:46: [0mGET /api/problems [36m304[0m 15.906 ms - -[0m
2026-05-18T12:37:24: [0mGET /api/auth/me [36m304[0m 193.411 ms - -[0m
2026-05-18T12:37:28: [0mGET /api/profile/me [36m304[0m 45.790 ms - -[0m
2026-05-18T12:37:28: [0mGET /api/problems [36m304[0m 36.733 ms - -[0m
2026-05-18T12:42:43: [0mGET /api/auth/me [36m304[0m 14.110 ms - -[0m
2026-05-18T12:43:59: [0mGET /api/profile/me [36m304[0m 40.592 ms - -[0m
2026-05-18T12:44:09: [0mGET /api/problems [36m304[0m 35.877 ms - -[0m
2026-05-18T13:57:12: [0mGET /api/auth/me [36m304[0m 136.503 ms - -[0m
2026-05-18T13:57:12: [0mGET /api/profile/me [36m304[0m 25.110 ms - -[0m
2026-05-18T13:57:13: [0mGET /api/problems [36m304[0m 53.955 ms - -[0m
2026-05-18T14:01:14: [0mGET /api/auth/me [36m304[0m 8.829 ms - -[0m
2026-05-18T15:17:57: [0mGET /api/profile/me [36m304[0m 18.598 ms - -[0m
2026-05-18T15:17:58: [0mGET /api/problems [36m304[0m 41.428 ms - -[0m
2026-05-18T15:17:59: [0mGET /api/auth/me [36m304[0m 11.691 ms - -[0m
2026-05-18T15:18:07: [0mGET /api/profile/me [36m304[0m 39.366 ms - -[0m
2026-05-18T15:18:13: [0mGET /api/problems [36m304[0m 17.089 ms - -[0m
2026-05-18T15:36:20: [0mGET /api/auth/me [36m304[0m 11.649 ms - -[0m
2026-05-18T15:36:24: [0mGET /api/profile/me [36m304[0m 10.344 ms - -[0m
2026-05-18T15:36:25: [0mGET /api/problems [36m304[0m 21.790 ms - -[0m
2026-05-18T15:59:27: [0mGET /api/problems [36m304[0m 94.292 ms - -[0m
2026-05-18T16:09:12: [0mGET /api/auth/me [36m304[0m 8.091 ms - -[0m
2026-05-18T16:09:12: [0mGET /api/profile/me [36m304[0m 27.793 ms - -[0m
2026-05-18T16:09:12: [0mGET /api/problems [36m304[0m 29.474 ms - -[0m
2026-05-18T18:31:47: [0mGET /api/auth/me [36m304[0m 234.130 ms - -[0m
2026-05-18T18:31:47: [0mGET /api/profile/me [36m304[0m 73.605 ms - -[0m
2026-05-18T18:31:47: [0mGET /api/problems [36m304[0m 74.590 ms - -[0m
2026-05-18T18:32:02: [0mGET /api/auth/me [36m304[0m 3.481 ms - -[0m
2026-05-18T18:32:02: [0mGET /api/profile/me [36m304[0m 41.495 ms - -[0m
2026-05-18T18:32:02: [0mGET /api/problems [36m304[0m 46.469 ms - -[0m
2026-05-18T18:33:08: [0mGET /api/journeys [36m304[0m 32.546 ms - -[0m
2026-05-18T18:33:08: [0mGET /api/journeys [36m304[0m 18.440 ms - -[0m
2026-05-18T18:33:13: [0mGET /api/submissions/me [36m304[0m 11.684 ms - -[0m
2026-05-18T18:33:13: [0mGET /api/submissions/me [36m304[0m 6.659 ms - -[0m
2026-05-18T18:33:17: [0mGET /api/problems [36m304[0m 15.646 ms - -[0m
2026-05-18T18:33:17: [0mGET /api/problems [36m304[0m 29.708 ms - -[0m
2026-05-18T18:33:41: [0mGET /api/problems [36m304[0m 20.335 ms - -[0m
2026-05-18T18:34:06: [0mGET /api/problems [36m304[0m 12.232 ms - -[0m
2026-05-18T18:34:08: [0mGET /api/profile/me [36m304[0m 24.278 ms - -[0m
2026-05-18T18:34:09: [0mGET /api/profile/me [36m304[0m 42.815 ms - -[0m
2026-05-18T18:56:55: Backend running on http://localhost:4000
2026-05-19T00:06:39: Backend running on http://localhost:4000
2026-05-19T00:06:41: Backend running on http://localhost:4000
2026-05-19T06:02:28: Backend running on http://localhost:4000
2026-05-19T06:04:48: [0mGET /api/auth/me [33m401[0m 38.326 ms - 26[0m
2026-05-19T06:04:48: [0mPOST /api/auth/sso [32m200[0m 246.441 ms - 644[0m
2026-05-19T06:04:48: [0mGET /api/profile/me [32m200[0m 88.354 ms - 1022[0m
2026-05-19T06:04:48: [0mGET /api/problems [32m200[0m 127.816 ms - 54463[0m
2026-05-19T06:04:56: [0mGET /api/profile/me [36m304[0m 67.958 ms - -[0m
2026-05-19T06:04:56: [0mGET /api/profile/me [36m304[0m 33.392 ms - -[0m
2026-05-19T06:05:00: [0mGET /api/problems [36m304[0m 42.616 ms - -[0m
2026-05-19T06:05:00: [0mGET /api/problems [36m304[0m 50.721 ms - -[0m
2026-05-19T06:05:37: [0mGET /api/profile/me [36m304[0m 485.093 ms - -[0m
2026-05-19T06:05:37: [0mGET /api/profile/me [36m304[0m 582.684 ms - -[0m
2026-05-19T06:14:40: [0mGET /api/problems [36m304[0m 272.938 ms - -[0m
2026-05-19T06:14:40: [0mGET /api/problems [36m304[0m 82.610 ms - -[0m
2026-05-19T06:14:46: [0mGET /api/problems [36m304[0m 109.657 ms - -[0m
2026-05-19T06:15:05: [0mGET /api/profile/me [36m304[0m 183.484 ms - -[0m
2026-05-19T06:15:05: [0mGET /api/profile/me [36m304[0m 414.448 ms - -[0m
2026-05-19T10:56:53: [0mGET /api/auth/me [32m200[0m 179.343 ms - 683[0m
2026-05-19T10:56:53: [0mGET /api/profile/me [36m304[0m 36.044 ms - -[0m
2026-05-19T10:56:53: [0mGET /api/profile/me [36m304[0m 33.227 ms - -[0m
2026-05-19T13:30:00: Backend running on http://localhost:4000
2026-05-19T14:51:36: [0mGET /api/auth/me [33m401[0m 90.281 ms - 26[0m
2026-05-19T14:51:37: [0mPOST /api/auth/sso [32m200[0m 192.702 ms - 771[0m
2026-05-19T14:51:37: [0mGET /api/profile/me [32m200[0m 47.233 ms - 1149[0m
2026-05-19T14:51:37: [0mGET /api/problems [32m200[0m 83.255 ms - 54460[0m
2026-05-19T14:51:58: [0mGET /api/profile/me [36m304[0m 17.953 ms - -[0m
2026-05-19T14:51:58: [0mGET /api/profile/me [36m304[0m 13.312 ms - -[0m
2026-05-19T14:52:03: [0mGET /api/submissions/me [32m200[0m 12.617 ms - 8354[0m
2026-05-19T14:52:03: [0mGET /api/submissions/me [36m304[0m 4.897 ms - -[0m
2026-05-19T14:52:06: [0mGET /api/journeys [32m200[0m 18.884 ms - 15451[0m
2026-05-19T14:52:06: [0mGET /api/journeys [36m304[0m 9.152 ms - -[0m
